web-scraper-order,web-scraper-start-url,name,team,type,points,credits,announced
1566827126-1,https://www.dream11.com/kabaddi/create-team/1092/15123,Sumit,UP,DEF,190,14.5,Announced
1566827126-10,https://www.dream11.com/kabaddi/create-team/1092/15123,A Nagar,UP,DEF,0,12.5,
1566827126-11,https://www.dream11.com/kabaddi/create-team/1092/15123,S Ghaffari,DEL,DEF,84,12.5,Announced
1566827126-12,https://www.dream11.com/kabaddi/create-team/1092/15123,P Patil,DEL,DEF,0,10.5,
1566827126-13,https://www.dream11.com/kabaddi/create-team/1092/15123,Mohit-I,DEL,DEF,0,10,
1566827126-14,https://www.dream11.com/kabaddi/create-team/1092/15123,Satywan,DEL,DEF,0,9.5,
1566827126-15,https://www.dream11.com/kabaddi/create-team/1092/15123,R Devadiga,UP,ALL,54,14,
1566827126-16,https://www.dream11.com/kabaddi/create-team/1092/15123,M Sheykh,DEL,ALL,65,14,Announced
1566827126-17,https://www.dream11.com/kabaddi/create-team/1092/15123,Sachin-Kumar,UP,ALL,10,13.5,
1566827126-18,https://www.dream11.com/kabaddi/create-team/1092/15123,M Maghsoudlou,UP,ALL,33,13.5,
1566827126-19,https://www.dream11.com/kabaddi/create-team/1092/15123,Narender,UP,ALL,-6,13,
1566827126-2,https://www.dream11.com/kabaddi/create-team/1092/15123,J Narwal,DEL,DEF,155,14.5,Announced
1566827126-20,https://www.dream11.com/kabaddi/create-team/1092/15123,Vijay,DEL,ALL,60,13,
1566827126-21,https://www.dream11.com/kabaddi/create-team/1092/15123,Gurdeep,UP,ALL,0,11.5,
1566827126-22,https://www.dream11.com/kabaddi/create-team/1092/15123,Arkam-Shaikh,UP,ALL,0,11.5,
1566827126-23,https://www.dream11.com/kabaddi/create-team/1092/15123,Balram,DEL,ALL,0,9.5,
1566827126-24,https://www.dream11.com/kabaddi/create-team/1092/15123,Naveen-Kumar,DEL,RAI,364,16.5,Announced
1566827126-25,https://www.dream11.com/kabaddi/create-team/1092/15123,S Jadhav,UP,RAI,143,14.5,Announced
1566827126-26,https://www.dream11.com/kabaddi/create-team/1092/15123,M Goyat,UP,RAI,119,16,Announced
1566827126-27,https://www.dream11.com/kabaddi/create-team/1092/15123,Surender-Singh,UP,RAI,18,14,
1566827126-28,https://www.dream11.com/kabaddi/create-team/1092/15123,C Ranjit,DEL,RAI,204,14,Announced
1566827126-29,https://www.dream11.com/kabaddi/create-team/1092/15123,Surender-Gill,UP,RAI,77,12,Announced
1566827126-3,https://www.dream11.com/kabaddi/create-team/1092/15123,R Pahal,DEL,DEF,137,15,Announced
1566827126-30,https://www.dream11.com/kabaddi/create-team/1092/15123,Azad-Singh,UP,RAI,11,13,
1566827126-31,https://www.dream11.com/kabaddi/create-team/1092/15123,M M Karim,UP,RAI,0,12.5,
1566827126-32,https://www.dream11.com/kabaddi/create-team/1092/15123,Ankush,UP,RAI,0,12,
1566827126-33,https://www.dream11.com/kabaddi/create-team/1092/15123,Gulveer-Singh,UP,RAI,0,11.5,
1566827126-34,https://www.dream11.com/kabaddi/create-team/1092/15123,S Kumar,DEL,RAI,0,11.5,
1566827126-35,https://www.dream11.com/kabaddi/create-team/1092/15123,N Narwal,DEL,RAI,1,11,
1566827126-36,https://www.dream11.com/kabaddi/create-team/1092/15123,A Kadian,DEL,RAI,6,10.5,
1566827126-4,https://www.dream11.com/kabaddi/create-team/1092/15123,Nitesh-Kumar,UP,DEF,126,14,Announced
1566827126-5,https://www.dream11.com/kabaddi/create-team/1092/15123,V Mane,DEL,DEF,109,14,Announced
1566827126-6,https://www.dream11.com/kabaddi/create-team/1092/15123,Amit,UP,DEF,95,13,Announced
1566827126-7,https://www.dream11.com/kabaddi/create-team/1092/15123,Sombir,DEL,DEF,10,13,
1566827126-8,https://www.dream11.com/kabaddi/create-team/1092/15123,Anil-Kumar-I,DEL,DEF,21,13,
1566827126-9,https://www.dream11.com/kabaddi/create-team/1092/15123,Ashu-Singh,UP,DEF,103,12.5,Announced