﻿web-scraper-order,web-scraper-start-url,name,rank,team_id,matches,points
1566300638-1,https://www.prokabaddi.com/stats/49-97-raid-points-statistics,"Bengaluru Bulls",1,/static-assets/images/teams/small/1.png?v=6.08,8,155
1566300638-10,https://www.prokabaddi.com/stats/49-97-raid-points-statistics,"Tamil Thalaivas",10,/static-assets/images/teams/small/29.png?v=6.08,8,122
1566300638-11,https://www.prokabaddi.com/stats/49-97-raid-points-statistics,"U.P. Yoddha",11,/static-assets/images/teams/small/30.png?v=6.08,9,119
1566300638-12,https://www.prokabaddi.com/stats/49-97-raid-points-statistics,"Patna Pirates",12,/static-assets/images/teams/small/6.png?v=6.08,8,112
1566300641-13,https://www.prokabaddi.com/stats/49-140-avg-points-scored-statistics,"Bengaluru Bulls",1,/static-assets/images/teams/small/1.png?v=6.08,8,29.87
1566300641-14,https://www.prokabaddi.com/stats/49-140-avg-points-scored-statistics,"Bengal Warriors",2,/static-assets/images/teams/small/4.png?v=6.08,8,28.87
1566300641-15,https://www.prokabaddi.com/stats/49-140-avg-points-scored-statistics,"Jaipur Pink Panthers",3,/static-assets/images/teams/small/3.png?v=6.08,8,26.75
1566300641-16,https://www.prokabaddi.com/stats/49-140-avg-points-scored-statistics,"Puneri Paltan",3,/static-assets/images/teams/small/7.png?v=6.08,8,26.75
1566300641-17,https://www.prokabaddi.com/stats/49-140-avg-points-scored-statistics,"Dabang Delhi K.C.",5,/static-assets/images/teams/small/2.png?v=6.08,7,26.71
1566300641-18,https://www.prokabaddi.com/stats/49-140-avg-points-scored-statistics,"Haryana Steelers",6,/static-assets/images/teams/small/28.png?v=6.08,9,26.44
1566300641-19,https://www.prokabaddi.com/stats/49-140-avg-points-scored-statistics,"Gujarat Fortunegiants",7,/static-assets/images/teams/small/31.png?v=6.08,9,26
1566300638-2,https://www.prokabaddi.com/stats/49-97-raid-points-statistics,"Bengal Warriors",2,/static-assets/images/teams/small/4.png?v=6.08,8,153
1566300641-20,https://www.prokabaddi.com/stats/49-140-avg-points-scored-statistics,"Tamil Thalaivas",8,/static-assets/images/teams/small/29.png?v=6.08,8,25.87
1566300641-21,https://www.prokabaddi.com/stats/49-140-avg-points-scored-statistics,"Telugu Titans",9,/static-assets/images/teams/small/8.png?v=6.08,9,25.33
1566300641-22,https://www.prokabaddi.com/stats/49-140-avg-points-scored-statistics,"Patna Pirates",10,/static-assets/images/teams/small/6.png?v=6.08,8,24.62
1566300641-23,https://www.prokabaddi.com/stats/49-140-avg-points-scored-statistics,"U Mumba",11,/static-assets/images/teams/small/5.png?v=6.08,9,24.44
1566300641-24,https://www.prokabaddi.com/stats/49-140-avg-points-scored-statistics,"U.P. Yoddha",12,/static-assets/images/teams/small/30.png?v=6.08,9,23
1566300643-25,https://www.prokabaddi.com/stats/49-134-super-raid-statistics,"Bengal Warriors",1,/static-assets/images/teams/small/4.png?v=6.08,8,6
1566300643-26,https://www.prokabaddi.com/stats/49-134-super-raid-statistics,"Haryana Steelers",2,/static-assets/images/teams/small/28.png?v=6.08,9,4
1566300643-27,https://www.prokabaddi.com/stats/49-134-super-raid-statistics,"Tamil Thalaivas",3,/static-assets/images/teams/small/29.png?v=6.08,8,3
1566300643-28,https://www.prokabaddi.com/stats/49-134-super-raid-statistics,"Bengaluru Bulls",3,/static-assets/images/teams/small/1.png?v=6.08,8,3
1566300643-29,https://www.prokabaddi.com/stats/49-134-super-raid-statistics,"Dabang Delhi K.C.",3,/static-assets/images/teams/small/2.png?v=6.08,7,3
1566300638-3,https://www.prokabaddi.com/stats/49-97-raid-points-statistics,"Haryana Steelers",2,/static-assets/images/teams/small/28.png?v=6.08,9,153
1566300643-30,https://www.prokabaddi.com/stats/49-134-super-raid-statistics,"U Mumba",3,/static-assets/images/teams/small/5.png?v=6.08,9,3
1566300643-31,https://www.prokabaddi.com/stats/49-134-super-raid-statistics,"Patna Pirates",7,/static-assets/images/teams/small/6.png?v=6.08,8,2
1566300643-32,https://www.prokabaddi.com/stats/49-134-super-raid-statistics,"Jaipur Pink Panthers",7,/static-assets/images/teams/small/3.png?v=6.08,8,2
1566300643-33,https://www.prokabaddi.com/stats/49-134-super-raid-statistics,"Gujarat Fortunegiants",7,/static-assets/images/teams/small/31.png?v=6.08,9,2
1566300643-34,https://www.prokabaddi.com/stats/49-134-super-raid-statistics,"Telugu Titans",7,/static-assets/images/teams/small/8.png?v=6.08,9,2
1566300643-35,https://www.prokabaddi.com/stats/49-134-super-raid-statistics,"Puneri Paltan",11,/static-assets/images/teams/small/7.png?v=6.08,8,1
1566300646-36,https://www.prokabaddi.com/stats/49-15-successful-tackles-statistics,"Jaipur Pink Panthers",1,/static-assets/images/teams/small/3.png?v=6.08,8,85
1566300646-37,https://www.prokabaddi.com/stats/49-15-successful-tackles-statistics,"Gujarat Fortunegiants",1,/static-assets/images/teams/small/31.png?v=6.08,9,85
1566300646-38,https://www.prokabaddi.com/stats/49-15-successful-tackles-statistics,"Telugu Titans",3,/static-assets/images/teams/small/8.png?v=6.08,9,83
1566300646-39,https://www.prokabaddi.com/stats/49-15-successful-tackles-statistics,"U.P. Yoddha",4,/static-assets/images/teams/small/30.png?v=6.08,9,82
1566300638-4,https://www.prokabaddi.com/stats/49-97-raid-points-statistics,"Telugu Titans",4,/static-assets/images/teams/small/8.png?v=6.08,9,140
1566300646-40,https://www.prokabaddi.com/stats/49-15-successful-tackles-statistics,"Tamil Thalaivas",5,/static-assets/images/teams/small/29.png?v=6.08,8,81
1566300646-41,https://www.prokabaddi.com/stats/49-15-successful-tackles-statistics,"Haryana Steelers",6,/static-assets/images/teams/small/28.png?v=6.08,9,79
1566300646-42,https://www.prokabaddi.com/stats/49-15-successful-tackles-statistics,"Puneri Paltan",7,/static-assets/images/teams/small/7.png?v=6.08,8,75
1566300646-43,https://www.prokabaddi.com/stats/49-15-successful-tackles-statistics,"Patna Pirates",8,/static-assets/images/teams/small/6.png?v=6.08,8,74
1566300646-44,https://www.prokabaddi.com/stats/49-15-successful-tackles-statistics,"Bengal Warriors",9,/static-assets/images/teams/small/4.png?v=6.08,8,72
1566300646-45,https://www.prokabaddi.com/stats/49-15-successful-tackles-statistics,"U Mumba",10,/static-assets/images/teams/small/5.png?v=6.08,9,70
1566300646-46,https://www.prokabaddi.com/stats/49-15-successful-tackles-statistics,"Bengaluru Bulls",11,/static-assets/images/teams/small/1.png?v=6.08,8,69
1566300646-47,https://www.prokabaddi.com/stats/49-15-successful-tackles-statistics,"Dabang Delhi K.C.",12,/static-assets/images/teams/small/2.png?v=6.08,7,53
1566300648-48,https://www.prokabaddi.com/stats/49-99-avg-tackle-points-statistics,"Jaipur Pink Panthers",1,/static-assets/images/teams/small/3.png?v=6.08,8,11.25
1566300648-49,https://www.prokabaddi.com/stats/49-99-avg-tackle-points-statistics,"Puneri Paltan",2,/static-assets/images/teams/small/7.png?v=6.08,8,10.88
1566300638-5,https://www.prokabaddi.com/stats/49-97-raid-points-statistics,"U Mumba",4,/static-assets/images/teams/small/5.png?v=6.08,9,140
1566300648-50,https://www.prokabaddi.com/stats/49-99-avg-tackle-points-statistics,"Tamil Thalaivas",3,/static-assets/images/teams/small/29.png?v=6.08,8,10.63
1566300648-51,https://www.prokabaddi.com/stats/49-99-avg-tackle-points-statistics,"Patna Pirates",3,/static-assets/images/teams/small/6.png?v=6.08,8,10.63
1566300648-52,https://www.prokabaddi.com/stats/49-99-avg-tackle-points-statistics,"Bengaluru Bulls",5,/static-assets/images/teams/small/1.png?v=6.08,8,10.5
1566300648-53,https://www.prokabaddi.com/stats/49-99-avg-tackle-points-statistics,"Gujarat Fortunegiants",6,/static-assets/images/teams/small/31.png?v=6.08,9,10.44
1566300648-54,https://www.prokabaddi.com/stats/49-99-avg-tackle-points-statistics,"U.P. Yoddha",7,/static-assets/images/teams/small/30.png?v=6.08,9,9.78
1566300648-55,https://www.prokabaddi.com/stats/49-99-avg-tackle-points-statistics,"Telugu Titans",7,/static-assets/images/teams/small/8.png?v=6.08,9,9.78
1566300648-56,https://www.prokabaddi.com/stats/49-99-avg-tackle-points-statistics,"Bengal Warriors",9,/static-assets/images/teams/small/4.png?v=6.08,8,9.75
1566300648-57,https://www.prokabaddi.com/stats/49-99-avg-tackle-points-statistics,"Haryana Steelers",10,/static-assets/images/teams/small/28.png?v=6.08,9,9.44
1566300648-58,https://www.prokabaddi.com/stats/49-99-avg-tackle-points-statistics,"U Mumba",11,/static-assets/images/teams/small/5.png?v=6.08,9,8.89
1566300648-59,https://www.prokabaddi.com/stats/49-99-avg-tackle-points-statistics,"Dabang Delhi K.C.",12,/static-assets/images/teams/small/2.png?v=6.08,7,8.29
1566300638-6,https://www.prokabaddi.com/stats/49-97-raid-points-statistics,"Gujarat Fortunegiants",4,/static-assets/images/teams/small/31.png?v=6.08,9,140
1566300638-7,https://www.prokabaddi.com/stats/49-97-raid-points-statistics,"Dabang Delhi K.C.",7,/static-assets/images/teams/small/2.png?v=6.08,7,129
1566300638-8,https://www.prokabaddi.com/stats/49-97-raid-points-statistics,"Puneri Paltan",8,/static-assets/images/teams/small/7.png?v=6.08,8,127
1566300638-9,https://www.prokabaddi.com/stats/49-97-raid-points-statistics,"Jaipur Pink Panthers",9,/static-assets/images/teams/small/3.png?v=6.08,8,124
1566300651-60,https://www.prokabaddi.com/stats/49-96-total-points-scored-statistics,"Bengal Warriors",1,/static-assets/images/teams/small/4.png?v=6.08,8,277
1566300651-69,https://www.prokabaddi.com/stats/49-96-total-points-scored-statistics,"Puneri Paltan",9,/static-assets/images/teams/small/7.png?v=6.08,8,230
1566300651-70,https://www.prokabaddi.com/stats/49-96-total-points-scored-statistics,"Patna Pirates",11,/static-assets/images/teams/small/6.png?v=6.08,8,228
1566300651-71,https://www.prokabaddi.com/stats/49-96-total-points-scored-statistics,"Dabang Delhi K.C.",11,/static-assets/images/teams/small/2.png?v=6.08,7,228
1566300654-72,https://www.prokabaddi.com/stats/49-133-total-points-conceded-statistics,"U.P. Yoddha",1,/static-assets/images/teams/small/30.png?v=6.08,9,297
1566300654-73,https://www.prokabaddi.com/stats/49-133-total-points-conceded-statistics,"Haryana Steelers",2,/static-assets/images/teams/small/28.png?v=6.08,9,293
1566300654-74,https://www.prokabaddi.com/stats/49-133-total-points-conceded-statistics,"Telugu Titans",3,/static-assets/images/teams/small/8.png?v=6.08,9,287
1566300654-75,https://www.prokabaddi.com/stats/49-133-total-points-conceded-statistics,"U Mumba",4,/static-assets/images/teams/small/5.png?v=6.08,9,259
1566300654-76,https://www.prokabaddi.com/stats/49-133-total-points-conceded-statistics,"Puneri Paltan",5,/static-assets/images/teams/small/7.png?v=6.08,8,257
1566300654-77,https://www.prokabaddi.com/stats/49-133-total-points-conceded-statistics,"Bengaluru Bulls",5,/static-assets/images/teams/small/1.png?v=6.08,8,257
1566300654-78,https://www.prokabaddi.com/stats/49-133-total-points-conceded-statistics,"Gujarat Fortunegiants",7,/static-assets/images/teams/small/31.png?v=6.08,9,248
1566300651-61,https://www.prokabaddi.com/stats/49-96-total-points-scored-statistics,"Bengaluru Bulls",2,/static-assets/images/teams/small/1.png?v=6.08,8,273
1566300654-79,https://www.prokabaddi.com/stats/49-133-total-points-conceded-statistics,"Patna Pirates",8,/static-assets/images/teams/small/6.png?v=6.08,8,243
1566300654-80,https://www.prokabaddi.com/stats/49-133-total-points-conceded-statistics,"Tamil Thalaivas",9,/static-assets/images/teams/small/29.png?v=6.08,8,227
1566300654-81,https://www.prokabaddi.com/stats/49-133-total-points-conceded-statistics,"Bengal Warriors",10,/static-assets/images/teams/small/4.png?v=6.08,8,225
1566300654-82,https://www.prokabaddi.com/stats/49-133-total-points-conceded-statistics,"Jaipur Pink Panthers",11,/static-assets/images/teams/small/3.png?v=6.08,8,200
1566300654-83,https://www.prokabaddi.com/stats/49-133-total-points-conceded-statistics,"Dabang Delhi K.C.",12,/static-assets/images/teams/small/2.png?v=6.08,7,198
1566300657-84,https://www.prokabaddi.com/stats/49-95-tackle-points-statistics,"Gujarat Fortunegiants",1,/static-assets/images/teams/small/31.png?v=6.08,9,94
1566300657-85,https://www.prokabaddi.com/stats/49-95-tackle-points-statistics,"Jaipur Pink Panthers",2,/static-assets/images/teams/small/3.png?v=6.08,8,90
1566300657-86,https://www.prokabaddi.com/stats/49-95-tackle-points-statistics,"Telugu Titans",3,/static-assets/images/teams/small/8.png?v=6.08,9,88
1566300657-87,https://www.prokabaddi.com/stats/49-95-tackle-points-statistics,"U.P. Yoddha",3,/static-assets/images/teams/small/30.png?v=6.08,9,88
1566300657-88,https://www.prokabaddi.com/stats/49-95-tackle-points-statistics,"Puneri Paltan",5,/static-assets/images/teams/small/7.png?v=6.08,8,87
1566300651-62,https://www.prokabaddi.com/stats/49-96-total-points-scored-statistics,"Haryana Steelers",3,/static-assets/images/teams/small/28.png?v=6.08,9,267
1566300657-89,https://www.prokabaddi.com/stats/49-95-tackle-points-statistics,"Haryana Steelers",6,/static-assets/images/teams/small/28.png?v=6.08,9,85
1566300657-90,https://www.prokabaddi.com/stats/49-95-tackle-points-statistics,"Tamil Thalaivas",6,/static-assets/images/teams/small/29.png?v=6.08,8,85
1566300657-91,https://www.prokabaddi.com/stats/49-95-tackle-points-statistics,"Patna Pirates",6,/static-assets/images/teams/small/6.png?v=6.08,8,85
1566300657-92,https://www.prokabaddi.com/stats/49-95-tackle-points-statistics,"Bengaluru Bulls",9,/static-assets/images/teams/small/1.png?v=6.08,8,84
1566300657-93,https://www.prokabaddi.com/stats/49-95-tackle-points-statistics,"U Mumba",10,/static-assets/images/teams/small/5.png?v=6.08,9,80
1566300657-94,https://www.prokabaddi.com/stats/49-95-tackle-points-statistics,"Bengal Warriors",11,/static-assets/images/teams/small/4.png?v=6.08,8,78
1566300657-95,https://www.prokabaddi.com/stats/49-95-tackle-points-statistics,"Dabang Delhi K.C.",12,/static-assets/images/teams/small/2.png?v=6.08,7,58
1566300659-96,https://www.prokabaddi.com/stats/49-136-all-outs-inflicted-statistics,"Bengal Warriors",1,/static-assets/images/teams/small/4.png?v=6.08,8,14
1566300659-97,https://www.prokabaddi.com/stats/49-136-all-outs-inflicted-statistics,"U Mumba",2,/static-assets/images/teams/small/5.png?v=6.08,9,11
1566300659-98,https://www.prokabaddi.com/stats/49-136-all-outs-inflicted-statistics,"Jaipur Pink Panthers",3,/static-assets/images/teams/small/3.png?v=6.08,8,10
1566300651-63,https://www.prokabaddi.com/stats/49-96-total-points-scored-statistics,"Gujarat Fortunegiants",4,/static-assets/images/teams/small/31.png?v=6.08,9,265
1566300659-99,https://www.prokabaddi.com/stats/49-136-all-outs-inflicted-statistics,"Gujarat Fortunegiants",4,/static-assets/images/teams/small/31.png?v=6.08,9,9
1566300659-100,https://www.prokabaddi.com/stats/49-136-all-outs-inflicted-statistics,"Patna Pirates",4,/static-assets/images/teams/small/6.png?v=6.08,8,9
1566300659-101,https://www.prokabaddi.com/stats/49-136-all-outs-inflicted-statistics,"Bengaluru Bulls",4,/static-assets/images/teams/small/1.png?v=6.08,8,9
1566300659-102,https://www.prokabaddi.com/stats/49-136-all-outs-inflicted-statistics,"Dabang Delhi K.C.",4,/static-assets/images/teams/small/2.png?v=6.08,7,9
1566300659-103,https://www.prokabaddi.com/stats/49-136-all-outs-inflicted-statistics,"Haryana Steelers",4,/static-assets/images/teams/small/28.png?v=6.08,9,9
1566300659-104,https://www.prokabaddi.com/stats/49-136-all-outs-inflicted-statistics,"Tamil Thalaivas",4,/static-assets/images/teams/small/29.png?v=6.08,8,9
1566300659-105,https://www.prokabaddi.com/stats/49-136-all-outs-inflicted-statistics,"U.P. Yoddha",10,/static-assets/images/teams/small/30.png?v=6.08,9,6
1566300659-106,https://www.prokabaddi.com/stats/49-136-all-outs-inflicted-statistics,"Puneri Paltan",11,/static-assets/images/teams/small/7.png?v=6.08,8,4
1566300659-107,https://www.prokabaddi.com/stats/49-136-all-outs-inflicted-statistics,"Telugu Titans",11,/static-assets/images/teams/small/8.png?v=6.08,9,4
1566300662-108,https://www.prokabaddi.com/stats/49-135-do-or-die-raid-points-statistics,"U Mumba",1,/static-assets/images/teams/small/5.png?v=6.08,9,36
1566300651-64,https://www.prokabaddi.com/stats/49-96-total-points-scored-statistics,"U Mumba",5,/static-assets/images/teams/small/5.png?v=6.08,9,259
1566300662-109,https://www.prokabaddi.com/stats/49-135-do-or-die-raid-points-statistics,"Jaipur Pink Panthers",2,/static-assets/images/teams/small/3.png?v=6.08,8,32
1566300662-110,https://www.prokabaddi.com/stats/49-135-do-or-die-raid-points-statistics,"Puneri Paltan",3,/static-assets/images/teams/small/7.png?v=6.08,8,29
1566300662-111,https://www.prokabaddi.com/stats/49-135-do-or-die-raid-points-statistics,"Haryana Steelers",3,/static-assets/images/teams/small/28.png?v=6.08,9,29
1566300662-112,https://www.prokabaddi.com/stats/49-135-do-or-die-raid-points-statistics,"U.P. Yoddha",5,/static-assets/images/teams/small/30.png?v=6.08,9,28
1566300662-113,https://www.prokabaddi.com/stats/49-135-do-or-die-raid-points-statistics,"Gujarat Fortunegiants",6,/static-assets/images/teams/small/31.png?v=6.08,9,27
1566300662-114,https://www.prokabaddi.com/stats/49-135-do-or-die-raid-points-statistics,"Patna Pirates",7,/static-assets/images/teams/small/6.png?v=6.08,8,26
1566300662-115,https://www.prokabaddi.com/stats/49-135-do-or-die-raid-points-statistics,"Tamil Thalaivas",8,/static-assets/images/teams/small/29.png?v=6.08,8,23
1566300662-116,https://www.prokabaddi.com/stats/49-135-do-or-die-raid-points-statistics,"Telugu Titans",9,/static-assets/images/teams/small/8.png?v=6.08,9,21
1566300662-117,https://www.prokabaddi.com/stats/49-135-do-or-die-raid-points-statistics,"Bengal Warriors",10,/static-assets/images/teams/small/4.png?v=6.08,8,20
1566300662-118,https://www.prokabaddi.com/stats/49-135-do-or-die-raid-points-statistics,"Dabang Delhi K.C.",11,/static-assets/images/teams/small/2.png?v=6.08,7,16
1566300651-65,https://www.prokabaddi.com/stats/49-96-total-points-scored-statistics,"Telugu Titans",6,/static-assets/images/teams/small/8.png?v=6.08,9,251
1566300662-119,https://www.prokabaddi.com/stats/49-135-do-or-die-raid-points-statistics,"Bengaluru Bulls",12,/static-assets/images/teams/small/1.png?v=6.08,8,15
1566300651-66,https://www.prokabaddi.com/stats/49-96-total-points-scored-statistics,"Jaipur Pink Panthers",7,/static-assets/images/teams/small/3.png?v=6.08,8,243
1566300651-67,https://www.prokabaddi.com/stats/49-96-total-points-scored-statistics,"Tamil Thalaivas",8,/static-assets/images/teams/small/29.png?v=6.08,8,240
1566300651-68,https://www.prokabaddi.com/stats/49-96-total-points-scored-statistics,"U.P. Yoddha",9,/static-assets/images/teams/small/30.png?v=6.08,9,230
1566300664-120,https://www.prokabaddi.com/stats/49-20-super-tackles-statistics,"Bengaluru Bulls",1,/static-assets/images/teams/small/1.png?v=6.08,8,16
1566300664-129,https://www.prokabaddi.com/stats/49-20-super-tackles-statistics,"Haryana Steelers",8,/static-assets/images/teams/small/28.png?v=6.08,9,6
1566300664-130,https://www.prokabaddi.com/stats/49-20-super-tackles-statistics,"Tamil Thalaivas",8,/static-assets/images/teams/small/29.png?v=6.08,8,6
1566300664-131,https://www.prokabaddi.com/stats/49-20-super-tackles-statistics,"Jaipur Pink Panthers",12,/static-assets/images/teams/small/3.png?v=6.08,8,5
1566300667-132,https://www.prokabaddi.com/stats/49-13-successful-raids-statistics,"Bengaluru Bulls",1,/static-assets/images/teams/small/1.png?v=6.08,8,127
1566300667-133,https://www.prokabaddi.com/stats/49-13-successful-raids-statistics,"Bengal Warriors",2,/static-assets/images/teams/small/4.png?v=6.08,8,123
1566300667-134,https://www.prokabaddi.com/stats/49-13-successful-raids-statistics,"Haryana Steelers",2,/static-assets/images/teams/small/28.png?v=6.08,9,123
1566300667-135,https://www.prokabaddi.com/stats/49-13-successful-raids-statistics,"Telugu Titans",4,/static-assets/images/teams/small/8.png?v=6.08,9,122
1566300667-136,https://www.prokabaddi.com/stats/49-13-successful-raids-statistics,"Gujarat Fortunegiants",5,/static-assets/images/teams/small/31.png?v=6.08,9,114
1566300667-137,https://www.prokabaddi.com/stats/49-13-successful-raids-statistics,"Dabang Delhi K.C.",6,/static-assets/images/teams/small/2.png?v=6.08,7,113
1566300667-138,https://www.prokabaddi.com/stats/49-13-successful-raids-statistics,"U Mumba",7,/static-assets/images/teams/small/5.png?v=6.08,9,106
1566300664-121,https://www.prokabaddi.com/stats/49-20-super-tackles-statistics,"U Mumba",2,/static-assets/images/teams/small/5.png?v=6.08,9,12
1566300667-139,https://www.prokabaddi.com/stats/49-13-successful-raids-statistics,"Puneri Paltan",7,/static-assets/images/teams/small/7.png?v=6.08,8,106
1566300667-140,https://www.prokabaddi.com/stats/49-13-successful-raids-statistics,"Jaipur Pink Panthers",9,/static-assets/images/teams/small/3.png?v=6.08,8,102
1566300667-141,https://www.prokabaddi.com/stats/49-13-successful-raids-statistics,"Patna Pirates",10,/static-assets/images/teams/small/6.png?v=6.08,8,101
1566300667-142,https://www.prokabaddi.com/stats/49-13-successful-raids-statistics,"Tamil Thalaivas",11,/static-assets/images/teams/small/29.png?v=6.08,8,98
1566300667-143,https://www.prokabaddi.com/stats/49-13-successful-raids-statistics,"U.P. Yoddha",12,/static-assets/images/teams/small/30.png?v=6.08,9,94
1566300669-144,https://www.prokabaddi.com/stats/49-98-avg-raid-points-statistics,"Bengaluru Bulls",1,/static-assets/images/teams/small/1.png?v=6.08,8,19.38
1566300669-145,https://www.prokabaddi.com/stats/49-98-avg-raid-points-statistics,"Bengal Warriors",2,/static-assets/images/teams/small/4.png?v=6.08,8,19.13
1566300669-146,https://www.prokabaddi.com/stats/49-98-avg-raid-points-statistics,"Dabang Delhi K.C.",3,/static-assets/images/teams/small/2.png?v=6.08,7,18.43
1566300669-147,https://www.prokabaddi.com/stats/49-98-avg-raid-points-statistics,"Haryana Steelers",4,/static-assets/images/teams/small/28.png?v=6.08,9,17
1566300669-148,https://www.prokabaddi.com/stats/49-98-avg-raid-points-statistics,"Puneri Paltan",5,/static-assets/images/teams/small/7.png?v=6.08,8,15.88
1566300664-122,https://www.prokabaddi.com/stats/49-20-super-tackles-statistics,"Puneri Paltan",2,/static-assets/images/teams/small/7.png?v=6.08,8,12
1566300669-149,https://www.prokabaddi.com/stats/49-98-avg-raid-points-statistics,"Telugu Titans",6,/static-assets/images/teams/small/8.png?v=6.08,9,15.56
1566300669-150,https://www.prokabaddi.com/stats/49-98-avg-raid-points-statistics,"U Mumba",6,/static-assets/images/teams/small/5.png?v=6.08,9,15.56
1566300669-151,https://www.prokabaddi.com/stats/49-98-avg-raid-points-statistics,"Gujarat Fortunegiants",6,/static-assets/images/teams/small/31.png?v=6.08,9,15.56
1566300669-152,https://www.prokabaddi.com/stats/49-98-avg-raid-points-statistics,"Jaipur Pink Panthers",9,/static-assets/images/teams/small/3.png?v=6.08,8,15.5
1566300669-153,https://www.prokabaddi.com/stats/49-98-avg-raid-points-statistics,"Tamil Thalaivas",10,/static-assets/images/teams/small/29.png?v=6.08,8,15.25
1566300669-154,https://www.prokabaddi.com/stats/49-98-avg-raid-points-statistics,"Patna Pirates",11,/static-assets/images/teams/small/6.png?v=6.08,8,14
1566300669-155,https://www.prokabaddi.com/stats/49-98-avg-raid-points-statistics,"U.P. Yoddha",12,/static-assets/images/teams/small/30.png?v=6.08,9,13.22
1566300664-123,https://www.prokabaddi.com/stats/49-20-super-tackles-statistics,"Patna Pirates",4,/static-assets/images/teams/small/6.png?v=6.08,8,11
1566300664-124,https://www.prokabaddi.com/stats/49-20-super-tackles-statistics,"Gujarat Fortunegiants",5,/static-assets/images/teams/small/31.png?v=6.08,9,9
1566300664-125,https://www.prokabaddi.com/stats/49-20-super-tackles-statistics,"Bengal Warriors",6,/static-assets/images/teams/small/4.png?v=6.08,8,7
1566300664-126,https://www.prokabaddi.com/stats/49-20-super-tackles-statistics,"U.P. Yoddha",6,/static-assets/images/teams/small/30.png?v=6.08,9,7
1566300664-127,https://www.prokabaddi.com/stats/49-20-super-tackles-statistics,"Dabang Delhi K.C.",8,/static-assets/images/teams/small/2.png?v=6.08,7,6
1566300664-128,https://www.prokabaddi.com/stats/49-20-super-tackles-statistics,"Telugu Titans",8,/static-assets/images/teams/small/8.png?v=6.08,9,6
