﻿web-scraper-order,web-scraper-start-url,name,team,type,points,credits,announced
1565617559-1,https://www.dream11.com/kabaddi/create-team/1092/15102,"V Bharadwaj",HYD,DEF,128,15,Announced
1565617559-10,https://www.dream11.com/kabaddi/create-team/1092/15102,"V Landge",BEN,DEF,42,12,Announced
1565617559-11,https://www.dream11.com/kabaddi/create-team/1092/15102,"A Choudhary",HYD,DEF,0,11.5,
1565617559-12,https://www.dream11.com/kabaddi/create-team/1092/15102,"N Narwal",BEN,DEF,18,11.5,
1565617559-13,https://www.dream11.com/kabaddi/create-team/1092/15102,Adarsh-T,BEN,DEF,9,11,
1565617559-14,https://www.dream11.com/kabaddi/create-team/1092/15102,"A D Arsul",HYD,DEF,2,10.5,
1565617559-15,https://www.dream11.com/kabaddi/create-team/1092/15102,Amit-I,BEN,DEF,2,10.5,
1565617559-16,https://www.dream11.com/kabaddi/create-team/1092/15102,Dharmendra-Singh,BEN,DEF,0,10,
1565617559-17,https://www.dream11.com/kabaddi/create-team/1092/15102,"F Milaghardan",HYD,ALL,84,14.5,Announced
1565617559-18,https://www.dream11.com/kabaddi/create-team/1092/15102,"M Esmaeil-Nabibakhsh",BEN,ALL,160,14.5,Announced
1565617559-19,https://www.dream11.com/kabaddi/create-team/1092/15102,Armaan,HYD,ALL,15,13.5,
1565617559-2,https://www.dream11.com/kabaddi/create-team/1092/15102,"A Mohajermighani",HYD,DEF,74,14.5,Announced
1565617559-20,https://www.dream11.com/kabaddi/create-team/1092/15102,"R Gowda",HYD,ALL,22,13,
1565617559-21,https://www.dream11.com/kabaddi/create-team/1092/15102,Avinash-AR,BEN,ALL,0,12,
1565617559-22,https://www.dream11.com/kabaddi/create-team/1092/15102,"S T Patil",BEN,ALL,0,11,
1565617559-23,https://www.dream11.com/kabaddi/create-team/1092/15102,"A S Dhumal",BEN,ALL,0,11,
1565617559-24,https://www.dream11.com/kabaddi/create-team/1092/15102,"S M Dubile",BEN,ALL,0,10.5,
1565617559-25,https://www.dream11.com/kabaddi/create-team/1092/15102,Siddharth-Desai,HYD,RAI,150,16,Announced
1565617559-26,https://www.dream11.com/kabaddi/create-team/1092/15102,Maninder-Singh,BEN,RAI,196,16,Announced
1565617559-27,https://www.dream11.com/kabaddi/create-team/1092/15102,"K Prapanjan",BEN,RAI,135,15,Announced
1565617559-28,https://www.dream11.com/kabaddi/create-team/1092/15102,Rajnish,HYD,RAI,25,14,
1565617559-29,https://www.dream11.com/kabaddi/create-team/1092/15102,"R Kumawat",BEN,RAI,0,14,
1565617559-3,https://www.dream11.com/kabaddi/create-team/1092/15102,Jeeva-Kumar,BEN,DEF,88,14.5,Announced
1565617559-30,https://www.dream11.com/kabaddi/create-team/1092/15102,"S Hegde",BEN,RAI,2,14,
1565617559-31,https://www.dream11.com/kabaddi/create-team/1092/15102,"S Desai",HYD,RAI,90,13,Announced
1565617559-32,https://www.dream11.com/kabaddi/create-team/1092/15102,Kamal-Singh,HYD,RAI,8,12.5,
1565617559-33,https://www.dream11.com/kabaddi/create-team/1092/15102,"A Kumar-II",HYD,RAI,45,12,Announced
1565617559-34,https://www.dream11.com/kabaddi/create-team/1092/15102,"R Narwal",BEN,RAI,9,12,
1565617559-35,https://www.dream11.com/kabaddi/create-team/1092/15102,"A Beniwal",HYD,RAI,14,11.5,
1565617559-36,https://www.dream11.com/kabaddi/create-team/1092/15102,"P Mallikarjun",HYD,RAI,7,11,
1565617559-37,https://www.dream11.com/kabaddi/create-team/1092/15102,"M S G Reddy",HYD,RAI,0,10,
1565617559-38,https://www.dream11.com/kabaddi/create-team/1092/15102,"M T P Mahali",BEN,RAI,10,9.5,
1565617559-4,https://www.dream11.com/kabaddi/create-team/1092/15102,Baldev-Singh,BEN,DEF,144,14,Announced
1565617559-5,https://www.dream11.com/kabaddi/create-team/1092/15102,"R Narwal",BEN,DEF,103,14,Announced
1565617559-6,https://www.dream11.com/kabaddi/create-team/1092/15102,"C Arun",HYD,DEF,44,13.5,Announced
1565617559-7,https://www.dream11.com/kabaddi/create-team/1092/15102,"V Thangadurai",BEN,DEF,0,13,
1565617559-8,https://www.dream11.com/kabaddi/create-team/1092/15102,"K Madane",HYD,DEF,14,12.5,
1565617559-9,https://www.dream11.com/kabaddi/create-team/1092/15102,Manish-I,HYD,DEF,0,12,
