﻿web-scraper-order,web-scraper-start-url,name,team,type,points,credits,announced
1566571524-1,https://www.dream11.com/kabaddi/create-team/1092/15119,"F Atrachali",MUM,DEF,168,16,Announced
1566571524-10,https://www.dream11.com/kabaddi/create-team/1092/15119,"M Abishek",TAM,DEF,0,12,
1566571524-11,https://www.dream11.com/kabaddi/create-team/1092/15119,Himanshu,TAM,DEF,0,11.5,
1566571524-12,https://www.dream11.com/kabaddi/create-team/1092/15119,Sagar,TAM,DEF,11,11,
1566571524-13,https://www.dream11.com/kabaddi/create-team/1092/15119,"H Vardhan",MUM,DEF,4,11,
1566571524-14,https://www.dream11.com/kabaddi/create-team/1092/15119,"M Sheibak",TAM,DEF,2,10.5,
1566571524-15,https://www.dream11.com/kabaddi/create-team/1092/15119,Manjeet-Chhillar,TAM,ALL,166,15.5,
1566571524-16,https://www.dream11.com/kabaddi/create-team/1092/15119,"S Narwal",MUM,ALL,157,14.5,Announced
1566571524-17,https://www.dream11.com/kabaddi/create-team/1092/15119,"R Singh",TAM,ALL,150,13.5,Announced
1566571524-18,https://www.dream11.com/kabaddi/create-team/1092/15119,"V O Obiero",TAM,ALL,0,13,
1566571524-19,https://www.dream11.com/kabaddi/create-team/1092/15119,"H Chauhan",TAM,ALL,2,12.5,
1566571524-2,https://www.dream11.com/kabaddi/create-team/1092/15119,Surinder-Singh,MUM,DEF,190,14.5,Announced
1566571524-20,https://www.dream11.com/kabaddi/create-team/1092/15119,"A R Kapre",MUM,ALL,4,12.5,
1566571524-21,https://www.dream11.com/kabaddi/create-team/1092/15119,"M Balyan",MUM,ALL,0,12,
1566571524-22,https://www.dream11.com/kabaddi/create-team/1092/15119,"A Thakur",TAM,RAI,170,16.5,Announced
1566571524-23,https://www.dream11.com/kabaddi/create-team/1092/15119,"R Chaudhari",TAM,RAI,253,16,Announced
1566571524-24,https://www.dream11.com/kabaddi/create-team/1092/15119,Abhishek-Singh,MUM,RAI,181,15,Announced
1566571524-25,https://www.dream11.com/kabaddi/create-team/1092/15119,"R Baliyan",MUM,RAI,146,14.5,
1566571524-26,https://www.dream11.com/kabaddi/create-team/1092/15119,"M Athul",MUM,RAI,71,13.5,Announced
1566571524-27,https://www.dream11.com/kabaddi/create-team/1092/15119,"D Geon-Lee",MUM,RAI,37,13.5,
1566571524-28,https://www.dream11.com/kabaddi/create-team/1092/15119,"V Sharma",TAM,RAI,49,13,Announced
1566571524-29,https://www.dream11.com/kabaddi/create-team/1092/15119,"S Bappu",TAM,RAI,93,13,
1566571524-3,https://www.dream11.com/kabaddi/create-team/1092/15119,Mohit-Chillar,TAM,DEF,169,14,Announced
1566571524-30,https://www.dream11.com/kabaddi/create-team/1092/15119,Vinoth-Kumar,MUM,RAI,4,13,
1566571524-31,https://www.dream11.com/kabaddi/create-team/1092/15119,Gaurav-Kumar,MUM,RAI,0,12.5,
1566571524-32,https://www.dream11.com/kabaddi/create-team/1092/15119,"A Deshwal",MUM,RAI,132,12.5,Announced
1566571524-33,https://www.dream11.com/kabaddi/create-team/1092/15119,"V A Kumar",TAM,RAI,82,12,Announced
1566571524-34,https://www.dream11.com/kabaddi/create-team/1092/15119,Navneet,MUM,RAI,0,12,
1566571524-35,https://www.dream11.com/kabaddi/create-team/1092/15119,Anand,TAM,RAI,0,11.5,
1566571524-36,https://www.dream11.com/kabaddi/create-team/1092/15119,"Y Bishnoi",TAM,RAI,0,11.5,
1566571524-4,https://www.dream11.com/kabaddi/create-team/1092/15119,"R Subramanian",MUM,DEF,2,13.5,
1566571524-5,https://www.dream11.com/kabaddi/create-team/1092/15119,Ajeet,TAM,DEF,99,12.5,
1566571524-6,https://www.dream11.com/kabaddi/create-team/1092/15119,"P Subramanian",TAM,DEF,6,12.5,Announced
1566571524-7,https://www.dream11.com/kabaddi/create-team/1092/15119,"H Kumar",MUM,DEF,42,12.5,Announced
1566571524-8,https://www.dream11.com/kabaddi/create-team/1092/15119,Anil,MUM,DEF,0,12.5,
1566571524-9,https://www.dream11.com/kabaddi/create-team/1092/15119,"Y Chang-Ko",MUM,DEF,57,12.5,
