﻿web-scraper-order,web-scraper-start-url,name,rank,team_id,matches,points
1567337430-1,https://www.prokabaddi.com/stats/49-140-avg-points-scored-statistics,"Bengal Warriors",1,/static-assets/images/teams/small/4.png?v=6.08,11,29.27
1567337430-10,https://www.prokabaddi.com/stats/49-140-avg-points-scored-statistics,"Patna Pirates",10,/static-assets/images/teams/small/6.png?v=6.08,11,25
1567337430-11,https://www.prokabaddi.com/stats/49-140-avg-points-scored-statistics,"Tamil Thalaivas",10,/static-assets/images/teams/small/29.png?v=6.08,11,25
1567337430-12,https://www.prokabaddi.com/stats/49-140-avg-points-scored-statistics,"U.P. Yoddha",12,/static-assets/images/teams/small/30.png?v=6.08,11,24
1567337433-13,https://www.prokabaddi.com/stats/49-134-super-raid-statistics,"Bengal Warriors",1,/static-assets/images/teams/small/4.png?v=6.08,11,7
1567337433-14,https://www.prokabaddi.com/stats/49-134-super-raid-statistics,"Haryana Steelers",1,/static-assets/images/teams/small/28.png?v=6.08,11,7
1567337433-15,https://www.prokabaddi.com/stats/49-134-super-raid-statistics,"Tamil Thalaivas",3,/static-assets/images/teams/small/29.png?v=6.08,11,4
1567337433-16,https://www.prokabaddi.com/stats/49-134-super-raid-statistics,"Bengaluru Bulls",3,/static-assets/images/teams/small/1.png?v=6.08,12,4
1567337433-17,https://www.prokabaddi.com/stats/49-134-super-raid-statistics,"U Mumba",3,/static-assets/images/teams/small/5.png?v=6.08,12,4
1567337433-18,https://www.prokabaddi.com/stats/49-134-super-raid-statistics,"Patna Pirates",3,/static-assets/images/teams/small/6.png?v=6.08,11,4
1567337433-19,https://www.prokabaddi.com/stats/49-134-super-raid-statistics,"Dabang Delhi K.C.",7,/static-assets/images/teams/small/2.png?v=6.08,11,3
1567337430-2,https://www.prokabaddi.com/stats/49-140-avg-points-scored-statistics,"Bengaluru Bulls",2,/static-assets/images/teams/small/1.png?v=6.08,12,29.08
1567337433-20,https://www.prokabaddi.com/stats/49-134-super-raid-statistics,"Jaipur Pink Panthers",8,/static-assets/images/teams/small/3.png?v=6.08,12,2
1567337433-21,https://www.prokabaddi.com/stats/49-134-super-raid-statistics,"Puneri Paltan",8,/static-assets/images/teams/small/7.png?v=6.08,11,2
1567337433-22,https://www.prokabaddi.com/stats/49-134-super-raid-statistics,"Telugu Titans",8,/static-assets/images/teams/small/8.png?v=6.08,11,2
1567337433-23,https://www.prokabaddi.com/stats/49-134-super-raid-statistics,"Gujarat Fortunegiants",8,/static-assets/images/teams/small/31.png?v=6.08,12,2
1567337433-24,https://www.prokabaddi.com/stats/49-134-super-raid-statistics,"U.P. Yoddha",12,/static-assets/images/teams/small/30.png?v=6.08,11,1
1567337435-25,https://www.prokabaddi.com/stats/49-15-successful-tackles-statistics,"Jaipur Pink Panthers",1,/static-assets/images/teams/small/3.png?v=6.08,12,115
1567337435-26,https://www.prokabaddi.com/stats/49-15-successful-tackles-statistics,"Gujarat Fortunegiants",1,/static-assets/images/teams/small/31.png?v=6.08,12,115
1567337435-27,https://www.prokabaddi.com/stats/49-15-successful-tackles-statistics,"Puneri Paltan",3,/static-assets/images/teams/small/7.png?v=6.08,11,112
1567337435-28,https://www.prokabaddi.com/stats/49-15-successful-tackles-statistics,"Bengaluru Bulls",4,/static-assets/images/teams/small/1.png?v=6.08,12,111
1567337435-29,https://www.prokabaddi.com/stats/49-15-successful-tackles-statistics,"Telugu Titans",5,/static-assets/images/teams/small/8.png?v=6.08,11,105
1567337430-3,https://www.prokabaddi.com/stats/49-140-avg-points-scored-statistics,"Dabang Delhi K.C.",3,/static-assets/images/teams/small/2.png?v=6.08,11,28.72
1567337435-30,https://www.prokabaddi.com/stats/49-15-successful-tackles-statistics,"U Mumba",6,/static-assets/images/teams/small/5.png?v=6.08,12,103
1567337435-31,https://www.prokabaddi.com/stats/49-15-successful-tackles-statistics,"U.P. Yoddha",7,/static-assets/images/teams/small/30.png?v=6.08,11,100
1567337435-32,https://www.prokabaddi.com/stats/49-15-successful-tackles-statistics,"Haryana Steelers",7,/static-assets/images/teams/small/28.png?v=6.08,11,100
1567337435-33,https://www.prokabaddi.com/stats/49-15-successful-tackles-statistics,"Dabang Delhi K.C.",7,/static-assets/images/teams/small/2.png?v=6.08,11,100
1567337435-34,https://www.prokabaddi.com/stats/49-15-successful-tackles-statistics,"Tamil Thalaivas",10,/static-assets/images/teams/small/29.png?v=6.08,11,99
1567337435-35,https://www.prokabaddi.com/stats/49-15-successful-tackles-statistics,"Bengal Warriors",11,/static-assets/images/teams/small/4.png?v=6.08,11,98
1567337435-36,https://www.prokabaddi.com/stats/49-15-successful-tackles-statistics,"Patna Pirates",12,/static-assets/images/teams/small/6.png?v=6.08,11,94
1567337438-37,https://www.prokabaddi.com/stats/49-99-avg-tackle-points-statistics,"Puneri Paltan",1,/static-assets/images/teams/small/7.png?v=6.08,11,11.36
1567337438-38,https://www.prokabaddi.com/stats/49-99-avg-tackle-points-statistics,"Jaipur Pink Panthers",2,/static-assets/images/teams/small/3.png?v=6.08,12,11
1567337438-39,https://www.prokabaddi.com/stats/49-99-avg-tackle-points-statistics,"Telugu Titans",3,/static-assets/images/teams/small/8.png?v=6.08,11,10.91
1567337430-4,https://www.prokabaddi.com/stats/49-140-avg-points-scored-statistics,"Haryana Steelers",4,/static-assets/images/teams/small/28.png?v=6.08,11,27.54
1567337438-40,https://www.prokabaddi.com/stats/49-99-avg-tackle-points-statistics,"Bengaluru Bulls",4,/static-assets/images/teams/small/1.png?v=6.08,12,10.75
1567337438-41,https://www.prokabaddi.com/stats/49-99-avg-tackle-points-statistics,"Gujarat Fortunegiants",5,/static-assets/images/teams/small/31.png?v=6.08,12,10.5
1567337438-42,https://www.prokabaddi.com/stats/49-99-avg-tackle-points-statistics,"U.P. Yoddha",6,/static-assets/images/teams/small/30.png?v=6.08,11,9.73
1567337438-43,https://www.prokabaddi.com/stats/49-99-avg-tackle-points-statistics,"Patna Pirates",6,/static-assets/images/teams/small/6.png?v=6.08,11,9.73
1567337438-44,https://www.prokabaddi.com/stats/49-99-avg-tackle-points-statistics,"Haryana Steelers",6,/static-assets/images/teams/small/28.png?v=6.08,11,9.73
1567337438-45,https://www.prokabaddi.com/stats/49-99-avg-tackle-points-statistics,"U Mumba",9,/static-assets/images/teams/small/5.png?v=6.08,12,9.67
1567337438-46,https://www.prokabaddi.com/stats/49-99-avg-tackle-points-statistics,"Dabang Delhi K.C.",10,/static-assets/images/teams/small/2.png?v=6.08,11,9.55
1567337438-47,https://www.prokabaddi.com/stats/49-99-avg-tackle-points-statistics,"Bengal Warriors",11,/static-assets/images/teams/small/4.png?v=6.08,11,9.45
1567337438-48,https://www.prokabaddi.com/stats/49-99-avg-tackle-points-statistics,"Tamil Thalaivas",12,/static-assets/images/teams/small/29.png?v=6.08,11,9.36
1567337430-5,https://www.prokabaddi.com/stats/49-140-avg-points-scored-statistics,"Puneri Paltan",5,/static-assets/images/teams/small/7.png?v=6.08,11,27.18
1567337430-6,https://www.prokabaddi.com/stats/49-140-avg-points-scored-statistics,"Gujarat Fortunegiants",6,/static-assets/images/teams/small/31.png?v=6.08,12,25.75
1567337430-7,https://www.prokabaddi.com/stats/49-140-avg-points-scored-statistics,"U Mumba",7,/static-assets/images/teams/small/5.png?v=6.08,12,25.5
1567337430-8,https://www.prokabaddi.com/stats/49-140-avg-points-scored-statistics,"Telugu Titans",8,/static-assets/images/teams/small/8.png?v=6.08,11,25.36
1567337430-9,https://www.prokabaddi.com/stats/49-140-avg-points-scored-statistics,"Jaipur Pink Panthers",9,/static-assets/images/teams/small/3.png?v=6.08,12,25.33
1567337441-49,https://www.prokabaddi.com/stats/49-133-total-points-conceded-statistics,"Bengaluru Bulls",1,/static-assets/images/teams/small/1.png?v=6.08,12,383
1567337441-58,https://www.prokabaddi.com/stats/49-133-total-points-conceded-statistics,"Tamil Thalaivas",10,/static-assets/images/teams/small/29.png?v=6.08,11,319
1567337441-59,https://www.prokabaddi.com/stats/49-133-total-points-conceded-statistics,"Dabang Delhi K.C.",11,/static-assets/images/teams/small/2.png?v=6.08,11,315
1567337441-60,https://www.prokabaddi.com/stats/49-133-total-points-conceded-statistics,"Bengal Warriors",12,/static-assets/images/teams/small/4.png?v=6.08,11,313
1567337443-61,https://www.prokabaddi.com/stats/49-95-tackle-points-statistics,"Jaipur Pink Panthers",1,/static-assets/images/teams/small/3.png?v=6.08,12,132
1567337443-62,https://www.prokabaddi.com/stats/49-95-tackle-points-statistics,"Bengaluru Bulls",2,/static-assets/images/teams/small/1.png?v=6.08,12,129
1567337443-63,https://www.prokabaddi.com/stats/49-95-tackle-points-statistics,"Gujarat Fortunegiants",3,/static-assets/images/teams/small/31.png?v=6.08,12,126
1567337443-64,https://www.prokabaddi.com/stats/49-95-tackle-points-statistics,"Puneri Paltan",4,/static-assets/images/teams/small/7.png?v=6.08,11,125
1567337443-65,https://www.prokabaddi.com/stats/49-95-tackle-points-statistics,"Telugu Titans",5,/static-assets/images/teams/small/8.png?v=6.08,11,120
1567337443-66,https://www.prokabaddi.com/stats/49-95-tackle-points-statistics,"U Mumba",6,/static-assets/images/teams/small/5.png?v=6.08,12,116
1567337443-67,https://www.prokabaddi.com/stats/49-95-tackle-points-statistics,"Patna Pirates",7,/static-assets/images/teams/small/6.png?v=6.08,11,107
1567337441-50,https://www.prokabaddi.com/stats/49-133-total-points-conceded-statistics,"U.P. Yoddha",2,/static-assets/images/teams/small/30.png?v=6.08,11,363
1567337443-68,https://www.prokabaddi.com/stats/49-95-tackle-points-statistics,"U.P. Yoddha",7,/static-assets/images/teams/small/30.png?v=6.08,11,107
1567337443-69,https://www.prokabaddi.com/stats/49-95-tackle-points-statistics,"Haryana Steelers",7,/static-assets/images/teams/small/28.png?v=6.08,11,107
1567337443-70,https://www.prokabaddi.com/stats/49-95-tackle-points-statistics,"Dabang Delhi K.C.",10,/static-assets/images/teams/small/2.png?v=6.08,11,105
1567337443-71,https://www.prokabaddi.com/stats/49-95-tackle-points-statistics,"Bengal Warriors",11,/static-assets/images/teams/small/4.png?v=6.08,11,104
1567337443-72,https://www.prokabaddi.com/stats/49-95-tackle-points-statistics,"Tamil Thalaivas",12,/static-assets/images/teams/small/29.png?v=6.08,11,103
1567337446-73,https://www.prokabaddi.com/stats/49-136-all-outs-inflicted-statistics,"Bengal Warriors",1,/static-assets/images/teams/small/4.png?v=6.08,11,19
1567337446-74,https://www.prokabaddi.com/stats/49-136-all-outs-inflicted-statistics,"Dabang Delhi K.C.",2,/static-assets/images/teams/small/2.png?v=6.08,11,17
1567337446-75,https://www.prokabaddi.com/stats/49-136-all-outs-inflicted-statistics,"U Mumba",3,/static-assets/images/teams/small/5.png?v=6.08,12,16
1567337446-76,https://www.prokabaddi.com/stats/49-136-all-outs-inflicted-statistics,"Patna Pirates",4,/static-assets/images/teams/small/6.png?v=6.08,11,13
1567337446-77,https://www.prokabaddi.com/stats/49-136-all-outs-inflicted-statistics,"Haryana Steelers",4,/static-assets/images/teams/small/28.png?v=6.08,11,13
1567337441-51,https://www.prokabaddi.com/stats/49-133-total-points-conceded-statistics,"Haryana Steelers",3,/static-assets/images/teams/small/28.png?v=6.08,11,351
1567337446-78,https://www.prokabaddi.com/stats/49-136-all-outs-inflicted-statistics,"Bengaluru Bulls",6,/static-assets/images/teams/small/1.png?v=6.08,12,12
1567337446-79,https://www.prokabaddi.com/stats/49-136-all-outs-inflicted-statistics,"Gujarat Fortunegiants",6,/static-assets/images/teams/small/31.png?v=6.08,12,12
1567337446-80,https://www.prokabaddi.com/stats/49-136-all-outs-inflicted-statistics,"Jaipur Pink Panthers",8,/static-assets/images/teams/small/3.png?v=6.08,12,11
1567337446-81,https://www.prokabaddi.com/stats/49-136-all-outs-inflicted-statistics,"Tamil Thalaivas",9,/static-assets/images/teams/small/29.png?v=6.08,11,10
1567337446-82,https://www.prokabaddi.com/stats/49-136-all-outs-inflicted-statistics,"U.P. Yoddha",10,/static-assets/images/teams/small/30.png?v=6.08,11,8
1567337446-83,https://www.prokabaddi.com/stats/49-136-all-outs-inflicted-statistics,"Puneri Paltan",11,/static-assets/images/teams/small/7.png?v=6.08,11,7
1567337446-84,https://www.prokabaddi.com/stats/49-136-all-outs-inflicted-statistics,"Telugu Titans",12,/static-assets/images/teams/small/8.png?v=6.08,11,4
1567337448-85,https://www.prokabaddi.com/stats/49-135-do-or-die-raid-points-statistics,"U Mumba",1,/static-assets/images/teams/small/5.png?v=6.08,12,47
1567337448-86,https://www.prokabaddi.com/stats/49-135-do-or-die-raid-points-statistics,"Jaipur Pink Panthers",2,/static-assets/images/teams/small/3.png?v=6.08,12,46
1567337448-87,https://www.prokabaddi.com/stats/49-135-do-or-die-raid-points-statistics,"Puneri Paltan",3,/static-assets/images/teams/small/7.png?v=6.08,11,42
1567337441-52,https://www.prokabaddi.com/stats/49-133-total-points-conceded-statistics,"Patna Pirates",4,/static-assets/images/teams/small/6.png?v=6.08,11,345
1567337448-88,https://www.prokabaddi.com/stats/49-135-do-or-die-raid-points-statistics,"Haryana Steelers",4,/static-assets/images/teams/small/28.png?v=6.08,11,39
1567337448-89,https://www.prokabaddi.com/stats/49-135-do-or-die-raid-points-statistics,"Gujarat Fortunegiants",5,/static-assets/images/teams/small/31.png?v=6.08,12,38
1567337448-90,https://www.prokabaddi.com/stats/49-135-do-or-die-raid-points-statistics,"Tamil Thalaivas",6,/static-assets/images/teams/small/29.png?v=6.08,11,37
1567337448-91,https://www.prokabaddi.com/stats/49-135-do-or-die-raid-points-statistics,"U.P. Yoddha",7,/static-assets/images/teams/small/30.png?v=6.08,11,34
1567337448-92,https://www.prokabaddi.com/stats/49-135-do-or-die-raid-points-statistics,"Patna Pirates",8,/static-assets/images/teams/small/6.png?v=6.08,11,31
1567337448-93,https://www.prokabaddi.com/stats/49-135-do-or-die-raid-points-statistics,"Dabang Delhi K.C.",9,/static-assets/images/teams/small/2.png?v=6.08,11,29
1567337448-94,https://www.prokabaddi.com/stats/49-135-do-or-die-raid-points-statistics,"Bengal Warriors",10,/static-assets/images/teams/small/4.png?v=6.08,11,26
1567337448-95,https://www.prokabaddi.com/stats/49-135-do-or-die-raid-points-statistics,"Telugu Titans",10,/static-assets/images/teams/small/8.png?v=6.08,11,26
1567337448-96,https://www.prokabaddi.com/stats/49-135-do-or-die-raid-points-statistics,"Bengaluru Bulls",12,/static-assets/images/teams/small/1.png?v=6.08,12,22
1567337451-97,https://www.prokabaddi.com/stats/49-97-raid-points-statistics,"Bengaluru Bulls",1,/static-assets/images/teams/small/1.png?v=6.08,12,220
1567337441-53,https://www.prokabaddi.com/stats/49-133-total-points-conceded-statistics,"U Mumba",5,/static-assets/images/teams/small/5.png?v=6.08,12,344
1567337451-98,https://www.prokabaddi.com/stats/49-97-raid-points-statistics,"Bengal Warriors",2,/static-assets/images/teams/small/4.png?v=6.08,11,218
1567337451-99,https://www.prokabaddi.com/stats/49-97-raid-points-statistics,"Dabang Delhi K.C.",3,/static-assets/images/teams/small/2.png?v=6.08,11,211
1567337451-100,https://www.prokabaddi.com/stats/49-97-raid-points-statistics,"Haryana Steelers",4,/static-assets/images/teams/small/28.png?v=6.08,11,196
1567337451-101,https://www.prokabaddi.com/stats/49-97-raid-points-statistics,"U Mumba",5,/static-assets/images/teams/small/5.png?v=6.08,12,190
1567337451-102,https://www.prokabaddi.com/stats/49-97-raid-points-statistics,"Gujarat Fortunegiants",6,/static-assets/images/teams/small/31.png?v=6.08,12,183
1567337451-103,https://www.prokabaddi.com/stats/49-97-raid-points-statistics,"Puneri Paltan",7,/static-assets/images/teams/small/7.png?v=6.08,11,174
1567337451-104,https://www.prokabaddi.com/stats/49-97-raid-points-statistics,"Tamil Thalaivas",8,/static-assets/images/teams/small/29.png?v=6.08,11,172
1567337451-105,https://www.prokabaddi.com/stats/49-97-raid-points-statistics,"Jaipur Pink Panthers",8,/static-assets/images/teams/small/3.png?v=6.08,12,172
1567337451-106,https://www.prokabaddi.com/stats/49-97-raid-points-statistics,"Patna Pirates",10,/static-assets/images/teams/small/6.png?v=6.08,11,168
1567337451-107,https://www.prokabaddi.com/stats/49-97-raid-points-statistics,"Telugu Titans",11,/static-assets/images/teams/small/8.png?v=6.08,11,159
1567337441-54,https://www.prokabaddi.com/stats/49-133-total-points-conceded-statistics,"Puneri Paltan",6,/static-assets/images/teams/small/7.png?v=6.08,11,342
1567337451-108,https://www.prokabaddi.com/stats/49-97-raid-points-statistics,"U.P. Yoddha",12,/static-assets/images/teams/small/30.png?v=6.08,11,157
1567337441-55,https://www.prokabaddi.com/stats/49-133-total-points-conceded-statistics,"Telugu Titans",6,/static-assets/images/teams/small/8.png?v=6.08,11,342
1567337441-56,https://www.prokabaddi.com/stats/49-133-total-points-conceded-statistics,"Jaipur Pink Panthers",8,/static-assets/images/teams/small/3.png?v=6.08,12,338
1567337441-57,https://www.prokabaddi.com/stats/49-133-total-points-conceded-statistics,"Gujarat Fortunegiants",8,/static-assets/images/teams/small/31.png?v=6.08,12,338
1567337454-109,https://www.prokabaddi.com/stats/49-20-super-tackles-statistics,"Bengaluru Bulls",1,/static-assets/images/teams/small/1.png?v=6.08,12,19
1567337454-118,https://www.prokabaddi.com/stats/49-20-super-tackles-statistics,"Bengal Warriors",9,/static-assets/images/teams/small/4.png?v=6.08,11,7
1567337454-119,https://www.prokabaddi.com/stats/49-20-super-tackles-statistics,"Dabang Delhi K.C.",11,/static-assets/images/teams/small/2.png?v=6.08,11,6
1567337454-120,https://www.prokabaddi.com/stats/49-20-super-tackles-statistics,"Tamil Thalaivas",11,/static-assets/images/teams/small/29.png?v=6.08,11,6
1567337457-121,https://www.prokabaddi.com/stats/49-13-successful-raids-statistics,"Bengaluru Bulls",1,/static-assets/images/teams/small/1.png?v=6.08,12,181
1567337457-122,https://www.prokabaddi.com/stats/49-13-successful-raids-statistics,"Bengal Warriors",2,/static-assets/images/teams/small/4.png?v=6.08,11,180
1567337457-123,https://www.prokabaddi.com/stats/49-13-successful-raids-statistics,"Dabang Delhi K.C.",3,/static-assets/images/teams/small/2.png?v=6.08,11,178
1567337457-124,https://www.prokabaddi.com/stats/49-13-successful-raids-statistics,"Haryana Steelers",4,/static-assets/images/teams/small/28.png?v=6.08,11,156
1567337457-125,https://www.prokabaddi.com/stats/49-13-successful-raids-statistics,"Gujarat Fortunegiants",5,/static-assets/images/teams/small/31.png?v=6.08,12,152
1567337457-126,https://www.prokabaddi.com/stats/49-13-successful-raids-statistics,"Puneri Paltan",6,/static-assets/images/teams/small/7.png?v=6.08,11,145
1567337457-127,https://www.prokabaddi.com/stats/49-13-successful-raids-statistics,"U Mumba",7,/static-assets/images/teams/small/5.png?v=6.08,12,144
1567337454-110,https://www.prokabaddi.com/stats/49-20-super-tackles-statistics,"Jaipur Pink Panthers",2,/static-assets/images/teams/small/3.png?v=6.08,12,17
1567337457-128,https://www.prokabaddi.com/stats/49-13-successful-raids-statistics,"Patna Pirates",7,/static-assets/images/teams/small/6.png?v=6.08,11,144
1567337457-129,https://www.prokabaddi.com/stats/49-13-successful-raids-statistics,"Jaipur Pink Panthers",9,/static-assets/images/teams/small/3.png?v=6.08,12,142
1567337457-130,https://www.prokabaddi.com/stats/49-13-successful-raids-statistics,"Telugu Titans",10,/static-assets/images/teams/small/8.png?v=6.08,11,140
1567337457-131,https://www.prokabaddi.com/stats/49-13-successful-raids-statistics,"Tamil Thalaivas",11,/static-assets/images/teams/small/29.png?v=6.08,11,138
1567337457-132,https://www.prokabaddi.com/stats/49-13-successful-raids-statistics,"U.P. Yoddha",12,/static-assets/images/teams/small/30.png?v=6.08,11,123
1567337459-133,https://www.prokabaddi.com/stats/49-98-avg-raid-points-statistics,"Bengal Warriors",1,/static-assets/images/teams/small/4.png?v=6.08,11,19.82
1567337459-134,https://www.prokabaddi.com/stats/49-98-avg-raid-points-statistics,"Dabang Delhi K.C.",2,/static-assets/images/teams/small/2.png?v=6.08,11,19.18
1567337459-135,https://www.prokabaddi.com/stats/49-98-avg-raid-points-statistics,"Bengaluru Bulls",3,/static-assets/images/teams/small/1.png?v=6.08,12,18.33
1567337459-136,https://www.prokabaddi.com/stats/49-98-avg-raid-points-statistics,"Haryana Steelers",4,/static-assets/images/teams/small/28.png?v=6.08,11,17.82
1567337459-137,https://www.prokabaddi.com/stats/49-98-avg-raid-points-statistics,"U Mumba",5,/static-assets/images/teams/small/5.png?v=6.08,12,15.83
1567337454-111,https://www.prokabaddi.com/stats/49-20-super-tackles-statistics,"Telugu Titans",3,/static-assets/images/teams/small/8.png?v=6.08,11,16
1567337459-138,https://www.prokabaddi.com/stats/49-98-avg-raid-points-statistics,"Puneri Paltan",6,/static-assets/images/teams/small/7.png?v=6.08,11,15.82
1567337459-139,https://www.prokabaddi.com/stats/49-98-avg-raid-points-statistics,"Tamil Thalaivas",7,/static-assets/images/teams/small/29.png?v=6.08,11,15.64
1567337459-140,https://www.prokabaddi.com/stats/49-98-avg-raid-points-statistics,"Patna Pirates",8,/static-assets/images/teams/small/6.png?v=6.08,11,15.27
1567337459-141,https://www.prokabaddi.com/stats/49-98-avg-raid-points-statistics,"Gujarat Fortunegiants",9,/static-assets/images/teams/small/31.png?v=6.08,12,15.25
1567337459-142,https://www.prokabaddi.com/stats/49-98-avg-raid-points-statistics,"Telugu Titans",10,/static-assets/images/teams/small/8.png?v=6.08,11,14.45
1567337459-143,https://www.prokabaddi.com/stats/49-98-avg-raid-points-statistics,"Jaipur Pink Panthers",11,/static-assets/images/teams/small/3.png?v=6.08,12,14.33
1567337459-144,https://www.prokabaddi.com/stats/49-98-avg-raid-points-statistics,"U.P. Yoddha",12,/static-assets/images/teams/small/30.png?v=6.08,11,14.27
1567337462-145,https://www.prokabaddi.com/stats/49-96-total-points-scored-statistics,"Bengaluru Bulls",1,/static-assets/images/teams/small/1.png?v=6.08,12,391
1567337462-146,https://www.prokabaddi.com/stats/49-96-total-points-scored-statistics,"Bengal Warriors",2,/static-assets/images/teams/small/4.png?v=6.08,11,380
1567337462-147,https://www.prokabaddi.com/stats/49-96-total-points-scored-statistics,"Dabang Delhi K.C.",3,/static-assets/images/teams/small/2.png?v=6.08,11,375
1567337454-112,https://www.prokabaddi.com/stats/49-20-super-tackles-statistics,"U Mumba",4,/static-assets/images/teams/small/5.png?v=6.08,12,15
1567337462-148,https://www.prokabaddi.com/stats/49-96-total-points-scored-statistics,"U Mumba",4,/static-assets/images/teams/small/5.png?v=6.08,12,359
1567337462-149,https://www.prokabaddi.com/stats/49-96-total-points-scored-statistics,"Gujarat Fortunegiants",5,/static-assets/images/teams/small/31.png?v=6.08,12,351
1567337462-150,https://www.prokabaddi.com/stats/49-96-total-points-scored-statistics,"Haryana Steelers",6,/static-assets/images/teams/small/28.png?v=6.08,11,344
1567337462-151,https://www.prokabaddi.com/stats/49-96-total-points-scored-statistics,"Jaipur Pink Panthers",7,/static-assets/images/teams/small/3.png?v=6.08,12,343
1567337462-152,https://www.prokabaddi.com/stats/49-96-total-points-scored-statistics,"Puneri Paltan",8,/static-assets/images/teams/small/7.png?v=6.08,11,325
1567337462-153,https://www.prokabaddi.com/stats/49-96-total-points-scored-statistics,"Tamil Thalaivas",9,/static-assets/images/teams/small/29.png?v=6.08,11,316
1567337462-154,https://www.prokabaddi.com/stats/49-96-total-points-scored-statistics,"Patna Pirates",10,/static-assets/images/teams/small/6.png?v=6.08,11,315
1567337462-155,https://www.prokabaddi.com/stats/49-96-total-points-scored-statistics,"Telugu Titans",11,/static-assets/images/teams/small/8.png?v=6.08,11,302
1567337462-156,https://www.prokabaddi.com/stats/49-96-total-points-scored-statistics,"U.P. Yoddha",12,/static-assets/images/teams/small/30.png?v=6.08,11,292
1567337454-113,https://www.prokabaddi.com/stats/49-20-super-tackles-statistics,"Patna Pirates",5,/static-assets/images/teams/small/6.png?v=6.08,11,13
1567337454-114,https://www.prokabaddi.com/stats/49-20-super-tackles-statistics,"Puneri Paltan",5,/static-assets/images/teams/small/7.png?v=6.08,11,13
1567337454-115,https://www.prokabaddi.com/stats/49-20-super-tackles-statistics,"Gujarat Fortunegiants",7,/static-assets/images/teams/small/31.png?v=6.08,12,11
1567337454-116,https://www.prokabaddi.com/stats/49-20-super-tackles-statistics,"U.P. Yoddha",8,/static-assets/images/teams/small/30.png?v=6.08,11,8
1567337454-117,https://www.prokabaddi.com/stats/49-20-super-tackles-statistics,"Haryana Steelers",9,/static-assets/images/teams/small/28.png?v=6.08,11,7
