﻿web-scraper-order,web-scraper-start-url,name,rank,team_id,matches,points
1566214260-1,https://www.prokabaddi.com/stats/49-97-raid-points-statistics,"Bengaluru Bulls",1,/static-assets/images/teams/small/1.png?v=6.08,8,155
1566214260-10,https://www.prokabaddi.com/stats/49-97-raid-points-statistics,"Patna Pirates",10,/static-assets/images/teams/small/6.png?v=6.08,8,112
1566214260-11,https://www.prokabaddi.com/stats/49-97-raid-points-statistics,"Jaipur Pink Panthers",11,/static-assets/images/teams/small/3.png?v=6.08,7,110
1566214260-12,https://www.prokabaddi.com/stats/49-97-raid-points-statistics,"U.P. Yoddha",12,/static-assets/images/teams/small/30.png?v=6.08,8,101
1566214263-13,https://www.prokabaddi.com/stats/49-140-avg-points-scored-statistics,"Bengaluru Bulls",1,/static-assets/images/teams/small/1.png?v=6.08,8,29.87
1566214263-14,https://www.prokabaddi.com/stats/49-140-avg-points-scored-statistics,"Bengal Warriors",2,/static-assets/images/teams/small/4.png?v=6.08,8,28.87
1566214263-15,https://www.prokabaddi.com/stats/49-140-avg-points-scored-statistics,"Jaipur Pink Panthers",3,/static-assets/images/teams/small/3.png?v=6.08,7,27.28
1566214263-16,https://www.prokabaddi.com/stats/49-140-avg-points-scored-statistics,"Puneri Paltan",4,/static-assets/images/teams/small/7.png?v=6.08,8,26.75
1566214263-17,https://www.prokabaddi.com/stats/49-140-avg-points-scored-statistics,"Dabang Delhi K.C.",5,/static-assets/images/teams/small/2.png?v=6.08,7,26.71
1566214263-18,https://www.prokabaddi.com/stats/49-140-avg-points-scored-statistics,"Haryana Steelers",6,/static-assets/images/teams/small/28.png?v=6.08,8,26.62
1566214263-19,https://www.prokabaddi.com/stats/49-140-avg-points-scored-statistics,"Gujarat Fortunegiants",7,/static-assets/images/teams/small/31.png?v=6.08,9,26
1566214260-2,https://www.prokabaddi.com/stats/49-97-raid-points-statistics,"Bengal Warriors",2,/static-assets/images/teams/small/4.png?v=6.08,8,153
1566214263-20,https://www.prokabaddi.com/stats/49-140-avg-points-scored-statistics,"Tamil Thalaivas",8,/static-assets/images/teams/small/29.png?v=6.08,8,25.87
1566214263-21,https://www.prokabaddi.com/stats/49-140-avg-points-scored-statistics,"Telugu Titans",9,/static-assets/images/teams/small/8.png?v=6.08,9,25.33
1566214263-22,https://www.prokabaddi.com/stats/49-140-avg-points-scored-statistics,"Patna Pirates",10,/static-assets/images/teams/small/6.png?v=6.08,8,24.62
1566214263-23,https://www.prokabaddi.com/stats/49-140-avg-points-scored-statistics,"U Mumba",11,/static-assets/images/teams/small/5.png?v=6.08,8,24.5
1566214263-24,https://www.prokabaddi.com/stats/49-140-avg-points-scored-statistics,"U.P. Yoddha",12,/static-assets/images/teams/small/30.png?v=6.08,8,22.25
1566214266-25,https://www.prokabaddi.com/stats/49-134-super-raid-statistics,"Bengal Warriors",1,/static-assets/images/teams/small/4.png?v=6.08,8,6
1566214266-26,https://www.prokabaddi.com/stats/49-134-super-raid-statistics,"U Mumba",2,/static-assets/images/teams/small/5.png?v=6.08,8,3
1566214266-27,https://www.prokabaddi.com/stats/49-134-super-raid-statistics,"Bengaluru Bulls",2,/static-assets/images/teams/small/1.png?v=6.08,8,3
1566214266-28,https://www.prokabaddi.com/stats/49-134-super-raid-statistics,"Dabang Delhi K.C.",2,/static-assets/images/teams/small/2.png?v=6.08,7,3
1566214266-29,https://www.prokabaddi.com/stats/49-134-super-raid-statistics,"Haryana Steelers",2,/static-assets/images/teams/small/28.png?v=6.08,8,3
1566214260-3,https://www.prokabaddi.com/stats/49-97-raid-points-statistics,"Telugu Titans",3,/static-assets/images/teams/small/8.png?v=6.08,9,140
1566214266-30,https://www.prokabaddi.com/stats/49-134-super-raid-statistics,"Tamil Thalaivas",2,/static-assets/images/teams/small/29.png?v=6.08,8,3
1566214266-31,https://www.prokabaddi.com/stats/49-134-super-raid-statistics,"Gujarat Fortunegiants",7,/static-assets/images/teams/small/31.png?v=6.08,9,2
1566214266-32,https://www.prokabaddi.com/stats/49-134-super-raid-statistics,"Patna Pirates",7,/static-assets/images/teams/small/6.png?v=6.08,8,2
1566214266-33,https://www.prokabaddi.com/stats/49-134-super-raid-statistics,"Telugu Titans",7,/static-assets/images/teams/small/8.png?v=6.08,9,2
1566214266-34,https://www.prokabaddi.com/stats/49-134-super-raid-statistics,"Puneri Paltan",10,/static-assets/images/teams/small/7.png?v=6.08,8,1
1566214266-35,https://www.prokabaddi.com/stats/49-134-super-raid-statistics,"Jaipur Pink Panthers",10,/static-assets/images/teams/small/3.png?v=6.08,7,1
1566214269-36,https://www.prokabaddi.com/stats/49-15-successful-tackles-statistics,"Gujarat Fortunegiants",1,/static-assets/images/teams/small/31.png?v=6.08,9,85
1566214269-37,https://www.prokabaddi.com/stats/49-15-successful-tackles-statistics,"Telugu Titans",2,/static-assets/images/teams/small/8.png?v=6.08,9,83
1566214269-38,https://www.prokabaddi.com/stats/49-15-successful-tackles-statistics,"Tamil Thalaivas",3,/static-assets/images/teams/small/29.png?v=6.08,8,81
1566214269-39,https://www.prokabaddi.com/stats/49-15-successful-tackles-statistics,"Jaipur Pink Panthers",4,/static-assets/images/teams/small/3.png?v=6.08,7,79
1566214260-4,https://www.prokabaddi.com/stats/49-97-raid-points-statistics,"Gujarat Fortunegiants",3,/static-assets/images/teams/small/31.png?v=6.08,9,140
1566214269-40,https://www.prokabaddi.com/stats/49-15-successful-tackles-statistics,"Puneri Paltan",5,/static-assets/images/teams/small/7.png?v=6.08,8,75
1566214269-41,https://www.prokabaddi.com/stats/49-15-successful-tackles-statistics,"Patna Pirates",6,/static-assets/images/teams/small/6.png?v=6.08,8,74
1566214269-42,https://www.prokabaddi.com/stats/49-15-successful-tackles-statistics,"Haryana Steelers",7,/static-assets/images/teams/small/28.png?v=6.08,8,72
1566214269-43,https://www.prokabaddi.com/stats/49-15-successful-tackles-statistics,"Bengal Warriors",7,/static-assets/images/teams/small/4.png?v=6.08,8,72
1566214269-44,https://www.prokabaddi.com/stats/49-15-successful-tackles-statistics,"U.P. Yoddha",7,/static-assets/images/teams/small/30.png?v=6.08,8,72
1566214269-45,https://www.prokabaddi.com/stats/49-15-successful-tackles-statistics,"Bengaluru Bulls",10,/static-assets/images/teams/small/1.png?v=6.08,8,69
1566214269-46,https://www.prokabaddi.com/stats/49-15-successful-tackles-statistics,"U Mumba",11,/static-assets/images/teams/small/5.png?v=6.08,8,62
1566214269-47,https://www.prokabaddi.com/stats/49-15-successful-tackles-statistics,"Dabang Delhi K.C.",12,/static-assets/images/teams/small/2.png?v=6.08,7,53
1566214272-48,https://www.prokabaddi.com/stats/49-99-avg-tackle-points-statistics,"Jaipur Pink Panthers",1,/static-assets/images/teams/small/3.png?v=6.08,7,11.57
1566214272-49,https://www.prokabaddi.com/stats/49-99-avg-tackle-points-statistics,"Puneri Paltan",2,/static-assets/images/teams/small/7.png?v=6.08,8,10.88
1566214260-5,https://www.prokabaddi.com/stats/49-97-raid-points-statistics,"Haryana Steelers",5,/static-assets/images/teams/small/28.png?v=6.08,8,137
1566214272-50,https://www.prokabaddi.com/stats/49-99-avg-tackle-points-statistics,"Tamil Thalaivas",3,/static-assets/images/teams/small/29.png?v=6.08,8,10.63
1566214272-51,https://www.prokabaddi.com/stats/49-99-avg-tackle-points-statistics,"Patna Pirates",3,/static-assets/images/teams/small/6.png?v=6.08,8,10.63
1566214272-52,https://www.prokabaddi.com/stats/49-99-avg-tackle-points-statistics,"Bengaluru Bulls",5,/static-assets/images/teams/small/1.png?v=6.08,8,10.5
1566214272-53,https://www.prokabaddi.com/stats/49-99-avg-tackle-points-statistics,"Gujarat Fortunegiants",6,/static-assets/images/teams/small/31.png?v=6.08,9,10.44
1566214272-54,https://www.prokabaddi.com/stats/49-99-avg-tackle-points-statistics,"Telugu Titans",7,/static-assets/images/teams/small/8.png?v=6.08,9,9.78
1566214272-55,https://www.prokabaddi.com/stats/49-99-avg-tackle-points-statistics,"Bengal Warriors",8,/static-assets/images/teams/small/4.png?v=6.08,8,9.75
1566214272-56,https://www.prokabaddi.com/stats/49-99-avg-tackle-points-statistics,"U.P. Yoddha",9,/static-assets/images/teams/small/30.png?v=6.08,8,9.63
1566214272-57,https://www.prokabaddi.com/stats/49-99-avg-tackle-points-statistics,"Haryana Steelers",10,/static-assets/images/teams/small/28.png?v=6.08,8,9.5
1566214272-58,https://www.prokabaddi.com/stats/49-99-avg-tackle-points-statistics,"U Mumba",11,/static-assets/images/teams/small/5.png?v=6.08,8,8.75
1566214272-59,https://www.prokabaddi.com/stats/49-99-avg-tackle-points-statistics,"Dabang Delhi K.C.",12,/static-assets/images/teams/small/2.png?v=6.08,7,8.29
1566214260-6,https://www.prokabaddi.com/stats/49-97-raid-points-statistics,"Dabang Delhi K.C.",6,/static-assets/images/teams/small/2.png?v=6.08,7,129
1566214260-7,https://www.prokabaddi.com/stats/49-97-raid-points-statistics,"Puneri Paltan",7,/static-assets/images/teams/small/7.png?v=6.08,8,127
1566214260-8,https://www.prokabaddi.com/stats/49-97-raid-points-statistics,"U Mumba",8,/static-assets/images/teams/small/5.png?v=6.08,8,126
1566214260-9,https://www.prokabaddi.com/stats/49-97-raid-points-statistics,"Tamil Thalaivas",9,/static-assets/images/teams/small/29.png?v=6.08,8,122
1566214274-60,https://www.prokabaddi.com/stats/49-96-total-points-scored-statistics,"Bengal Warriors",1,/static-assets/images/teams/small/4.png?v=6.08,8,277
1566214274-69,https://www.prokabaddi.com/stats/49-96-total-points-scored-statistics,"Dabang Delhi K.C.",9,/static-assets/images/teams/small/2.png?v=6.08,7,228
1566214274-70,https://www.prokabaddi.com/stats/49-96-total-points-scored-statistics,"Jaipur Pink Panthers",11,/static-assets/images/teams/small/3.png?v=6.08,7,219
1566214274-71,https://www.prokabaddi.com/stats/49-96-total-points-scored-statistics,"U.P. Yoddha",12,/static-assets/images/teams/small/30.png?v=6.08,8,199
1566214277-72,https://www.prokabaddi.com/stats/49-133-total-points-conceded-statistics,"Telugu Titans",1,/static-assets/images/teams/small/8.png?v=6.08,9,287
1566214277-73,https://www.prokabaddi.com/stats/49-133-total-points-conceded-statistics,"U.P. Yoddha",2,/static-assets/images/teams/small/30.png?v=6.08,8,273
1566214277-74,https://www.prokabaddi.com/stats/49-133-total-points-conceded-statistics,"Haryana Steelers",3,/static-assets/images/teams/small/28.png?v=6.08,8,266
1566214277-75,https://www.prokabaddi.com/stats/49-133-total-points-conceded-statistics,"Puneri Paltan",4,/static-assets/images/teams/small/7.png?v=6.08,8,257
1566214277-76,https://www.prokabaddi.com/stats/49-133-total-points-conceded-statistics,"Bengaluru Bulls",4,/static-assets/images/teams/small/1.png?v=6.08,8,257
1566214277-77,https://www.prokabaddi.com/stats/49-133-total-points-conceded-statistics,"Gujarat Fortunegiants",6,/static-assets/images/teams/small/31.png?v=6.08,9,248
1566214277-78,https://www.prokabaddi.com/stats/49-133-total-points-conceded-statistics,"Patna Pirates",7,/static-assets/images/teams/small/6.png?v=6.08,8,243
1566214274-61,https://www.prokabaddi.com/stats/49-96-total-points-scored-statistics,"Bengaluru Bulls",2,/static-assets/images/teams/small/1.png?v=6.08,8,273
1566214277-79,https://www.prokabaddi.com/stats/49-133-total-points-conceded-statistics,"U Mumba",8,/static-assets/images/teams/small/5.png?v=6.08,8,229
1566214277-80,https://www.prokabaddi.com/stats/49-133-total-points-conceded-statistics,"Tamil Thalaivas",9,/static-assets/images/teams/small/29.png?v=6.08,8,227
1566214277-81,https://www.prokabaddi.com/stats/49-133-total-points-conceded-statistics,"Bengal Warriors",10,/static-assets/images/teams/small/4.png?v=6.08,8,225
1566214277-82,https://www.prokabaddi.com/stats/49-133-total-points-conceded-statistics,"Dabang Delhi K.C.",11,/static-assets/images/teams/small/2.png?v=6.08,7,198
1566214277-83,https://www.prokabaddi.com/stats/49-133-total-points-conceded-statistics,"Jaipur Pink Panthers",12,/static-assets/images/teams/small/3.png?v=6.08,7,169
1566214280-84,https://www.prokabaddi.com/stats/49-95-tackle-points-statistics,"Gujarat Fortunegiants",1,/static-assets/images/teams/small/31.png?v=6.08,9,94
1566214280-85,https://www.prokabaddi.com/stats/49-95-tackle-points-statistics,"Telugu Titans",2,/static-assets/images/teams/small/8.png?v=6.08,9,88
1566214280-86,https://www.prokabaddi.com/stats/49-95-tackle-points-statistics,"Puneri Paltan",3,/static-assets/images/teams/small/7.png?v=6.08,8,87
1566214280-87,https://www.prokabaddi.com/stats/49-95-tackle-points-statistics,"Patna Pirates",4,/static-assets/images/teams/small/6.png?v=6.08,8,85
1566214280-88,https://www.prokabaddi.com/stats/49-95-tackle-points-statistics,"Tamil Thalaivas",4,/static-assets/images/teams/small/29.png?v=6.08,8,85
1566214274-62,https://www.prokabaddi.com/stats/49-96-total-points-scored-statistics,"Gujarat Fortunegiants",3,/static-assets/images/teams/small/31.png?v=6.08,9,265
1566214280-89,https://www.prokabaddi.com/stats/49-95-tackle-points-statistics,"Bengaluru Bulls",6,/static-assets/images/teams/small/1.png?v=6.08,8,84
1566214280-90,https://www.prokabaddi.com/stats/49-95-tackle-points-statistics,"Jaipur Pink Panthers",7,/static-assets/images/teams/small/3.png?v=6.08,7,81
1566214280-91,https://www.prokabaddi.com/stats/49-95-tackle-points-statistics,"Bengal Warriors",8,/static-assets/images/teams/small/4.png?v=6.08,8,78
1566214280-92,https://www.prokabaddi.com/stats/49-95-tackle-points-statistics,"U.P. Yoddha",9,/static-assets/images/teams/small/30.png?v=6.08,8,77
1566214280-93,https://www.prokabaddi.com/stats/49-95-tackle-points-statistics,"Haryana Steelers",10,/static-assets/images/teams/small/28.png?v=6.08,8,76
1566214280-94,https://www.prokabaddi.com/stats/49-95-tackle-points-statistics,"U Mumba",11,/static-assets/images/teams/small/5.png?v=6.08,8,70
1566214280-95,https://www.prokabaddi.com/stats/49-95-tackle-points-statistics,"Dabang Delhi K.C.",12,/static-assets/images/teams/small/2.png?v=6.08,7,58
1566214283-96,https://www.prokabaddi.com/stats/49-136-all-outs-inflicted-statistics,"Bengal Warriors",1,/static-assets/images/teams/small/4.png?v=6.08,8,14
1566214283-97,https://www.prokabaddi.com/stats/49-136-all-outs-inflicted-statistics,"U Mumba",2,/static-assets/images/teams/small/5.png?v=6.08,8,10
1566214283-98,https://www.prokabaddi.com/stats/49-136-all-outs-inflicted-statistics,"Jaipur Pink Panthers",2,/static-assets/images/teams/small/3.png?v=6.08,7,10
1566214274-63,https://www.prokabaddi.com/stats/49-96-total-points-scored-statistics,"Telugu Titans",4,/static-assets/images/teams/small/8.png?v=6.08,9,251
1566214283-99,https://www.prokabaddi.com/stats/49-136-all-outs-inflicted-statistics,"Bengaluru Bulls",4,/static-assets/images/teams/small/1.png?v=6.08,8,9
1566214283-100,https://www.prokabaddi.com/stats/49-136-all-outs-inflicted-statistics,"Dabang Delhi K.C.",4,/static-assets/images/teams/small/2.png?v=6.08,7,9
1566214283-101,https://www.prokabaddi.com/stats/49-136-all-outs-inflicted-statistics,"Patna Pirates",4,/static-assets/images/teams/small/6.png?v=6.08,8,9
1566214283-102,https://www.prokabaddi.com/stats/49-136-all-outs-inflicted-statistics,"Tamil Thalaivas",4,/static-assets/images/teams/small/29.png?v=6.08,8,9
1566214283-103,https://www.prokabaddi.com/stats/49-136-all-outs-inflicted-statistics,"Gujarat Fortunegiants",4,/static-assets/images/teams/small/31.png?v=6.08,9,9
1566214283-104,https://www.prokabaddi.com/stats/49-136-all-outs-inflicted-statistics,"Haryana Steelers",9,/static-assets/images/teams/small/28.png?v=6.08,8,8
1566214283-105,https://www.prokabaddi.com/stats/49-136-all-outs-inflicted-statistics,"U.P. Yoddha",10,/static-assets/images/teams/small/30.png?v=6.08,8,5
1566214283-106,https://www.prokabaddi.com/stats/49-136-all-outs-inflicted-statistics,"Puneri Paltan",11,/static-assets/images/teams/small/7.png?v=6.08,8,4
1566214283-107,https://www.prokabaddi.com/stats/49-136-all-outs-inflicted-statistics,"Telugu Titans",11,/static-assets/images/teams/small/8.png?v=6.08,9,4
1566214285-108,https://www.prokabaddi.com/stats/49-135-do-or-die-raid-points-statistics,"U Mumba",1,/static-assets/images/teams/small/5.png?v=6.08,8,31
1566214274-64,https://www.prokabaddi.com/stats/49-96-total-points-scored-statistics,"Tamil Thalaivas",5,/static-assets/images/teams/small/29.png?v=6.08,8,240
1566214285-109,https://www.prokabaddi.com/stats/49-135-do-or-die-raid-points-statistics,"Puneri Paltan",2,/static-assets/images/teams/small/7.png?v=6.08,8,29
1566214285-110,https://www.prokabaddi.com/stats/49-135-do-or-die-raid-points-statistics,"Jaipur Pink Panthers",3,/static-assets/images/teams/small/3.png?v=6.08,7,28
1566214285-111,https://www.prokabaddi.com/stats/49-135-do-or-die-raid-points-statistics,"Haryana Steelers",4,/static-assets/images/teams/small/28.png?v=6.08,8,27
1566214285-112,https://www.prokabaddi.com/stats/49-135-do-or-die-raid-points-statistics,"Gujarat Fortunegiants",4,/static-assets/images/teams/small/31.png?v=6.08,9,27
1566214285-113,https://www.prokabaddi.com/stats/49-135-do-or-die-raid-points-statistics,"Patna Pirates",6,/static-assets/images/teams/small/6.png?v=6.08,8,26
1566214285-114,https://www.prokabaddi.com/stats/49-135-do-or-die-raid-points-statistics,"Tamil Thalaivas",7,/static-assets/images/teams/small/29.png?v=6.08,8,23
1566214285-115,https://www.prokabaddi.com/stats/49-135-do-or-die-raid-points-statistics,"U.P. Yoddha",8,/static-assets/images/teams/small/30.png?v=6.08,8,21
1566214285-116,https://www.prokabaddi.com/stats/49-135-do-or-die-raid-points-statistics,"Telugu Titans",8,/static-assets/images/teams/small/8.png?v=6.08,9,21
1566214285-117,https://www.prokabaddi.com/stats/49-135-do-or-die-raid-points-statistics,"Bengal Warriors",10,/static-assets/images/teams/small/4.png?v=6.08,8,20
1566214285-118,https://www.prokabaddi.com/stats/49-135-do-or-die-raid-points-statistics,"Dabang Delhi K.C.",11,/static-assets/images/teams/small/2.png?v=6.08,7,16
1566214274-65,https://www.prokabaddi.com/stats/49-96-total-points-scored-statistics,"Haryana Steelers",6,/static-assets/images/teams/small/28.png?v=6.08,8,237
1566214285-119,https://www.prokabaddi.com/stats/49-135-do-or-die-raid-points-statistics,"Bengaluru Bulls",12,/static-assets/images/teams/small/1.png?v=6.08,8,15
1566214274-66,https://www.prokabaddi.com/stats/49-96-total-points-scored-statistics,"U Mumba",7,/static-assets/images/teams/small/5.png?v=6.08,8,232
1566214274-67,https://www.prokabaddi.com/stats/49-96-total-points-scored-statistics,"Puneri Paltan",8,/static-assets/images/teams/small/7.png?v=6.08,8,230
1566214274-68,https://www.prokabaddi.com/stats/49-96-total-points-scored-statistics,"Patna Pirates",9,/static-assets/images/teams/small/6.png?v=6.08,8,228
1566214288-120,https://www.prokabaddi.com/stats/49-20-super-tackles-statistics,"Bengaluru Bulls",1,/static-assets/images/teams/small/1.png?v=6.08,8,16
1566214288-129,https://www.prokabaddi.com/stats/49-20-super-tackles-statistics,"U.P. Yoddha",7,/static-assets/images/teams/small/30.png?v=6.08,8,6
1566214288-130,https://www.prokabaddi.com/stats/49-20-super-tackles-statistics,"Haryana Steelers",11,/static-assets/images/teams/small/28.png?v=6.08,8,4
1566214288-131,https://www.prokabaddi.com/stats/49-20-super-tackles-statistics,"Jaipur Pink Panthers",12,/static-assets/images/teams/small/3.png?v=6.08,7,2
1566214291-132,https://www.prokabaddi.com/stats/49-13-successful-raids-statistics,"Bengaluru Bulls",1,/static-assets/images/teams/small/1.png?v=6.08,8,127
1566214291-133,https://www.prokabaddi.com/stats/49-13-successful-raids-statistics,"Bengal Warriors",2,/static-assets/images/teams/small/4.png?v=6.08,8,123
1566214291-134,https://www.prokabaddi.com/stats/49-13-successful-raids-statistics,"Telugu Titans",3,/static-assets/images/teams/small/8.png?v=6.08,9,122
1566214291-135,https://www.prokabaddi.com/stats/49-13-successful-raids-statistics,"Gujarat Fortunegiants",4,/static-assets/images/teams/small/31.png?v=6.08,9,114
1566214291-136,https://www.prokabaddi.com/stats/49-13-successful-raids-statistics,"Dabang Delhi K.C.",5,/static-assets/images/teams/small/2.png?v=6.08,7,113
1566214291-137,https://www.prokabaddi.com/stats/49-13-successful-raids-statistics,"Haryana Steelers",6,/static-assets/images/teams/small/28.png?v=6.08,8,111
1566214291-138,https://www.prokabaddi.com/stats/49-13-successful-raids-statistics,"Puneri Paltan",7,/static-assets/images/teams/small/7.png?v=6.08,8,106
1566214288-121,https://www.prokabaddi.com/stats/49-20-super-tackles-statistics,"Puneri Paltan",2,/static-assets/images/teams/small/7.png?v=6.08,8,12
1566214291-139,https://www.prokabaddi.com/stats/49-13-successful-raids-statistics,"Patna Pirates",8,/static-assets/images/teams/small/6.png?v=6.08,8,101
1566214291-140,https://www.prokabaddi.com/stats/49-13-successful-raids-statistics,"Tamil Thalaivas",9,/static-assets/images/teams/small/29.png?v=6.08,8,98
1566214291-141,https://www.prokabaddi.com/stats/49-13-successful-raids-statistics,"U Mumba",10,/static-assets/images/teams/small/5.png?v=6.08,8,94
1566214291-142,https://www.prokabaddi.com/stats/49-13-successful-raids-statistics,"Jaipur Pink Panthers",11,/static-assets/images/teams/small/3.png?v=6.08,7,90
1566214291-143,https://www.prokabaddi.com/stats/49-13-successful-raids-statistics,"U.P. Yoddha",12,/static-assets/images/teams/small/30.png?v=6.08,8,81
1566214294-144,https://www.prokabaddi.com/stats/49-98-avg-raid-points-statistics,"Bengaluru Bulls",1,/static-assets/images/teams/small/1.png?v=6.08,8,19.38
1566214294-145,https://www.prokabaddi.com/stats/49-98-avg-raid-points-statistics,"Bengal Warriors",2,/static-assets/images/teams/small/4.png?v=6.08,8,19.13
1566214294-146,https://www.prokabaddi.com/stats/49-98-avg-raid-points-statistics,"Dabang Delhi K.C.",3,/static-assets/images/teams/small/2.png?v=6.08,7,18.43
1566214294-147,https://www.prokabaddi.com/stats/49-98-avg-raid-points-statistics,"Haryana Steelers",4,/static-assets/images/teams/small/28.png?v=6.08,8,17.13
1566214294-148,https://www.prokabaddi.com/stats/49-98-avg-raid-points-statistics,"Puneri Paltan",5,/static-assets/images/teams/small/7.png?v=6.08,8,15.88
1566214288-122,https://www.prokabaddi.com/stats/49-20-super-tackles-statistics,"Patna Pirates",3,/static-assets/images/teams/small/6.png?v=6.08,8,11
1566214294-149,https://www.prokabaddi.com/stats/49-98-avg-raid-points-statistics,"U Mumba",6,/static-assets/images/teams/small/5.png?v=6.08,8,15.75
1566214294-150,https://www.prokabaddi.com/stats/49-98-avg-raid-points-statistics,"Jaipur Pink Panthers",7,/static-assets/images/teams/small/3.png?v=6.08,7,15.71
1566214294-151,https://www.prokabaddi.com/stats/49-98-avg-raid-points-statistics,"Telugu Titans",8,/static-assets/images/teams/small/8.png?v=6.08,9,15.56
1566214294-152,https://www.prokabaddi.com/stats/49-98-avg-raid-points-statistics,"Gujarat Fortunegiants",8,/static-assets/images/teams/small/31.png?v=6.08,9,15.56
1566214294-153,https://www.prokabaddi.com/stats/49-98-avg-raid-points-statistics,"Tamil Thalaivas",10,/static-assets/images/teams/small/29.png?v=6.08,8,15.25
1566214294-154,https://www.prokabaddi.com/stats/49-98-avg-raid-points-statistics,"Patna Pirates",11,/static-assets/images/teams/small/6.png?v=6.08,8,14
1566214294-155,https://www.prokabaddi.com/stats/49-98-avg-raid-points-statistics,"U.P. Yoddha",12,/static-assets/images/teams/small/30.png?v=6.08,8,12.63
1566214288-123,https://www.prokabaddi.com/stats/49-20-super-tackles-statistics,"U Mumba",4,/static-assets/images/teams/small/5.png?v=6.08,8,10
1566214288-124,https://www.prokabaddi.com/stats/49-20-super-tackles-statistics,"Gujarat Fortunegiants",5,/static-assets/images/teams/small/31.png?v=6.08,9,9
1566214288-125,https://www.prokabaddi.com/stats/49-20-super-tackles-statistics,"Bengal Warriors",6,/static-assets/images/teams/small/4.png?v=6.08,8,7
1566214288-126,https://www.prokabaddi.com/stats/49-20-super-tackles-statistics,"Dabang Delhi K.C.",7,/static-assets/images/teams/small/2.png?v=6.08,7,6
1566214288-127,https://www.prokabaddi.com/stats/49-20-super-tackles-statistics,"Telugu Titans",7,/static-assets/images/teams/small/8.png?v=6.08,9,6
1566214288-128,https://www.prokabaddi.com/stats/49-20-super-tackles-statistics,"Tamil Thalaivas",7,/static-assets/images/teams/small/29.png?v=6.08,8,6
