﻿web-scraper-order,web-scraper-start-url,name,team,type,points,credits,announced
1567604864-1,https://www.dream11.com/kabaddi/create-team/1092/15137,"S K Dhull",JAI,DEF,263,15,Announced
1567604864-10,https://www.dream11.com/kabaddi/create-team/1092/15137,A.Elavarasan,JAI,DEF,0,11.5,Announced
1567604864-11,https://www.dream11.com/kabaddi/create-team/1092/15137,Pavan-T-R,JAI,DEF,51,11,Announced
1567604864-12,https://www.dream11.com/kabaddi/create-team/1092/15137,"P Patil",DEL,DEF,0,10.5,
1567604864-13,https://www.dream11.com/kabaddi/create-team/1092/15137,Mohit-I,DEL,DEF,0,10,
1567604864-14,https://www.dream11.com/kabaddi/create-team/1092/15137,Karamvir,JAI,DEF,0,10,
1567604864-15,https://www.dream11.com/kabaddi/create-team/1092/15137,Satywan,DEL,DEF,7,9.5,
1567604864-16,https://www.dream11.com/kabaddi/create-team/1092/15137,"D N Hooda",JAI,ALL,334,15.5,Announced
1567604864-17,https://www.dream11.com/kabaddi/create-team/1092/15137,"M Sheykh",DEL,ALL,82,14,Announced
1567604864-18,https://www.dream11.com/kabaddi/create-team/1092/15137,"N Rawal",JAI,ALL,148,13.5,Announced
1567604864-19,https://www.dream11.com/kabaddi/create-team/1092/15137,Vishal,JAI,ALL,175,13.5,
1567604864-2,https://www.dream11.com/kabaddi/create-team/1092/15137,"J Narwal",DEL,DEF,234,14.5,Announced
1567604864-20,https://www.dream11.com/kabaddi/create-team/1092/15137,Vijay,DEL,ALL,98,13,
1567604864-21,https://www.dream11.com/kabaddi/create-team/1092/15137,Santhapanaselvam,JAI,ALL,32,13,Announced
1567604864-22,https://www.dream11.com/kabaddi/create-team/1092/15137,"S Narwal",JAI,ALL,37,12.5,
1567604864-23,https://www.dream11.com/kabaddi/create-team/1092/15137,"D Kim",JAI,ALL,0,10.5,
1567604864-24,https://www.dream11.com/kabaddi/create-team/1092/15137,Balram,DEL,ALL,10,9.5,
1567604864-25,https://www.dream11.com/kabaddi/create-team/1092/15137,Naveen-Kumar,DEL,RAI,532,16.5,Announced
1567604864-26,https://www.dream11.com/kabaddi/create-team/1092/15137,"D Narwal",JAI,RAI,157,14.5,Announced
1567604864-27,https://www.dream11.com/kabaddi/create-team/1092/15137,"C Ranjit",DEL,RAI,260,14,Announced
1567604864-28,https://www.dream11.com/kabaddi/create-team/1092/15137,"N Salunke",JAI,RAI,68,13.5,
1567604864-29,https://www.dream11.com/kabaddi/create-team/1092/15137,"A Pawar",JAI,RAI,61,12.5,
1567604864-3,https://www.dream11.com/kabaddi/create-team/1092/15137,"R Pahal",DEL,DEF,251,14.5,Announced
1567604864-30,https://www.dream11.com/kabaddi/create-team/1092/15137,"S Gulia",JAI,RAI,15,12,
1567604864-31,https://www.dream11.com/kabaddi/create-team/1092/15137,"L Kaushik",JAI,RAI,0,12,
1567604864-32,https://www.dream11.com/kabaddi/create-team/1092/15137,"S Kumar",DEL,RAI,0,11.5,
1567604864-33,https://www.dream11.com/kabaddi/create-team/1092/15137,"M Chathuranga",JAI,RAI,1,11.5,
1567604864-34,https://www.dream11.com/kabaddi/create-team/1092/15137,"G Singh",JAI,RAI,2,11.5,
1567604864-35,https://www.dream11.com/kabaddi/create-team/1092/15137,"N Narwal",DEL,RAI,1,11,
1567604864-36,https://www.dream11.com/kabaddi/create-team/1092/15137,"A Kadian",DEL,RAI,6,10.5,
1567604864-4,https://www.dream11.com/kabaddi/create-team/1092/15137,"A Hooda",JAI,DEF,182,14.5,
1567604864-5,https://www.dream11.com/kabaddi/create-team/1092/15137,"V Mane",DEL,DEF,158,14,Announced
1567604864-6,https://www.dream11.com/kabaddi/create-team/1092/15137,Sombir,DEL,DEF,12,13,
1567604864-7,https://www.dream11.com/kabaddi/create-team/1092/15137,Anil-Kumar-I,DEL,DEF,62,13,Announced
1567604864-8,https://www.dream11.com/kabaddi/create-team/1092/15137,"S Siddhgavali",JAI,DEF,97,13,
1567604864-9,https://www.dream11.com/kabaddi/create-team/1092/15137,"S Ghaffari",DEL,DEF,94,12.5,
