﻿web-scraper-order,web-scraper-start-url,name,rank,team_id,matches,points
1565955088-1,https://www.prokabaddi.com/stats/49-97-raid-points-statistics,"Bengaluru Bulls",1,/static-assets/images/teams/small/1.png?v=6.08,7,140
1565955088-10,https://www.prokabaddi.com/stats/49-97-raid-points-statistics,"U.P. Yoddha",9,/static-assets/images/teams/small/30.png?v=6.08,8,101
1565955088-11,https://www.prokabaddi.com/stats/49-97-raid-points-statistics,"Patna Pirates",11,/static-assets/images/teams/small/6.png?v=6.08,7,95
1565955088-12,https://www.prokabaddi.com/stats/49-97-raid-points-statistics,"Tamil Thalaivas",12,/static-assets/images/teams/small/29.png?v=6.08,6,89
1565955098-13,https://www.prokabaddi.com/stats/49-134-super-raid-statistics,"Bengal Warriors",1,/static-assets/images/teams/small/4.png?v=6.08,7,5
1565955098-14,https://www.prokabaddi.com/stats/49-134-super-raid-statistics,"Bengaluru Bulls",2,/static-assets/images/teams/small/1.png?v=6.08,7,3
1565955098-15,https://www.prokabaddi.com/stats/49-134-super-raid-statistics,"Dabang Delhi K.C.",3,/static-assets/images/teams/small/2.png?v=6.08,6,2
1565955098-16,https://www.prokabaddi.com/stats/49-134-super-raid-statistics,"U Mumba",3,/static-assets/images/teams/small/5.png?v=6.08,7,2
1565955098-17,https://www.prokabaddi.com/stats/49-134-super-raid-statistics,"Patna Pirates",3,/static-assets/images/teams/small/6.png?v=6.08,7,2
1565955098-18,https://www.prokabaddi.com/stats/49-134-super-raid-statistics,"Telugu Titans",3,/static-assets/images/teams/small/8.png?v=6.08,8,2
1565955098-19,https://www.prokabaddi.com/stats/49-134-super-raid-statistics,"Haryana Steelers",3,/static-assets/images/teams/small/28.png?v=6.08,7,2
1565955088-2,https://www.prokabaddi.com/stats/49-97-raid-points-statistics,"Bengal Warriors",2,/static-assets/images/teams/small/4.png?v=6.08,7,134
1565955098-20,https://www.prokabaddi.com/stats/49-134-super-raid-statistics,"Tamil Thalaivas",3,/static-assets/images/teams/small/29.png?v=6.08,6,2
1565955098-21,https://www.prokabaddi.com/stats/49-134-super-raid-statistics,"Gujarat Fortunegiants",3,/static-assets/images/teams/small/31.png?v=6.08,8,2
1565955098-22,https://www.prokabaddi.com/stats/49-134-super-raid-statistics,"Puneri Paltan",10,/static-assets/images/teams/small/7.png?v=6.08,7,1
1565955098-23,https://www.prokabaddi.com/stats/49-134-super-raid-statistics,"Jaipur Pink Panthers",10,/static-assets/images/teams/small/3.png?v=6.08,6,1
1565955105-24,https://www.prokabaddi.com/stats/49-15-successful-tackles-statistics,"Gujarat Fortunegiants",1,/static-assets/images/teams/small/31.png?v=6.08,8,76
1565955105-25,https://www.prokabaddi.com/stats/49-15-successful-tackles-statistics,"Telugu Titans",2,/static-assets/images/teams/small/8.png?v=6.08,8,73
1565955105-26,https://www.prokabaddi.com/stats/49-15-successful-tackles-statistics,"U.P. Yoddha",3,/static-assets/images/teams/small/30.png?v=6.08,8,72
1565955105-27,https://www.prokabaddi.com/stats/49-15-successful-tackles-statistics,"Haryana Steelers",4,/static-assets/images/teams/small/28.png?v=6.08,7,69
1565955105-28,https://www.prokabaddi.com/stats/49-15-successful-tackles-statistics,"Patna Pirates",5,/static-assets/images/teams/small/6.png?v=6.08,7,67
1565955105-29,https://www.prokabaddi.com/stats/49-15-successful-tackles-statistics,"Jaipur Pink Panthers",6,/static-assets/images/teams/small/3.png?v=6.08,6,66
1565955088-3,https://www.prokabaddi.com/stats/49-97-raid-points-statistics,"Gujarat Fortunegiants",3,/static-assets/images/teams/small/31.png?v=6.08,8,132
1565955105-30,https://www.prokabaddi.com/stats/49-15-successful-tackles-statistics,"Bengal Warriors",6,/static-assets/images/teams/small/4.png?v=6.08,7,66
1565955105-31,https://www.prokabaddi.com/stats/49-15-successful-tackles-statistics,"Tamil Thalaivas",8,/static-assets/images/teams/small/29.png?v=6.08,6,65
1565955105-32,https://www.prokabaddi.com/stats/49-15-successful-tackles-statistics,"Puneri Paltan",9,/static-assets/images/teams/small/7.png?v=6.08,7,64
1565955105-33,https://www.prokabaddi.com/stats/49-15-successful-tackles-statistics,"Bengaluru Bulls",10,/static-assets/images/teams/small/1.png?v=6.08,7,60
1565955105-34,https://www.prokabaddi.com/stats/49-15-successful-tackles-statistics,"U Mumba",11,/static-assets/images/teams/small/5.png?v=6.08,7,57
1565955105-35,https://www.prokabaddi.com/stats/49-15-successful-tackles-statistics,"Dabang Delhi K.C.",12,/static-assets/images/teams/small/2.png?v=6.08,6,47
1565955111-36,https://www.prokabaddi.com/stats/49-99-avg-tackle-points-statistics,"Tamil Thalaivas",1,/static-assets/images/teams/small/29.png?v=6.08,6,11.5
1565955111-37,https://www.prokabaddi.com/stats/49-99-avg-tackle-points-statistics,"Jaipur Pink Panthers",2,/static-assets/images/teams/small/3.png?v=6.08,6,11.33
1565955111-38,https://www.prokabaddi.com/stats/49-99-avg-tackle-points-statistics,"Patna Pirates",3,/static-assets/images/teams/small/6.png?v=6.08,7,11
1565955111-39,https://www.prokabaddi.com/stats/49-99-avg-tackle-points-statistics,"Puneri Paltan",4,/static-assets/images/teams/small/7.png?v=6.08,7,10.71
1565955088-4,https://www.prokabaddi.com/stats/49-97-raid-points-statistics,"Telugu Titans",4,/static-assets/images/teams/small/8.png?v=6.08,8,116
1565955111-40,https://www.prokabaddi.com/stats/49-99-avg-tackle-points-statistics,"Gujarat Fortunegiants",5,/static-assets/images/teams/small/31.png?v=6.08,8,10.63
1565955111-41,https://www.prokabaddi.com/stats/49-99-avg-tackle-points-statistics,"Bengaluru Bulls",6,/static-assets/images/teams/small/1.png?v=6.08,7,10.57
1565955111-42,https://www.prokabaddi.com/stats/49-99-avg-tackle-points-statistics,"Haryana Steelers",7,/static-assets/images/teams/small/28.png?v=6.08,7,10.43
1565955111-43,https://www.prokabaddi.com/stats/49-99-avg-tackle-points-statistics,"Bengal Warriors",8,/static-assets/images/teams/small/4.png?v=6.08,7,10.14
1565955111-44,https://www.prokabaddi.com/stats/49-99-avg-tackle-points-statistics,"Telugu Titans",9,/static-assets/images/teams/small/8.png?v=6.08,8,9.75
1565955111-45,https://www.prokabaddi.com/stats/49-99-avg-tackle-points-statistics,"U.P. Yoddha",10,/static-assets/images/teams/small/30.png?v=6.08,8,9.63
1565955111-46,https://www.prokabaddi.com/stats/49-99-avg-tackle-points-statistics,"U Mumba",11,/static-assets/images/teams/small/5.png?v=6.08,7,9.14
1565955111-47,https://www.prokabaddi.com/stats/49-99-avg-tackle-points-statistics,"Dabang Delhi K.C.",12,/static-assets/images/teams/small/2.png?v=6.08,6,8.5
1565955088-5,https://www.prokabaddi.com/stats/49-97-raid-points-statistics,"Haryana Steelers",5,/static-assets/images/teams/small/28.png?v=6.08,7,115
1565955088-6,https://www.prokabaddi.com/stats/49-97-raid-points-statistics,"Puneri Paltan",6,/static-assets/images/teams/small/7.png?v=6.08,7,111
1565955088-7,https://www.prokabaddi.com/stats/49-97-raid-points-statistics,"Dabang Delhi K.C.",6,/static-assets/images/teams/small/2.png?v=6.08,6,111
1565955088-8,https://www.prokabaddi.com/stats/49-97-raid-points-statistics,"U Mumba",8,/static-assets/images/teams/small/5.png?v=6.08,7,102
1565955088-9,https://www.prokabaddi.com/stats/49-97-raid-points-statistics,"Jaipur Pink Panthers",9,/static-assets/images/teams/small/3.png?v=6.08,6,101
1565955116-48,https://www.prokabaddi.com/stats/49-133-total-points-conceded-statistics,"U.P. Yoddha",1,/static-assets/images/teams/small/30.png?v=6.08,8,273
1565955116-57,https://www.prokabaddi.com/stats/49-133-total-points-conceded-statistics,"Dabang Delhi K.C.",10,/static-assets/images/teams/small/2.png?v=6.08,6,168
1565955116-58,https://www.prokabaddi.com/stats/49-133-total-points-conceded-statistics,"Tamil Thalaivas",11,/static-assets/images/teams/small/29.png?v=6.08,6,164
1565955116-59,https://www.prokabaddi.com/stats/49-133-total-points-conceded-statistics,"Jaipur Pink Panthers",12,/static-assets/images/teams/small/3.png?v=6.08,6,150
1565955127-60,https://www.prokabaddi.com/stats/49-95-tackle-points-statistics,"Gujarat Fortunegiants",1,/static-assets/images/teams/small/31.png?v=6.08,8,85
1565955127-61,https://www.prokabaddi.com/stats/49-95-tackle-points-statistics,"Telugu Titans",2,/static-assets/images/teams/small/8.png?v=6.08,8,78
1565955127-62,https://www.prokabaddi.com/stats/49-95-tackle-points-statistics,"Patna Pirates",3,/static-assets/images/teams/small/6.png?v=6.08,7,77
1565955127-63,https://www.prokabaddi.com/stats/49-95-tackle-points-statistics,"U.P. Yoddha",3,/static-assets/images/teams/small/30.png?v=6.08,8,77
1565955127-64,https://www.prokabaddi.com/stats/49-95-tackle-points-statistics,"Puneri Paltan",5,/static-assets/images/teams/small/7.png?v=6.08,7,75
1565955127-65,https://www.prokabaddi.com/stats/49-95-tackle-points-statistics,"Bengaluru Bulls",6,/static-assets/images/teams/small/1.png?v=6.08,7,74
1565955127-66,https://www.prokabaddi.com/stats/49-95-tackle-points-statistics,"Haryana Steelers",7,/static-assets/images/teams/small/28.png?v=6.08,7,73
1565955116-49,https://www.prokabaddi.com/stats/49-133-total-points-conceded-statistics,"Telugu Titans",2,/static-assets/images/teams/small/8.png?v=6.08,8,258
1565955127-67,https://www.prokabaddi.com/stats/49-95-tackle-points-statistics,"Bengal Warriors",8,/static-assets/images/teams/small/4.png?v=6.08,7,71
1565955127-68,https://www.prokabaddi.com/stats/49-95-tackle-points-statistics,"Tamil Thalaivas",9,/static-assets/images/teams/small/29.png?v=6.08,6,69
1565955127-69,https://www.prokabaddi.com/stats/49-95-tackle-points-statistics,"Jaipur Pink Panthers",10,/static-assets/images/teams/small/3.png?v=6.08,6,68
1565955127-70,https://www.prokabaddi.com/stats/49-95-tackle-points-statistics,"U Mumba",11,/static-assets/images/teams/small/5.png?v=6.08,7,64
1565955127-71,https://www.prokabaddi.com/stats/49-95-tackle-points-statistics,"Dabang Delhi K.C.",12,/static-assets/images/teams/small/2.png?v=6.08,6,51
1565955137-72,https://www.prokabaddi.com/stats/49-136-all-outs-inflicted-statistics,"Bengal Warriors",1,/static-assets/images/teams/small/4.png?v=6.08,7,13
1565955137-73,https://www.prokabaddi.com/stats/49-136-all-outs-inflicted-statistics,"Jaipur Pink Panthers",2,/static-assets/images/teams/small/3.png?v=6.08,6,10
1565955137-74,https://www.prokabaddi.com/stats/49-136-all-outs-inflicted-statistics,"Gujarat Fortunegiants",3,/static-assets/images/teams/small/31.png?v=6.08,8,9
1565955137-75,https://www.prokabaddi.com/stats/49-136-all-outs-inflicted-statistics,"U Mumba",3,/static-assets/images/teams/small/5.png?v=6.08,7,9
1565955137-76,https://www.prokabaddi.com/stats/49-136-all-outs-inflicted-statistics,"Patna Pirates",5,/static-assets/images/teams/small/6.png?v=6.08,7,8
1565955116-50,https://www.prokabaddi.com/stats/49-133-total-points-conceded-statistics,"Bengaluru Bulls",3,/static-assets/images/teams/small/1.png?v=6.08,7,236
1565955137-77,https://www.prokabaddi.com/stats/49-136-all-outs-inflicted-statistics,"Dabang Delhi K.C.",5,/static-assets/images/teams/small/2.png?v=6.08,6,8
1565955137-78,https://www.prokabaddi.com/stats/49-136-all-outs-inflicted-statistics,"Haryana Steelers",5,/static-assets/images/teams/small/28.png?v=6.08,7,8
1565955137-79,https://www.prokabaddi.com/stats/49-136-all-outs-inflicted-statistics,"Tamil Thalaivas",5,/static-assets/images/teams/small/29.png?v=6.08,6,8
1565955137-80,https://www.prokabaddi.com/stats/49-136-all-outs-inflicted-statistics,"Bengaluru Bulls",9,/static-assets/images/teams/small/1.png?v=6.08,7,7
1565955137-81,https://www.prokabaddi.com/stats/49-136-all-outs-inflicted-statistics,"U.P. Yoddha",10,/static-assets/images/teams/small/30.png?v=6.08,8,5
1565955137-82,https://www.prokabaddi.com/stats/49-136-all-outs-inflicted-statistics,"Puneri Paltan",11,/static-assets/images/teams/small/7.png?v=6.08,7,3
1565955137-83,https://www.prokabaddi.com/stats/49-136-all-outs-inflicted-statistics,"Telugu Titans",12,/static-assets/images/teams/small/8.png?v=6.08,8,2
1565955147-84,https://www.prokabaddi.com/stats/49-140-avg-points-scored-statistics,"Bengaluru Bulls",1,/static-assets/images/teams/small/1.png?v=6.08,7,30.57
1565955147-85,https://www.prokabaddi.com/stats/49-140-avg-points-scored-statistics,"Bengal Warriors",2,/static-assets/images/teams/small/4.png?v=6.08,7,29.28
1565955147-86,https://www.prokabaddi.com/stats/49-140-avg-points-scored-statistics,"Jaipur Pink Panthers",3,/static-assets/images/teams/small/3.png?v=6.08,6,28.16
1565955116-51,https://www.prokabaddi.com/stats/49-133-total-points-conceded-statistics,"Haryana Steelers",4,/static-assets/images/teams/small/28.png?v=6.08,7,226
1565955147-87,https://www.prokabaddi.com/stats/49-140-avg-points-scored-statistics,"Gujarat Fortunegiants",4,/static-assets/images/teams/small/31.png?v=6.08,8,27.12
1565955147-88,https://www.prokabaddi.com/stats/49-140-avg-points-scored-statistics,"Dabang Delhi K.C.",5,/static-assets/images/teams/small/2.png?v=6.08,6,27
1565955147-89,https://www.prokabaddi.com/stats/49-140-avg-points-scored-statistics,"Haryana Steelers",6,/static-assets/images/teams/small/28.png?v=6.08,7,26.85
1565955147-90,https://www.prokabaddi.com/stats/49-140-avg-points-scored-statistics,"Puneri Paltan",7,/static-assets/images/teams/small/7.png?v=6.08,7,26.57
1565955147-91,https://www.prokabaddi.com/stats/49-140-avg-points-scored-statistics,"Tamil Thalaivas",8,/static-assets/images/teams/small/29.png?v=6.08,6,26.33
1565955147-92,https://www.prokabaddi.com/stats/49-140-avg-points-scored-statistics,"Patna Pirates",9,/static-assets/images/teams/small/6.png?v=6.08,7,24.57
1565955147-93,https://www.prokabaddi.com/stats/49-140-avg-points-scored-statistics,"Telugu Titans",10,/static-assets/images/teams/small/8.png?v=6.08,8,24.25
1565955147-94,https://www.prokabaddi.com/stats/49-140-avg-points-scored-statistics,"U Mumba",11,/static-assets/images/teams/small/5.png?v=6.08,7,23.71
1565955147-95,https://www.prokabaddi.com/stats/49-140-avg-points-scored-statistics,"U.P. Yoddha",12,/static-assets/images/teams/small/30.png?v=6.08,8,22.25
1565955116-52,https://www.prokabaddi.com/stats/49-133-total-points-conceded-statistics,"Puneri Paltan",4,/static-assets/images/teams/small/7.png?v=6.08,7,226
1565955116-53,https://www.prokabaddi.com/stats/49-133-total-points-conceded-statistics,"Gujarat Fortunegiants",4,/static-assets/images/teams/small/31.png?v=6.08,8,226
1565955116-54,https://www.prokabaddi.com/stats/49-133-total-points-conceded-statistics,"Patna Pirates",7,/static-assets/images/teams/small/6.png?v=6.08,7,209
1565955116-55,https://www.prokabaddi.com/stats/49-133-total-points-conceded-statistics,"U Mumba",8,/static-assets/images/teams/small/5.png?v=6.08,7,199
1565955116-56,https://www.prokabaddi.com/stats/49-133-total-points-conceded-statistics,"Bengal Warriors",9,/static-assets/images/teams/small/4.png?v=6.08,7,195
1565955162-96,https://www.prokabaddi.com/stats/49-13-successful-raids-statistics,"Bengaluru Bulls",1,/static-assets/images/teams/small/1.png?v=6.08,7,111
1565955162-105,https://www.prokabaddi.com/stats/49-13-successful-raids-statistics,"U.P. Yoddha",10,/static-assets/images/teams/small/30.png?v=6.08,8,81
1565955162-106,https://www.prokabaddi.com/stats/49-13-successful-raids-statistics,"U Mumba",11,/static-assets/images/teams/small/5.png?v=6.08,7,78
1565955162-107,https://www.prokabaddi.com/stats/49-13-successful-raids-statistics,"Tamil Thalaivas",12,/static-assets/images/teams/small/29.png?v=6.08,6,72
1565955168-108,https://www.prokabaddi.com/stats/49-98-avg-raid-points-statistics,"Bengaluru Bulls",1,/static-assets/images/teams/small/1.png?v=6.08,7,20
1565955168-109,https://www.prokabaddi.com/stats/49-98-avg-raid-points-statistics,"Bengal Warriors",2,/static-assets/images/teams/small/4.png?v=6.08,7,19.14
1565955168-110,https://www.prokabaddi.com/stats/49-98-avg-raid-points-statistics,"Dabang Delhi K.C.",3,/static-assets/images/teams/small/2.png?v=6.08,6,18.5
1565955168-111,https://www.prokabaddi.com/stats/49-98-avg-raid-points-statistics,"Jaipur Pink Panthers",4,/static-assets/images/teams/small/3.png?v=6.08,6,16.83
1565955168-112,https://www.prokabaddi.com/stats/49-98-avg-raid-points-statistics,"Gujarat Fortunegiants",5,/static-assets/images/teams/small/31.png?v=6.08,8,16.5
1565955168-113,https://www.prokabaddi.com/stats/49-98-avg-raid-points-statistics,"Haryana Steelers",6,/static-assets/images/teams/small/28.png?v=6.08,7,16.43
1565955168-114,https://www.prokabaddi.com/stats/49-98-avg-raid-points-statistics,"Puneri Paltan",7,/static-assets/images/teams/small/7.png?v=6.08,7,15.86
1565955162-97,https://www.prokabaddi.com/stats/49-13-successful-raids-statistics,"Bengal Warriors",2,/static-assets/images/teams/small/4.png?v=6.08,7,109
1565955168-115,https://www.prokabaddi.com/stats/49-98-avg-raid-points-statistics,"Tamil Thalaivas",8,/static-assets/images/teams/small/29.png?v=6.08,6,14.83
1565955168-116,https://www.prokabaddi.com/stats/49-98-avg-raid-points-statistics,"U Mumba",9,/static-assets/images/teams/small/5.png?v=6.08,7,14.57
1565955168-117,https://www.prokabaddi.com/stats/49-98-avg-raid-points-statistics,"Telugu Titans",10,/static-assets/images/teams/small/8.png?v=6.08,8,14.5
1565955168-118,https://www.prokabaddi.com/stats/49-98-avg-raid-points-statistics,"Patna Pirates",11,/static-assets/images/teams/small/6.png?v=6.08,7,13.57
1565955168-119,https://www.prokabaddi.com/stats/49-98-avg-raid-points-statistics,"U.P. Yoddha",12,/static-assets/images/teams/small/30.png?v=6.08,8,12.63
1565955177-120,https://www.prokabaddi.com/stats/49-135-do-or-die-raid-points-statistics,"U Mumba",1,/static-assets/images/teams/small/5.png?v=6.08,7,27
1565955177-121,https://www.prokabaddi.com/stats/49-135-do-or-die-raid-points-statistics,"Jaipur Pink Panthers",2,/static-assets/images/teams/small/3.png?v=6.08,6,26
1565955177-122,https://www.prokabaddi.com/stats/49-135-do-or-die-raid-points-statistics,"Puneri Paltan",3,/static-assets/images/teams/small/7.png?v=6.08,7,25
1565955177-123,https://www.prokabaddi.com/stats/49-135-do-or-die-raid-points-statistics,"Gujarat Fortunegiants",3,/static-assets/images/teams/small/31.png?v=6.08,8,25
1565955177-124,https://www.prokabaddi.com/stats/49-135-do-or-die-raid-points-statistics,"Haryana Steelers",5,/static-assets/images/teams/small/28.png?v=6.08,7,24
1565955162-98,https://www.prokabaddi.com/stats/49-13-successful-raids-statistics,"Gujarat Fortunegiants",3,/static-assets/images/teams/small/31.png?v=6.08,8,108
1565955177-125,https://www.prokabaddi.com/stats/49-135-do-or-die-raid-points-statistics,"Patna Pirates",6,/static-assets/images/teams/small/6.png?v=6.08,7,22
1565955177-126,https://www.prokabaddi.com/stats/49-135-do-or-die-raid-points-statistics,"Tamil Thalaivas",7,/static-assets/images/teams/small/29.png?v=6.08,6,21
1565955177-127,https://www.prokabaddi.com/stats/49-135-do-or-die-raid-points-statistics,"U.P. Yoddha",7,/static-assets/images/teams/small/30.png?v=6.08,8,21
1565955177-128,https://www.prokabaddi.com/stats/49-135-do-or-die-raid-points-statistics,"Bengal Warriors",9,/static-assets/images/teams/small/4.png?v=6.08,7,18
1565955177-129,https://www.prokabaddi.com/stats/49-135-do-or-die-raid-points-statistics,"Telugu Titans",10,/static-assets/images/teams/small/8.png?v=6.08,8,15
1565955177-130,https://www.prokabaddi.com/stats/49-135-do-or-die-raid-points-statistics,"Dabang Delhi K.C.",11,/static-assets/images/teams/small/2.png?v=6.08,6,13
1565955177-131,https://www.prokabaddi.com/stats/49-135-do-or-die-raid-points-statistics,"Bengaluru Bulls",12,/static-assets/images/teams/small/1.png?v=6.08,7,12
1565955162-99,https://www.prokabaddi.com/stats/49-13-successful-raids-statistics,"Telugu Titans",4,/static-assets/images/teams/small/8.png?v=6.08,8,101
1565955162-100,https://www.prokabaddi.com/stats/49-13-successful-raids-statistics,"Dabang Delhi K.C.",5,/static-assets/images/teams/small/2.png?v=6.08,6,97
1565955162-101,https://www.prokabaddi.com/stats/49-13-successful-raids-statistics,"Haryana Steelers",6,/static-assets/images/teams/small/28.png?v=6.08,7,91
1565955162-102,https://www.prokabaddi.com/stats/49-13-successful-raids-statistics,"Puneri Paltan",6,/static-assets/images/teams/small/7.png?v=6.08,7,91
1565955162-103,https://www.prokabaddi.com/stats/49-13-successful-raids-statistics,"Patna Pirates",8,/static-assets/images/teams/small/6.png?v=6.08,7,85
1565955162-104,https://www.prokabaddi.com/stats/49-13-successful-raids-statistics,"Jaipur Pink Panthers",9,/static-assets/images/teams/small/3.png?v=6.08,6,83
1565955189-132,https://www.prokabaddi.com/stats/49-96-total-points-scored-statistics,"Bengal Warriors",1,/static-assets/images/teams/small/4.png?v=6.08,7,247
1565955189-141,https://www.prokabaddi.com/stats/49-96-total-points-scored-statistics,"Patna Pirates",8,/static-assets/images/teams/small/6.png?v=6.08,7,198
1565955189-142,https://www.prokabaddi.com/stats/49-96-total-points-scored-statistics,"Jaipur Pink Panthers",11,/static-assets/images/teams/small/3.png?v=6.08,6,197
1565955189-143,https://www.prokabaddi.com/stats/49-96-total-points-scored-statistics,"Tamil Thalaivas",12,/static-assets/images/teams/small/29.png?v=6.08,6,188
1565955189-133,https://www.prokabaddi.com/stats/49-96-total-points-scored-statistics,"Gujarat Fortunegiants",2,/static-assets/images/teams/small/31.png?v=6.08,8,246
1565955189-134,https://www.prokabaddi.com/stats/49-96-total-points-scored-statistics,"Bengaluru Bulls",3,/static-assets/images/teams/small/1.png?v=6.08,7,241
1565955189-135,https://www.prokabaddi.com/stats/49-96-total-points-scored-statistics,"Telugu Titans",4,/static-assets/images/teams/small/8.png?v=6.08,8,211
1565955189-136,https://www.prokabaddi.com/stats/49-96-total-points-scored-statistics,"Haryana Steelers",5,/static-assets/images/teams/small/28.png?v=6.08,7,208
1565955189-137,https://www.prokabaddi.com/stats/49-96-total-points-scored-statistics,"Puneri Paltan",6,/static-assets/images/teams/small/7.png?v=6.08,7,199
1565955189-138,https://www.prokabaddi.com/stats/49-96-total-points-scored-statistics,"U.P. Yoddha",6,/static-assets/images/teams/small/30.png?v=6.08,8,199
1565955189-139,https://www.prokabaddi.com/stats/49-96-total-points-scored-statistics,"Dabang Delhi K.C.",8,/static-assets/images/teams/small/2.png?v=6.08,6,198
1565955189-140,https://www.prokabaddi.com/stats/49-96-total-points-scored-statistics,"U Mumba",8,/static-assets/images/teams/small/5.png?v=6.08,7,198
1565955214-1,https://www.prokabaddi.com/stats/49-20-super-tackles-statistics,"Bengaluru Bulls",1,/static-assets/images/teams/small/1.png?v=6.08,7,15
1565955214-10,https://www.prokabaddi.com/stats/49-20-super-tackles-statistics,"Dabang Delhi K.C.",10,/static-assets/images/teams/small/2.png?v=6.08,6,5
1565955214-11,https://www.prokabaddi.com/stats/49-20-super-tackles-statistics,"Haryana Steelers",11,/static-assets/images/teams/small/28.png?v=6.08,7,4
1565955214-12,https://www.prokabaddi.com/stats/49-20-super-tackles-statistics,"Jaipur Pink Panthers",12,/static-assets/images/teams/small/3.png?v=6.08,6,2
1565955214-2,https://www.prokabaddi.com/stats/49-20-super-tackles-statistics,"Puneri Paltan",2,/static-assets/images/teams/small/7.png?v=6.08,7,11
1565955214-3,https://www.prokabaddi.com/stats/49-20-super-tackles-statistics,"Patna Pirates",3,/static-assets/images/teams/small/6.png?v=6.08,7,10
1565955214-4,https://www.prokabaddi.com/stats/49-20-super-tackles-statistics,"Gujarat Fortunegiants",4,/static-assets/images/teams/small/31.png?v=6.08,8,9
1565955214-5,https://www.prokabaddi.com/stats/49-20-super-tackles-statistics,"U Mumba",5,/static-assets/images/teams/small/5.png?v=6.08,7,8
1565955214-6,https://www.prokabaddi.com/stats/49-20-super-tackles-statistics,"Bengal Warriors",6,/static-assets/images/teams/small/4.png?v=6.08,7,6
1565955214-7,https://www.prokabaddi.com/stats/49-20-super-tackles-statistics,"Telugu Titans",6,/static-assets/images/teams/small/8.png?v=6.08,8,6
1565955214-8,https://www.prokabaddi.com/stats/49-20-super-tackles-statistics,"Tamil Thalaivas",6,/static-assets/images/teams/small/29.png?v=6.08,6,6
1565955214-9,https://www.prokabaddi.com/stats/49-20-super-tackles-statistics,"U.P. Yoddha",6,/static-assets/images/teams/small/30.png?v=6.08,8,6
