﻿web-scraper-order,web-scraper-start-url,name,rank,team_id,matches,points
1565609449-1,https://www.prokabaddi.com/stats/49-97-raid-points-statistics,"Bengaluru Bulls",1,/static-assets/images/teams/small/1.png?v=6.08,6,118
1565609449-10,https://www.prokabaddi.com/stats/49-97-raid-points-statistics,"Tamil Thalaivas",10,/static-assets/images/teams/small/29.png?v=6.08,6,89
1565609454-11,https://www.prokabaddi.com/stats/49-140-avg-points-scored-statistics,"Bengal Warriors",1,/static-assets/images/teams/small/4.png?v=6.08,5,31.6
1565609454-12,https://www.prokabaddi.com/stats/49-140-avg-points-scored-statistics,"Bengaluru Bulls",2,/static-assets/images/teams/small/1.png?v=6.08,6,30.33
1565609454-13,https://www.prokabaddi.com/stats/49-140-avg-points-scored-statistics,"Jaipur Pink Panthers",3,/static-assets/images/teams/small/3.png?v=6.08,5,28
1565609454-14,https://www.prokabaddi.com/stats/49-140-avg-points-scored-statistics,"Gujarat Fortunegiants",4,/static-assets/images/teams/small/31.png?v=6.08,7,27.28
1565609454-15,https://www.prokabaddi.com/stats/49-140-avg-points-scored-statistics,"Puneri Paltan",5,/static-assets/images/teams/small/7.png?v=6.08,6,27
1565609454-16,https://www.prokabaddi.com/stats/49-140-avg-points-scored-statistics,"Dabang Delhi K.C.",5,/static-assets/images/teams/small/2.png?v=6.08,6,27
1565609454-17,https://www.prokabaddi.com/stats/49-140-avg-points-scored-statistics,"Tamil Thalaivas",7,/static-assets/images/teams/small/29.png?v=6.08,6,26.33
1565609454-18,https://www.prokabaddi.com/stats/49-140-avg-points-scored-statistics,"Haryana Steelers",8,/static-assets/images/teams/small/28.png?v=6.08,6,26
1565609454-19,https://www.prokabaddi.com/stats/49-140-avg-points-scored-statistics,"Patna Pirates",9,/static-assets/images/teams/small/6.png?v=6.08,7,24.57
1565609449-2,https://www.prokabaddi.com/stats/49-97-raid-points-statistics,"Gujarat Fortunegiants",2,/static-assets/images/teams/small/31.png?v=6.08,7,117
1565609454-20,https://www.prokabaddi.com/stats/49-140-avg-points-scored-statistics,"Telugu Titans",10,/static-assets/images/teams/small/8.png?v=6.08,7,24.42
1565609457-21,https://www.prokabaddi.com/stats/49-134-super-raid-statistics,"Bengal Warriors",1,/static-assets/images/teams/small/4.png?v=6.08,5,5
1565609457-22,https://www.prokabaddi.com/stats/49-134-super-raid-statistics,"Bengaluru Bulls",2,/static-assets/images/teams/small/1.png?v=6.08,6,3
1565609457-23,https://www.prokabaddi.com/stats/49-134-super-raid-statistics,"Dabang Delhi K.C.",3,/static-assets/images/teams/small/2.png?v=6.08,6,2
1565609457-24,https://www.prokabaddi.com/stats/49-134-super-raid-statistics,"U Mumba",3,/static-assets/images/teams/small/5.png?v=6.08,7,2
1565609457-25,https://www.prokabaddi.com/stats/49-134-super-raid-statistics,"Patna Pirates",3,/static-assets/images/teams/small/6.png?v=6.08,7,2
1565609457-26,https://www.prokabaddi.com/stats/49-134-super-raid-statistics,"Telugu Titans",3,/static-assets/images/teams/small/8.png?v=6.08,7,2
1565609457-27,https://www.prokabaddi.com/stats/49-134-super-raid-statistics,"Haryana Steelers",3,/static-assets/images/teams/small/28.png?v=6.08,6,2
1565609457-28,https://www.prokabaddi.com/stats/49-134-super-raid-statistics,"Tamil Thalaivas",3,/static-assets/images/teams/small/29.png?v=6.08,6,2
1565609457-29,https://www.prokabaddi.com/stats/49-134-super-raid-statistics,"Gujarat Fortunegiants",3,/static-assets/images/teams/small/31.png?v=6.08,7,2
1565609449-3,https://www.prokabaddi.com/stats/49-97-raid-points-statistics,"Dabang Delhi K.C.",3,/static-assets/images/teams/small/2.png?v=6.08,6,111
1565609457-30,https://www.prokabaddi.com/stats/49-134-super-raid-statistics,"Puneri Paltan",10,/static-assets/images/teams/small/7.png?v=6.08,6,1
1565609460-31,https://www.prokabaddi.com/stats/49-15-successful-tackles-statistics,"Gujarat Fortunegiants",1,/static-assets/images/teams/small/31.png?v=6.08,7,70
1565609460-32,https://www.prokabaddi.com/stats/49-15-successful-tackles-statistics,"Patna Pirates",2,/static-assets/images/teams/small/6.png?v=6.08,7,67
1565609460-33,https://www.prokabaddi.com/stats/49-15-successful-tackles-statistics,"Tamil Thalaivas",3,/static-assets/images/teams/small/29.png?v=6.08,6,65
1565609460-34,https://www.prokabaddi.com/stats/49-15-successful-tackles-statistics,"Telugu Titans",4,/static-assets/images/teams/small/8.png?v=6.08,7,63
1565609460-35,https://www.prokabaddi.com/stats/49-15-successful-tackles-statistics,"Puneri Paltan",5,/static-assets/images/teams/small/7.png?v=6.08,6,59
1565609460-36,https://www.prokabaddi.com/stats/49-15-successful-tackles-statistics,"Haryana Steelers",6,/static-assets/images/teams/small/28.png?v=6.08,6,57
1565609460-37,https://www.prokabaddi.com/stats/49-15-successful-tackles-statistics,"U Mumba",6,/static-assets/images/teams/small/5.png?v=6.08,7,57
1565609460-38,https://www.prokabaddi.com/stats/49-15-successful-tackles-statistics,"Jaipur Pink Panthers",8,/static-assets/images/teams/small/3.png?v=6.08,5,53
1565609460-39,https://www.prokabaddi.com/stats/49-15-successful-tackles-statistics,"Bengaluru Bulls",9,/static-assets/images/teams/small/1.png?v=6.08,6,50
1565609449-4,https://www.prokabaddi.com/stats/49-97-raid-points-statistics,"Bengal Warriors",4,/static-assets/images/teams/small/4.png?v=6.08,5,105
1565609460-40,https://www.prokabaddi.com/stats/49-15-successful-tackles-statistics,"Bengal Warriors",10,/static-assets/images/teams/small/4.png?v=6.08,5,49
1565609463-41,https://www.prokabaddi.com/stats/49-99-avg-tackle-points-statistics,"Tamil Thalaivas",1,/static-assets/images/teams/small/29.png?v=6.08,6,11.5
1565609463-42,https://www.prokabaddi.com/stats/49-99-avg-tackle-points-statistics,"Puneri Paltan",2,/static-assets/images/teams/small/7.png?v=6.08,6,11.17
1565609463-43,https://www.prokabaddi.com/stats/49-99-avg-tackle-points-statistics,"Patna Pirates",3,/static-assets/images/teams/small/6.png?v=6.08,7,11
1565609463-44,https://www.prokabaddi.com/stats/49-99-avg-tackle-points-statistics,"Jaipur Pink Panthers",3,/static-assets/images/teams/small/3.png?v=6.08,5,11
1565609463-45,https://www.prokabaddi.com/stats/49-99-avg-tackle-points-statistics,"Bengaluru Bulls",5,/static-assets/images/teams/small/1.png?v=6.08,6,10.67
1565609463-46,https://www.prokabaddi.com/stats/49-99-avg-tackle-points-statistics,"Bengal Warriors",6,/static-assets/images/teams/small/4.png?v=6.08,5,10.6
1565609463-47,https://www.prokabaddi.com/stats/49-99-avg-tackle-points-statistics,"Gujarat Fortunegiants",7,/static-assets/images/teams/small/31.png?v=6.08,7,10.57
1565609463-48,https://www.prokabaddi.com/stats/49-99-avg-tackle-points-statistics,"Haryana Steelers",8,/static-assets/images/teams/small/28.png?v=6.08,6,10.17
1565609463-49,https://www.prokabaddi.com/stats/49-99-avg-tackle-points-statistics,"Telugu Titans",9,/static-assets/images/teams/small/8.png?v=6.08,7,9.71
1565609449-5,https://www.prokabaddi.com/stats/49-97-raid-points-statistics,"Telugu Titans",5,/static-assets/images/teams/small/8.png?v=6.08,7,103
1565609463-50,https://www.prokabaddi.com/stats/49-99-avg-tackle-points-statistics,"U Mumba",10,/static-assets/images/teams/small/5.png?v=6.08,7,9.14
1565609449-6,https://www.prokabaddi.com/stats/49-97-raid-points-statistics,"U Mumba",6,/static-assets/images/teams/small/5.png?v=6.08,7,102
1565609449-7,https://www.prokabaddi.com/stats/49-97-raid-points-statistics,"Patna Pirates",7,/static-assets/images/teams/small/6.png?v=6.08,7,95
1565609449-8,https://www.prokabaddi.com/stats/49-97-raid-points-statistics,"Puneri Paltan",7,/static-assets/images/teams/small/7.png?v=6.08,6,95
1565609449-9,https://www.prokabaddi.com/stats/49-97-raid-points-statistics,"Haryana Steelers",7,/static-assets/images/teams/small/28.png?v=6.08,6,95
1565609466-51,https://www.prokabaddi.com/stats/49-96-total-points-scored-statistics,"Gujarat Fortunegiants",1,/static-assets/images/teams/small/31.png?v=6.08,7,220
1565609466-60,https://www.prokabaddi.com/stats/49-96-total-points-scored-statistics,"Haryana Steelers",10,/static-assets/images/teams/small/28.png?v=6.08,6,172
1565609469-61,https://www.prokabaddi.com/stats/49-133-total-points-conceded-statistics,"Telugu Titans",1,/static-assets/images/teams/small/8.png?v=6.08,7,229
1565609469-62,https://www.prokabaddi.com/stats/49-133-total-points-conceded-statistics,"Patna Pirates",2,/static-assets/images/teams/small/6.png?v=6.08,7,209
1565609469-63,https://www.prokabaddi.com/stats/49-133-total-points-conceded-statistics,"U.P. Yoddha",3,/static-assets/images/teams/small/30.png?v=6.08,6,204
1565609469-64,https://www.prokabaddi.com/stats/49-133-total-points-conceded-statistics,"Bengaluru Bulls",4,/static-assets/images/teams/small/1.png?v=6.08,6,201
1565609469-65,https://www.prokabaddi.com/stats/49-133-total-points-conceded-statistics,"U Mumba",5,/static-assets/images/teams/small/5.png?v=6.08,7,199
1565609469-66,https://www.prokabaddi.com/stats/49-133-total-points-conceded-statistics,"Gujarat Fortunegiants",6,/static-assets/images/teams/small/31.png?v=6.08,7,198
1565609469-67,https://www.prokabaddi.com/stats/49-133-total-points-conceded-statistics,"Puneri Paltan",7,/static-assets/images/teams/small/7.png?v=6.08,6,193
1565609469-68,https://www.prokabaddi.com/stats/49-133-total-points-conceded-statistics,"Haryana Steelers",7,/static-assets/images/teams/small/28.png?v=6.08,6,193
1565609469-69,https://www.prokabaddi.com/stats/49-133-total-points-conceded-statistics,"Dabang Delhi K.C.",9,/static-assets/images/teams/small/2.png?v=6.08,6,168
1565609466-52,https://www.prokabaddi.com/stats/49-96-total-points-scored-statistics,"Bengaluru Bulls",2,/static-assets/images/teams/small/1.png?v=6.08,6,208
1565609469-70,https://www.prokabaddi.com/stats/49-133-total-points-conceded-statistics,"Tamil Thalaivas",10,/static-assets/images/teams/small/29.png?v=6.08,6,164
1565609471-71,https://www.prokabaddi.com/stats/49-95-tackle-points-statistics,"Patna Pirates",1,/static-assets/images/teams/small/6.png?v=6.08,7,77
1565609471-72,https://www.prokabaddi.com/stats/49-95-tackle-points-statistics,"Gujarat Fortunegiants",2,/static-assets/images/teams/small/31.png?v=6.08,7,74
1565609471-73,https://www.prokabaddi.com/stats/49-95-tackle-points-statistics,"Tamil Thalaivas",3,/static-assets/images/teams/small/29.png?v=6.08,6,69
1565609471-74,https://www.prokabaddi.com/stats/49-95-tackle-points-statistics,"Telugu Titans",4,/static-assets/images/teams/small/8.png?v=6.08,7,68
1565609471-75,https://www.prokabaddi.com/stats/49-95-tackle-points-statistics,"Puneri Paltan",5,/static-assets/images/teams/small/7.png?v=6.08,6,67
1565609471-76,https://www.prokabaddi.com/stats/49-95-tackle-points-statistics,"Bengaluru Bulls",6,/static-assets/images/teams/small/1.png?v=6.08,6,64
1565609471-77,https://www.prokabaddi.com/stats/49-95-tackle-points-statistics,"U Mumba",6,/static-assets/images/teams/small/5.png?v=6.08,7,64
1565609471-78,https://www.prokabaddi.com/stats/49-95-tackle-points-statistics,"Haryana Steelers",8,/static-assets/images/teams/small/28.png?v=6.08,6,61
1565609471-79,https://www.prokabaddi.com/stats/49-95-tackle-points-statistics,"Jaipur Pink Panthers",9,/static-assets/images/teams/small/3.png?v=6.08,5,55
1565609466-53,https://www.prokabaddi.com/stats/49-96-total-points-scored-statistics,"Dabang Delhi K.C.",3,/static-assets/images/teams/small/2.png?v=6.08,6,198
1565609471-80,https://www.prokabaddi.com/stats/49-95-tackle-points-statistics,"Bengal Warriors",10,/static-assets/images/teams/small/4.png?v=6.08,5,53
1565609473-81,https://www.prokabaddi.com/stats/49-136-all-outs-inflicted-statistics,"Bengal Warriors",1,/static-assets/images/teams/small/4.png?v=6.08,5,11
1565609473-82,https://www.prokabaddi.com/stats/49-136-all-outs-inflicted-statistics,"U Mumba",2,/static-assets/images/teams/small/5.png?v=6.08,7,9
1565609473-83,https://www.prokabaddi.com/stats/49-136-all-outs-inflicted-statistics,"Gujarat Fortunegiants",2,/static-assets/images/teams/small/31.png?v=6.08,7,9
1565609473-84,https://www.prokabaddi.com/stats/49-136-all-outs-inflicted-statistics,"Tamil Thalaivas",4,/static-assets/images/teams/small/29.png?v=6.08,6,8
1565609473-85,https://www.prokabaddi.com/stats/49-136-all-outs-inflicted-statistics,"Patna Pirates",4,/static-assets/images/teams/small/6.png?v=6.08,7,8
1565609473-86,https://www.prokabaddi.com/stats/49-136-all-outs-inflicted-statistics,"Dabang Delhi K.C.",4,/static-assets/images/teams/small/2.png?v=6.08,6,8
1565609473-87,https://www.prokabaddi.com/stats/49-136-all-outs-inflicted-statistics,"Jaipur Pink Panthers",4,/static-assets/images/teams/small/3.png?v=6.08,5,8
1565609473-88,https://www.prokabaddi.com/stats/49-136-all-outs-inflicted-statistics,"Bengaluru Bulls",8,/static-assets/images/teams/small/1.png?v=6.08,6,7
1565609473-89,https://www.prokabaddi.com/stats/49-136-all-outs-inflicted-statistics,"Haryana Steelers",9,/static-assets/images/teams/small/28.png?v=6.08,6,6
1565609466-54,https://www.prokabaddi.com/stats/49-96-total-points-scored-statistics,"U Mumba",3,/static-assets/images/teams/small/5.png?v=6.08,7,198
1565609473-90,https://www.prokabaddi.com/stats/49-136-all-outs-inflicted-statistics,"Puneri Paltan",10,/static-assets/images/teams/small/7.png?v=6.08,6,3
1565609476-91,https://www.prokabaddi.com/stats/49-135-do-or-die-raid-points-statistics,"U Mumba",1,/static-assets/images/teams/small/5.png?v=6.08,7,27
1565609476-92,https://www.prokabaddi.com/stats/49-135-do-or-die-raid-points-statistics,"Puneri Paltan",2,/static-assets/images/teams/small/7.png?v=6.08,6,23
1565609476-93,https://www.prokabaddi.com/stats/49-135-do-or-die-raid-points-statistics,"Gujarat Fortunegiants",2,/static-assets/images/teams/small/31.png?v=6.08,7,23
1565609476-94,https://www.prokabaddi.com/stats/49-135-do-or-die-raid-points-statistics,"Patna Pirates",4,/static-assets/images/teams/small/6.png?v=6.08,7,22
1565609476-95,https://www.prokabaddi.com/stats/49-135-do-or-die-raid-points-statistics,"Jaipur Pink Panthers",5,/static-assets/images/teams/small/3.png?v=6.08,5,21
1565609476-96,https://www.prokabaddi.com/stats/49-135-do-or-die-raid-points-statistics,"Haryana Steelers",5,/static-assets/images/teams/small/28.png?v=6.08,6,21
1565609476-97,https://www.prokabaddi.com/stats/49-135-do-or-die-raid-points-statistics,"Tamil Thalaivas",5,/static-assets/images/teams/small/29.png?v=6.08,6,21
1565609476-98,https://www.prokabaddi.com/stats/49-135-do-or-die-raid-points-statistics,"Dabang Delhi K.C.",8,/static-assets/images/teams/small/2.png?v=6.08,6,13
1565609476-99,https://www.prokabaddi.com/stats/49-135-do-or-die-raid-points-statistics,"U.P. Yoddha",9,/static-assets/images/teams/small/30.png?v=6.08,6,12
1565609466-55,https://www.prokabaddi.com/stats/49-96-total-points-scored-statistics,"Patna Pirates",3,/static-assets/images/teams/small/6.png?v=6.08,7,198
1565609476-100,https://www.prokabaddi.com/stats/49-135-do-or-die-raid-points-statistics,"Bengal Warriors",10,/static-assets/images/teams/small/4.png?v=6.08,5,11
1565609466-56,https://www.prokabaddi.com/stats/49-96-total-points-scored-statistics,"Bengal Warriors",6,/static-assets/images/teams/small/4.png?v=6.08,5,190
1565609466-57,https://www.prokabaddi.com/stats/49-96-total-points-scored-statistics,"Tamil Thalaivas",7,/static-assets/images/teams/small/29.png?v=6.08,6,188
1565609466-58,https://www.prokabaddi.com/stats/49-96-total-points-scored-statistics,"Telugu Titans",8,/static-assets/images/teams/small/8.png?v=6.08,7,182
1565609466-59,https://www.prokabaddi.com/stats/49-96-total-points-scored-statistics,"Puneri Paltan",9,/static-assets/images/teams/small/7.png?v=6.08,6,174
1565609478-101,https://www.prokabaddi.com/stats/49-20-super-tackles-statistics,"Bengaluru Bulls",1,/static-assets/images/teams/small/1.png?v=6.08,6,15
1565609478-110,https://www.prokabaddi.com/stats/49-20-super-tackles-statistics,"Haryana Steelers",10,/static-assets/images/teams/small/28.png?v=6.08,6,4
1565609482-111,https://www.prokabaddi.com/stats/49-13-successful-raids-statistics,"Dabang Delhi K.C.",1,/static-assets/images/teams/small/2.png?v=6.08,6,97
1565609482-112,https://www.prokabaddi.com/stats/49-13-successful-raids-statistics,"Bengaluru Bulls",2,/static-assets/images/teams/small/1.png?v=6.08,6,94
1565609482-113,https://www.prokabaddi.com/stats/49-13-successful-raids-statistics,"Gujarat Fortunegiants",2,/static-assets/images/teams/small/31.png?v=6.08,7,94
1565609482-114,https://www.prokabaddi.com/stats/49-13-successful-raids-statistics,"Telugu Titans",4,/static-assets/images/teams/small/8.png?v=6.08,7,91
1565609482-115,https://www.prokabaddi.com/stats/49-13-successful-raids-statistics,"Patna Pirates",5,/static-assets/images/teams/small/6.png?v=6.08,7,85
1565609482-116,https://www.prokabaddi.com/stats/49-13-successful-raids-statistics,"Bengal Warriors",6,/static-assets/images/teams/small/4.png?v=6.08,5,83
1565609482-117,https://www.prokabaddi.com/stats/49-13-successful-raids-statistics,"U Mumba",7,/static-assets/images/teams/small/5.png?v=6.08,7,78
1565609482-118,https://www.prokabaddi.com/stats/49-13-successful-raids-statistics,"Puneri Paltan",8,/static-assets/images/teams/small/7.png?v=6.08,6,77
1565609482-119,https://www.prokabaddi.com/stats/49-13-successful-raids-statistics,"Haryana Steelers",9,/static-assets/images/teams/small/28.png?v=6.08,6,74
1565609478-102,https://www.prokabaddi.com/stats/49-20-super-tackles-statistics,"Patna Pirates",2,/static-assets/images/teams/small/6.png?v=6.08,7,10
1565609482-120,https://www.prokabaddi.com/stats/49-13-successful-raids-statistics,"Tamil Thalaivas",10,/static-assets/images/teams/small/29.png?v=6.08,6,72
1565609484-121,https://www.prokabaddi.com/stats/49-98-avg-raid-points-statistics,"Bengal Warriors",1,/static-assets/images/teams/small/4.png?v=6.08,5,21
1565609484-122,https://www.prokabaddi.com/stats/49-98-avg-raid-points-statistics,"Bengaluru Bulls",2,/static-assets/images/teams/small/1.png?v=6.08,6,19.67
1565609484-123,https://www.prokabaddi.com/stats/49-98-avg-raid-points-statistics,"Dabang Delhi K.C.",3,/static-assets/images/teams/small/2.png?v=6.08,6,18.5
1565609484-124,https://www.prokabaddi.com/stats/49-98-avg-raid-points-statistics,"Jaipur Pink Panthers",4,/static-assets/images/teams/small/3.png?v=6.08,5,17
1565609484-125,https://www.prokabaddi.com/stats/49-98-avg-raid-points-statistics,"Gujarat Fortunegiants",5,/static-assets/images/teams/small/31.png?v=6.08,7,16.71
1565609484-126,https://www.prokabaddi.com/stats/49-98-avg-raid-points-statistics,"Puneri Paltan",6,/static-assets/images/teams/small/7.png?v=6.08,6,15.83
1565609484-127,https://www.prokabaddi.com/stats/49-98-avg-raid-points-statistics,"Haryana Steelers",6,/static-assets/images/teams/small/28.png?v=6.08,6,15.83
1565609484-128,https://www.prokabaddi.com/stats/49-98-avg-raid-points-statistics,"Tamil Thalaivas",8,/static-assets/images/teams/small/29.png?v=6.08,6,14.83
1565609484-129,https://www.prokabaddi.com/stats/49-98-avg-raid-points-statistics,"Telugu Titans",9,/static-assets/images/teams/small/8.png?v=6.08,7,14.71
1565609478-103,https://www.prokabaddi.com/stats/49-20-super-tackles-statistics,"Puneri Paltan",3,/static-assets/images/teams/small/7.png?v=6.08,6,8
1565609484-130,https://www.prokabaddi.com/stats/49-98-avg-raid-points-statistics,"U Mumba",10,/static-assets/images/teams/small/5.png?v=6.08,7,14.57
1565609478-104,https://www.prokabaddi.com/stats/49-20-super-tackles-statistics,"U Mumba",3,/static-assets/images/teams/small/5.png?v=6.08,7,8
1565609478-105,https://www.prokabaddi.com/stats/49-20-super-tackles-statistics,"Telugu Titans",5,/static-assets/images/teams/small/8.png?v=6.08,7,6
1565609478-106,https://www.prokabaddi.com/stats/49-20-super-tackles-statistics,"Tamil Thalaivas",5,/static-assets/images/teams/small/29.png?v=6.08,6,6
1565609478-107,https://www.prokabaddi.com/stats/49-20-super-tackles-statistics,"U.P. Yoddha",7,/static-assets/images/teams/small/30.png?v=6.08,6,5
1565609478-108,https://www.prokabaddi.com/stats/49-20-super-tackles-statistics,"Bengal Warriors",7,/static-assets/images/teams/small/4.png?v=6.08,5,5
1565609478-109,https://www.prokabaddi.com/stats/49-20-super-tackles-statistics,"Dabang Delhi K.C.",7,/static-assets/images/teams/small/2.png?v=6.08,6,5
