﻿web-scraper-order,web-scraper-start-url,name,rank,team_id,matches,points
1567423834-1,https://www.prokabaddi.com/stats/49-97-raid-points-statistics,"Bengaluru Bulls",1,/static-assets/images/teams/small/1.png?v=6.08,13,242
1567423834-10,https://www.prokabaddi.com/stats/49-97-raid-points-statistics,"U.P. Yoddha",10,/static-assets/images/teams/small/30.png?v=6.08,12,169
1567423834-11,https://www.prokabaddi.com/stats/49-97-raid-points-statistics,"Patna Pirates",11,/static-assets/images/teams/small/6.png?v=6.08,11,168
1567423834-12,https://www.prokabaddi.com/stats/49-97-raid-points-statistics,"Telugu Titans",12,/static-assets/images/teams/small/8.png?v=6.08,11,159
1567423838-13,https://www.prokabaddi.com/stats/49-140-avg-points-scored-statistics,"Bengaluru Bulls",1,/static-assets/images/teams/small/1.png?v=6.08,13,29.15
1567423838-14,https://www.prokabaddi.com/stats/49-140-avg-points-scored-statistics,"Bengal Warriors",2,/static-assets/images/teams/small/4.png?v=6.08,12,29
1567423838-15,https://www.prokabaddi.com/stats/49-140-avg-points-scored-statistics,"Dabang Delhi K.C.",3,/static-assets/images/teams/small/2.png?v=6.08,11,28.72
1567423838-16,https://www.prokabaddi.com/stats/49-140-avg-points-scored-statistics,"Haryana Steelers",4,/static-assets/images/teams/small/28.png?v=6.08,11,27.54
1567423838-17,https://www.prokabaddi.com/stats/49-140-avg-points-scored-statistics,"Puneri Paltan",5,/static-assets/images/teams/small/7.png?v=6.08,11,27.18
1567423838-18,https://www.prokabaddi.com/stats/49-140-avg-points-scored-statistics,"Gujarat Fortunegiants",6,/static-assets/images/teams/small/31.png?v=6.08,12,25.75
1567423838-19,https://www.prokabaddi.com/stats/49-140-avg-points-scored-statistics,"U Mumba",7,/static-assets/images/teams/small/5.png?v=6.08,12,25.5
1567423834-2,https://www.prokabaddi.com/stats/49-97-raid-points-statistics,"Bengal Warriors",2,/static-assets/images/teams/small/4.png?v=6.08,12,233
1567423838-20,https://www.prokabaddi.com/stats/49-140-avg-points-scored-statistics,"Telugu Titans",8,/static-assets/images/teams/small/8.png?v=6.08,11,25.36
1567423838-21,https://www.prokabaddi.com/stats/49-140-avg-points-scored-statistics,"Jaipur Pink Panthers",9,/static-assets/images/teams/small/3.png?v=6.08,12,25.33
1567423838-22,https://www.prokabaddi.com/stats/49-140-avg-points-scored-statistics,"Tamil Thalaivas",10,/static-assets/images/teams/small/29.png?v=6.08,12,25.08
1567423838-23,https://www.prokabaddi.com/stats/49-140-avg-points-scored-statistics,"Patna Pirates",11,/static-assets/images/teams/small/6.png?v=6.08,11,25
1567423838-24,https://www.prokabaddi.com/stats/49-140-avg-points-scored-statistics,"U.P. Yoddha",12,/static-assets/images/teams/small/30.png?v=6.08,12,24.33
1567423844-25,https://www.prokabaddi.com/stats/49-134-super-raid-statistics,"Bengal Warriors",1,/static-assets/images/teams/small/4.png?v=6.08,12,7
1567423844-26,https://www.prokabaddi.com/stats/49-134-super-raid-statistics,"Haryana Steelers",1,/static-assets/images/teams/small/28.png?v=6.08,11,7
1567423844-27,https://www.prokabaddi.com/stats/49-134-super-raid-statistics,"Tamil Thalaivas",3,/static-assets/images/teams/small/29.png?v=6.08,12,4
1567423844-28,https://www.prokabaddi.com/stats/49-134-super-raid-statistics,"Bengaluru Bulls",3,/static-assets/images/teams/small/1.png?v=6.08,13,4
1567423844-29,https://www.prokabaddi.com/stats/49-134-super-raid-statistics,"U Mumba",3,/static-assets/images/teams/small/5.png?v=6.08,12,4
1567423834-3,https://www.prokabaddi.com/stats/49-97-raid-points-statistics,"Dabang Delhi K.C.",3,/static-assets/images/teams/small/2.png?v=6.08,11,211
1567423844-30,https://www.prokabaddi.com/stats/49-134-super-raid-statistics,"Patna Pirates",3,/static-assets/images/teams/small/6.png?v=6.08,11,4
1567423844-31,https://www.prokabaddi.com/stats/49-134-super-raid-statistics,"Dabang Delhi K.C.",7,/static-assets/images/teams/small/2.png?v=6.08,11,3
1567423844-32,https://www.prokabaddi.com/stats/49-134-super-raid-statistics,"Jaipur Pink Panthers",8,/static-assets/images/teams/small/3.png?v=6.08,12,2
1567423844-33,https://www.prokabaddi.com/stats/49-134-super-raid-statistics,"Puneri Paltan",8,/static-assets/images/teams/small/7.png?v=6.08,11,2
1567423844-34,https://www.prokabaddi.com/stats/49-134-super-raid-statistics,"Telugu Titans",8,/static-assets/images/teams/small/8.png?v=6.08,11,2
1567423844-35,https://www.prokabaddi.com/stats/49-134-super-raid-statistics,"Gujarat Fortunegiants",8,/static-assets/images/teams/small/31.png?v=6.08,12,2
1567423844-36,https://www.prokabaddi.com/stats/49-134-super-raid-statistics,"U.P. Yoddha",12,/static-assets/images/teams/small/30.png?v=6.08,12,1
1567423848-37,https://www.prokabaddi.com/stats/49-15-successful-tackles-statistics,"Bengaluru Bulls",1,/static-assets/images/teams/small/1.png?v=6.08,13,118
1567423848-38,https://www.prokabaddi.com/stats/49-15-successful-tackles-statistics,"Jaipur Pink Panthers",2,/static-assets/images/teams/small/3.png?v=6.08,12,115
1567423848-39,https://www.prokabaddi.com/stats/49-15-successful-tackles-statistics,"Gujarat Fortunegiants",2,/static-assets/images/teams/small/31.png?v=6.08,12,115
1567423834-4,https://www.prokabaddi.com/stats/49-97-raid-points-statistics,"Haryana Steelers",4,/static-assets/images/teams/small/28.png?v=6.08,11,196
1567423848-40,https://www.prokabaddi.com/stats/49-15-successful-tackles-statistics,"U.P. Yoddha",4,/static-assets/images/teams/small/30.png?v=6.08,12,114
1567423848-41,https://www.prokabaddi.com/stats/49-15-successful-tackles-statistics,"Puneri Paltan",5,/static-assets/images/teams/small/7.png?v=6.08,11,112
1567423848-42,https://www.prokabaddi.com/stats/49-15-successful-tackles-statistics,"Tamil Thalaivas",6,/static-assets/images/teams/small/29.png?v=6.08,12,109
1567423848-43,https://www.prokabaddi.com/stats/49-15-successful-tackles-statistics,"Bengal Warriors",7,/static-assets/images/teams/small/4.png?v=6.08,12,107
1567423848-44,https://www.prokabaddi.com/stats/49-15-successful-tackles-statistics,"Telugu Titans",8,/static-assets/images/teams/small/8.png?v=6.08,11,105
1567423848-45,https://www.prokabaddi.com/stats/49-15-successful-tackles-statistics,"U Mumba",9,/static-assets/images/teams/small/5.png?v=6.08,12,103
1567423848-46,https://www.prokabaddi.com/stats/49-15-successful-tackles-statistics,"Haryana Steelers",10,/static-assets/images/teams/small/28.png?v=6.08,11,100
1567423848-47,https://www.prokabaddi.com/stats/49-15-successful-tackles-statistics,"Dabang Delhi K.C.",10,/static-assets/images/teams/small/2.png?v=6.08,11,100
1567423848-48,https://www.prokabaddi.com/stats/49-15-successful-tackles-statistics,"Patna Pirates",12,/static-assets/images/teams/small/6.png?v=6.08,11,94
1567423851-49,https://www.prokabaddi.com/stats/49-99-avg-tackle-points-statistics,"Puneri Paltan",1,/static-assets/images/teams/small/7.png?v=6.08,11,11.36
1567423834-5,https://www.prokabaddi.com/stats/49-97-raid-points-statistics,"U Mumba",5,/static-assets/images/teams/small/5.png?v=6.08,12,190
1567423851-50,https://www.prokabaddi.com/stats/49-99-avg-tackle-points-statistics,"Jaipur Pink Panthers",2,/static-assets/images/teams/small/3.png?v=6.08,12,11
1567423851-51,https://www.prokabaddi.com/stats/49-99-avg-tackle-points-statistics,"Telugu Titans",3,/static-assets/images/teams/small/8.png?v=6.08,11,10.91
1567423851-52,https://www.prokabaddi.com/stats/49-99-avg-tackle-points-statistics,"Bengaluru Bulls",4,/static-assets/images/teams/small/1.png?v=6.08,13,10.54
1567423851-53,https://www.prokabaddi.com/stats/49-99-avg-tackle-points-statistics,"Gujarat Fortunegiants",5,/static-assets/images/teams/small/31.png?v=6.08,12,10.5
1567423851-54,https://www.prokabaddi.com/stats/49-99-avg-tackle-points-statistics,"U.P. Yoddha",6,/static-assets/images/teams/small/30.png?v=6.08,12,10.25
1567423851-55,https://www.prokabaddi.com/stats/49-99-avg-tackle-points-statistics,"Patna Pirates",7,/static-assets/images/teams/small/6.png?v=6.08,11,9.73
1567423851-56,https://www.prokabaddi.com/stats/49-99-avg-tackle-points-statistics,"Haryana Steelers",7,/static-assets/images/teams/small/28.png?v=6.08,11,9.73
1567423851-57,https://www.prokabaddi.com/stats/49-99-avg-tackle-points-statistics,"U Mumba",9,/static-assets/images/teams/small/5.png?v=6.08,12,9.67
1567423851-58,https://www.prokabaddi.com/stats/49-99-avg-tackle-points-statistics,"Tamil Thalaivas",10,/static-assets/images/teams/small/29.png?v=6.08,12,9.58
1567423851-59,https://www.prokabaddi.com/stats/49-99-avg-tackle-points-statistics,"Bengal Warriors",10,/static-assets/images/teams/small/4.png?v=6.08,12,9.58
1567423834-6,https://www.prokabaddi.com/stats/49-97-raid-points-statistics,"Tamil Thalaivas",6,/static-assets/images/teams/small/29.png?v=6.08,12,186
1567423851-60,https://www.prokabaddi.com/stats/49-99-avg-tackle-points-statistics,"Dabang Delhi K.C.",12,/static-assets/images/teams/small/2.png?v=6.08,11,9.55
1567423834-7,https://www.prokabaddi.com/stats/49-97-raid-points-statistics,"Gujarat Fortunegiants",7,/static-assets/images/teams/small/31.png?v=6.08,12,183
1567423834-8,https://www.prokabaddi.com/stats/49-97-raid-points-statistics,"Puneri Paltan",8,/static-assets/images/teams/small/7.png?v=6.08,11,174
1567423834-9,https://www.prokabaddi.com/stats/49-97-raid-points-statistics,"Jaipur Pink Panthers",9,/static-assets/images/teams/small/3.png?v=6.08,12,172
1567423853-61,https://www.prokabaddi.com/stats/49-96-total-points-scored-statistics,"Bengaluru Bulls",1,/static-assets/images/teams/small/1.png?v=6.08,13,424
1567423853-70,https://www.prokabaddi.com/stats/49-96-total-points-scored-statistics,"U.P. Yoddha",10,/static-assets/images/teams/small/30.png?v=6.08,12,324
1567423853-71,https://www.prokabaddi.com/stats/49-96-total-points-scored-statistics,"Patna Pirates",11,/static-assets/images/teams/small/6.png?v=6.08,11,315
1567423853-72,https://www.prokabaddi.com/stats/49-96-total-points-scored-statistics,"Telugu Titans",12,/static-assets/images/teams/small/8.png?v=6.08,11,302
1567423857-73,https://www.prokabaddi.com/stats/49-133-total-points-conceded-statistics,"Bengaluru Bulls",1,/static-assets/images/teams/small/1.png?v=6.08,13,410
1567423857-74,https://www.prokabaddi.com/stats/49-133-total-points-conceded-statistics,"U.P. Yoddha",2,/static-assets/images/teams/small/30.png?v=6.08,12,392
1567423857-75,https://www.prokabaddi.com/stats/49-133-total-points-conceded-statistics,"Tamil Thalaivas",3,/static-assets/images/teams/small/29.png?v=6.08,12,352
1567423857-76,https://www.prokabaddi.com/stats/49-133-total-points-conceded-statistics,"Haryana Steelers",4,/static-assets/images/teams/small/28.png?v=6.08,11,351
1567423857-77,https://www.prokabaddi.com/stats/49-133-total-points-conceded-statistics,"Patna Pirates",5,/static-assets/images/teams/small/6.png?v=6.08,11,345
1567423857-78,https://www.prokabaddi.com/stats/49-133-total-points-conceded-statistics,"Bengal Warriors",5,/static-assets/images/teams/small/4.png?v=6.08,12,345
1567423857-79,https://www.prokabaddi.com/stats/49-133-total-points-conceded-statistics,"U Mumba",7,/static-assets/images/teams/small/5.png?v=6.08,12,344
1567423853-62,https://www.prokabaddi.com/stats/49-96-total-points-scored-statistics,"Bengal Warriors",2,/static-assets/images/teams/small/4.png?v=6.08,12,409
1567423857-80,https://www.prokabaddi.com/stats/49-133-total-points-conceded-statistics,"Puneri Paltan",8,/static-assets/images/teams/small/7.png?v=6.08,11,342
1567423857-81,https://www.prokabaddi.com/stats/49-133-total-points-conceded-statistics,"Telugu Titans",8,/static-assets/images/teams/small/8.png?v=6.08,11,342
1567423857-82,https://www.prokabaddi.com/stats/49-133-total-points-conceded-statistics,"Jaipur Pink Panthers",10,/static-assets/images/teams/small/3.png?v=6.08,12,338
1567423857-83,https://www.prokabaddi.com/stats/49-133-total-points-conceded-statistics,"Gujarat Fortunegiants",10,/static-assets/images/teams/small/31.png?v=6.08,12,338
1567423857-84,https://www.prokabaddi.com/stats/49-133-total-points-conceded-statistics,"Dabang Delhi K.C.",12,/static-assets/images/teams/small/2.png?v=6.08,11,315
1567423860-85,https://www.prokabaddi.com/stats/49-95-tackle-points-statistics,"Bengaluru Bulls",1,/static-assets/images/teams/small/1.png?v=6.08,13,137
1567423860-86,https://www.prokabaddi.com/stats/49-95-tackle-points-statistics,"Jaipur Pink Panthers",2,/static-assets/images/teams/small/3.png?v=6.08,12,132
1567423860-87,https://www.prokabaddi.com/stats/49-95-tackle-points-statistics,"Gujarat Fortunegiants",3,/static-assets/images/teams/small/31.png?v=6.08,12,126
1567423860-88,https://www.prokabaddi.com/stats/49-95-tackle-points-statistics,"Puneri Paltan",4,/static-assets/images/teams/small/7.png?v=6.08,11,125
1567423860-89,https://www.prokabaddi.com/stats/49-95-tackle-points-statistics,"U.P. Yoddha",5,/static-assets/images/teams/small/30.png?v=6.08,12,123
1567423853-63,https://www.prokabaddi.com/stats/49-96-total-points-scored-statistics,"Dabang Delhi K.C.",3,/static-assets/images/teams/small/2.png?v=6.08,11,375
1567423860-90,https://www.prokabaddi.com/stats/49-95-tackle-points-statistics,"Telugu Titans",6,/static-assets/images/teams/small/8.png?v=6.08,11,120
1567423860-91,https://www.prokabaddi.com/stats/49-95-tackle-points-statistics,"U Mumba",7,/static-assets/images/teams/small/5.png?v=6.08,12,116
1567423860-92,https://www.prokabaddi.com/stats/49-95-tackle-points-statistics,"Bengal Warriors",8,/static-assets/images/teams/small/4.png?v=6.08,12,115
1567423860-93,https://www.prokabaddi.com/stats/49-95-tackle-points-statistics,"Tamil Thalaivas",8,/static-assets/images/teams/small/29.png?v=6.08,12,115
1567423860-94,https://www.prokabaddi.com/stats/49-95-tackle-points-statistics,"Patna Pirates",10,/static-assets/images/teams/small/6.png?v=6.08,11,107
1567423860-95,https://www.prokabaddi.com/stats/49-95-tackle-points-statistics,"Haryana Steelers",10,/static-assets/images/teams/small/28.png?v=6.08,11,107
1567423860-96,https://www.prokabaddi.com/stats/49-95-tackle-points-statistics,"Dabang Delhi K.C.",12,/static-assets/images/teams/small/2.png?v=6.08,11,105
1567423863-97,https://www.prokabaddi.com/stats/49-136-all-outs-inflicted-statistics,"Bengal Warriors",1,/static-assets/images/teams/small/4.png?v=6.08,12,19
1567423863-98,https://www.prokabaddi.com/stats/49-136-all-outs-inflicted-statistics,"Dabang Delhi K.C.",2,/static-assets/images/teams/small/2.png?v=6.08,11,17
1567423863-99,https://www.prokabaddi.com/stats/49-136-all-outs-inflicted-statistics,"U Mumba",3,/static-assets/images/teams/small/5.png?v=6.08,12,16
1567423853-64,https://www.prokabaddi.com/stats/49-96-total-points-scored-statistics,"U Mumba",4,/static-assets/images/teams/small/5.png?v=6.08,12,359
1567423863-100,https://www.prokabaddi.com/stats/49-136-all-outs-inflicted-statistics,"Patna Pirates",4,/static-assets/images/teams/small/6.png?v=6.08,11,13
1567423863-101,https://www.prokabaddi.com/stats/49-136-all-outs-inflicted-statistics,"Haryana Steelers",4,/static-assets/images/teams/small/28.png?v=6.08,11,13
1567423863-102,https://www.prokabaddi.com/stats/49-136-all-outs-inflicted-statistics,"Bengaluru Bulls",4,/static-assets/images/teams/small/1.png?v=6.08,13,13
1567423863-103,https://www.prokabaddi.com/stats/49-136-all-outs-inflicted-statistics,"Gujarat Fortunegiants",7,/static-assets/images/teams/small/31.png?v=6.08,12,12
1567423863-104,https://www.prokabaddi.com/stats/49-136-all-outs-inflicted-statistics,"Jaipur Pink Panthers",8,/static-assets/images/teams/small/3.png?v=6.08,12,11
1567423863-105,https://www.prokabaddi.com/stats/49-136-all-outs-inflicted-statistics,"Tamil Thalaivas",9,/static-assets/images/teams/small/29.png?v=6.08,12,10
1567423863-106,https://www.prokabaddi.com/stats/49-136-all-outs-inflicted-statistics,"U.P. Yoddha",10,/static-assets/images/teams/small/30.png?v=6.08,12,9
1567423863-107,https://www.prokabaddi.com/stats/49-136-all-outs-inflicted-statistics,"Puneri Paltan",11,/static-assets/images/teams/small/7.png?v=6.08,11,7
1567423863-108,https://www.prokabaddi.com/stats/49-136-all-outs-inflicted-statistics,"Telugu Titans",12,/static-assets/images/teams/small/8.png?v=6.08,11,4
1567423865-109,https://www.prokabaddi.com/stats/49-135-do-or-die-raid-points-statistics,"U Mumba",1,/static-assets/images/teams/small/5.png?v=6.08,12,47
1567423853-65,https://www.prokabaddi.com/stats/49-96-total-points-scored-statistics,"Gujarat Fortunegiants",5,/static-assets/images/teams/small/31.png?v=6.08,12,351
1567423865-110,https://www.prokabaddi.com/stats/49-135-do-or-die-raid-points-statistics,"Jaipur Pink Panthers",2,/static-assets/images/teams/small/3.png?v=6.08,12,46
1567423865-111,https://www.prokabaddi.com/stats/49-135-do-or-die-raid-points-statistics,"Puneri Paltan",3,/static-assets/images/teams/small/7.png?v=6.08,11,42
1567423865-112,https://www.prokabaddi.com/stats/49-135-do-or-die-raid-points-statistics,"Haryana Steelers",4,/static-assets/images/teams/small/28.png?v=6.08,11,39
1567423865-113,https://www.prokabaddi.com/stats/49-135-do-or-die-raid-points-statistics,"U.P. Yoddha",5,/static-assets/images/teams/small/30.png?v=6.08,12,38
1567423865-114,https://www.prokabaddi.com/stats/49-135-do-or-die-raid-points-statistics,"Gujarat Fortunegiants",5,/static-assets/images/teams/small/31.png?v=6.08,12,38
1567423865-115,https://www.prokabaddi.com/stats/49-135-do-or-die-raid-points-statistics,"Tamil Thalaivas",7,/static-assets/images/teams/small/29.png?v=6.08,12,37
1567423865-116,https://www.prokabaddi.com/stats/49-135-do-or-die-raid-points-statistics,"Patna Pirates",8,/static-assets/images/teams/small/6.png?v=6.08,11,31
1567423865-117,https://www.prokabaddi.com/stats/49-135-do-or-die-raid-points-statistics,"Dabang Delhi K.C.",9,/static-assets/images/teams/small/2.png?v=6.08,11,29
1567423865-118,https://www.prokabaddi.com/stats/49-135-do-or-die-raid-points-statistics,"Bengal Warriors",10,/static-assets/images/teams/small/4.png?v=6.08,12,27
1567423865-119,https://www.prokabaddi.com/stats/49-135-do-or-die-raid-points-statistics,"Telugu Titans",11,/static-assets/images/teams/small/8.png?v=6.08,11,26
1567423853-66,https://www.prokabaddi.com/stats/49-96-total-points-scored-statistics,"Haryana Steelers",6,/static-assets/images/teams/small/28.png?v=6.08,11,344
1567423865-120,https://www.prokabaddi.com/stats/49-135-do-or-die-raid-points-statistics,"Bengaluru Bulls",12,/static-assets/images/teams/small/1.png?v=6.08,13,24
1567423853-67,https://www.prokabaddi.com/stats/49-96-total-points-scored-statistics,"Tamil Thalaivas",7,/static-assets/images/teams/small/29.png?v=6.08,12,343
1567423853-68,https://www.prokabaddi.com/stats/49-96-total-points-scored-statistics,"Jaipur Pink Panthers",7,/static-assets/images/teams/small/3.png?v=6.08,12,343
1567423853-69,https://www.prokabaddi.com/stats/49-96-total-points-scored-statistics,"Puneri Paltan",9,/static-assets/images/teams/small/7.png?v=6.08,11,325
1567423869-121,https://www.prokabaddi.com/stats/49-20-super-tackles-statistics,"Bengaluru Bulls",1,/static-assets/images/teams/small/1.png?v=6.08,13,20
1567423869-130,https://www.prokabaddi.com/stats/49-20-super-tackles-statistics,"Tamil Thalaivas",10,/static-assets/images/teams/small/29.png?v=6.08,12,8
1567423869-131,https://www.prokabaddi.com/stats/49-20-super-tackles-statistics,"Haryana Steelers",11,/static-assets/images/teams/small/28.png?v=6.08,11,7
1567423869-132,https://www.prokabaddi.com/stats/49-20-super-tackles-statistics,"Dabang Delhi K.C.",12,/static-assets/images/teams/small/2.png?v=6.08,11,6
1567423872-133,https://www.prokabaddi.com/stats/49-13-successful-raids-statistics,"Bengaluru Bulls",1,/static-assets/images/teams/small/1.png?v=6.08,13,198
1567423872-134,https://www.prokabaddi.com/stats/49-13-successful-raids-statistics,"Bengal Warriors",2,/static-assets/images/teams/small/4.png?v=6.08,12,192
1567423872-135,https://www.prokabaddi.com/stats/49-13-successful-raids-statistics,"Dabang Delhi K.C.",3,/static-assets/images/teams/small/2.png?v=6.08,11,178
1567423872-136,https://www.prokabaddi.com/stats/49-13-successful-raids-statistics,"Haryana Steelers",4,/static-assets/images/teams/small/28.png?v=6.08,11,156
1567423872-137,https://www.prokabaddi.com/stats/49-13-successful-raids-statistics,"Gujarat Fortunegiants",5,/static-assets/images/teams/small/31.png?v=6.08,12,152
1567423872-138,https://www.prokabaddi.com/stats/49-13-successful-raids-statistics,"Tamil Thalaivas",6,/static-assets/images/teams/small/29.png?v=6.08,12,150
1567423872-139,https://www.prokabaddi.com/stats/49-13-successful-raids-statistics,"Puneri Paltan",7,/static-assets/images/teams/small/7.png?v=6.08,11,145
1567423869-122,https://www.prokabaddi.com/stats/49-20-super-tackles-statistics,"Jaipur Pink Panthers",2,/static-assets/images/teams/small/3.png?v=6.08,12,17
1567423872-140,https://www.prokabaddi.com/stats/49-13-successful-raids-statistics,"U Mumba",8,/static-assets/images/teams/small/5.png?v=6.08,12,144
1567423872-141,https://www.prokabaddi.com/stats/49-13-successful-raids-statistics,"Patna Pirates",8,/static-assets/images/teams/small/6.png?v=6.08,11,144
1567423872-142,https://www.prokabaddi.com/stats/49-13-successful-raids-statistics,"Jaipur Pink Panthers",10,/static-assets/images/teams/small/3.png?v=6.08,12,142
1567423872-143,https://www.prokabaddi.com/stats/49-13-successful-raids-statistics,"Telugu Titans",11,/static-assets/images/teams/small/8.png?v=6.08,11,140
1567423872-144,https://www.prokabaddi.com/stats/49-13-successful-raids-statistics,"U.P. Yoddha",12,/static-assets/images/teams/small/30.png?v=6.08,12,134
1567423875-145,https://www.prokabaddi.com/stats/49-98-avg-raid-points-statistics,"Bengal Warriors",1,/static-assets/images/teams/small/4.png?v=6.08,12,19.42
1567423875-146,https://www.prokabaddi.com/stats/49-98-avg-raid-points-statistics,"Dabang Delhi K.C.",2,/static-assets/images/teams/small/2.png?v=6.08,11,19.18
1567423875-147,https://www.prokabaddi.com/stats/49-98-avg-raid-points-statistics,"Bengaluru Bulls",3,/static-assets/images/teams/small/1.png?v=6.08,13,18.62
1567423875-148,https://www.prokabaddi.com/stats/49-98-avg-raid-points-statistics,"Haryana Steelers",4,/static-assets/images/teams/small/28.png?v=6.08,11,17.82
1567423875-149,https://www.prokabaddi.com/stats/49-98-avg-raid-points-statistics,"U Mumba",5,/static-assets/images/teams/small/5.png?v=6.08,12,15.83
1567423869-123,https://www.prokabaddi.com/stats/49-20-super-tackles-statistics,"Telugu Titans",3,/static-assets/images/teams/small/8.png?v=6.08,11,16
1567423875-150,https://www.prokabaddi.com/stats/49-98-avg-raid-points-statistics,"Puneri Paltan",6,/static-assets/images/teams/small/7.png?v=6.08,11,15.82
1567423875-151,https://www.prokabaddi.com/stats/49-98-avg-raid-points-statistics,"Tamil Thalaivas",7,/static-assets/images/teams/small/29.png?v=6.08,12,15.5
1567423875-152,https://www.prokabaddi.com/stats/49-98-avg-raid-points-statistics,"Patna Pirates",8,/static-assets/images/teams/small/6.png?v=6.08,11,15.27
1567423875-153,https://www.prokabaddi.com/stats/49-98-avg-raid-points-statistics,"Gujarat Fortunegiants",9,/static-assets/images/teams/small/31.png?v=6.08,12,15.25
1567423875-154,https://www.prokabaddi.com/stats/49-98-avg-raid-points-statistics,"Telugu Titans",10,/static-assets/images/teams/small/8.png?v=6.08,11,14.45
1567423875-155,https://www.prokabaddi.com/stats/49-98-avg-raid-points-statistics,"Jaipur Pink Panthers",11,/static-assets/images/teams/small/3.png?v=6.08,12,14.33
1567423875-156,https://www.prokabaddi.com/stats/49-98-avg-raid-points-statistics,"U.P. Yoddha",12,/static-assets/images/teams/small/30.png?v=6.08,12,14.08
1567423869-124,https://www.prokabaddi.com/stats/49-20-super-tackles-statistics,"U Mumba",4,/static-assets/images/teams/small/5.png?v=6.08,12,15
1567423869-125,https://www.prokabaddi.com/stats/49-20-super-tackles-statistics,"Patna Pirates",5,/static-assets/images/teams/small/6.png?v=6.08,11,13
1567423869-126,https://www.prokabaddi.com/stats/49-20-super-tackles-statistics,"Puneri Paltan",5,/static-assets/images/teams/small/7.png?v=6.08,11,13
1567423869-127,https://www.prokabaddi.com/stats/49-20-super-tackles-statistics,"Gujarat Fortunegiants",7,/static-assets/images/teams/small/31.png?v=6.08,12,11
1567423869-128,https://www.prokabaddi.com/stats/49-20-super-tackles-statistics,"U.P. Yoddha",8,/static-assets/images/teams/small/30.png?v=6.08,12,10
1567423869-129,https://www.prokabaddi.com/stats/49-20-super-tackles-statistics,"Bengal Warriors",8,/static-assets/images/teams/small/4.png?v=6.08,12,10
