﻿web-scraper-order,web-scraper-start-url,name,team,type,points,credits,announced
1567691123-1,https://www.dream11.com/kabaddi/create-team/1092/15139,"F Atrachali",MUM,DEF,253,15.5,Announced
1567691123-10,https://www.dream11.com/kabaddi/create-team/1092/15139,"Y Chang-Ko",MUM,DEF,57,13,
1567691123-11,https://www.dream11.com/kabaddi/create-team/1092/15139,Satpal,PUN,DEF,0,12.5,
1567691123-12,https://www.dream11.com/kabaddi/create-team/1092/15139,"S Sawant",PUN,DEF,48,12.5,
1567691123-13,https://www.dream11.com/kabaddi/create-team/1092/15139,"D Yadav",PUN,DEF,7,12.5,
1567691123-14,https://www.dream11.com/kabaddi/create-team/1092/15139,Anil,MUM,DEF,0,12.5,
1567691123-15,https://www.dream11.com/kabaddi/create-team/1092/15139,"H Vardhan",MUM,DEF,6,11,
1567691123-16,https://www.dream11.com/kabaddi/create-team/1092/15139,Manjeet,PUN,ALL,279,15,Announced
1567691123-17,https://www.dream11.com/kabaddi/create-team/1092/15139,"S Narwal",MUM,ALL,243,14.5,Announced
1567691123-18,https://www.dream11.com/kabaddi/create-team/1092/15139,"S Krishna",PUN,ALL,58,13,Announced
1567691123-19,https://www.dream11.com/kabaddi/create-team/1092/15139,Sandeep-Jr.,PUN,ALL,0,12.5,
1567691123-2,https://www.dream11.com/kabaddi/create-team/1092/15139,"S Singh",PUN,DEF,193,14.5,Announced
1567691123-20,https://www.dream11.com/kabaddi/create-team/1092/15139,"A R Kapre",MUM,ALL,4,12.5,
1567691123-21,https://www.dream11.com/kabaddi/create-team/1092/15139,"M Balyan",MUM,ALL,0,12,
1567691123-22,https://www.dream11.com/kabaddi/create-team/1092/15139,Amit-Kumar-Jr,PUN,ALL,25,11.5,
1567691123-23,https://www.dream11.com/kabaddi/create-team/1092/15139,"N Tomar",PUN,RAI,114,15,Announced
1567691123-24,https://www.dream11.com/kabaddi/create-team/1092/15139,Abhishek-Singh,MUM,RAI,261,15,Announced
1567691123-25,https://www.dream11.com/kabaddi/create-team/1092/15139,"P Kumar-Kadian",PUN,RAI,80,14.5,
1567691123-26,https://www.dream11.com/kabaddi/create-team/1092/15139,"R Baliyan",MUM,RAI,148,14.5,
1567691123-27,https://www.dream11.com/kabaddi/create-team/1092/15139,"P Mohite",PUN,RAI,178,14,
1567691123-28,https://www.dream11.com/kabaddi/create-team/1092/15139,"A Kumar.Sr",PUN,RAI,143,14,
1567691123-29,https://www.dream11.com/kabaddi/create-team/1092/15139,"A Deshwal",MUM,RAI,196,14,Announced
1567691123-3,https://www.dream11.com/kabaddi/create-team/1092/15139,"G M Ernak",PUN,DEF,113,14.5,
1567691123-30,https://www.dream11.com/kabaddi/create-team/1092/15139,"M Athul",MUM,RAI,128,13.5,Announced
1567691123-31,https://www.dream11.com/kabaddi/create-team/1092/15139,"D Kadian",PUN,RAI,3,13,
1567691123-32,https://www.dream11.com/kabaddi/create-team/1092/15139,"D Geon-Lee",MUM,RAI,37,13,
1567691123-33,https://www.dream11.com/kabaddi/create-team/1092/15139,"R Sriram",PUN,RAI,-2,12.5,
1567691123-34,https://www.dream11.com/kabaddi/create-team/1092/15139,"E Sedaghatnia",PUN,RAI,0,12.5,
1567691123-35,https://www.dream11.com/kabaddi/create-team/1092/15139,Gaurav-Kumar,MUM,RAI,0,12.5,
1567691123-36,https://www.dream11.com/kabaddi/create-team/1092/15139,"S Sail",PUN,RAI,24,12,Announced
1567691123-37,https://www.dream11.com/kabaddi/create-team/1092/15139,Navneet,MUM,RAI,0,12,
1567691123-38,https://www.dream11.com/kabaddi/create-team/1092/15139,Vinoth-Kumar,MUM,RAI,4,12,
1567691123-4,https://www.dream11.com/kabaddi/create-team/1092/15139,Surinder-Singh,MUM,DEF,220,14.5,Announced
1567691123-5,https://www.dream11.com/kabaddi/create-team/1092/15139,"J B Shahaji",PUN,DEF,103,13.5,Announced
1567691123-6,https://www.dream11.com/kabaddi/create-team/1092/15139,"S Shinde",PUN,DEF,97,13,Announced
1567691123-7,https://www.dream11.com/kabaddi/create-team/1092/15139,"H Tajik",PUN,DEF,40,13,
1567691123-8,https://www.dream11.com/kabaddi/create-team/1092/15139,"H Kumar",MUM,DEF,107,13,Announced
1567691123-9,https://www.dream11.com/kabaddi/create-team/1092/15139,"R Subramanian",MUM,DEF,16,13,
