﻿web-scraper-order,web-scraper-start-url,name,team,type,points,credits,announced
1567345534-1,https://www.dream11.com/kabaddi/create-team/1092/15133,Sumit,UP,DEF,238,14.5,Announced
1567345534-10,https://www.dream11.com/kabaddi/create-team/1092/15133,"A Nagar",UP,DEF,0,12.5,
1567345534-11,https://www.dream11.com/kabaddi/create-team/1092/15133,"N Narwal",BEN,DEF,33,11.5,
1567345534-12,https://www.dream11.com/kabaddi/create-team/1092/15133,Adarsh-T,BEN,DEF,17,11,
1567345534-13,https://www.dream11.com/kabaddi/create-team/1092/15133,Amit-I,BEN,DEF,2,10.5,
1567345534-14,https://www.dream11.com/kabaddi/create-team/1092/15133,Dharmendra-Singh,BEN,DEF,0,10,
1567345534-15,https://www.dream11.com/kabaddi/create-team/1092/15133,"M Esmaeil-Nabibakhsh",BEN,ALL,292,15,Announced
1567345534-16,https://www.dream11.com/kabaddi/create-team/1092/15133,"R Devadiga",UP,ALL,76,14,Announced
1567345534-17,https://www.dream11.com/kabaddi/create-team/1092/15133,Sachin-Kumar,UP,ALL,19,13.5,
1567345534-18,https://www.dream11.com/kabaddi/create-team/1092/15133,"M Maghsoudlou",UP,ALL,41,13.5,
1567345534-19,https://www.dream11.com/kabaddi/create-team/1092/15133,Narender,UP,ALL,-4,13,
1567345534-2,https://www.dream11.com/kabaddi/create-team/1092/15133,Baldev-Singh,BEN,DEF,219,14,Announced
1567345534-20,https://www.dream11.com/kabaddi/create-team/1092/15133,Avinash-AR,BEN,ALL,0,12,
1567345534-21,https://www.dream11.com/kabaddi/create-team/1092/15133,Gurdeep,UP,ALL,0,11.5,
1567345534-22,https://www.dream11.com/kabaddi/create-team/1092/15133,Arkam-Shaikh,UP,ALL,0,11.5,
1567345534-23,https://www.dream11.com/kabaddi/create-team/1092/15133,"S T Patil",BEN,ALL,0,11,
1567345534-24,https://www.dream11.com/kabaddi/create-team/1092/15133,"A S Dhumal",BEN,ALL,0,11,
1567345534-25,https://www.dream11.com/kabaddi/create-team/1092/15133,"S M Dubile",BEN,ALL,0,10.5,
1567345534-26,https://www.dream11.com/kabaddi/create-team/1092/15133,Maninder-Singh,BEN,RAI,391,16,Announced
1567345534-27,https://www.dream11.com/kabaddi/create-team/1092/15133,"K Prapanjan",BEN,RAI,326,15,Announced
1567345534-28,https://www.dream11.com/kabaddi/create-team/1092/15133,"S Jadhav",UP,RAI,209,15,Announced
1567345534-29,https://www.dream11.com/kabaddi/create-team/1092/15133,"M Goyat",UP,RAI,150,14.5,
1567345534-3,https://www.dream11.com/kabaddi/create-team/1092/15133,"R Narwal",BEN,DEF,238,14,Announced
1567345534-30,https://www.dream11.com/kabaddi/create-team/1092/15133,"R Kumawat",BEN,RAI,0,14,
1567345534-31,https://www.dream11.com/kabaddi/create-team/1092/15133,Surender-Singh,UP,RAI,24,14,
1567345534-32,https://www.dream11.com/kabaddi/create-team/1092/15133,"S Hegde",BEN,RAI,28,13.5,
1567345534-33,https://www.dream11.com/kabaddi/create-team/1092/15133,Surender-Gill,UP,RAI,100,13,Announced
1567345534-34,https://www.dream11.com/kabaddi/create-team/1092/15133,Azad-Singh,UP,RAI,11,13,
1567345534-35,https://www.dream11.com/kabaddi/create-team/1092/15133,"M M Karim",UP,RAI,0,12.5,
1567345534-36,https://www.dream11.com/kabaddi/create-team/1092/15133,"R Narwal",BEN,RAI,9,12,
1567345534-37,https://www.dream11.com/kabaddi/create-team/1092/15133,Ankush,UP,RAI,0,12,
1567345534-38,https://www.dream11.com/kabaddi/create-team/1092/15133,Gulveer-Singh,UP,RAI,0,11.5,
1567345534-39,https://www.dream11.com/kabaddi/create-team/1092/15133,"M T P Mahali",BEN,RAI,12,11,
1567345534-4,https://www.dream11.com/kabaddi/create-team/1092/15133,Jeeva-Kumar,BEN,DEF,185,14,Announced
1567345534-5,https://www.dream11.com/kabaddi/create-team/1092/15133,Nitesh-Kumar,UP,DEF,149,14,Announced
1567345534-6,https://www.dream11.com/kabaddi/create-team/1092/15133,Amit,UP,DEF,112,13.5,Announced
1567345534-7,https://www.dream11.com/kabaddi/create-team/1092/15133,"V Landge",BEN,DEF,68,13,
1567345534-8,https://www.dream11.com/kabaddi/create-team/1092/15133,"V Thangadurai",BEN,DEF,25,12.5,
1567345534-9,https://www.dream11.com/kabaddi/create-team/1092/15133,Ashu-Singh,UP,DEF,131,12.5,Announced
