﻿web-scraper-order,web-scraper-start-url,name,rank,team_id,matches,points
1567078252-1,https://www.prokabaddi.com/stats/49-97-raid-points-statistics,"Bengaluru Bulls",1,/static-assets/images/teams/small/1.png?v=6.08,11,211
1567078252-10,https://www.prokabaddi.com/stats/49-97-raid-points-statistics,"Tamil Thalaivas",10,/static-assets/images/teams/small/29.png?v=6.08,10,152
1567078252-11,https://www.prokabaddi.com/stats/49-97-raid-points-statistics,"Telugu Titans",11,/static-assets/images/teams/small/8.png?v=6.08,10,149
1567078252-12,https://www.prokabaddi.com/stats/49-97-raid-points-statistics,"Patna Pirates",12,/static-assets/images/teams/small/6.png?v=6.08,10,144
1567078256-13,https://www.prokabaddi.com/stats/49-140-avg-points-scored-statistics,"Bengaluru Bulls",1,/static-assets/images/teams/small/1.png?v=6.08,11,29.72
1567078256-14,https://www.prokabaddi.com/stats/49-140-avg-points-scored-statistics,"Bengal Warriors",2,/static-assets/images/teams/small/4.png?v=6.08,10,29.1
1567078256-15,https://www.prokabaddi.com/stats/49-140-avg-points-scored-statistics,"Dabang Delhi K.C.",3,/static-assets/images/teams/small/2.png?v=6.08,10,28.2
1567078256-16,https://www.prokabaddi.com/stats/49-140-avg-points-scored-statistics,"Haryana Steelers",4,/static-assets/images/teams/small/28.png?v=6.08,11,27.54
1567078256-17,https://www.prokabaddi.com/stats/49-140-avg-points-scored-statistics,"Puneri Paltan",5,/static-assets/images/teams/small/7.png?v=6.08,10,27
1567078256-18,https://www.prokabaddi.com/stats/49-140-avg-points-scored-statistics,"Gujarat Fortunegiants",6,/static-assets/images/teams/small/31.png?v=6.08,11,25.9
1567078256-19,https://www.prokabaddi.com/stats/49-140-avg-points-scored-statistics,"Jaipur Pink Panthers",7,/static-assets/images/teams/small/3.png?v=6.08,11,25.81
1567078252-2,https://www.prokabaddi.com/stats/49-97-raid-points-statistics,"Bengal Warriors",2,/static-assets/images/teams/small/4.png?v=6.08,10,197
1567078256-20,https://www.prokabaddi.com/stats/49-140-avg-points-scored-statistics,"Telugu Titans",8,/static-assets/images/teams/small/8.png?v=6.08,10,25.2
1567078256-21,https://www.prokabaddi.com/stats/49-140-avg-points-scored-statistics,"Tamil Thalaivas",9,/static-assets/images/teams/small/29.png?v=6.08,10,24.9
1567078256-22,https://www.prokabaddi.com/stats/49-140-avg-points-scored-statistics,"U Mumba",10,/static-assets/images/teams/small/5.png?v=6.08,11,24.45
1567078256-23,https://www.prokabaddi.com/stats/49-140-avg-points-scored-statistics,"Patna Pirates",11,/static-assets/images/teams/small/6.png?v=6.08,10,24.4
1567078256-24,https://www.prokabaddi.com/stats/49-140-avg-points-scored-statistics,"U.P. Yoddha",12,/static-assets/images/teams/small/30.png?v=6.08,11,24
1567078259-25,https://www.prokabaddi.com/stats/49-134-super-raid-statistics,"Bengal Warriors",1,/static-assets/images/teams/small/4.png?v=6.08,10,7
1567078259-26,https://www.prokabaddi.com/stats/49-134-super-raid-statistics,"Haryana Steelers",1,/static-assets/images/teams/small/28.png?v=6.08,11,7
1567078259-27,https://www.prokabaddi.com/stats/49-134-super-raid-statistics,"Bengaluru Bulls",3,/static-assets/images/teams/small/1.png?v=6.08,11,4
1567078259-28,https://www.prokabaddi.com/stats/49-134-super-raid-statistics,"Dabang Delhi K.C.",4,/static-assets/images/teams/small/2.png?v=6.08,10,3
1567078259-29,https://www.prokabaddi.com/stats/49-134-super-raid-statistics,"Tamil Thalaivas",4,/static-assets/images/teams/small/29.png?v=6.08,10,3
1567078252-3,https://www.prokabaddi.com/stats/49-97-raid-points-statistics,"Haryana Steelers",3,/static-assets/images/teams/small/28.png?v=6.08,11,196
1567078259-30,https://www.prokabaddi.com/stats/49-134-super-raid-statistics,"U Mumba",4,/static-assets/images/teams/small/5.png?v=6.08,11,3
1567078259-31,https://www.prokabaddi.com/stats/49-134-super-raid-statistics,"Patna Pirates",4,/static-assets/images/teams/small/6.png?v=6.08,10,3
1567078259-32,https://www.prokabaddi.com/stats/49-134-super-raid-statistics,"Jaipur Pink Panthers",8,/static-assets/images/teams/small/3.png?v=6.08,11,2
1567078259-33,https://www.prokabaddi.com/stats/49-134-super-raid-statistics,"Telugu Titans",8,/static-assets/images/teams/small/8.png?v=6.08,10,2
1567078259-34,https://www.prokabaddi.com/stats/49-134-super-raid-statistics,"Gujarat Fortunegiants",8,/static-assets/images/teams/small/31.png?v=6.08,11,2
1567078259-35,https://www.prokabaddi.com/stats/49-134-super-raid-statistics,"U.P. Yoddha",11,/static-assets/images/teams/small/30.png?v=6.08,11,1
1567078259-36,https://www.prokabaddi.com/stats/49-134-super-raid-statistics,"Puneri Paltan",11,/static-assets/images/teams/small/7.png?v=6.08,10,1
1567078262-37,https://www.prokabaddi.com/stats/49-15-successful-tackles-statistics,"Jaipur Pink Panthers",1,/static-assets/images/teams/small/3.png?v=6.08,11,112
1567078262-38,https://www.prokabaddi.com/stats/49-15-successful-tackles-statistics,"Gujarat Fortunegiants",2,/static-assets/images/teams/small/31.png?v=6.08,11,102
1567078262-39,https://www.prokabaddi.com/stats/49-15-successful-tackles-statistics,"Bengaluru Bulls",3,/static-assets/images/teams/small/1.png?v=6.08,11,101
1567078252-4,https://www.prokabaddi.com/stats/49-97-raid-points-statistics,"Dabang Delhi K.C.",4,/static-assets/images/teams/small/2.png?v=6.08,10,188
1567078262-40,https://www.prokabaddi.com/stats/49-15-successful-tackles-statistics,"U.P. Yoddha",4,/static-assets/images/teams/small/30.png?v=6.08,11,100
1567078262-41,https://www.prokabaddi.com/stats/49-15-successful-tackles-statistics,"Haryana Steelers",4,/static-assets/images/teams/small/28.png?v=6.08,11,100
1567078262-42,https://www.prokabaddi.com/stats/49-15-successful-tackles-statistics,"Puneri Paltan",6,/static-assets/images/teams/small/7.png?v=6.08,10,98
1567078262-43,https://www.prokabaddi.com/stats/49-15-successful-tackles-statistics,"Telugu Titans",7,/static-assets/images/teams/small/8.png?v=6.08,10,95
1567078262-44,https://www.prokabaddi.com/stats/49-15-successful-tackles-statistics,"Tamil Thalaivas",8,/static-assets/images/teams/small/29.png?v=6.08,10,93
1567078262-45,https://www.prokabaddi.com/stats/49-15-successful-tackles-statistics,"Dabang Delhi K.C.",9,/static-assets/images/teams/small/2.png?v=6.08,10,89
1567078262-46,https://www.prokabaddi.com/stats/49-15-successful-tackles-statistics,"Bengal Warriors",10,/static-assets/images/teams/small/4.png?v=6.08,10,88
1567078262-47,https://www.prokabaddi.com/stats/49-15-successful-tackles-statistics,"U Mumba",10,/static-assets/images/teams/small/5.png?v=6.08,11,88
1567078262-48,https://www.prokabaddi.com/stats/49-15-successful-tackles-statistics,"Patna Pirates",12,/static-assets/images/teams/small/6.png?v=6.08,10,87
1567078266-49,https://www.prokabaddi.com/stats/49-99-avg-tackle-points-statistics,"Jaipur Pink Panthers",1,/static-assets/images/teams/small/3.png?v=6.08,11,11.55
1567078252-5,https://www.prokabaddi.com/stats/49-97-raid-points-statistics,"Gujarat Fortunegiants",5,/static-assets/images/teams/small/31.png?v=6.08,11,172
1567078266-50,https://www.prokabaddi.com/stats/49-99-avg-tackle-points-statistics,"Puneri Paltan",2,/static-assets/images/teams/small/7.png?v=6.08,10,11.1
1567078266-51,https://www.prokabaddi.com/stats/49-99-avg-tackle-points-statistics,"Bengaluru Bulls",3,/static-assets/images/teams/small/1.png?v=6.08,11,10.55
1567078266-52,https://www.prokabaddi.com/stats/49-99-avg-tackle-points-statistics,"Telugu Titans",4,/static-assets/images/teams/small/8.png?v=6.08,10,10.3
1567078266-53,https://www.prokabaddi.com/stats/49-99-avg-tackle-points-statistics,"Gujarat Fortunegiants",5,/static-assets/images/teams/small/31.png?v=6.08,11,10.27
1567078266-54,https://www.prokabaddi.com/stats/49-99-avg-tackle-points-statistics,"Patna Pirates",6,/static-assets/images/teams/small/6.png?v=6.08,10,10
1567078266-55,https://www.prokabaddi.com/stats/49-99-avg-tackle-points-statistics,"U.P. Yoddha",7,/static-assets/images/teams/small/30.png?v=6.08,11,9.73
1567078266-56,https://www.prokabaddi.com/stats/49-99-avg-tackle-points-statistics,"Haryana Steelers",7,/static-assets/images/teams/small/28.png?v=6.08,11,9.73
1567078266-57,https://www.prokabaddi.com/stats/49-99-avg-tackle-points-statistics,"Tamil Thalaivas",9,/static-assets/images/teams/small/29.png?v=6.08,10,9.7
1567078266-58,https://www.prokabaddi.com/stats/49-99-avg-tackle-points-statistics,"Dabang Delhi K.C.",10,/static-assets/images/teams/small/2.png?v=6.08,10,9.4
1567078266-59,https://www.prokabaddi.com/stats/49-99-avg-tackle-points-statistics,"Bengal Warriors",10,/static-assets/images/teams/small/4.png?v=6.08,10,9.4
1567078252-6,https://www.prokabaddi.com/stats/49-97-raid-points-statistics,"U Mumba",6,/static-assets/images/teams/small/5.png?v=6.08,11,168
1567078266-60,https://www.prokabaddi.com/stats/49-99-avg-tackle-points-statistics,"U Mumba",12,/static-assets/images/teams/small/5.png?v=6.08,11,9.18
1567078252-7,https://www.prokabaddi.com/stats/49-97-raid-points-statistics,"Puneri Paltan",7,/static-assets/images/teams/small/7.png?v=6.08,10,159
1567078252-8,https://www.prokabaddi.com/stats/49-97-raid-points-statistics,"Jaipur Pink Panthers",8,/static-assets/images/teams/small/3.png?v=6.08,11,157
1567078252-9,https://www.prokabaddi.com/stats/49-97-raid-points-statistics,"U.P. Yoddha",8,/static-assets/images/teams/small/30.png?v=6.08,11,157
1567078270-61,https://www.prokabaddi.com/stats/49-96-total-points-scored-statistics,"Bengaluru Bulls",1,/static-assets/images/teams/small/1.png?v=6.08,11,368
1567078270-70,https://www.prokabaddi.com/stats/49-96-total-points-scored-statistics,"Tamil Thalaivas",10,/static-assets/images/teams/small/29.png?v=6.08,10,290
1567078270-71,https://www.prokabaddi.com/stats/49-96-total-points-scored-statistics,"Patna Pirates",11,/static-assets/images/teams/small/6.png?v=6.08,10,280
1567078270-72,https://www.prokabaddi.com/stats/49-96-total-points-scored-statistics,"Telugu Titans",12,/static-assets/images/teams/small/8.png?v=6.08,10,275
1567078273-73,https://www.prokabaddi.com/stats/49-133-total-points-conceded-statistics,"U.P. Yoddha",1,/static-assets/images/teams/small/30.png?v=6.08,11,363
1567078273-74,https://www.prokabaddi.com/stats/49-133-total-points-conceded-statistics,"Haryana Steelers",2,/static-assets/images/teams/small/28.png?v=6.08,11,351
1567078273-75,https://www.prokabaddi.com/stats/49-133-total-points-conceded-statistics,"Bengaluru Bulls",2,/static-assets/images/teams/small/1.png?v=6.08,11,351
1567078273-76,https://www.prokabaddi.com/stats/49-133-total-points-conceded-statistics,"U Mumba",4,/static-assets/images/teams/small/5.png?v=6.08,11,323
1567078273-77,https://www.prokabaddi.com/stats/49-133-total-points-conceded-statistics,"Puneri Paltan",5,/static-assets/images/teams/small/7.png?v=6.08,10,315
1567078273-78,https://www.prokabaddi.com/stats/49-133-total-points-conceded-statistics,"Gujarat Fortunegiants",5,/static-assets/images/teams/small/31.png?v=6.08,11,315
1567078273-79,https://www.prokabaddi.com/stats/49-133-total-points-conceded-statistics,"Telugu Titans",7,/static-assets/images/teams/small/8.png?v=6.08,10,308
1567078270-62,https://www.prokabaddi.com/stats/49-96-total-points-scored-statistics,"Bengal Warriors",2,/static-assets/images/teams/small/4.png?v=6.08,10,345
1567078273-80,https://www.prokabaddi.com/stats/49-133-total-points-conceded-statistics,"Patna Pirates",8,/static-assets/images/teams/small/6.png?v=6.08,10,307
1567078273-81,https://www.prokabaddi.com/stats/49-133-total-points-conceded-statistics,"Jaipur Pink Panthers",9,/static-assets/images/teams/small/3.png?v=6.08,11,291
1567078273-82,https://www.prokabaddi.com/stats/49-133-total-points-conceded-statistics,"Bengal Warriors",10,/static-assets/images/teams/small/4.png?v=6.08,10,287
1567078273-83,https://www.prokabaddi.com/stats/49-133-total-points-conceded-statistics,"Tamil Thalaivas",11,/static-assets/images/teams/small/29.png?v=6.08,10,284
1567078273-84,https://www.prokabaddi.com/stats/49-133-total-points-conceded-statistics,"Dabang Delhi K.C.",12,/static-assets/images/teams/small/2.png?v=6.08,10,280
1567078277-85,https://www.prokabaddi.com/stats/49-95-tackle-points-statistics,"Jaipur Pink Panthers",1,/static-assets/images/teams/small/3.png?v=6.08,11,127
1567078277-86,https://www.prokabaddi.com/stats/49-95-tackle-points-statistics,"Bengaluru Bulls",2,/static-assets/images/teams/small/1.png?v=6.08,11,116
1567078277-87,https://www.prokabaddi.com/stats/49-95-tackle-points-statistics,"Gujarat Fortunegiants",3,/static-assets/images/teams/small/31.png?v=6.08,11,113
1567078277-88,https://www.prokabaddi.com/stats/49-95-tackle-points-statistics,"Puneri Paltan",4,/static-assets/images/teams/small/7.png?v=6.08,10,111
1567078277-89,https://www.prokabaddi.com/stats/49-95-tackle-points-statistics,"U.P. Yoddha",5,/static-assets/images/teams/small/30.png?v=6.08,11,107
1567078270-63,https://www.prokabaddi.com/stats/49-96-total-points-scored-statistics,"Haryana Steelers",3,/static-assets/images/teams/small/28.png?v=6.08,11,344
1567078277-90,https://www.prokabaddi.com/stats/49-95-tackle-points-statistics,"Haryana Steelers",5,/static-assets/images/teams/small/28.png?v=6.08,11,107
1567078277-91,https://www.prokabaddi.com/stats/49-95-tackle-points-statistics,"Telugu Titans",7,/static-assets/images/teams/small/8.png?v=6.08,10,103
1567078277-92,https://www.prokabaddi.com/stats/49-95-tackle-points-statistics,"U Mumba",8,/static-assets/images/teams/small/5.png?v=6.08,11,101
1567078277-93,https://www.prokabaddi.com/stats/49-95-tackle-points-statistics,"Patna Pirates",9,/static-assets/images/teams/small/6.png?v=6.08,10,100
1567078277-94,https://www.prokabaddi.com/stats/49-95-tackle-points-statistics,"Tamil Thalaivas",10,/static-assets/images/teams/small/29.png?v=6.08,10,97
1567078277-95,https://www.prokabaddi.com/stats/49-95-tackle-points-statistics,"Dabang Delhi K.C.",11,/static-assets/images/teams/small/2.png?v=6.08,10,94
1567078277-96,https://www.prokabaddi.com/stats/49-95-tackle-points-statistics,"Bengal Warriors",11,/static-assets/images/teams/small/4.png?v=6.08,10,94
1567078284-97,https://www.prokabaddi.com/stats/49-135-do-or-die-raid-points-statistics,"Jaipur Pink Panthers",1,/static-assets/images/teams/small/3.png?v=6.08,11,43
1567078284-98,https://www.prokabaddi.com/stats/49-135-do-or-die-raid-points-statistics,"U Mumba",2,/static-assets/images/teams/small/5.png?v=6.08,11,42
1567078284-99,https://www.prokabaddi.com/stats/49-135-do-or-die-raid-points-statistics,"Puneri Paltan",2,/static-assets/images/teams/small/7.png?v=6.08,10,42
1567078270-64,https://www.prokabaddi.com/stats/49-96-total-points-scored-statistics,"Dabang Delhi K.C.",4,/static-assets/images/teams/small/2.png?v=6.08,10,337
1567078284-100,https://www.prokabaddi.com/stats/49-135-do-or-die-raid-points-statistics,"Haryana Steelers",4,/static-assets/images/teams/small/28.png?v=6.08,11,39
1567078284-101,https://www.prokabaddi.com/stats/49-135-do-or-die-raid-points-statistics,"U.P. Yoddha",5,/static-assets/images/teams/small/30.png?v=6.08,11,34
1567078284-102,https://www.prokabaddi.com/stats/49-135-do-or-die-raid-points-statistics,"Gujarat Fortunegiants",6,/static-assets/images/teams/small/31.png?v=6.08,11,33
1567078284-103,https://www.prokabaddi.com/stats/49-135-do-or-die-raid-points-statistics,"Tamil Thalaivas",7,/static-assets/images/teams/small/29.png?v=6.08,10,31
1567078284-104,https://www.prokabaddi.com/stats/49-135-do-or-die-raid-points-statistics,"Patna Pirates",8,/static-assets/images/teams/small/6.png?v=6.08,10,29
1567078284-105,https://www.prokabaddi.com/stats/49-135-do-or-die-raid-points-statistics,"Dabang Delhi K.C.",9,/static-assets/images/teams/small/2.png?v=6.08,10,28
1567078284-106,https://www.prokabaddi.com/stats/49-135-do-or-die-raid-points-statistics,"Telugu Titans",10,/static-assets/images/teams/small/8.png?v=6.08,10,26
1567078284-107,https://www.prokabaddi.com/stats/49-135-do-or-die-raid-points-statistics,"Bengal Warriors",11,/static-assets/images/teams/small/4.png?v=6.08,10,25
1567078284-108,https://www.prokabaddi.com/stats/49-135-do-or-die-raid-points-statistics,"Bengaluru Bulls",12,/static-assets/images/teams/small/1.png?v=6.08,11,20
1567078270-65,https://www.prokabaddi.com/stats/49-96-total-points-scored-statistics,"Jaipur Pink Panthers",5,/static-assets/images/teams/small/3.png?v=6.08,11,322
1567078270-66,https://www.prokabaddi.com/stats/49-96-total-points-scored-statistics,"Gujarat Fortunegiants",6,/static-assets/images/teams/small/31.png?v=6.08,11,319
1567078270-67,https://www.prokabaddi.com/stats/49-96-total-points-scored-statistics,"U Mumba",7,/static-assets/images/teams/small/5.png?v=6.08,11,312
1567078270-68,https://www.prokabaddi.com/stats/49-96-total-points-scored-statistics,"U.P. Yoddha",8,/static-assets/images/teams/small/30.png?v=6.08,11,292
1567078270-69,https://www.prokabaddi.com/stats/49-96-total-points-scored-statistics,"Puneri Paltan",9,/static-assets/images/teams/small/7.png?v=6.08,10,291
1567078287-109,https://www.prokabaddi.com/stats/49-20-super-tackles-statistics,"Bengaluru Bulls",1,/static-assets/images/teams/small/1.png?v=6.08,11,16
1567078287-118,https://www.prokabaddi.com/stats/49-20-super-tackles-statistics,"Bengal Warriors",9,/static-assets/images/teams/small/4.png?v=6.08,10,7
1567078287-119,https://www.prokabaddi.com/stats/49-20-super-tackles-statistics,"Dabang Delhi K.C.",11,/static-assets/images/teams/small/2.png?v=6.08,10,6
1567078287-120,https://www.prokabaddi.com/stats/49-20-super-tackles-statistics,"Tamil Thalaivas",11,/static-assets/images/teams/small/29.png?v=6.08,10,6
1567078291-121,https://www.prokabaddi.com/stats/49-13-successful-raids-statistics,"Bengaluru Bulls",1,/static-assets/images/teams/small/1.png?v=6.08,11,172
1567078291-122,https://www.prokabaddi.com/stats/49-13-successful-raids-statistics,"Bengal Warriors",2,/static-assets/images/teams/small/4.png?v=6.08,10,162
1567078291-123,https://www.prokabaddi.com/stats/49-13-successful-raids-statistics,"Dabang Delhi K.C.",3,/static-assets/images/teams/small/2.png?v=6.08,10,160
1567078291-124,https://www.prokabaddi.com/stats/49-13-successful-raids-statistics,"Haryana Steelers",4,/static-assets/images/teams/small/28.png?v=6.08,11,156
1567078291-125,https://www.prokabaddi.com/stats/49-13-successful-raids-statistics,"Gujarat Fortunegiants",5,/static-assets/images/teams/small/31.png?v=6.08,11,142
1567078291-126,https://www.prokabaddi.com/stats/49-13-successful-raids-statistics,"Puneri Paltan",6,/static-assets/images/teams/small/7.png?v=6.08,10,132
1567078291-127,https://www.prokabaddi.com/stats/49-13-successful-raids-statistics,"Jaipur Pink Panthers",6,/static-assets/images/teams/small/3.png?v=6.08,11,132
1567078287-110,https://www.prokabaddi.com/stats/49-20-super-tackles-statistics,"Jaipur Pink Panthers",2,/static-assets/images/teams/small/3.png?v=6.08,11,15
1567078291-128,https://www.prokabaddi.com/stats/49-13-successful-raids-statistics,"Telugu Titans",8,/static-assets/images/teams/small/8.png?v=6.08,10,131
1567078291-129,https://www.prokabaddi.com/stats/49-13-successful-raids-statistics,"U Mumba",9,/static-assets/images/teams/small/5.png?v=6.08,11,127
1567078291-130,https://www.prokabaddi.com/stats/49-13-successful-raids-statistics,"Patna Pirates",9,/static-assets/images/teams/small/6.png?v=6.08,10,127
1567078291-131,https://www.prokabaddi.com/stats/49-13-successful-raids-statistics,"Tamil Thalaivas",11,/static-assets/images/teams/small/29.png?v=6.08,10,124
1567078291-132,https://www.prokabaddi.com/stats/49-13-successful-raids-statistics,"U.P. Yoddha",12,/static-assets/images/teams/small/30.png?v=6.08,11,123
1567078294-133,https://www.prokabaddi.com/stats/49-98-avg-raid-points-statistics,"Bengal Warriors",1,/static-assets/images/teams/small/4.png?v=6.08,10,19.7
1567078294-134,https://www.prokabaddi.com/stats/49-98-avg-raid-points-statistics,"Bengaluru Bulls",2,/static-assets/images/teams/small/1.png?v=6.08,11,19.18
1567078294-135,https://www.prokabaddi.com/stats/49-98-avg-raid-points-statistics,"Dabang Delhi K.C.",3,/static-assets/images/teams/small/2.png?v=6.08,10,18.8
1567078294-136,https://www.prokabaddi.com/stats/49-98-avg-raid-points-statistics,"Haryana Steelers",4,/static-assets/images/teams/small/28.png?v=6.08,11,17.82
1567078294-137,https://www.prokabaddi.com/stats/49-98-avg-raid-points-statistics,"Puneri Paltan",5,/static-assets/images/teams/small/7.png?v=6.08,10,15.9
1567078287-111,https://www.prokabaddi.com/stats/49-20-super-tackles-statistics,"U Mumba",2,/static-assets/images/teams/small/5.png?v=6.08,11,15
1567078294-138,https://www.prokabaddi.com/stats/49-98-avg-raid-points-statistics,"Gujarat Fortunegiants",6,/static-assets/images/teams/small/31.png?v=6.08,11,15.64
1567078294-139,https://www.prokabaddi.com/stats/49-98-avg-raid-points-statistics,"U Mumba",7,/static-assets/images/teams/small/5.png?v=6.08,11,15.27
1567078294-140,https://www.prokabaddi.com/stats/49-98-avg-raid-points-statistics,"Tamil Thalaivas",8,/static-assets/images/teams/small/29.png?v=6.08,10,15.2
1567078294-141,https://www.prokabaddi.com/stats/49-98-avg-raid-points-statistics,"Telugu Titans",9,/static-assets/images/teams/small/8.png?v=6.08,10,14.9
1567078294-142,https://www.prokabaddi.com/stats/49-98-avg-raid-points-statistics,"Patna Pirates",10,/static-assets/images/teams/small/6.png?v=6.08,10,14.4
1567078294-143,https://www.prokabaddi.com/stats/49-98-avg-raid-points-statistics,"Jaipur Pink Panthers",11,/static-assets/images/teams/small/3.png?v=6.08,11,14.27
1567078294-144,https://www.prokabaddi.com/stats/49-98-avg-raid-points-statistics,"U.P. Yoddha",11,/static-assets/images/teams/small/30.png?v=6.08,11,14.27
1567078297-145,https://www.prokabaddi.com/stats/49-136-all-outs-inflicted-statistics,"Bengal Warriors",1,/static-assets/images/teams/small/4.png?v=6.08,10,17
1567078297-146,https://www.prokabaddi.com/stats/49-136-all-outs-inflicted-statistics,"Dabang Delhi K.C.",2,/static-assets/images/teams/small/2.png?v=6.08,10,15
1567078297-147,https://www.prokabaddi.com/stats/49-136-all-outs-inflicted-statistics,"Haryana Steelers",3,/static-assets/images/teams/small/28.png?v=6.08,11,13
1567078287-112,https://www.prokabaddi.com/stats/49-20-super-tackles-statistics,"Patna Pirates",4,/static-assets/images/teams/small/6.png?v=6.08,10,13
1567078297-148,https://www.prokabaddi.com/stats/49-136-all-outs-inflicted-statistics,"U Mumba",4,/static-assets/images/teams/small/5.png?v=6.08,11,12
1567078297-149,https://www.prokabaddi.com/stats/49-136-all-outs-inflicted-statistics,"Bengaluru Bulls",4,/static-assets/images/teams/small/1.png?v=6.08,11,12
1567078297-150,https://www.prokabaddi.com/stats/49-136-all-outs-inflicted-statistics,"Patna Pirates",6,/static-assets/images/teams/small/6.png?v=6.08,10,11
1567078297-151,https://www.prokabaddi.com/stats/49-136-all-outs-inflicted-statistics,"Jaipur Pink Panthers",6,/static-assets/images/teams/small/3.png?v=6.08,11,11
1567078297-152,https://www.prokabaddi.com/stats/49-136-all-outs-inflicted-statistics,"Tamil Thalaivas",8,/static-assets/images/teams/small/29.png?v=6.08,10,10
1567078297-153,https://www.prokabaddi.com/stats/49-136-all-outs-inflicted-statistics,"Gujarat Fortunegiants",8,/static-assets/images/teams/small/31.png?v=6.08,11,10
1567078297-154,https://www.prokabaddi.com/stats/49-136-all-outs-inflicted-statistics,"U.P. Yoddha",10,/static-assets/images/teams/small/30.png?v=6.08,11,8
1567078297-155,https://www.prokabaddi.com/stats/49-136-all-outs-inflicted-statistics,"Puneri Paltan",11,/static-assets/images/teams/small/7.png?v=6.08,10,6
1567078297-156,https://www.prokabaddi.com/stats/49-136-all-outs-inflicted-statistics,"Telugu Titans",12,/static-assets/images/teams/small/8.png?v=6.08,10,4
1567078287-113,https://www.prokabaddi.com/stats/49-20-super-tackles-statistics,"Puneri Paltan",4,/static-assets/images/teams/small/7.png?v=6.08,10,13
1567078287-114,https://www.prokabaddi.com/stats/49-20-super-tackles-statistics,"Gujarat Fortunegiants",6,/static-assets/images/teams/small/31.png?v=6.08,11,11
1567078287-115,https://www.prokabaddi.com/stats/49-20-super-tackles-statistics,"Telugu Titans",7,/static-assets/images/teams/small/8.png?v=6.08,10,9
1567078287-116,https://www.prokabaddi.com/stats/49-20-super-tackles-statistics,"U.P. Yoddha",8,/static-assets/images/teams/small/30.png?v=6.08,11,8
1567078287-117,https://www.prokabaddi.com/stats/49-20-super-tackles-statistics,"Haryana Steelers",9,/static-assets/images/teams/small/28.png?v=6.08,11,7
