﻿web-scraper-order,web-scraper-start-url,name,team,type,points,credits,announced
1567431928-1,https://www.dream11.com/kabaddi/create-team/1092/15135,"S Singh",PUN,DEF,169,14.5,Announced
1567431928-10,https://www.dream11.com/kabaddi/create-team/1092/15135,"J B Shahaji",PUN,DEF,103,12.5,Announced
1567431928-11,https://www.dream11.com/kabaddi/create-team/1092/15135,"D Yadav",PUN,DEF,7,12.5,
1567431928-12,https://www.dream11.com/kabaddi/create-team/1092/15135,Satpal,PUN,DEF,0,12.5,
1567431928-13,https://www.dream11.com/kabaddi/create-team/1092/15135,"S Sawant",PUN,DEF,48,11.5,
1567431928-14,https://www.dream11.com/kabaddi/create-team/1092/15135,"C Singh",HAR,DEF,29,11,
1567431928-15,https://www.dream11.com/kabaddi/create-team/1092/15135,"S Narwal",HAR,DEF,0,11,
1567431928-16,https://www.dream11.com/kabaddi/create-team/1092/15135,"V Kandola",HAR,DEF,4,11,
1567431928-17,https://www.dream11.com/kabaddi/create-team/1092/15135,Naveen-I,HAR,ALL,166,14.5,
1567431928-18,https://www.dream11.com/kabaddi/create-team/1092/15135,Manjeet,PUN,ALL,275,14.5,Announced
1567431928-19,https://www.dream11.com/kabaddi/create-team/1092/15135,"K Singh",HAR,ALL,48,13.5,
1567431928-2,https://www.dream11.com/kabaddi/create-team/1092/15135,"G M Ernak",PUN,DEF,113,14.5,
1567431928-20,https://www.dream11.com/kabaddi/create-team/1092/15135,"S Krishna",PUN,ALL,58,13,Announced
1567431928-21,https://www.dream11.com/kabaddi/create-team/1092/15135,Sandeep-Jr.,PUN,ALL,0,12.5,
1567431928-22,https://www.dream11.com/kabaddi/create-team/1092/15135,"P Tin",HAR,ALL,1,12,
1567431928-23,https://www.dream11.com/kabaddi/create-team/1092/15135,Amit-Kumar-Jr,PUN,ALL,17,11.5,
1567431928-24,https://www.dream11.com/kabaddi/create-team/1092/15135,"V Khandola",HAR,RAI,314,16,Announced
1567431928-25,https://www.dream11.com/kabaddi/create-team/1092/15135,"P Kumar-Kadian",PUN,RAI,80,15.5,
1567431928-26,https://www.dream11.com/kabaddi/create-team/1092/15135,"N Tomar",PUN,RAI,87,15,Announced
1567431928-27,https://www.dream11.com/kabaddi/create-team/1092/15135,Vinay,HAR,RAI,223,14.5,Announced
1567431928-28,https://www.dream11.com/kabaddi/create-team/1092/15135,"D Kadian",PUN,RAI,3,14,
1567431928-29,https://www.dream11.com/kabaddi/create-team/1092/15135,"P Kumar-Rai",HAR,RAI,90,13.5,Announced
1567431928-3,https://www.dream11.com/kabaddi/create-team/1092/15135,Sunil,HAR,DEF,162,14,Announced
1567431928-30,https://www.dream11.com/kabaddi/create-team/1092/15135,"K Selvamani",HAR,RAI,48,13,
1567431928-31,https://www.dream11.com/kabaddi/create-team/1092/15135,"A Kumar.Sr",PUN,RAI,144,13,Announced
1567431928-32,https://www.dream11.com/kabaddi/create-team/1092/15135,Arun-Kumar,HAR,RAI,5,12.5,
1567431928-33,https://www.dream11.com/kabaddi/create-team/1092/15135,"R Sriram",PUN,RAI,-2,12.5,
1567431928-34,https://www.dream11.com/kabaddi/create-team/1092/15135,"E Sedaghatnia",PUN,RAI,0,12.5,
1567431928-35,https://www.dream11.com/kabaddi/create-team/1092/15135,"S Sail",PUN,RAI,23,12,
1567431928-36,https://www.dream11.com/kabaddi/create-team/1092/15135,"V Chhillar",HAR,RAI,0,11.5,
1567431928-37,https://www.dream11.com/kabaddi/create-team/1092/15135,"P Mohite",PUN,RAI,151,11.5,
1567431928-38,https://www.dream11.com/kabaddi/create-team/1092/15135,"A M Maleki",HAR,RAI,0,10,
1567431928-4,https://www.dream11.com/kabaddi/create-team/1092/15135,"D Cheralathan",HAR,DEF,169,14,Announced
1567431928-5,https://www.dream11.com/kabaddi/create-team/1092/15135,"V Kale",HAR,DEF,151,13.5,Announced
1567431928-6,https://www.dream11.com/kabaddi/create-team/1092/15135,Ravi-Kumar,HAR,DEF,126,13.5,Announced
1567431928-7,https://www.dream11.com/kabaddi/create-team/1092/15135,Parveen,HAR,DEF,39,13,
1567431928-8,https://www.dream11.com/kabaddi/create-team/1092/15135,"S Shinde",PUN,DEF,87,13,Announced
1567431928-9,https://www.dream11.com/kabaddi/create-team/1092/15135,"H Tajik",PUN,DEF,40,13,
