﻿web-scraper-order,web-scraper-start-url,name,rank,team_id,matches,points
1565782272-1,https://www.prokabaddi.com/stats/49-97-raid-points-statistics,"Bengaluru Bulls",1,/static-assets/images/teams/small/1.png?v=6.08,7,140
1565782272-10,https://www.prokabaddi.com/stats/49-97-raid-points-statistics,"Tamil Thalaivas",10,/static-assets/images/teams/small/29.png?v=6.08,6,89
1565782272-11,https://www.prokabaddi.com/stats/49-97-raid-points-statistics,"Jaipur Pink Panthers",11,/static-assets/images/teams/small/3.png?v=6.08,5,85
1565782272-12,https://www.prokabaddi.com/stats/49-97-raid-points-statistics,"U.P. Yoddha",12,/static-assets/images/teams/small/30.png?v=6.08,7,80
1565782275-13,https://www.prokabaddi.com/stats/49-140-avg-points-scored-statistics,"Bengaluru Bulls",1,/static-assets/images/teams/small/1.png?v=6.08,7,30.57
1565782275-14,https://www.prokabaddi.com/stats/49-140-avg-points-scored-statistics,"Bengal Warriors",2,/static-assets/images/teams/small/4.png?v=6.08,6,30.33
1565782275-15,https://www.prokabaddi.com/stats/49-140-avg-points-scored-statistics,"Jaipur Pink Panthers",3,/static-assets/images/teams/small/3.png?v=6.08,5,28
1565782275-16,https://www.prokabaddi.com/stats/49-140-avg-points-scored-statistics,"Gujarat Fortunegiants",4,/static-assets/images/teams/small/31.png?v=6.08,7,27.28
1565782275-17,https://www.prokabaddi.com/stats/49-140-avg-points-scored-statistics,"Puneri Paltan",5,/static-assets/images/teams/small/7.png?v=6.08,6,27
1565782275-18,https://www.prokabaddi.com/stats/49-140-avg-points-scored-statistics,"Dabang Delhi K.C.",5,/static-assets/images/teams/small/2.png?v=6.08,6,27
1565782275-19,https://www.prokabaddi.com/stats/49-140-avg-points-scored-statistics,"Tamil Thalaivas",7,/static-assets/images/teams/small/29.png?v=6.08,6,26.33
1565782272-2,https://www.prokabaddi.com/stats/49-97-raid-points-statistics,"Bengal Warriors",2,/static-assets/images/teams/small/4.png?v=6.08,6,118
1565782275-20,https://www.prokabaddi.com/stats/49-140-avg-points-scored-statistics,"Haryana Steelers",8,/static-assets/images/teams/small/28.png?v=6.08,6,26
1565782275-21,https://www.prokabaddi.com/stats/49-140-avg-points-scored-statistics,"Patna Pirates",9,/static-assets/images/teams/small/6.png?v=6.08,7,24.57
1565782275-22,https://www.prokabaddi.com/stats/49-140-avg-points-scored-statistics,"Telugu Titans",10,/static-assets/images/teams/small/8.png?v=6.08,8,24.25
1565782275-23,https://www.prokabaddi.com/stats/49-140-avg-points-scored-statistics,"U Mumba",11,/static-assets/images/teams/small/5.png?v=6.08,7,23.71
1565782275-24,https://www.prokabaddi.com/stats/49-140-avg-points-scored-statistics,"U.P. Yoddha",12,/static-assets/images/teams/small/30.png?v=6.08,7,21
1565782278-25,https://www.prokabaddi.com/stats/49-134-super-raid-statistics,"Bengal Warriors",1,/static-assets/images/teams/small/4.png?v=6.08,6,5
1565782278-26,https://www.prokabaddi.com/stats/49-134-super-raid-statistics,"Bengaluru Bulls",2,/static-assets/images/teams/small/1.png?v=6.08,7,3
1565782278-27,https://www.prokabaddi.com/stats/49-134-super-raid-statistics,"Dabang Delhi K.C.",3,/static-assets/images/teams/small/2.png?v=6.08,6,2
1565782278-28,https://www.prokabaddi.com/stats/49-134-super-raid-statistics,"U Mumba",3,/static-assets/images/teams/small/5.png?v=6.08,7,2
1565782278-29,https://www.prokabaddi.com/stats/49-134-super-raid-statistics,"Patna Pirates",3,/static-assets/images/teams/small/6.png?v=6.08,7,2
1565782272-3,https://www.prokabaddi.com/stats/49-97-raid-points-statistics,"Gujarat Fortunegiants",3,/static-assets/images/teams/small/31.png?v=6.08,7,117
1565782278-30,https://www.prokabaddi.com/stats/49-134-super-raid-statistics,"Telugu Titans",3,/static-assets/images/teams/small/8.png?v=6.08,8,2
1565782278-31,https://www.prokabaddi.com/stats/49-134-super-raid-statistics,"Haryana Steelers",3,/static-assets/images/teams/small/28.png?v=6.08,6,2
1565782278-32,https://www.prokabaddi.com/stats/49-134-super-raid-statistics,"Tamil Thalaivas",3,/static-assets/images/teams/small/29.png?v=6.08,6,2
1565782278-33,https://www.prokabaddi.com/stats/49-134-super-raid-statistics,"Gujarat Fortunegiants",3,/static-assets/images/teams/small/31.png?v=6.08,7,2
1565782278-34,https://www.prokabaddi.com/stats/49-134-super-raid-statistics,"Puneri Paltan",10,/static-assets/images/teams/small/7.png?v=6.08,6,1
1565782278-35,https://www.prokabaddi.com/stats/49-134-super-raid-statistics,"Jaipur Pink Panthers",10,/static-assets/images/teams/small/3.png?v=6.08,5,1
1565782281-36,https://www.prokabaddi.com/stats/49-15-successful-tackles-statistics,"Telugu Titans",1,/static-assets/images/teams/small/8.png?v=6.08,8,73
1565782281-37,https://www.prokabaddi.com/stats/49-15-successful-tackles-statistics,"Gujarat Fortunegiants",2,/static-assets/images/teams/small/31.png?v=6.08,7,70
1565782281-38,https://www.prokabaddi.com/stats/49-15-successful-tackles-statistics,"Patna Pirates",3,/static-assets/images/teams/small/6.png?v=6.08,7,67
1565782281-39,https://www.prokabaddi.com/stats/49-15-successful-tackles-statistics,"Tamil Thalaivas",4,/static-assets/images/teams/small/29.png?v=6.08,6,65
1565782272-4,https://www.prokabaddi.com/stats/49-97-raid-points-statistics,"Telugu Titans",4,/static-assets/images/teams/small/8.png?v=6.08,8,116
1565782281-40,https://www.prokabaddi.com/stats/49-15-successful-tackles-statistics,"U.P. Yoddha",5,/static-assets/images/teams/small/30.png?v=6.08,7,62
1565782281-41,https://www.prokabaddi.com/stats/49-15-successful-tackles-statistics,"Bengaluru Bulls",6,/static-assets/images/teams/small/1.png?v=6.08,7,60
1565782281-42,https://www.prokabaddi.com/stats/49-15-successful-tackles-statistics,"Bengal Warriors",7,/static-assets/images/teams/small/4.png?v=6.08,6,59
1565782281-43,https://www.prokabaddi.com/stats/49-15-successful-tackles-statistics,"Puneri Paltan",7,/static-assets/images/teams/small/7.png?v=6.08,6,59
1565782281-44,https://www.prokabaddi.com/stats/49-15-successful-tackles-statistics,"Haryana Steelers",9,/static-assets/images/teams/small/28.png?v=6.08,6,57
1565782281-45,https://www.prokabaddi.com/stats/49-15-successful-tackles-statistics,"U Mumba",9,/static-assets/images/teams/small/5.png?v=6.08,7,57
1565782281-46,https://www.prokabaddi.com/stats/49-15-successful-tackles-statistics,"Jaipur Pink Panthers",11,/static-assets/images/teams/small/3.png?v=6.08,5,53
1565782281-47,https://www.prokabaddi.com/stats/49-15-successful-tackles-statistics,"Dabang Delhi K.C.",12,/static-assets/images/teams/small/2.png?v=6.08,6,47
1565782283-48,https://www.prokabaddi.com/stats/49-99-avg-tackle-points-statistics,"Tamil Thalaivas",1,/static-assets/images/teams/small/29.png?v=6.08,6,11.5
1565782283-49,https://www.prokabaddi.com/stats/49-99-avg-tackle-points-statistics,"Puneri Paltan",2,/static-assets/images/teams/small/7.png?v=6.08,6,11.17
1565782272-5,https://www.prokabaddi.com/stats/49-97-raid-points-statistics,"Dabang Delhi K.C.",5,/static-assets/images/teams/small/2.png?v=6.08,6,111
1565782283-50,https://www.prokabaddi.com/stats/49-99-avg-tackle-points-statistics,"Patna Pirates",3,/static-assets/images/teams/small/6.png?v=6.08,7,11
1565782283-51,https://www.prokabaddi.com/stats/49-99-avg-tackle-points-statistics,"Jaipur Pink Panthers",3,/static-assets/images/teams/small/3.png?v=6.08,5,11
1565782283-52,https://www.prokabaddi.com/stats/49-99-avg-tackle-points-statistics,"Bengal Warriors",5,/static-assets/images/teams/small/4.png?v=6.08,6,10.67
1565782283-53,https://www.prokabaddi.com/stats/49-99-avg-tackle-points-statistics,"Bengaluru Bulls",6,/static-assets/images/teams/small/1.png?v=6.08,7,10.57
1565782283-54,https://www.prokabaddi.com/stats/49-99-avg-tackle-points-statistics,"Gujarat Fortunegiants",6,/static-assets/images/teams/small/31.png?v=6.08,7,10.57
1565782283-55,https://www.prokabaddi.com/stats/49-99-avg-tackle-points-statistics,"Haryana Steelers",8,/static-assets/images/teams/small/28.png?v=6.08,6,10.17
1565782283-56,https://www.prokabaddi.com/stats/49-99-avg-tackle-points-statistics,"Telugu Titans",9,/static-assets/images/teams/small/8.png?v=6.08,8,9.75
1565782283-57,https://www.prokabaddi.com/stats/49-99-avg-tackle-points-statistics,"U.P. Yoddha",10,/static-assets/images/teams/small/30.png?v=6.08,7,9.57
1565782283-58,https://www.prokabaddi.com/stats/49-99-avg-tackle-points-statistics,"U Mumba",11,/static-assets/images/teams/small/5.png?v=6.08,7,9.14
1565782283-59,https://www.prokabaddi.com/stats/49-99-avg-tackle-points-statistics,"Dabang Delhi K.C.",12,/static-assets/images/teams/small/2.png?v=6.08,6,8.5
1565782272-6,https://www.prokabaddi.com/stats/49-97-raid-points-statistics,"U Mumba",6,/static-assets/images/teams/small/5.png?v=6.08,7,102
1565782272-7,https://www.prokabaddi.com/stats/49-97-raid-points-statistics,"Patna Pirates",7,/static-assets/images/teams/small/6.png?v=6.08,7,95
1565782272-8,https://www.prokabaddi.com/stats/49-97-raid-points-statistics,"Puneri Paltan",7,/static-assets/images/teams/small/7.png?v=6.08,6,95
1565782272-9,https://www.prokabaddi.com/stats/49-97-raid-points-statistics,"Haryana Steelers",7,/static-assets/images/teams/small/28.png?v=6.08,6,95
1565782286-60,https://www.prokabaddi.com/stats/49-96-total-points-scored-statistics,"Bengaluru Bulls",1,/static-assets/images/teams/small/1.png?v=6.08,7,241
1565782286-69,https://www.prokabaddi.com/stats/49-96-total-points-scored-statistics,"Haryana Steelers",10,/static-assets/images/teams/small/28.png?v=6.08,6,172
1565782286-70,https://www.prokabaddi.com/stats/49-96-total-points-scored-statistics,"U.P. Yoddha",11,/static-assets/images/teams/small/30.png?v=6.08,7,166
1565782286-71,https://www.prokabaddi.com/stats/49-96-total-points-scored-statistics,"Jaipur Pink Panthers",12,/static-assets/images/teams/small/3.png?v=6.08,5,164
1565782289-72,https://www.prokabaddi.com/stats/49-133-total-points-conceded-statistics,"Telugu Titans",1,/static-assets/images/teams/small/8.png?v=6.08,8,258
1565782289-73,https://www.prokabaddi.com/stats/49-133-total-points-conceded-statistics,"U.P. Yoddha",2,/static-assets/images/teams/small/30.png?v=6.08,7,237
1565782289-74,https://www.prokabaddi.com/stats/49-133-total-points-conceded-statistics,"Bengaluru Bulls",3,/static-assets/images/teams/small/1.png?v=6.08,7,236
1565782289-75,https://www.prokabaddi.com/stats/49-133-total-points-conceded-statistics,"Patna Pirates",4,/static-assets/images/teams/small/6.png?v=6.08,7,209
1565782289-76,https://www.prokabaddi.com/stats/49-133-total-points-conceded-statistics,"U Mumba",5,/static-assets/images/teams/small/5.png?v=6.08,7,199
1565782289-77,https://www.prokabaddi.com/stats/49-133-total-points-conceded-statistics,"Gujarat Fortunegiants",6,/static-assets/images/teams/small/31.png?v=6.08,7,198
1565782289-78,https://www.prokabaddi.com/stats/49-133-total-points-conceded-statistics,"Puneri Paltan",7,/static-assets/images/teams/small/7.png?v=6.08,6,193
1565782286-61,https://www.prokabaddi.com/stats/49-96-total-points-scored-statistics,"Gujarat Fortunegiants",2,/static-assets/images/teams/small/31.png?v=6.08,7,220
1565782289-79,https://www.prokabaddi.com/stats/49-133-total-points-conceded-statistics,"Haryana Steelers",7,/static-assets/images/teams/small/28.png?v=6.08,6,193
1565782289-80,https://www.prokabaddi.com/stats/49-133-total-points-conceded-statistics,"Bengal Warriors",9,/static-assets/images/teams/small/4.png?v=6.08,6,169
1565782289-81,https://www.prokabaddi.com/stats/49-133-total-points-conceded-statistics,"Dabang Delhi K.C.",10,/static-assets/images/teams/small/2.png?v=6.08,6,168
1565782289-82,https://www.prokabaddi.com/stats/49-133-total-points-conceded-statistics,"Tamil Thalaivas",11,/static-assets/images/teams/small/29.png?v=6.08,6,164
1565782289-83,https://www.prokabaddi.com/stats/49-133-total-points-conceded-statistics,"Jaipur Pink Panthers",12,/static-assets/images/teams/small/3.png?v=6.08,5,125
1565782292-84,https://www.prokabaddi.com/stats/49-95-tackle-points-statistics,"Telugu Titans",1,/static-assets/images/teams/small/8.png?v=6.08,8,78
1565782292-85,https://www.prokabaddi.com/stats/49-95-tackle-points-statistics,"Patna Pirates",2,/static-assets/images/teams/small/6.png?v=6.08,7,77
1565782292-86,https://www.prokabaddi.com/stats/49-95-tackle-points-statistics,"Bengaluru Bulls",3,/static-assets/images/teams/small/1.png?v=6.08,7,74
1565782292-87,https://www.prokabaddi.com/stats/49-95-tackle-points-statistics,"Gujarat Fortunegiants",3,/static-assets/images/teams/small/31.png?v=6.08,7,74
1565782292-88,https://www.prokabaddi.com/stats/49-95-tackle-points-statistics,"Tamil Thalaivas",5,/static-assets/images/teams/small/29.png?v=6.08,6,69
1565782286-62,https://www.prokabaddi.com/stats/49-96-total-points-scored-statistics,"Bengal Warriors",3,/static-assets/images/teams/small/4.png?v=6.08,6,219
1565782292-89,https://www.prokabaddi.com/stats/49-95-tackle-points-statistics,"U.P. Yoddha",6,/static-assets/images/teams/small/30.png?v=6.08,7,67
1565782292-90,https://www.prokabaddi.com/stats/49-95-tackle-points-statistics,"Puneri Paltan",6,/static-assets/images/teams/small/7.png?v=6.08,6,67
1565782292-91,https://www.prokabaddi.com/stats/49-95-tackle-points-statistics,"Bengal Warriors",8,/static-assets/images/teams/small/4.png?v=6.08,6,64
1565782292-92,https://www.prokabaddi.com/stats/49-95-tackle-points-statistics,"U Mumba",8,/static-assets/images/teams/small/5.png?v=6.08,7,64
1565782292-93,https://www.prokabaddi.com/stats/49-95-tackle-points-statistics,"Haryana Steelers",10,/static-assets/images/teams/small/28.png?v=6.08,6,61
1565782292-94,https://www.prokabaddi.com/stats/49-95-tackle-points-statistics,"Jaipur Pink Panthers",11,/static-assets/images/teams/small/3.png?v=6.08,5,55
1565782292-95,https://www.prokabaddi.com/stats/49-95-tackle-points-statistics,"Dabang Delhi K.C.",12,/static-assets/images/teams/small/2.png?v=6.08,6,51
1565782295-96,https://www.prokabaddi.com/stats/49-136-all-outs-inflicted-statistics,"Bengal Warriors",1,/static-assets/images/teams/small/4.png?v=6.08,6,12
1565782295-97,https://www.prokabaddi.com/stats/49-136-all-outs-inflicted-statistics,"U Mumba",2,/static-assets/images/teams/small/5.png?v=6.08,7,9
1565782295-98,https://www.prokabaddi.com/stats/49-136-all-outs-inflicted-statistics,"Gujarat Fortunegiants",2,/static-assets/images/teams/small/31.png?v=6.08,7,9
1565782286-63,https://www.prokabaddi.com/stats/49-96-total-points-scored-statistics,"Telugu Titans",4,/static-assets/images/teams/small/8.png?v=6.08,8,211
1565782295-99,https://www.prokabaddi.com/stats/49-136-all-outs-inflicted-statistics,"Tamil Thalaivas",4,/static-assets/images/teams/small/29.png?v=6.08,6,8
1565782295-100,https://www.prokabaddi.com/stats/49-136-all-outs-inflicted-statistics,"Patna Pirates",4,/static-assets/images/teams/small/6.png?v=6.08,7,8
1565782295-101,https://www.prokabaddi.com/stats/49-136-all-outs-inflicted-statistics,"Dabang Delhi K.C.",4,/static-assets/images/teams/small/2.png?v=6.08,6,8
1565782295-102,https://www.prokabaddi.com/stats/49-136-all-outs-inflicted-statistics,"Jaipur Pink Panthers",4,/static-assets/images/teams/small/3.png?v=6.08,5,8
1565782295-103,https://www.prokabaddi.com/stats/49-136-all-outs-inflicted-statistics,"Bengaluru Bulls",8,/static-assets/images/teams/small/1.png?v=6.08,7,7
1565782295-104,https://www.prokabaddi.com/stats/49-136-all-outs-inflicted-statistics,"Haryana Steelers",9,/static-assets/images/teams/small/28.png?v=6.08,6,6
1565782295-105,https://www.prokabaddi.com/stats/49-136-all-outs-inflicted-statistics,"U.P. Yoddha",10,/static-assets/images/teams/small/30.png?v=6.08,7,4
1565782295-106,https://www.prokabaddi.com/stats/49-136-all-outs-inflicted-statistics,"Puneri Paltan",11,/static-assets/images/teams/small/7.png?v=6.08,6,3
1565782295-107,https://www.prokabaddi.com/stats/49-136-all-outs-inflicted-statistics,"Telugu Titans",12,/static-assets/images/teams/small/8.png?v=6.08,8,2
1565782297-108,https://www.prokabaddi.com/stats/49-135-do-or-die-raid-points-statistics,"U Mumba",1,/static-assets/images/teams/small/5.png?v=6.08,7,27
1565782286-64,https://www.prokabaddi.com/stats/49-96-total-points-scored-statistics,"Dabang Delhi K.C.",5,/static-assets/images/teams/small/2.png?v=6.08,6,198
1565782297-109,https://www.prokabaddi.com/stats/49-135-do-or-die-raid-points-statistics,"Puneri Paltan",2,/static-assets/images/teams/small/7.png?v=6.08,6,23
1565782297-110,https://www.prokabaddi.com/stats/49-135-do-or-die-raid-points-statistics,"Gujarat Fortunegiants",2,/static-assets/images/teams/small/31.png?v=6.08,7,23
1565782297-111,https://www.prokabaddi.com/stats/49-135-do-or-die-raid-points-statistics,"Patna Pirates",4,/static-assets/images/teams/small/6.png?v=6.08,7,22
1565782297-112,https://www.prokabaddi.com/stats/49-135-do-or-die-raid-points-statistics,"Jaipur Pink Panthers",5,/static-assets/images/teams/small/3.png?v=6.08,5,21
1565782297-113,https://www.prokabaddi.com/stats/49-135-do-or-die-raid-points-statistics,"Haryana Steelers",5,/static-assets/images/teams/small/28.png?v=6.08,6,21
1565782297-114,https://www.prokabaddi.com/stats/49-135-do-or-die-raid-points-statistics,"Tamil Thalaivas",5,/static-assets/images/teams/small/29.png?v=6.08,6,21
1565782297-115,https://www.prokabaddi.com/stats/49-135-do-or-die-raid-points-statistics,"U.P. Yoddha",8,/static-assets/images/teams/small/30.png?v=6.08,7,16
1565782297-116,https://www.prokabaddi.com/stats/49-135-do-or-die-raid-points-statistics,"Telugu Titans",9,/static-assets/images/teams/small/8.png?v=6.08,8,15
1565782297-117,https://www.prokabaddi.com/stats/49-135-do-or-die-raid-points-statistics,"Bengal Warriors",10,/static-assets/images/teams/small/4.png?v=6.08,6,13
1565782297-118,https://www.prokabaddi.com/stats/49-135-do-or-die-raid-points-statistics,"Dabang Delhi K.C.",10,/static-assets/images/teams/small/2.png?v=6.08,6,13
1565782286-65,https://www.prokabaddi.com/stats/49-96-total-points-scored-statistics,"U Mumba",5,/static-assets/images/teams/small/5.png?v=6.08,7,198
1565782297-119,https://www.prokabaddi.com/stats/49-135-do-or-die-raid-points-statistics,"Bengaluru Bulls",12,/static-assets/images/teams/small/1.png?v=6.08,7,12
1565782286-66,https://www.prokabaddi.com/stats/49-96-total-points-scored-statistics,"Patna Pirates",5,/static-assets/images/teams/small/6.png?v=6.08,7,198
1565782286-67,https://www.prokabaddi.com/stats/49-96-total-points-scored-statistics,"Tamil Thalaivas",8,/static-assets/images/teams/small/29.png?v=6.08,6,188
1565782286-68,https://www.prokabaddi.com/stats/49-96-total-points-scored-statistics,"Puneri Paltan",9,/static-assets/images/teams/small/7.png?v=6.08,6,174
1565782301-120,https://www.prokabaddi.com/stats/49-20-super-tackles-statistics,"Bengaluru Bulls",1,/static-assets/images/teams/small/1.png?v=6.08,7,15
1565782301-129,https://www.prokabaddi.com/stats/49-20-super-tackles-statistics,"Haryana Steelers",10,/static-assets/images/teams/small/28.png?v=6.08,6,4
1565782301-130,https://www.prokabaddi.com/stats/49-20-super-tackles-statistics,"Gujarat Fortunegiants",10,/static-assets/images/teams/small/31.png?v=6.08,7,4
1565782301-131,https://www.prokabaddi.com/stats/49-20-super-tackles-statistics,"Jaipur Pink Panthers",12,/static-assets/images/teams/small/3.png?v=6.08,5,2
1565782303-132,https://www.prokabaddi.com/stats/49-13-successful-raids-statistics,"Bengaluru Bulls",1,/static-assets/images/teams/small/1.png?v=6.08,7,111
1565782303-133,https://www.prokabaddi.com/stats/49-13-successful-raids-statistics,"Telugu Titans",2,/static-assets/images/teams/small/8.png?v=6.08,8,101
1565782303-134,https://www.prokabaddi.com/stats/49-13-successful-raids-statistics,"Dabang Delhi K.C.",3,/static-assets/images/teams/small/2.png?v=6.08,6,97
1565782303-135,https://www.prokabaddi.com/stats/49-13-successful-raids-statistics,"Bengal Warriors",4,/static-assets/images/teams/small/4.png?v=6.08,6,94
1565782303-136,https://www.prokabaddi.com/stats/49-13-successful-raids-statistics,"Gujarat Fortunegiants",4,/static-assets/images/teams/small/31.png?v=6.08,7,94
1565782303-137,https://www.prokabaddi.com/stats/49-13-successful-raids-statistics,"Patna Pirates",6,/static-assets/images/teams/small/6.png?v=6.08,7,85
1565782303-138,https://www.prokabaddi.com/stats/49-13-successful-raids-statistics,"U Mumba",7,/static-assets/images/teams/small/5.png?v=6.08,7,78
1565782301-121,https://www.prokabaddi.com/stats/49-20-super-tackles-statistics,"Patna Pirates",2,/static-assets/images/teams/small/6.png?v=6.08,7,10
1565782303-139,https://www.prokabaddi.com/stats/49-13-successful-raids-statistics,"Puneri Paltan",8,/static-assets/images/teams/small/7.png?v=6.08,6,77
1565782303-140,https://www.prokabaddi.com/stats/49-13-successful-raids-statistics,"Haryana Steelers",9,/static-assets/images/teams/small/28.png?v=6.08,6,74
1565782303-141,https://www.prokabaddi.com/stats/49-13-successful-raids-statistics,"Tamil Thalaivas",10,/static-assets/images/teams/small/29.png?v=6.08,6,72
1565782303-142,https://www.prokabaddi.com/stats/49-13-successful-raids-statistics,"U.P. Yoddha",11,/static-assets/images/teams/small/30.png?v=6.08,7,68
1565782303-143,https://www.prokabaddi.com/stats/49-13-successful-raids-statistics,"Jaipur Pink Panthers",11,/static-assets/images/teams/small/3.png?v=6.08,5,68
1565782306-144,https://www.prokabaddi.com/stats/49-98-avg-raid-points-statistics,"Bengaluru Bulls",1,/static-assets/images/teams/small/1.png?v=6.08,7,20
1565782306-145,https://www.prokabaddi.com/stats/49-98-avg-raid-points-statistics,"Bengal Warriors",2,/static-assets/images/teams/small/4.png?v=6.08,6,19.67
1565782306-146,https://www.prokabaddi.com/stats/49-98-avg-raid-points-statistics,"Dabang Delhi K.C.",3,/static-assets/images/teams/small/2.png?v=6.08,6,18.5
1565782306-147,https://www.prokabaddi.com/stats/49-98-avg-raid-points-statistics,"Jaipur Pink Panthers",4,/static-assets/images/teams/small/3.png?v=6.08,5,17
1565782306-148,https://www.prokabaddi.com/stats/49-98-avg-raid-points-statistics,"Gujarat Fortunegiants",5,/static-assets/images/teams/small/31.png?v=6.08,7,16.71
1565782301-122,https://www.prokabaddi.com/stats/49-20-super-tackles-statistics,"Puneri Paltan",3,/static-assets/images/teams/small/7.png?v=6.08,6,8
1565782306-149,https://www.prokabaddi.com/stats/49-98-avg-raid-points-statistics,"Puneri Paltan",6,/static-assets/images/teams/small/7.png?v=6.08,6,15.83
1565782306-150,https://www.prokabaddi.com/stats/49-98-avg-raid-points-statistics,"Haryana Steelers",6,/static-assets/images/teams/small/28.png?v=6.08,6,15.83
1565782306-151,https://www.prokabaddi.com/stats/49-98-avg-raid-points-statistics,"Tamil Thalaivas",8,/static-assets/images/teams/small/29.png?v=6.08,6,14.83
1565782306-152,https://www.prokabaddi.com/stats/49-98-avg-raid-points-statistics,"U Mumba",9,/static-assets/images/teams/small/5.png?v=6.08,7,14.57
1565782306-153,https://www.prokabaddi.com/stats/49-98-avg-raid-points-statistics,"Telugu Titans",10,/static-assets/images/teams/small/8.png?v=6.08,8,14.5
1565782306-154,https://www.prokabaddi.com/stats/49-98-avg-raid-points-statistics,"Patna Pirates",11,/static-assets/images/teams/small/6.png?v=6.08,7,13.57
1565782306-155,https://www.prokabaddi.com/stats/49-98-avg-raid-points-statistics,"U.P. Yoddha",12,/static-assets/images/teams/small/30.png?v=6.08,7,11.43
1565782301-123,https://www.prokabaddi.com/stats/49-20-super-tackles-statistics,"U Mumba",3,/static-assets/images/teams/small/5.png?v=6.08,7,8
1565782301-124,https://www.prokabaddi.com/stats/49-20-super-tackles-statistics,"Bengal Warriors",5,/static-assets/images/teams/small/4.png?v=6.08,6,6
1565782301-125,https://www.prokabaddi.com/stats/49-20-super-tackles-statistics,"Telugu Titans",5,/static-assets/images/teams/small/8.png?v=6.08,8,6
1565782301-126,https://www.prokabaddi.com/stats/49-20-super-tackles-statistics,"Tamil Thalaivas",5,/static-assets/images/teams/small/29.png?v=6.08,6,6
1565782301-127,https://www.prokabaddi.com/stats/49-20-super-tackles-statistics,"U.P. Yoddha",5,/static-assets/images/teams/small/30.png?v=6.08,7,6
1565782301-128,https://www.prokabaddi.com/stats/49-20-super-tackles-statistics,"Dabang Delhi K.C.",9,/static-assets/images/teams/small/2.png?v=6.08,6,5
