﻿web-scraper-order,web-scraper-start-url,name,team,type,points,credits,announced
1566654377-1,https://www.dream11.com/kabaddi/create-team/1092/15120,"R Pahal",DEL,DEF,114,15,Announced
1566654377-10,https://www.dream11.com/kabaddi/create-team/1092/15120,Aman,BLR,DEF,5,11.5,
1566654377-11,https://www.dream11.com/kabaddi/create-team/1092/15120,Ankit,BLR,DEF,22,11.5,
1566654377-12,https://www.dream11.com/kabaddi/create-team/1092/15120,"S Nandal",BLR,DEF,118,11,Announced
1566654377-13,https://www.dream11.com/kabaddi/create-team/1092/15120,Vijay-Kumar,BLR,DEF,52,11,
1566654377-14,https://www.dream11.com/kabaddi/create-team/1092/15120,Ajay,BLR,DEF,21,10.5,
1566654377-15,https://www.dream11.com/kabaddi/create-team/1092/15120,"P Patil",DEL,DEF,0,10.5,
1566654377-16,https://www.dream11.com/kabaddi/create-team/1092/15120,"S Ghaffari",DEL,DEF,79,10.5,Announced
1566654377-17,https://www.dream11.com/kabaddi/create-team/1092/15120,Mohit-I,DEL,DEF,0,10,
1566654377-18,https://www.dream11.com/kabaddi/create-team/1092/15120,Satywan,DEL,DEF,0,9.5,
1566654377-19,https://www.dream11.com/kabaddi/create-team/1092/15120,"M Sheykh",DEL,ALL,50,15,
1566654377-2,https://www.dream11.com/kabaddi/create-team/1092/15120,Mahender-Singh,BLR,DEF,134,14.5,Announced
1566654377-20,https://www.dream11.com/kabaddi/create-team/1092/15120,Ashish-Kumar,BLR,ALL,36,14.5,Announced
1566654377-21,https://www.dream11.com/kabaddi/create-team/1092/15120,Vijay,DEL,ALL,50,13,Announced
1566654377-22,https://www.dream11.com/kabaddi/create-team/1092/15120,"S Shrestha",BLR,ALL,0,11.5,
1566654377-23,https://www.dream11.com/kabaddi/create-team/1092/15120,"M Sehrawat",BLR,ALL,48,10.5,
1566654377-24,https://www.dream11.com/kabaddi/create-team/1092/15120,Balram,DEL,ALL,0,9.5,
1566654377-25,https://www.dream11.com/kabaddi/create-team/1092/15120,"P Kumar-Sherawat",BLR,RAI,415,17,Announced
1566654377-26,https://www.dream11.com/kabaddi/create-team/1092/15120,Rohit-Kumar,BLR,RAI,162,16,Announced
1566654377-27,https://www.dream11.com/kabaddi/create-team/1092/15120,Naveen-Kumar,DEL,RAI,322,15.5,Announced
1566654377-28,https://www.dream11.com/kabaddi/create-team/1092/15120,"C Ranjit",DEL,RAI,199,14,Announced
1566654377-29,https://www.dream11.com/kabaddi/create-team/1092/15120,Sumit-Singh,BLR,RAI,52,13.5,
1566654377-3,https://www.dream11.com/kabaddi/create-team/1092/15120,"J Narwal",DEL,DEF,140,14.5,Announced
1566654377-30,https://www.dream11.com/kabaddi/create-team/1092/15120,"V Kumar-II",BLR,RAI,6,13,
1566654377-31,https://www.dream11.com/kabaddi/create-team/1092/15120,Banty,BLR,RAI,35,11.5,Announced
1566654377-32,https://www.dream11.com/kabaddi/create-team/1092/15120,"L Mohar-Yadav",BLR,RAI,0,11.5,
1566654377-33,https://www.dream11.com/kabaddi/create-team/1092/15120,"S Kumar",DEL,RAI,0,11.5,
1566654377-34,https://www.dream11.com/kabaddi/create-team/1092/15120,"N Narwal",DEL,RAI,1,11,
1566654377-35,https://www.dream11.com/kabaddi/create-team/1092/15120,"A Kadian",DEL,RAI,6,10.5,
1566654377-4,https://www.dream11.com/kabaddi/create-team/1092/15120,"V Mane",DEL,DEF,89,14,Announced
1566654377-5,https://www.dream11.com/kabaddi/create-team/1092/15120,"A Sheoran",BLR,DEF,139,13.5,Announced
1566654377-6,https://www.dream11.com/kabaddi/create-team/1092/15120,"R Lal-Choudhary",BLR,DEF,0,13,
1566654377-7,https://www.dream11.com/kabaddi/create-team/1092/15120,Sombir,DEL,DEF,8,13,
1566654377-8,https://www.dream11.com/kabaddi/create-team/1092/15120,Anil-Kumar-I,DEL,DEF,19,13,
1566654377-9,https://www.dream11.com/kabaddi/create-team/1092/15120,Sandeep,BLR,DEF,2,12.5,
