﻿web-scraper-order,web-scraper-start-url,name,rank,team_id,matches,points
1565436645-1,https://www.prokabaddi.com/stats/49-97-raid-points-statistics,"Bengal Warriors",1,/static-assets/images/teams/small/4.png?v=6.08,5,105
1565436645-10,https://www.prokabaddi.com/stats/49-97-raid-points-statistics,"Tamil Thalaivas",10,/static-assets/images/teams/small/29.png?v=6.08,5,74
1565436649-11,https://www.prokabaddi.com/stats/49-140-avg-points-scored-statistics,"Bengal Warriors",1,/static-assets/images/teams/small/4.png?v=6.08,5,31.6
1565436649-12,https://www.prokabaddi.com/stats/49-140-avg-points-scored-statistics,"Bengaluru Bulls",2,/static-assets/images/teams/small/1.png?v=6.08,5,31.2
1565436649-13,https://www.prokabaddi.com/stats/49-140-avg-points-scored-statistics,"Gujarat Fortunegiants",3,/static-assets/images/teams/small/31.png?v=6.08,5,29
1565436649-14,https://www.prokabaddi.com/stats/49-140-avg-points-scored-statistics,"Jaipur Pink Panthers",4,/static-assets/images/teams/small/3.png?v=6.08,5,28
1565436649-15,https://www.prokabaddi.com/stats/49-140-avg-points-scored-statistics,"Dabang Delhi K.C.",5,/static-assets/images/teams/small/2.png?v=6.08,5,26.8
1565436649-16,https://www.prokabaddi.com/stats/49-140-avg-points-scored-statistics,"Puneri Paltan",6,/static-assets/images/teams/small/7.png?v=6.08,5,26.6
1565436649-17,https://www.prokabaddi.com/stats/49-140-avg-points-scored-statistics,"Tamil Thalaivas",7,/static-assets/images/teams/small/29.png?v=6.08,5,26
1565436649-18,https://www.prokabaddi.com/stats/49-140-avg-points-scored-statistics,"Haryana Steelers",8,/static-assets/images/teams/small/28.png?v=6.08,5,25.2
1565436649-19,https://www.prokabaddi.com/stats/49-140-avg-points-scored-statistics,"Patna Pirates",9,/static-assets/images/teams/small/6.png?v=6.08,7,24.57
1565436645-2,https://www.prokabaddi.com/stats/49-97-raid-points-statistics,"U Mumba",2,/static-assets/images/teams/small/5.png?v=6.08,7,102
1565436649-20,https://www.prokabaddi.com/stats/49-140-avg-points-scored-statistics,"Telugu Titans",10,/static-assets/images/teams/small/8.png?v=6.08,6,24
1565436651-21,https://www.prokabaddi.com/stats/49-134-super-raid-statistics,"Bengal Warriors",1,/static-assets/images/teams/small/4.png?v=6.08,5,5
1565436651-22,https://www.prokabaddi.com/stats/49-134-super-raid-statistics,"Bengaluru Bulls",2,/static-assets/images/teams/small/1.png?v=6.08,5,3
1565436651-23,https://www.prokabaddi.com/stats/49-134-super-raid-statistics,"Dabang Delhi K.C.",3,/static-assets/images/teams/small/2.png?v=6.08,5,2
1565436651-24,https://www.prokabaddi.com/stats/49-134-super-raid-statistics,"Telugu Titans",3,/static-assets/images/teams/small/8.png?v=6.08,6,2
1565436651-25,https://www.prokabaddi.com/stats/49-134-super-raid-statistics,"Haryana Steelers",3,/static-assets/images/teams/small/28.png?v=6.08,5,2
1565436651-26,https://www.prokabaddi.com/stats/49-134-super-raid-statistics,"U Mumba",3,/static-assets/images/teams/small/5.png?v=6.08,7,2
1565436651-27,https://www.prokabaddi.com/stats/49-134-super-raid-statistics,"Patna Pirates",3,/static-assets/images/teams/small/6.png?v=6.08,7,2
1565436651-28,https://www.prokabaddi.com/stats/49-134-super-raid-statistics,"Gujarat Fortunegiants",3,/static-assets/images/teams/small/31.png?v=6.08,5,2
1565436651-29,https://www.prokabaddi.com/stats/49-134-super-raid-statistics,"Puneri Paltan",9,/static-assets/images/teams/small/7.png?v=6.08,5,1
1565436645-3,https://www.prokabaddi.com/stats/49-97-raid-points-statistics,"Bengaluru Bulls",3,/static-assets/images/teams/small/1.png?v=6.08,5,101
1565436651-30,https://www.prokabaddi.com/stats/49-134-super-raid-statistics,"Tamil Thalaivas",9,/static-assets/images/teams/small/29.png?v=6.08,5,1
1565436654-31,https://www.prokabaddi.com/stats/49-15-successful-tackles-statistics,"Patna Pirates",1,/static-assets/images/teams/small/6.png?v=6.08,7,67
1565436654-32,https://www.prokabaddi.com/stats/49-15-successful-tackles-statistics,"U Mumba",2,/static-assets/images/teams/small/5.png?v=6.08,7,57
1565436654-33,https://www.prokabaddi.com/stats/49-15-successful-tackles-statistics,"Gujarat Fortunegiants",3,/static-assets/images/teams/small/31.png?v=6.08,5,54
1565436654-34,https://www.prokabaddi.com/stats/49-15-successful-tackles-statistics,"Tamil Thalaivas",4,/static-assets/images/teams/small/29.png?v=6.08,5,53
1565436654-35,https://www.prokabaddi.com/stats/49-15-successful-tackles-statistics,"Puneri Paltan",4,/static-assets/images/teams/small/7.png?v=6.08,5,53
1565436654-36,https://www.prokabaddi.com/stats/49-15-successful-tackles-statistics,"Jaipur Pink Panthers",4,/static-assets/images/teams/small/3.png?v=6.08,5,53
1565436654-37,https://www.prokabaddi.com/stats/49-15-successful-tackles-statistics,"Bengal Warriors",7,/static-assets/images/teams/small/4.png?v=6.08,5,49
1565436654-38,https://www.prokabaddi.com/stats/49-15-successful-tackles-statistics,"U.P. Yoddha",8,/static-assets/images/teams/small/30.png?v=6.08,6,48
1565436654-39,https://www.prokabaddi.com/stats/49-15-successful-tackles-statistics,"Telugu Titans",9,/static-assets/images/teams/small/8.png?v=6.08,6,47
1565436645-4,https://www.prokabaddi.com/stats/49-97-raid-points-statistics,"Patna Pirates",4,/static-assets/images/teams/small/6.png?v=6.08,7,95
1565436654-40,https://www.prokabaddi.com/stats/49-15-successful-tackles-statistics,"Haryana Steelers",10,/static-assets/images/teams/small/28.png?v=6.08,5,46
1565436656-41,https://www.prokabaddi.com/stats/49-99-avg-tackle-points-statistics,"Puneri Paltan",1,/static-assets/images/teams/small/7.png?v=6.08,5,12
1565436656-42,https://www.prokabaddi.com/stats/49-99-avg-tackle-points-statistics,"Gujarat Fortunegiants",2,/static-assets/images/teams/small/31.png?v=6.08,5,11.4
1565436656-43,https://www.prokabaddi.com/stats/49-99-avg-tackle-points-statistics,"Tamil Thalaivas",3,/static-assets/images/teams/small/29.png?v=6.08,5,11.2
1565436656-44,https://www.prokabaddi.com/stats/49-99-avg-tackle-points-statistics,"Patna Pirates",4,/static-assets/images/teams/small/6.png?v=6.08,7,11
1565436656-45,https://www.prokabaddi.com/stats/49-99-avg-tackle-points-statistics,"Bengaluru Bulls",4,/static-assets/images/teams/small/1.png?v=6.08,5,11
1565436656-46,https://www.prokabaddi.com/stats/49-99-avg-tackle-points-statistics,"Jaipur Pink Panthers",4,/static-assets/images/teams/small/3.png?v=6.08,5,11
1565436656-47,https://www.prokabaddi.com/stats/49-99-avg-tackle-points-statistics,"Bengal Warriors",7,/static-assets/images/teams/small/4.png?v=6.08,5,10.6
1565436656-48,https://www.prokabaddi.com/stats/49-99-avg-tackle-points-statistics,"Haryana Steelers",8,/static-assets/images/teams/small/28.png?v=6.08,5,9.8
1565436656-49,https://www.prokabaddi.com/stats/49-99-avg-tackle-points-statistics,"U Mumba",9,/static-assets/images/teams/small/5.png?v=6.08,7,9.14
1565436645-5,https://www.prokabaddi.com/stats/49-97-raid-points-statistics,"Telugu Titans",5,/static-assets/images/teams/small/8.png?v=6.08,6,92
1565436656-50,https://www.prokabaddi.com/stats/49-99-avg-tackle-points-statistics,"Telugu Titans",10,/static-assets/images/teams/small/8.png?v=6.08,6,8.67
1565436645-6,https://www.prokabaddi.com/stats/49-97-raid-points-statistics,"Dabang Delhi K.C.",5,/static-assets/images/teams/small/2.png?v=6.08,5,92
1565436645-7,https://www.prokabaddi.com/stats/49-97-raid-points-statistics,"Gujarat Fortunegiants",7,/static-assets/images/teams/small/31.png?v=6.08,5,88
1565436645-8,https://www.prokabaddi.com/stats/49-97-raid-points-statistics,"Jaipur Pink Panthers",8,/static-assets/images/teams/small/3.png?v=6.08,5,85
1565436645-9,https://www.prokabaddi.com/stats/49-97-raid-points-statistics,"Haryana Steelers",9,/static-assets/images/teams/small/28.png?v=6.08,5,77
1565436659-51,https://www.prokabaddi.com/stats/49-96-total-points-scored-statistics,"U Mumba",1,/static-assets/images/teams/small/5.png?v=6.08,7,198
1565436659-60,https://www.prokabaddi.com/stats/49-96-total-points-scored-statistics,"Puneri Paltan",10,/static-assets/images/teams/small/7.png?v=6.08,5,144
1565436661-61,https://www.prokabaddi.com/stats/49-133-total-points-conceded-statistics,"Patna Pirates",1,/static-assets/images/teams/small/6.png?v=6.08,7,209
1565436661-62,https://www.prokabaddi.com/stats/49-133-total-points-conceded-statistics,"Telugu Titans",2,/static-assets/images/teams/small/8.png?v=6.08,6,205
1565436661-63,https://www.prokabaddi.com/stats/49-133-total-points-conceded-statistics,"U.P. Yoddha",3,/static-assets/images/teams/small/30.png?v=6.08,6,204
1565436661-64,https://www.prokabaddi.com/stats/49-133-total-points-conceded-statistics,"U Mumba",4,/static-assets/images/teams/small/5.png?v=6.08,7,199
1565436661-65,https://www.prokabaddi.com/stats/49-133-total-points-conceded-statistics,"Bengaluru Bulls",5,/static-assets/images/teams/small/1.png?v=6.08,5,168
1565436661-66,https://www.prokabaddi.com/stats/49-133-total-points-conceded-statistics,"Haryana Steelers",6,/static-assets/images/teams/small/28.png?v=6.08,5,163
1565436661-67,https://www.prokabaddi.com/stats/49-133-total-points-conceded-statistics,"Puneri Paltan",7,/static-assets/images/teams/small/7.png?v=6.08,5,161
1565436661-68,https://www.prokabaddi.com/stats/49-133-total-points-conceded-statistics,"Bengal Warriors",8,/static-assets/images/teams/small/4.png?v=6.08,5,140
1565436661-69,https://www.prokabaddi.com/stats/49-133-total-points-conceded-statistics,"Dabang Delhi K.C.",9,/static-assets/images/teams/small/2.png?v=6.08,5,138
1565436659-52,https://www.prokabaddi.com/stats/49-96-total-points-scored-statistics,"Patna Pirates",1,/static-assets/images/teams/small/6.png?v=6.08,7,198
1565436661-70,https://www.prokabaddi.com/stats/49-133-total-points-conceded-statistics,"Tamil Thalaivas",10,/static-assets/images/teams/small/29.png?v=6.08,5,136
1565436664-71,https://www.prokabaddi.com/stats/49-95-tackle-points-statistics,"Patna Pirates",1,/static-assets/images/teams/small/6.png?v=6.08,7,77
1565436664-72,https://www.prokabaddi.com/stats/49-95-tackle-points-statistics,"U Mumba",2,/static-assets/images/teams/small/5.png?v=6.08,7,64
1565436664-73,https://www.prokabaddi.com/stats/49-95-tackle-points-statistics,"Puneri Paltan",3,/static-assets/images/teams/small/7.png?v=6.08,5,60
1565436664-74,https://www.prokabaddi.com/stats/49-95-tackle-points-statistics,"Gujarat Fortunegiants",4,/static-assets/images/teams/small/31.png?v=6.08,5,57
1565436664-75,https://www.prokabaddi.com/stats/49-95-tackle-points-statistics,"Tamil Thalaivas",5,/static-assets/images/teams/small/29.png?v=6.08,5,56
1565436664-76,https://www.prokabaddi.com/stats/49-95-tackle-points-statistics,"Bengaluru Bulls",6,/static-assets/images/teams/small/1.png?v=6.08,5,55
1565436664-77,https://www.prokabaddi.com/stats/49-95-tackle-points-statistics,"Jaipur Pink Panthers",6,/static-assets/images/teams/small/3.png?v=6.08,5,55
1565436664-78,https://www.prokabaddi.com/stats/49-95-tackle-points-statistics,"Bengal Warriors",8,/static-assets/images/teams/small/4.png?v=6.08,5,53
1565436664-79,https://www.prokabaddi.com/stats/49-95-tackle-points-statistics,"Telugu Titans",9,/static-assets/images/teams/small/8.png?v=6.08,6,52
1565436659-53,https://www.prokabaddi.com/stats/49-96-total-points-scored-statistics,"Bengal Warriors",3,/static-assets/images/teams/small/4.png?v=6.08,5,190
1565436664-80,https://www.prokabaddi.com/stats/49-95-tackle-points-statistics,"U.P. Yoddha",9,/static-assets/images/teams/small/30.png?v=6.08,6,52
1565436667-81,https://www.prokabaddi.com/stats/49-136-all-outs-inflicted-statistics,"Bengal Warriors",1,/static-assets/images/teams/small/4.png?v=6.08,5,11
1565436667-82,https://www.prokabaddi.com/stats/49-136-all-outs-inflicted-statistics,"U Mumba",2,/static-assets/images/teams/small/5.png?v=6.08,7,9
1565436667-83,https://www.prokabaddi.com/stats/49-136-all-outs-inflicted-statistics,"Patna Pirates",3,/static-assets/images/teams/small/6.png?v=6.08,7,8
1565436667-84,https://www.prokabaddi.com/stats/49-136-all-outs-inflicted-statistics,"Jaipur Pink Panthers",3,/static-assets/images/teams/small/3.png?v=6.08,5,8
1565436667-85,https://www.prokabaddi.com/stats/49-136-all-outs-inflicted-statistics,"Gujarat Fortunegiants",3,/static-assets/images/teams/small/31.png?v=6.08,5,8
1565436667-86,https://www.prokabaddi.com/stats/49-136-all-outs-inflicted-statistics,"Dabang Delhi K.C.",6,/static-assets/images/teams/small/2.png?v=6.08,5,7
1565436667-87,https://www.prokabaddi.com/stats/49-136-all-outs-inflicted-statistics,"Bengaluru Bulls",7,/static-assets/images/teams/small/1.png?v=6.08,5,6
1565436667-88,https://www.prokabaddi.com/stats/49-136-all-outs-inflicted-statistics,"Tamil Thalaivas",7,/static-assets/images/teams/small/29.png?v=6.08,5,6
1565436667-89,https://www.prokabaddi.com/stats/49-136-all-outs-inflicted-statistics,"Haryana Steelers",9,/static-assets/images/teams/small/28.png?v=6.08,5,5
1565436659-54,https://www.prokabaddi.com/stats/49-96-total-points-scored-statistics,"Bengaluru Bulls",4,/static-assets/images/teams/small/1.png?v=6.08,5,178
1565436667-90,https://www.prokabaddi.com/stats/49-136-all-outs-inflicted-statistics,"Puneri Paltan",10,/static-assets/images/teams/small/7.png?v=6.08,5,3
1565436670-91,https://www.prokabaddi.com/stats/49-135-do-or-die-raid-points-statistics,"U Mumba",1,/static-assets/images/teams/small/5.png?v=6.08,7,27
1565436670-92,https://www.prokabaddi.com/stats/49-135-do-or-die-raid-points-statistics,"Puneri Paltan",2,/static-assets/images/teams/small/7.png?v=6.08,5,23
1565436670-93,https://www.prokabaddi.com/stats/49-135-do-or-die-raid-points-statistics,"Patna Pirates",3,/static-assets/images/teams/small/6.png?v=6.08,7,22
1565436670-94,https://www.prokabaddi.com/stats/49-135-do-or-die-raid-points-statistics,"Jaipur Pink Panthers",4,/static-assets/images/teams/small/3.png?v=6.08,5,21
1565436670-95,https://www.prokabaddi.com/stats/49-135-do-or-die-raid-points-statistics,"Haryana Steelers",5,/static-assets/images/teams/small/28.png?v=6.08,5,19
1565436670-96,https://www.prokabaddi.com/stats/49-135-do-or-die-raid-points-statistics,"Gujarat Fortunegiants",5,/static-assets/images/teams/small/31.png?v=6.08,5,19
1565436670-97,https://www.prokabaddi.com/stats/49-135-do-or-die-raid-points-statistics,"Tamil Thalaivas",7,/static-assets/images/teams/small/29.png?v=6.08,5,15
1565436670-98,https://www.prokabaddi.com/stats/49-135-do-or-die-raid-points-statistics,"U.P. Yoddha",8,/static-assets/images/teams/small/30.png?v=6.08,6,12
1565436670-99,https://www.prokabaddi.com/stats/49-135-do-or-die-raid-points-statistics,"Dabang Delhi K.C.",8,/static-assets/images/teams/small/2.png?v=6.08,5,12
1565436659-55,https://www.prokabaddi.com/stats/49-96-total-points-scored-statistics,"Gujarat Fortunegiants",5,/static-assets/images/teams/small/31.png?v=6.08,5,168
1565436670-100,https://www.prokabaddi.com/stats/49-135-do-or-die-raid-points-statistics,"Bengal Warriors",10,/static-assets/images/teams/small/4.png?v=6.08,5,11
1565436659-56,https://www.prokabaddi.com/stats/49-96-total-points-scored-statistics,"Dabang Delhi K.C.",6,/static-assets/images/teams/small/2.png?v=6.08,5,166
1565436659-57,https://www.prokabaddi.com/stats/49-96-total-points-scored-statistics,"Jaipur Pink Panthers",7,/static-assets/images/teams/small/3.png?v=6.08,5,164
1565436659-58,https://www.prokabaddi.com/stats/49-96-total-points-scored-statistics,"Tamil Thalaivas",8,/static-assets/images/teams/small/29.png?v=6.08,5,154
1565436659-59,https://www.prokabaddi.com/stats/49-96-total-points-scored-statistics,"Telugu Titans",9,/static-assets/images/teams/small/8.png?v=6.08,6,152
1565436673-101,https://www.prokabaddi.com/stats/49-20-super-tackles-statistics,"Bengaluru Bulls",1,/static-assets/images/teams/small/1.png?v=6.08,5,15
1565436673-110,https://www.prokabaddi.com/stats/49-20-super-tackles-statistics,"Gujarat Fortunegiants",10,/static-assets/images/teams/small/31.png?v=6.08,5,3
1565436676-111,https://www.prokabaddi.com/stats/49-13-successful-raids-statistics,"Patna Pirates",1,/static-assets/images/teams/small/6.png?v=6.08,7,85
1565436676-112,https://www.prokabaddi.com/stats/49-13-successful-raids-statistics,"Bengal Warriors",2,/static-assets/images/teams/small/4.png?v=6.08,5,83
1565436676-113,https://www.prokabaddi.com/stats/49-13-successful-raids-statistics,"Bengaluru Bulls",3,/static-assets/images/teams/small/1.png?v=6.08,5,79
1565436676-114,https://www.prokabaddi.com/stats/49-13-successful-raids-statistics,"Telugu Titans",3,/static-assets/images/teams/small/8.png?v=6.08,6,79
1565436676-115,https://www.prokabaddi.com/stats/49-13-successful-raids-statistics,"Dabang Delhi K.C.",5,/static-assets/images/teams/small/2.png?v=6.08,5,78
1565436676-116,https://www.prokabaddi.com/stats/49-13-successful-raids-statistics,"U Mumba",5,/static-assets/images/teams/small/5.png?v=6.08,7,78
1565436676-117,https://www.prokabaddi.com/stats/49-13-successful-raids-statistics,"Gujarat Fortunegiants",7,/static-assets/images/teams/small/31.png?v=6.08,5,71
1565436676-118,https://www.prokabaddi.com/stats/49-13-successful-raids-statistics,"Jaipur Pink Panthers",8,/static-assets/images/teams/small/3.png?v=6.08,5,68
1565436676-119,https://www.prokabaddi.com/stats/49-13-successful-raids-statistics,"Tamil Thalaivas",9,/static-assets/images/teams/small/29.png?v=6.08,5,63
1565436673-102,https://www.prokabaddi.com/stats/49-20-super-tackles-statistics,"Patna Pirates",2,/static-assets/images/teams/small/6.png?v=6.08,7,10
1565436676-120,https://www.prokabaddi.com/stats/49-13-successful-raids-statistics,"Haryana Steelers",10,/static-assets/images/teams/small/28.png?v=6.08,5,59
1565436678-121,https://www.prokabaddi.com/stats/49-98-avg-raid-points-statistics,"Bengal Warriors",1,/static-assets/images/teams/small/4.png?v=6.08,5,21
1565436678-122,https://www.prokabaddi.com/stats/49-98-avg-raid-points-statistics,"Bengaluru Bulls",2,/static-assets/images/teams/small/1.png?v=6.08,5,20.2
1565436678-123,https://www.prokabaddi.com/stats/49-98-avg-raid-points-statistics,"Dabang Delhi K.C.",3,/static-assets/images/teams/small/2.png?v=6.08,5,18.4
1565436678-124,https://www.prokabaddi.com/stats/49-98-avg-raid-points-statistics,"Gujarat Fortunegiants",4,/static-assets/images/teams/small/31.png?v=6.08,5,17.6
1565436678-125,https://www.prokabaddi.com/stats/49-98-avg-raid-points-statistics,"Jaipur Pink Panthers",5,/static-assets/images/teams/small/3.png?v=6.08,5,17
1565436678-126,https://www.prokabaddi.com/stats/49-98-avg-raid-points-statistics,"Haryana Steelers",6,/static-assets/images/teams/small/28.png?v=6.08,5,15.4
1565436678-127,https://www.prokabaddi.com/stats/49-98-avg-raid-points-statistics,"Telugu Titans",7,/static-assets/images/teams/small/8.png?v=6.08,6,15.33
1565436678-128,https://www.prokabaddi.com/stats/49-98-avg-raid-points-statistics,"Tamil Thalaivas",8,/static-assets/images/teams/small/29.png?v=6.08,5,14.8
1565436678-129,https://www.prokabaddi.com/stats/49-98-avg-raid-points-statistics,"Puneri Paltan",9,/static-assets/images/teams/small/7.png?v=6.08,5,14.6
1565436673-103,https://www.prokabaddi.com/stats/49-20-super-tackles-statistics,"U Mumba",3,/static-assets/images/teams/small/5.png?v=6.08,7,8
1565436678-130,https://www.prokabaddi.com/stats/49-98-avg-raid-points-statistics,"U Mumba",10,/static-assets/images/teams/small/5.png?v=6.08,7,14.57
1565436673-104,https://www.prokabaddi.com/stats/49-20-super-tackles-statistics,"Puneri Paltan",4,/static-assets/images/teams/small/7.png?v=6.08,5,7
1565436673-105,https://www.prokabaddi.com/stats/49-20-super-tackles-statistics,"Telugu Titans",5,/static-assets/images/teams/small/8.png?v=6.08,6,6
1565436673-106,https://www.prokabaddi.com/stats/49-20-super-tackles-statistics,"Bengal Warriors",6,/static-assets/images/teams/small/4.png?v=6.08,5,5
1565436673-107,https://www.prokabaddi.com/stats/49-20-super-tackles-statistics,"Dabang Delhi K.C.",6,/static-assets/images/teams/small/2.png?v=6.08,5,5
1565436673-108,https://www.prokabaddi.com/stats/49-20-super-tackles-statistics,"Tamil Thalaivas",6,/static-assets/images/teams/small/29.png?v=6.08,5,5
1565436673-109,https://www.prokabaddi.com/stats/49-20-super-tackles-statistics,"U.P. Yoddha",6,/static-assets/images/teams/small/30.png?v=6.08,6,5
