﻿web-scraper-order,web-scraper-start-url,rank,name,matches,points,profile,team
1565350262-1,https://www.prokabaddi.com/stats/49-101-high-5s-statistics,1,"Sandeep Kumar Dhull",5,3,"Defender, left corner",/static-assets/images/teams/small/3.png?v=6.08
1565350262-10,https://www.prokabaddi.com/stats/49-101-high-5s-statistics,6,Sumit,5,1,"Defender, left corner",/static-assets/images/teams/small/30.png?v=6.08
1565350262-11,https://www.prokabaddi.com/stats/49-101-high-5s-statistics,6,Sunil,3,1,"Defender, right corner",/static-assets/images/teams/small/28.png?v=6.08
1565350262-12,https://www.prokabaddi.com/stats/49-101-high-5s-statistics,6,"Saurabh Nandal",4,1,"Defender, left corner",/static-assets/images/teams/small/1.png?v=6.08
1565350262-13,https://www.prokabaddi.com/stats/49-101-high-5s-statistics,6,"Girish Maruti Ernak",5,1,"Defender, left corner",/static-assets/images/teams/small/7.png?v=6.08
1565350262-14,https://www.prokabaddi.com/stats/49-101-high-5s-statistics,6,"Parvesh Bhainswal",5,1,"Defender, left cover",/static-assets/images/teams/small/31.png?v=6.08
1565350262-15,https://www.prokabaddi.com/stats/49-101-high-5s-statistics,6,"Vishal Bhardwaj",6,1,Defender,/static-assets/images/teams/small/8.png?v=6.08
1565350262-16,https://www.prokabaddi.com/stats/49-101-high-5s-statistics,6,"Sunil Kumar",5,1,Defender,/static-assets/images/teams/small/31.png?v=6.08
1565350265-17,https://www.prokabaddi.com/stats/49-21-successful-raids-statistics,1,"Pawan Kumar Sehrawat",5,54,Raider,/static-assets/images/teams/small/1.png?v=6.08
1565350265-18,https://www.prokabaddi.com/stats/49-21-successful-raids-statistics,2,"Naveen Kumar",5,45,Raider,/static-assets/images/teams/small/2.png?v=6.08
1565350265-19,https://www.prokabaddi.com/stats/49-21-successful-raids-statistics,3,"Pardeep Narwal",6,42,Raider,/static-assets/images/teams/small/6.png?v=6.08
1565350262-2,https://www.prokabaddi.com/stats/49-101-high-5s-statistics,2,"Manjeet Chhillar",5,2,"All Rounder",/static-assets/images/teams/small/29.png?v=6.08
1565350265-20,https://www.prokabaddi.com/stats/49-21-successful-raids-statistics,4,"Siddharth Sirish Desai",6,34,Raider,/static-assets/images/teams/small/8.png?v=6.08
1565350265-21,https://www.prokabaddi.com/stats/49-21-successful-raids-statistics,5,"Rahul Chaudhari",5,33,Raider,/static-assets/images/teams/small/29.png?v=6.08
1565350265-22,https://www.prokabaddi.com/stats/49-21-successful-raids-statistics,6,"Deepak Niwas Hooda",5,32,"All Rounder",/static-assets/images/teams/small/3.png?v=6.08
1565350265-23,https://www.prokabaddi.com/stats/49-21-successful-raids-statistics,7,"Maninder Singh",4,31,Raider,/static-assets/images/teams/small/4.png?v=6.08
1565350265-24,https://www.prokabaddi.com/stats/49-21-successful-raids-statistics,8,"Abhishek Singh",6,30,Raider,/static-assets/images/teams/small/5.png?v=6.08
1565350265-25,https://www.prokabaddi.com/stats/49-21-successful-raids-statistics,9,Naveen,5,27,Raider,/static-assets/images/teams/small/28.png?v=6.08
1565350265-26,https://www.prokabaddi.com/stats/49-21-successful-raids-statistics,10,"Chandran Ranjit",5,22,Raider,/static-assets/images/teams/small/2.png?v=6.08
1565350265-27,https://www.prokabaddi.com/stats/49-21-successful-raids-statistics,11,"Rohit Gulia",5,21,"All Rounder",/static-assets/images/teams/small/31.png?v=6.08
1565350265-28,https://www.prokabaddi.com/stats/49-21-successful-raids-statistics,12,"Sachin Tanwar",5,20,Raider,/static-assets/images/teams/small/31.png?v=6.08
1565350265-29,https://www.prokabaddi.com/stats/49-21-successful-raids-statistics,12,"Deepak Narwal",5,20,Raider,/static-assets/images/teams/small/3.png?v=6.08
1565350262-3,https://www.prokabaddi.com/stats/49-101-high-5s-statistics,2,"Amit Hooda",5,2,"Defender, right corner",/static-assets/images/teams/small/3.png?v=6.08
1565350265-30,https://www.prokabaddi.com/stats/49-21-successful-raids-statistics,14,"K. Prapanjan",4,18,Raider,/static-assets/images/teams/small/4.png?v=6.08
1565350265-31,https://www.prokabaddi.com/stats/49-21-successful-raids-statistics,14,"Pawan Kumar Kadian",5,18,Raider,/static-assets/images/teams/small/7.png?v=6.08
1565350265-32,https://www.prokabaddi.com/stats/49-21-successful-raids-statistics,14,"Monu Goyat",5,18,Raider,/static-assets/images/teams/small/30.png?v=6.08
1565350265-33,https://www.prokabaddi.com/stats/49-21-successful-raids-statistics,17,"Mohammad Esmaeil Nabibakhsh",4,17,"All Rounder",/static-assets/images/teams/small/4.png?v=6.08
1565350265-34,https://www.prokabaddi.com/stats/49-21-successful-raids-statistics,18,"Suraj Desai",4,16,Raider,/static-assets/images/teams/small/8.png?v=6.08
1565350265-35,https://www.prokabaddi.com/stats/49-21-successful-raids-statistics,19,"Ajay Thakur",5,15,Raider,/static-assets/images/teams/small/29.png?v=6.08
1565350265-36,https://www.prokabaddi.com/stats/49-21-successful-raids-statistics,20,"More GB",5,14,Raider,/static-assets/images/teams/small/31.png?v=6.08
1565350268-37,https://www.prokabaddi.com/stats/49-138-avg-raid-points-statistics,1,"Pawan Kumar Sehrawat",5,14,Raider,/static-assets/images/teams/small/1.png?v=6.08
1565350268-38,https://www.prokabaddi.com/stats/49-138-avg-raid-points-statistics,2,"Naveen Kumar",5,10.6,Raider,/static-assets/images/teams/small/2.png?v=6.08
1565350268-39,https://www.prokabaddi.com/stats/49-138-avg-raid-points-statistics,3,"Maninder Singh",4,10,Raider,/static-assets/images/teams/small/4.png?v=6.08
1565350262-4,https://www.prokabaddi.com/stats/49-101-high-5s-statistics,2,Jaideep,6,2,"Defender, left corner",/static-assets/images/teams/small/6.png?v=6.08
1565350268-40,https://www.prokabaddi.com/stats/49-138-avg-raid-points-statistics,4,"Vikash Kandola",2,8.5,Raider,/static-assets/images/teams/small/28.png?v=6.08
1565350268-41,https://www.prokabaddi.com/stats/49-138-avg-raid-points-statistics,5,"Deepak Niwas Hooda",5,8.2,"All Rounder",/static-assets/images/teams/small/3.png?v=6.08
1565350268-42,https://www.prokabaddi.com/stats/49-138-avg-raid-points-statistics,6,"Pardeep Narwal",6,7.83,Raider,/static-assets/images/teams/small/6.png?v=6.08
1565350268-43,https://www.prokabaddi.com/stats/49-138-avg-raid-points-statistics,7,"Rahul Chaudhari",5,7.8,Raider,/static-assets/images/teams/small/29.png?v=6.08
1565350268-44,https://www.prokabaddi.com/stats/49-138-avg-raid-points-statistics,8,"Suraj Desai",4,7.33,Raider,/static-assets/images/teams/small/8.png?v=6.08
1565350268-45,https://www.prokabaddi.com/stats/49-138-avg-raid-points-statistics,9,"Siddharth Sirish Desai",6,6.5,Raider,/static-assets/images/teams/small/8.png?v=6.08
1565350268-46,https://www.prokabaddi.com/stats/49-138-avg-raid-points-statistics,10,Naveen,5,6.2,Raider,/static-assets/images/teams/small/28.png?v=6.08
1565350268-47,https://www.prokabaddi.com/stats/49-138-avg-raid-points-statistics,11,"Mohammad Esmaeil Nabibakhsh",4,6,"All Rounder",/static-assets/images/teams/small/4.png?v=6.08
1565350268-48,https://www.prokabaddi.com/stats/49-138-avg-raid-points-statistics,11,"K. Prapanjan",4,6,Raider,/static-assets/images/teams/small/4.png?v=6.08
1565350268-49,https://www.prokabaddi.com/stats/49-138-avg-raid-points-statistics,13,"Abhishek Singh",6,5.83,Raider,/static-assets/images/teams/small/5.png?v=6.08
1565350262-5,https://www.prokabaddi.com/stats/49-101-high-5s-statistics,2,"Baldev Singh",4,2,"Defender, right corner",/static-assets/images/teams/small/4.png?v=6.08
1565350268-50,https://www.prokabaddi.com/stats/49-138-avg-raid-points-statistics,14,"Chandran Ranjit",5,5.8,Raider,/static-assets/images/teams/small/2.png?v=6.08
1565350268-51,https://www.prokabaddi.com/stats/49-138-avg-raid-points-statistics,15,"Pankaj Mohite",3,5.67,Raider,/static-assets/images/teams/small/7.png?v=6.08
1565350268-52,https://www.prokabaddi.com/stats/49-138-avg-raid-points-statistics,16,"Rohit Gulia",5,5.6,"All Rounder",/static-assets/images/teams/small/31.png?v=6.08
1565350268-53,https://www.prokabaddi.com/stats/49-138-avg-raid-points-statistics,17,"Sachin Tanwar",5,5,Raider,/static-assets/images/teams/small/31.png?v=6.08
1565350268-54,https://www.prokabaddi.com/stats/49-138-avg-raid-points-statistics,17,"Nitin Rawal",1,5,"All Rounder",/static-assets/images/teams/small/3.png?v=6.08
1565350268-55,https://www.prokabaddi.com/stats/49-138-avg-raid-points-statistics,19,"Deepak Narwal",5,4.8,Raider,/static-assets/images/teams/small/3.png?v=6.08
1565350268-56,https://www.prokabaddi.com/stats/49-138-avg-raid-points-statistics,20,"Pawan Kumar Kadian",5,4.6,Raider,/static-assets/images/teams/small/7.png?v=6.08
1565350262-6,https://www.prokabaddi.com/stats/49-101-high-5s-statistics,6,"Surinder Singh",6,1,Defender,/static-assets/images/teams/small/5.png?v=6.08
1565350262-7,https://www.prokabaddi.com/stats/49-101-high-5s-statistics,6,"Mahender Singh",5,1,"Defender, left cover",/static-assets/images/teams/small/1.png?v=6.08
1565350262-8,https://www.prokabaddi.com/stats/49-101-high-5s-statistics,6,"Amit Sheoran",5,1,Defender,/static-assets/images/teams/small/1.png?v=6.08
1565350262-9,https://www.prokabaddi.com/stats/49-101-high-5s-statistics,6,"Rinku Narwal",4,1,Defender,/static-assets/images/teams/small/4.png?v=6.08
1565350271-57,https://www.prokabaddi.com/stats/49-100-super-10s-statistics,1,"Naveen Kumar",5,4,Raider,/static-assets/images/teams/small/2.png?v=6.08
1565350271-66,https://www.prokabaddi.com/stats/49-100-super-10s-statistics,7,"Pawan Kumar Kadian",5,1,Raider,/static-assets/images/teams/small/7.png?v=6.08
1565350271-67,https://www.prokabaddi.com/stats/49-100-super-10s-statistics,7,"Suraj Desai",4,1,Raider,/static-assets/images/teams/small/8.png?v=6.08
1565350271-68,https://www.prokabaddi.com/stats/49-100-super-10s-statistics,7,"Vikash Kandola",2,1,Raider,/static-assets/images/teams/small/28.png?v=6.08
1565350271-69,https://www.prokabaddi.com/stats/49-100-super-10s-statistics,7,"Mohammad Esmaeil Nabibakhsh",4,1,"All Rounder",/static-assets/images/teams/small/4.png?v=6.08
1565350271-70,https://www.prokabaddi.com/stats/49-100-super-10s-statistics,7,"Rohit Gulia",5,1,"All Rounder",/static-assets/images/teams/small/31.png?v=6.08
1565350271-71,https://www.prokabaddi.com/stats/49-100-super-10s-statistics,7,"Siddharth Sirish Desai",6,1,Raider,/static-assets/images/teams/small/8.png?v=6.08
1565350271-72,https://www.prokabaddi.com/stats/49-100-super-10s-statistics,7,"Abhishek Singh",6,1,Raider,/static-assets/images/teams/small/5.png?v=6.08
1565350274-73,https://www.prokabaddi.com/stats/49-139-avg-tackle-points-statistics,1,"Sandeep Kumar Dhull",5,4.6,"Defender, left corner",/static-assets/images/teams/small/3.png?v=6.08
1565350274-74,https://www.prokabaddi.com/stats/49-139-avg-tackle-points-statistics,2,"Manjeet Chhillar",5,4.4,"All Rounder",/static-assets/images/teams/small/29.png?v=6.08
1565350274-75,https://www.prokabaddi.com/stats/49-139-avg-tackle-points-statistics,3,"Baldev Singh",4,4,"Defender, right corner",/static-assets/images/teams/small/4.png?v=6.08
1565350271-58,https://www.prokabaddi.com/stats/49-100-super-10s-statistics,2,"Deepak Niwas Hooda",5,3,"All Rounder",/static-assets/images/teams/small/3.png?v=6.08
1565350274-76,https://www.prokabaddi.com/stats/49-139-avg-tackle-points-statistics,3,Sunil,3,4,"Defender, right corner",/static-assets/images/teams/small/28.png?v=6.08
1565350274-77,https://www.prokabaddi.com/stats/49-139-avg-tackle-points-statistics,5,"Mahender Singh",5,3.8,"Defender, left cover",/static-assets/images/teams/small/1.png?v=6.08
1565350274-78,https://www.prokabaddi.com/stats/49-139-avg-tackle-points-statistics,6,Jaideep,6,3.5,"Defender, left corner",/static-assets/images/teams/small/6.png?v=6.08
1565350274-79,https://www.prokabaddi.com/stats/49-139-avg-tackle-points-statistics,7,"Surinder Singh",6,3.33,Defender,/static-assets/images/teams/small/5.png?v=6.08
1565350274-80,https://www.prokabaddi.com/stats/49-139-avg-tackle-points-statistics,8,"Amit Hooda",5,3.2,"Defender, right corner",/static-assets/images/teams/small/3.png?v=6.08
1565350274-81,https://www.prokabaddi.com/stats/49-139-avg-tackle-points-statistics,9,"Vishal Bhardwaj",6,2.83,Defender,/static-assets/images/teams/small/8.png?v=6.08
1565350274-82,https://www.prokabaddi.com/stats/49-139-avg-tackle-points-statistics,10,"Girish Maruti Ernak",5,2.8,"Defender, left corner",/static-assets/images/teams/small/7.png?v=6.08
1565350274-83,https://www.prokabaddi.com/stats/49-139-avg-tackle-points-statistics,10,"Joginder Singh Narwal",5,2.8,"Defender, left corner",/static-assets/images/teams/small/2.png?v=6.08
1565350274-84,https://www.prokabaddi.com/stats/49-139-avg-tackle-points-statistics,10,Sumit,5,2.8,"Defender, left corner",/static-assets/images/teams/small/30.png?v=6.08
1565350274-85,https://www.prokabaddi.com/stats/49-139-avg-tackle-points-statistics,13,"Rinku Narwal",4,2.75,Defender,/static-assets/images/teams/small/4.png?v=6.08
1565350271-59,https://www.prokabaddi.com/stats/49-100-super-10s-statistics,2,"Pawan Kumar Sehrawat",5,3,Raider,/static-assets/images/teams/small/1.png?v=6.08
1565350274-86,https://www.prokabaddi.com/stats/49-139-avg-tackle-points-statistics,14,"Nitesh Kumar",5,2.6,Defender,/static-assets/images/teams/small/30.png?v=6.08
1565350274-87,https://www.prokabaddi.com/stats/49-139-avg-tackle-points-statistics,14,"Parvesh Bhainswal",5,2.6,"Defender, left cover",/static-assets/images/teams/small/31.png?v=6.08
1565350274-88,https://www.prokabaddi.com/stats/49-139-avg-tackle-points-statistics,16,"Fazel Atrachali",6,2.5,"Defender, left corner",/static-assets/images/teams/small/5.png?v=6.08
1565350274-89,https://www.prokabaddi.com/stats/49-139-avg-tackle-points-statistics,16,"Viraj Vishnu Landge",2,2.5,"Defender, left cover",/static-assets/images/teams/small/4.png?v=6.08
1565350274-90,https://www.prokabaddi.com/stats/49-139-avg-tackle-points-statistics,18,"More GB",5,2.4,Raider,/static-assets/images/teams/small/31.png?v=6.08
1565350274-91,https://www.prokabaddi.com/stats/49-139-avg-tackle-points-statistics,18,Manjeet,5,2.4,Raider,/static-assets/images/teams/small/7.png?v=6.08
1565350274-92,https://www.prokabaddi.com/stats/49-139-avg-tackle-points-statistics,18,"Mohit Chhillar",5,2.4,"Defender, right corner",/static-assets/images/teams/small/29.png?v=6.08
1565350277-93,https://www.prokabaddi.com/stats/49-22-raid-points-statistics,1,"Pawan Kumar Sehrawat",5,70,Raider,/static-assets/images/teams/small/1.png?v=6.08
1565350277-94,https://www.prokabaddi.com/stats/49-22-raid-points-statistics,2,"Naveen Kumar",5,53,Raider,/static-assets/images/teams/small/2.png?v=6.08
1565350277-95,https://www.prokabaddi.com/stats/49-22-raid-points-statistics,3,"Pardeep Narwal",6,47,Raider,/static-assets/images/teams/small/6.png?v=6.08
1565350271-60,https://www.prokabaddi.com/stats/49-100-super-10s-statistics,4,"Rahul Chaudhari",5,2,Raider,/static-assets/images/teams/small/29.png?v=6.08
1565350277-96,https://www.prokabaddi.com/stats/49-22-raid-points-statistics,4,"Deepak Niwas Hooda",5,41,"All Rounder",/static-assets/images/teams/small/3.png?v=6.08
1565350277-97,https://www.prokabaddi.com/stats/49-22-raid-points-statistics,5,"Maninder Singh",4,40,Raider,/static-assets/images/teams/small/4.png?v=6.08
1565350277-98,https://www.prokabaddi.com/stats/49-22-raid-points-statistics,6,"Rahul Chaudhari",5,39,Raider,/static-assets/images/teams/small/29.png?v=6.08
1565350277-99,https://www.prokabaddi.com/stats/49-22-raid-points-statistics,6,"Siddharth Sirish Desai",6,39,Raider,/static-assets/images/teams/small/8.png?v=6.08
1565350277-100,https://www.prokabaddi.com/stats/49-22-raid-points-statistics,8,"Abhishek Singh",6,35,Raider,/static-assets/images/teams/small/5.png?v=6.08
1565350277-101,https://www.prokabaddi.com/stats/49-22-raid-points-statistics,9,Naveen,5,31,Raider,/static-assets/images/teams/small/28.png?v=6.08
1565350277-102,https://www.prokabaddi.com/stats/49-22-raid-points-statistics,10,"Chandran Ranjit",5,29,Raider,/static-assets/images/teams/small/2.png?v=6.08
1565350277-103,https://www.prokabaddi.com/stats/49-22-raid-points-statistics,11,"Rohit Gulia",5,28,"All Rounder",/static-assets/images/teams/small/31.png?v=6.08
1565350277-104,https://www.prokabaddi.com/stats/49-22-raid-points-statistics,12,"Sachin Tanwar",5,25,Raider,/static-assets/images/teams/small/31.png?v=6.08
1565350277-105,https://www.prokabaddi.com/stats/49-22-raid-points-statistics,13,"Mohammad Esmaeil Nabibakhsh",4,24,"All Rounder",/static-assets/images/teams/small/4.png?v=6.08
1565350271-61,https://www.prokabaddi.com/stats/49-100-super-10s-statistics,4,"Maninder Singh",4,2,Raider,/static-assets/images/teams/small/4.png?v=6.08
1565350277-106,https://www.prokabaddi.com/stats/49-22-raid-points-statistics,13,"K. Prapanjan",4,24,Raider,/static-assets/images/teams/small/4.png?v=6.08
1565350277-107,https://www.prokabaddi.com/stats/49-22-raid-points-statistics,13,"Deepak Narwal",5,24,Raider,/static-assets/images/teams/small/3.png?v=6.08
1565350277-108,https://www.prokabaddi.com/stats/49-22-raid-points-statistics,16,"Pawan Kumar Kadian",5,23,Raider,/static-assets/images/teams/small/7.png?v=6.08
1565350277-109,https://www.prokabaddi.com/stats/49-22-raid-points-statistics,17,"Suraj Desai",4,22,Raider,/static-assets/images/teams/small/8.png?v=6.08
1565350277-110,https://www.prokabaddi.com/stats/49-22-raid-points-statistics,18,Vinay,5,20,Raider,/static-assets/images/teams/small/28.png?v=6.08
1565350277-111,https://www.prokabaddi.com/stats/49-22-raid-points-statistics,18,"Ajay Thakur",5,20,Raider,/static-assets/images/teams/small/29.png?v=6.08
1565350277-112,https://www.prokabaddi.com/stats/49-22-raid-points-statistics,20,"Rohit Baliyan",6,19,Raider,/static-assets/images/teams/small/5.png?v=6.08
1565350271-62,https://www.prokabaddi.com/stats/49-100-super-10s-statistics,4,"Pardeep Narwal",6,2,Raider,/static-assets/images/teams/small/6.png?v=6.08
1565350271-63,https://www.prokabaddi.com/stats/49-100-super-10s-statistics,7,"K. Prapanjan",4,1,Raider,/static-assets/images/teams/small/4.png?v=6.08
1565350271-64,https://www.prokabaddi.com/stats/49-100-super-10s-statistics,7,Naveen,5,1,Raider,/static-assets/images/teams/small/28.png?v=6.08
1565350271-65,https://www.prokabaddi.com/stats/49-100-super-10s-statistics,7,"Chandran Ranjit",5,1,Raider,/static-assets/images/teams/small/2.png?v=6.08
1565350281-113,https://www.prokabaddi.com/stats/49-132-do-or-die-raid-points-statistics,1,"Abhishek Singh",6,14,Raider,/static-assets/images/teams/small/5.png?v=6.08
1565350281-122,https://www.prokabaddi.com/stats/49-132-do-or-die-raid-points-statistics,7,Naveen,5,7,Raider,/static-assets/images/teams/small/28.png?v=6.08
1565350281-123,https://www.prokabaddi.com/stats/49-132-do-or-die-raid-points-statistics,11,"Amit Kumar",5,6,Raider,/static-assets/images/teams/small/7.png?v=6.08
1565350281-124,https://www.prokabaddi.com/stats/49-132-do-or-die-raid-points-statistics,12,Vinay,5,5,Raider,/static-assets/images/teams/small/28.png?v=6.08
1565350281-125,https://www.prokabaddi.com/stats/49-132-do-or-die-raid-points-statistics,12,"Pawan Kumar Kadian",5,5,Raider,/static-assets/images/teams/small/7.png?v=6.08
1565350281-126,https://www.prokabaddi.com/stats/49-132-do-or-die-raid-points-statistics,12,"Deepak Niwas Hooda",5,5,"All Rounder",/static-assets/images/teams/small/3.png?v=6.08
1565350281-127,https://www.prokabaddi.com/stats/49-132-do-or-die-raid-points-statistics,15,"Rohit Baliyan",6,4,Raider,/static-assets/images/teams/small/5.png?v=6.08
1565350281-128,https://www.prokabaddi.com/stats/49-132-do-or-die-raid-points-statistics,15,"Dong Geon Lee",3,4,Raider,/static-assets/images/teams/small/5.png?v=6.08
1565350281-129,https://www.prokabaddi.com/stats/49-132-do-or-die-raid-points-statistics,15,"Rohit Gulia",5,4,"All Rounder",/static-assets/images/teams/small/31.png?v=6.08
1565350281-130,https://www.prokabaddi.com/stats/49-132-do-or-die-raid-points-statistics,15,"Siddharth Sirish Desai",6,4,Raider,/static-assets/images/teams/small/8.png?v=6.08
1565350281-131,https://www.prokabaddi.com/stats/49-132-do-or-die-raid-points-statistics,15,Rajnish,3,4,Raider,/static-assets/images/teams/small/8.png?v=6.08
1565350281-114,https://www.prokabaddi.com/stats/49-132-do-or-die-raid-points-statistics,2,"Sachin Tanwar",5,10,Raider,/static-assets/images/teams/small/31.png?v=6.08
1565350281-132,https://www.prokabaddi.com/stats/49-132-do-or-die-raid-points-statistics,20,"Sachin Narwal",5,3,"All Rounder",/static-assets/images/teams/small/3.png?v=6.08
1565350284-133,https://www.prokabaddi.com/stats/49-104-super-raids-statistics,1,"Pawan Kumar Sehrawat",5,3,Raider,/static-assets/images/teams/small/1.png?v=6.08
1565350284-134,https://www.prokabaddi.com/stats/49-104-super-raids-statistics,2,"Mohammad Esmaeil Nabibakhsh",4,2,"All Rounder",/static-assets/images/teams/small/4.png?v=6.08
1565350284-135,https://www.prokabaddi.com/stats/49-104-super-raids-statistics,2,"Sonu Jaglan",5,2,Raider,/static-assets/images/teams/small/31.png?v=6.08
1565350284-136,https://www.prokabaddi.com/stats/49-104-super-raids-statistics,2,"Maninder Singh",4,2,Raider,/static-assets/images/teams/small/4.png?v=6.08
1565350284-137,https://www.prokabaddi.com/stats/49-104-super-raids-statistics,2,"Pardeep Narwal",6,2,Raider,/static-assets/images/teams/small/6.png?v=6.08
1565350284-138,https://www.prokabaddi.com/stats/49-104-super-raids-statistics,6,"Rohit Baliyan",6,1,Raider,/static-assets/images/teams/small/5.png?v=6.08
1565350284-139,https://www.prokabaddi.com/stats/49-104-super-raids-statistics,6,"Selvamani K",4,1,Raider,/static-assets/images/teams/small/28.png?v=6.08
1565350284-140,https://www.prokabaddi.com/stats/49-104-super-raids-statistics,6,"Ajay Thakur",5,1,Raider,/static-assets/images/teams/small/29.png?v=6.08
1565350284-141,https://www.prokabaddi.com/stats/49-104-super-raids-statistics,6,"Chandran Ranjit",5,1,Raider,/static-assets/images/teams/small/2.png?v=6.08
1565350281-115,https://www.prokabaddi.com/stats/49-132-do-or-die-raid-points-statistics,2,"Rahul Chaudhari",5,10,Raider,/static-assets/images/teams/small/29.png?v=6.08
1565350284-142,https://www.prokabaddi.com/stats/49-104-super-raids-statistics,6,"Deepak Niwas Hooda",5,1,"All Rounder",/static-assets/images/teams/small/3.png?v=6.08
1565350284-143,https://www.prokabaddi.com/stats/49-104-super-raids-statistics,6,"Suraj Desai",4,1,Raider,/static-assets/images/teams/small/8.png?v=6.08
1565350284-144,https://www.prokabaddi.com/stats/49-104-super-raids-statistics,6,Vinay,5,1,Raider,/static-assets/images/teams/small/28.png?v=6.08
1565350284-145,https://www.prokabaddi.com/stats/49-104-super-raids-statistics,6,"Pankaj Mohite",3,1,Raider,/static-assets/images/teams/small/7.png?v=6.08
1565350284-146,https://www.prokabaddi.com/stats/49-104-super-raids-statistics,6,"Surinder Singh",6,1,Defender,/static-assets/images/teams/small/5.png?v=6.08
1565350284-147,https://www.prokabaddi.com/stats/49-104-super-raids-statistics,6,"Naveen Kumar",5,1,Raider,/static-assets/images/teams/small/2.png?v=6.08
1565350284-148,https://www.prokabaddi.com/stats/49-104-super-raids-statistics,6,Armaan,2,1,"All Rounder",/static-assets/images/teams/small/8.png?v=6.08
1565350287-149,https://www.prokabaddi.com/stats/49-103-tackle-points-statistics,1,"Sandeep Kumar Dhull",5,23,"Defender, left corner",/static-assets/images/teams/small/3.png?v=6.08
1565350287-150,https://www.prokabaddi.com/stats/49-103-tackle-points-statistics,2,"Manjeet Chhillar",5,22,"All Rounder",/static-assets/images/teams/small/29.png?v=6.08
1565350287-151,https://www.prokabaddi.com/stats/49-103-tackle-points-statistics,3,Jaideep,6,21,"Defender, left corner",/static-assets/images/teams/small/6.png?v=6.08
1565350281-116,https://www.prokabaddi.com/stats/49-132-do-or-die-raid-points-statistics,4,"Pardeep Narwal",6,9,Raider,/static-assets/images/teams/small/6.png?v=6.08
1565350287-152,https://www.prokabaddi.com/stats/49-103-tackle-points-statistics,4,"Surinder Singh",6,20,Defender,/static-assets/images/teams/small/5.png?v=6.08
1565350287-153,https://www.prokabaddi.com/stats/49-103-tackle-points-statistics,5,"Mahender Singh",5,19,"Defender, left cover",/static-assets/images/teams/small/1.png?v=6.08
1565350287-154,https://www.prokabaddi.com/stats/49-103-tackle-points-statistics,6,"Vishal Bhardwaj",6,17,Defender,/static-assets/images/teams/small/8.png?v=6.08
1565350287-155,https://www.prokabaddi.com/stats/49-103-tackle-points-statistics,7,"Baldev Singh",4,16,"Defender, right corner",/static-assets/images/teams/small/4.png?v=6.08
1565350287-156,https://www.prokabaddi.com/stats/49-103-tackle-points-statistics,7,"Amit Hooda",5,16,"Defender, right corner",/static-assets/images/teams/small/3.png?v=6.08
1565350287-157,https://www.prokabaddi.com/stats/49-103-tackle-points-statistics,9,"Fazel Atrachali",6,15,"Defender, left corner",/static-assets/images/teams/small/5.png?v=6.08
1565350287-158,https://www.prokabaddi.com/stats/49-103-tackle-points-statistics,10,"Girish Maruti Ernak",5,14,"Defender, left corner",/static-assets/images/teams/small/7.png?v=6.08
1565350287-159,https://www.prokabaddi.com/stats/49-103-tackle-points-statistics,10,"Joginder Singh Narwal",5,14,"Defender, left corner",/static-assets/images/teams/small/2.png?v=6.08
1565350287-160,https://www.prokabaddi.com/stats/49-103-tackle-points-statistics,10,Sumit,5,14,"Defender, left corner",/static-assets/images/teams/small/30.png?v=6.08
1565350287-161,https://www.prokabaddi.com/stats/49-103-tackle-points-statistics,13,"Parvesh Bhainswal",5,13,"Defender, left cover",/static-assets/images/teams/small/31.png?v=6.08
1565350281-117,https://www.prokabaddi.com/stats/49-132-do-or-die-raid-points-statistics,4,"Pankaj Mohite",3,9,Raider,/static-assets/images/teams/small/7.png?v=6.08
1565350287-162,https://www.prokabaddi.com/stats/49-103-tackle-points-statistics,13,"Nitesh Kumar",5,13,Defender,/static-assets/images/teams/small/30.png?v=6.08
1565350287-163,https://www.prokabaddi.com/stats/49-103-tackle-points-statistics,15,Manjeet,5,12,Raider,/static-assets/images/teams/small/7.png?v=6.08
1565350287-164,https://www.prokabaddi.com/stats/49-103-tackle-points-statistics,15,"More GB",5,12,Raider,/static-assets/images/teams/small/31.png?v=6.08
1565350287-165,https://www.prokabaddi.com/stats/49-103-tackle-points-statistics,15,"Mohit Chhillar",5,12,"Defender, right corner",/static-assets/images/teams/small/29.png?v=6.08
1565350287-166,https://www.prokabaddi.com/stats/49-103-tackle-points-statistics,15,Sunil,3,12,"Defender, right corner",/static-assets/images/teams/small/28.png?v=6.08
1565350287-167,https://www.prokabaddi.com/stats/49-103-tackle-points-statistics,19,"Dharmaraj Cheralathan",5,11,"Defender, right and left corner",/static-assets/images/teams/small/28.png?v=6.08
1565350287-168,https://www.prokabaddi.com/stats/49-103-tackle-points-statistics,19,"Amit Sheoran",5,11,Defender,/static-assets/images/teams/small/1.png?v=6.08
1565350281-118,https://www.prokabaddi.com/stats/49-132-do-or-die-raid-points-statistics,6,"Deepak Narwal",5,8,Raider,/static-assets/images/teams/small/3.png?v=6.08
1565350281-119,https://www.prokabaddi.com/stats/49-132-do-or-die-raid-points-statistics,7,"Maninder Singh",4,7,Raider,/static-assets/images/teams/small/4.png?v=6.08
1565350281-120,https://www.prokabaddi.com/stats/49-132-do-or-die-raid-points-statistics,7,"Vikash Kandola",2,7,Raider,/static-assets/images/teams/small/28.png?v=6.08
1565350281-121,https://www.prokabaddi.com/stats/49-132-do-or-die-raid-points-statistics,7,"Naveen Kumar",5,7,Raider,/static-assets/images/teams/small/2.png?v=6.08
1565350290-169,https://www.prokabaddi.com/stats/49-23-successful-tackles-statistics,1,"Sandeep Kumar Dhull",5,22,"Defender, left corner",/static-assets/images/teams/small/3.png?v=6.08
1565350290-178,https://www.prokabaddi.com/stats/49-23-successful-tackles-statistics,10,"Baldev Singh",4,13,"Defender, right corner",/static-assets/images/teams/small/4.png?v=6.08
1565350290-179,https://www.prokabaddi.com/stats/49-23-successful-tackles-statistics,11,"Parvesh Bhainswal",5,12,"Defender, left cover",/static-assets/images/teams/small/31.png?v=6.08
1565350290-180,https://www.prokabaddi.com/stats/49-23-successful-tackles-statistics,11,"More GB",5,12,Raider,/static-assets/images/teams/small/31.png?v=6.08
1565350290-181,https://www.prokabaddi.com/stats/49-23-successful-tackles-statistics,11,Manjeet,5,12,Raider,/static-assets/images/teams/small/7.png?v=6.08
1565350290-182,https://www.prokabaddi.com/stats/49-23-successful-tackles-statistics,11,"Girish Maruti Ernak",5,12,"Defender, left corner",/static-assets/images/teams/small/7.png?v=6.08
1565350290-183,https://www.prokabaddi.com/stats/49-23-successful-tackles-statistics,11,"Mohit Chhillar",5,12,"Defender, right corner",/static-assets/images/teams/small/29.png?v=6.08
1565350290-184,https://www.prokabaddi.com/stats/49-23-successful-tackles-statistics,11,Sunil,3,12,"Defender, right corner",/static-assets/images/teams/small/28.png?v=6.08
1565350290-185,https://www.prokabaddi.com/stats/49-23-successful-tackles-statistics,17,"Joginder Singh Narwal",5,11,"Defender, left corner",/static-assets/images/teams/small/2.png?v=6.08
1565350290-186,https://www.prokabaddi.com/stats/49-23-successful-tackles-statistics,17,"Rinku Narwal",4,11,Defender,/static-assets/images/teams/small/4.png?v=6.08
1565350290-187,https://www.prokabaddi.com/stats/49-23-successful-tackles-statistics,17,"Nitesh Kumar",5,11,Defender,/static-assets/images/teams/small/30.png?v=6.08
1565350290-170,https://www.prokabaddi.com/stats/49-23-successful-tackles-statistics,2,"Manjeet Chhillar",5,20,"All Rounder",/static-assets/images/teams/small/29.png?v=6.08
1565350290-188,https://www.prokabaddi.com/stats/49-23-successful-tackles-statistics,17,"Sunil Kumar",5,11,Defender,/static-assets/images/teams/small/31.png?v=6.08
1565350293-189,https://www.prokabaddi.com/stats/49-28-super-tackles-statistics,1,"Mahender Singh",5,5,"Defender, left cover",/static-assets/images/teams/small/1.png?v=6.08
1565350293-190,https://www.prokabaddi.com/stats/49-28-super-tackles-statistics,2,"Baldev Singh",4,3,"Defender, right corner",/static-assets/images/teams/small/4.png?v=6.08
1565350293-191,https://www.prokabaddi.com/stats/49-28-super-tackles-statistics,2,Monu,6,3,Raider,/static-assets/images/teams/small/6.png?v=6.08
1565350293-192,https://www.prokabaddi.com/stats/49-28-super-tackles-statistics,2,"Joginder Singh Narwal",5,3,"Defender, left corner",/static-assets/images/teams/small/2.png?v=6.08
1565350293-193,https://www.prokabaddi.com/stats/49-28-super-tackles-statistics,2,"Vishal Bhardwaj",6,3,Defender,/static-assets/images/teams/small/8.png?v=6.08
1565350293-194,https://www.prokabaddi.com/stats/49-28-super-tackles-statistics,6,"PO Surjeet Singh",5,2,"Defender, right cover",/static-assets/images/teams/small/7.png?v=6.08
1565350293-195,https://www.prokabaddi.com/stats/49-28-super-tackles-statistics,6,"Hadi Oshtorak",6,2,"All Rounder",/static-assets/images/teams/small/6.png?v=6.08
1565350293-196,https://www.prokabaddi.com/stats/49-28-super-tackles-statistics,6,"Ashish Kumar",4,2,"All Rounder",/static-assets/images/teams/small/1.png?v=6.08
1565350293-197,https://www.prokabaddi.com/stats/49-28-super-tackles-statistics,6,"Manjeet Chhillar",5,2,"All Rounder",/static-assets/images/teams/small/29.png?v=6.08
1565350290-171,https://www.prokabaddi.com/stats/49-23-successful-tackles-statistics,3,Jaideep,6,19,"Defender, left corner",/static-assets/images/teams/small/6.png?v=6.08
1565350293-198,https://www.prokabaddi.com/stats/49-28-super-tackles-statistics,6,"Sandeep Narwal",6,2,"All Rounder",/static-assets/images/teams/small/5.png?v=6.08
1565350293-199,https://www.prokabaddi.com/stats/49-28-super-tackles-statistics,6,"Girish Maruti Ernak",5,2,"Defender, left corner",/static-assets/images/teams/small/7.png?v=6.08
1565350293-200,https://www.prokabaddi.com/stats/49-28-super-tackles-statistics,6,"Jadhav Balasaheb Shahaji",4,2,"Defender, right cover",/static-assets/images/teams/small/7.png?v=6.08
1565350293-201,https://www.prokabaddi.com/stats/49-28-super-tackles-statistics,6,Ankit,5,2,"Defender, right corner",/static-assets/images/teams/small/31.png?v=6.08
1565350293-202,https://www.prokabaddi.com/stats/49-28-super-tackles-statistics,6,"Young Chang Ko",5,2,"Defender, left cover",/static-assets/images/teams/small/5.png?v=6.08
1565350293-203,https://www.prokabaddi.com/stats/49-28-super-tackles-statistics,6,"Amit Sheoran",5,2,Defender,/static-assets/images/teams/small/1.png?v=6.08
1565350293-204,https://www.prokabaddi.com/stats/49-28-super-tackles-statistics,6,"Nitesh Kumar",5,2,Defender,/static-assets/images/teams/small/30.png?v=6.08
1565350293-205,https://www.prokabaddi.com/stats/49-28-super-tackles-statistics,6,Jaideep,6,2,"Defender, left corner",/static-assets/images/teams/small/6.png?v=6.08
1565350293-206,https://www.prokabaddi.com/stats/49-28-super-tackles-statistics,18,"Surinder Singh",6,1,Defender,/static-assets/images/teams/small/5.png?v=6.08
1565350293-207,https://www.prokabaddi.com/stats/49-28-super-tackles-statistics,18,"Vijay Kumar",4,1,"Defender, right corner",/static-assets/images/teams/small/1.png?v=6.08
1565350290-172,https://www.prokabaddi.com/stats/49-23-successful-tackles-statistics,3,"Surinder Singh",6,19,Defender,/static-assets/images/teams/small/5.png?v=6.08
1565350293-208,https://www.prokabaddi.com/stats/49-28-super-tackles-statistics,18,"Mohammad Esmaeil Maghsoudlou Mahalli",6,1,Raider,/static-assets/images/teams/small/6.png?v=6.08
1565350296-209,https://www.prokabaddi.com/stats/49-102-total-points-statistics,1,"Pawan Kumar Sehrawat",5,74,Raider,/static-assets/images/teams/small/1.png?v=6.08
1565350296-210,https://www.prokabaddi.com/stats/49-102-total-points-statistics,2,"Naveen Kumar",5,54,Raider,/static-assets/images/teams/small/2.png?v=6.08
1565350296-211,https://www.prokabaddi.com/stats/49-102-total-points-statistics,3,"Pardeep Narwal",6,47,Raider,/static-assets/images/teams/small/6.png?v=6.08
1565350296-212,https://www.prokabaddi.com/stats/49-102-total-points-statistics,4,"Deepak Niwas Hooda",5,43,"All Rounder",/static-assets/images/teams/small/3.png?v=6.08
1565350296-213,https://www.prokabaddi.com/stats/49-102-total-points-statistics,4,"Rahul Chaudhari",5,43,Raider,/static-assets/images/teams/small/29.png?v=6.08
1565350296-214,https://www.prokabaddi.com/stats/49-102-total-points-statistics,6,"Siddharth Sirish Desai",6,41,Raider,/static-assets/images/teams/small/8.png?v=6.08
1565350296-215,https://www.prokabaddi.com/stats/49-102-total-points-statistics,7,"Maninder Singh",4,40,Raider,/static-assets/images/teams/small/4.png?v=6.08
1565350296-216,https://www.prokabaddi.com/stats/49-102-total-points-statistics,8,"Abhishek Singh",6,36,Raider,/static-assets/images/teams/small/5.png?v=6.08
1565350296-217,https://www.prokabaddi.com/stats/49-102-total-points-statistics,9,Naveen,5,33,Raider,/static-assets/images/teams/small/28.png?v=6.08
1565350290-173,https://www.prokabaddi.com/stats/49-23-successful-tackles-statistics,5,"Amit Hooda",5,15,"Defender, right corner",/static-assets/images/teams/small/3.png?v=6.08
1565350296-218,https://www.prokabaddi.com/stats/49-102-total-points-statistics,9,"Chandran Ranjit",5,33,Raider,/static-assets/images/teams/small/2.png?v=6.08
1565350296-219,https://www.prokabaddi.com/stats/49-102-total-points-statistics,11,"Rohit Gulia",5,30,"All Rounder",/static-assets/images/teams/small/31.png?v=6.08
1565350296-220,https://www.prokabaddi.com/stats/49-102-total-points-statistics,12,"More GB",5,28,Raider,/static-assets/images/teams/small/31.png?v=6.08
1565350296-221,https://www.prokabaddi.com/stats/49-102-total-points-statistics,12,"Mohammad Esmaeil Nabibakhsh",4,28,"All Rounder",/static-assets/images/teams/small/4.png?v=6.08
1565350296-222,https://www.prokabaddi.com/stats/49-102-total-points-statistics,14,"Sachin Tanwar",5,26,Raider,/static-assets/images/teams/small/31.png?v=6.08
1565350296-223,https://www.prokabaddi.com/stats/49-102-total-points-statistics,15,"Deepak Narwal",5,25,Raider,/static-assets/images/teams/small/3.png?v=6.08
1565350296-224,https://www.prokabaddi.com/stats/49-102-total-points-statistics,16,"K. Prapanjan",4,24,Raider,/static-assets/images/teams/small/4.png?v=6.08
1565350296-225,https://www.prokabaddi.com/stats/49-102-total-points-statistics,16,"Surinder Singh",6,24,Defender,/static-assets/images/teams/small/5.png?v=6.08
1565350296-226,https://www.prokabaddi.com/stats/49-102-total-points-statistics,18,"Sandeep Kumar Dhull",5,23,"Defender, left corner",/static-assets/images/teams/small/3.png?v=6.08
1565350296-227,https://www.prokabaddi.com/stats/49-102-total-points-statistics,18,"Suraj Desai",4,23,Raider,/static-assets/images/teams/small/8.png?v=6.08
1565350290-174,https://www.prokabaddi.com/stats/49-23-successful-tackles-statistics,6,"Fazel Atrachali",6,14,"Defender, left corner",/static-assets/images/teams/small/5.png?v=6.08
1565350296-228,https://www.prokabaddi.com/stats/49-102-total-points-statistics,18,"Pawan Kumar Kadian",5,23,Raider,/static-assets/images/teams/small/7.png?v=6.08
1565350290-175,https://www.prokabaddi.com/stats/49-23-successful-tackles-statistics,6,"Mahender Singh",5,14,"Defender, left cover",/static-assets/images/teams/small/1.png?v=6.08
1565350290-176,https://www.prokabaddi.com/stats/49-23-successful-tackles-statistics,6,"Vishal Bhardwaj",6,14,Defender,/static-assets/images/teams/small/8.png?v=6.08
1565350290-177,https://www.prokabaddi.com/stats/49-23-successful-tackles-statistics,6,Sumit,5,14,"Defender, left corner",/static-assets/images/teams/small/30.png?v=6.08
