﻿web-scraper-order,web-scraper-start-url,name,team,type,points,credits,announced
1566657945-1,https://www.dream11.com/kabaddi/create-team/1092/15121,"V Bharadwaj",HYD,DEF,168,15,Announced
1566657945-10,https://www.dream11.com/kabaddi/create-team/1092/15121,A.Elavarasan,JAI,DEF,0,11.5,
1566657945-11,https://www.dream11.com/kabaddi/create-team/1092/15121,"A D Arsul",HYD,DEF,2,10.5,
1566657945-12,https://www.dream11.com/kabaddi/create-team/1092/15121,"P R.",JAI,DEF,36,10,
1566657945-13,https://www.dream11.com/kabaddi/create-team/1092/15121,Karamvir,JAI,DEF,0,10,
1566657945-14,https://www.dream11.com/kabaddi/create-team/1092/15121,"D N Hooda",JAI,ALL,325,15.5,Announced
1566657945-15,https://www.dream11.com/kabaddi/create-team/1092/15121,"F Milaghardan",HYD,ALL,124,14.5,Announced
1566657945-16,https://www.dream11.com/kabaddi/create-team/1092/15121,"N Rawal",JAI,ALL,93,14.5,Announced
1566657945-17,https://www.dream11.com/kabaddi/create-team/1092/15121,Armaan,HYD,ALL,22,13.5,
1566657945-18,https://www.dream11.com/kabaddi/create-team/1092/15121,"R Gowda",HYD,ALL,22,13,
1566657945-19,https://www.dream11.com/kabaddi/create-team/1092/15121,Santhapanaselvam,JAI,ALL,0,13,Announced
1566657945-2,https://www.dream11.com/kabaddi/create-team/1092/15121,"A Mohajermighani",HYD,DEF,109,14.5,Announced
1566657945-20,https://www.dream11.com/kabaddi/create-team/1092/15121,Vishal,JAI,ALL,175,13,
1566657945-21,https://www.dream11.com/kabaddi/create-team/1092/15121,"S Narwal",JAI,ALL,37,12.5,
1566657945-22,https://www.dream11.com/kabaddi/create-team/1092/15121,"D Kim",JAI,ALL,0,10.5,
1566657945-23,https://www.dream11.com/kabaddi/create-team/1092/15121,Siddharth-Desai,HYD,RAI,240,16,Announced
1566657945-24,https://www.dream11.com/kabaddi/create-team/1092/15121,"D Narwal",JAI,RAI,146,14.5,Announced
1566657945-25,https://www.dream11.com/kabaddi/create-team/1092/15121,Rajnish,HYD,RAI,27,14,
1566657945-26,https://www.dream11.com/kabaddi/create-team/1092/15121,"N Salunke",JAI,RAI,60,13.5,Announced
1566657945-27,https://www.dream11.com/kabaddi/create-team/1092/15121,"S Desai",HYD,RAI,140,13,Announced
1566657945-28,https://www.dream11.com/kabaddi/create-team/1092/15121,Kamal-Singh,HYD,RAI,10,12.5,
1566657945-29,https://www.dream11.com/kabaddi/create-team/1092/15121,"A Pawar",JAI,RAI,40,12.5,
1566657945-3,https://www.dream11.com/kabaddi/create-team/1092/15121,"S K Dhull",JAI,DEF,222,14.5,Announced
1566657945-30,https://www.dream11.com/kabaddi/create-team/1092/15121,"A Kumar-II",HYD,RAI,70,12,Announced
1566657945-31,https://www.dream11.com/kabaddi/create-team/1092/15121,"S Gulia",JAI,RAI,0,12,
1566657945-32,https://www.dream11.com/kabaddi/create-team/1092/15121,"L Kaushik",JAI,RAI,0,12,
1566657945-33,https://www.dream11.com/kabaddi/create-team/1092/15121,"A Beniwal",HYD,RAI,14,11.5,
1566657945-34,https://www.dream11.com/kabaddi/create-team/1092/15121,"M Chathuranga",JAI,RAI,1,11.5,
1566657945-35,https://www.dream11.com/kabaddi/create-team/1092/15121,"G Singh",JAI,RAI,0,11.5,
1566657945-36,https://www.dream11.com/kabaddi/create-team/1092/15121,"P Mallikarjun",HYD,RAI,7,11,
1566657945-37,https://www.dream11.com/kabaddi/create-team/1092/15121,"M S G Reddy",HYD,RAI,0,10,
1566657945-4,https://www.dream11.com/kabaddi/create-team/1092/15121,"A Hooda",JAI,DEF,172,14.5,
1566657945-5,https://www.dream11.com/kabaddi/create-team/1092/15121,"C Arun",HYD,DEF,79,13.5,Announced
1566657945-6,https://www.dream11.com/kabaddi/create-team/1092/15121,"S Siddhgavali",JAI,DEF,78,13,Announced
1566657945-7,https://www.dream11.com/kabaddi/create-team/1092/15121,"K Madane",HYD,DEF,14,12.5,
1566657945-8,https://www.dream11.com/kabaddi/create-team/1092/15121,Manish-I,HYD,DEF,0,12,
1566657945-9,https://www.dream11.com/kabaddi/create-team/1092/15121,"A Choudhary",HYD,DEF,0,11.5,
