﻿web-scraper-order,web-scraper-start-url,name,rank,team_id,matches,points
1565523050-1,https://www.prokabaddi.com/stats/49-97-raid-points-statistics,"Dabang Delhi K.C.",1,/static-assets/images/teams/small/2.png?v=6.08,6,111
1565523050-10,https://www.prokabaddi.com/stats/49-97-raid-points-statistics,"Jaipur Pink Panthers",10,/static-assets/images/teams/small/3.png?v=6.08,5,85
1565523053-11,https://www.prokabaddi.com/stats/49-140-avg-points-scored-statistics,"Bengal Warriors",1,/static-assets/images/teams/small/4.png?v=6.08,5,31.6
1565523053-12,https://www.prokabaddi.com/stats/49-140-avg-points-scored-statistics,"Bengaluru Bulls",2,/static-assets/images/teams/small/1.png?v=6.08,5,31.2
1565523053-13,https://www.prokabaddi.com/stats/49-140-avg-points-scored-statistics,"Jaipur Pink Panthers",3,/static-assets/images/teams/small/3.png?v=6.08,5,28
1565523053-14,https://www.prokabaddi.com/stats/49-140-avg-points-scored-statistics,"Gujarat Fortunegiants",3,/static-assets/images/teams/small/31.png?v=6.08,6,28
1565523053-15,https://www.prokabaddi.com/stats/49-140-avg-points-scored-statistics,"Puneri Paltan",5,/static-assets/images/teams/small/7.png?v=6.08,6,27
1565523053-16,https://www.prokabaddi.com/stats/49-140-avg-points-scored-statistics,"Dabang Delhi K.C.",5,/static-assets/images/teams/small/2.png?v=6.08,6,27
1565523053-17,https://www.prokabaddi.com/stats/49-140-avg-points-scored-statistics,"Tamil Thalaivas",7,/static-assets/images/teams/small/29.png?v=6.08,6,26.33
1565523053-18,https://www.prokabaddi.com/stats/49-140-avg-points-scored-statistics,"Haryana Steelers",8,/static-assets/images/teams/small/28.png?v=6.08,5,25.2
1565523053-19,https://www.prokabaddi.com/stats/49-140-avg-points-scored-statistics,"Patna Pirates",9,/static-assets/images/teams/small/6.png?v=6.08,7,24.57
1565523050-2,https://www.prokabaddi.com/stats/49-97-raid-points-statistics,"Bengal Warriors",2,/static-assets/images/teams/small/4.png?v=6.08,5,105
1565523053-20,https://www.prokabaddi.com/stats/49-140-avg-points-scored-statistics,"Telugu Titans",10,/static-assets/images/teams/small/8.png?v=6.08,6,24
1565523056-21,https://www.prokabaddi.com/stats/49-134-super-raid-statistics,"Bengal Warriors",1,/static-assets/images/teams/small/4.png?v=6.08,5,5
1565523056-22,https://www.prokabaddi.com/stats/49-134-super-raid-statistics,"Bengaluru Bulls",2,/static-assets/images/teams/small/1.png?v=6.08,5,3
1565523056-23,https://www.prokabaddi.com/stats/49-134-super-raid-statistics,"Dabang Delhi K.C.",3,/static-assets/images/teams/small/2.png?v=6.08,6,2
1565523056-24,https://www.prokabaddi.com/stats/49-134-super-raid-statistics,"U Mumba",3,/static-assets/images/teams/small/5.png?v=6.08,7,2
1565523056-25,https://www.prokabaddi.com/stats/49-134-super-raid-statistics,"Patna Pirates",3,/static-assets/images/teams/small/6.png?v=6.08,7,2
1565523056-26,https://www.prokabaddi.com/stats/49-134-super-raid-statistics,"Telugu Titans",3,/static-assets/images/teams/small/8.png?v=6.08,6,2
1565523056-27,https://www.prokabaddi.com/stats/49-134-super-raid-statistics,"Haryana Steelers",3,/static-assets/images/teams/small/28.png?v=6.08,5,2
1565523056-28,https://www.prokabaddi.com/stats/49-134-super-raid-statistics,"Tamil Thalaivas",3,/static-assets/images/teams/small/29.png?v=6.08,6,2
1565523056-29,https://www.prokabaddi.com/stats/49-134-super-raid-statistics,"Gujarat Fortunegiants",3,/static-assets/images/teams/small/31.png?v=6.08,6,2
1565523050-3,https://www.prokabaddi.com/stats/49-97-raid-points-statistics,"U Mumba",3,/static-assets/images/teams/small/5.png?v=6.08,7,102
1565523056-30,https://www.prokabaddi.com/stats/49-134-super-raid-statistics,"Puneri Paltan",10,/static-assets/images/teams/small/7.png?v=6.08,6,1
1565523059-31,https://www.prokabaddi.com/stats/49-15-successful-tackles-statistics,"Patna Pirates",1,/static-assets/images/teams/small/6.png?v=6.08,7,67
1565523059-32,https://www.prokabaddi.com/stats/49-15-successful-tackles-statistics,"Tamil Thalaivas",2,/static-assets/images/teams/small/29.png?v=6.08,6,65
1565523059-33,https://www.prokabaddi.com/stats/49-15-successful-tackles-statistics,"Gujarat Fortunegiants",3,/static-assets/images/teams/small/31.png?v=6.08,6,62
1565523059-34,https://www.prokabaddi.com/stats/49-15-successful-tackles-statistics,"Puneri Paltan",4,/static-assets/images/teams/small/7.png?v=6.08,6,59
1565523059-35,https://www.prokabaddi.com/stats/49-15-successful-tackles-statistics,"U Mumba",5,/static-assets/images/teams/small/5.png?v=6.08,7,57
1565523059-36,https://www.prokabaddi.com/stats/49-15-successful-tackles-statistics,"Jaipur Pink Panthers",6,/static-assets/images/teams/small/3.png?v=6.08,5,53
1565523059-37,https://www.prokabaddi.com/stats/49-15-successful-tackles-statistics,"Bengal Warriors",7,/static-assets/images/teams/small/4.png?v=6.08,5,49
1565523059-38,https://www.prokabaddi.com/stats/49-15-successful-tackles-statistics,"U.P. Yoddha",8,/static-assets/images/teams/small/30.png?v=6.08,6,48
1565523059-39,https://www.prokabaddi.com/stats/49-15-successful-tackles-statistics,"Dabang Delhi K.C.",9,/static-assets/images/teams/small/2.png?v=6.08,6,47
1565523050-4,https://www.prokabaddi.com/stats/49-97-raid-points-statistics,"Gujarat Fortunegiants",3,/static-assets/images/teams/small/31.png?v=6.08,6,102
1565523059-40,https://www.prokabaddi.com/stats/49-15-successful-tackles-statistics,"Telugu Titans",9,/static-assets/images/teams/small/8.png?v=6.08,6,47
1565523062-41,https://www.prokabaddi.com/stats/49-99-avg-tackle-points-statistics,"Tamil Thalaivas",1,/static-assets/images/teams/small/29.png?v=6.08,6,11.5
1565523062-42,https://www.prokabaddi.com/stats/49-99-avg-tackle-points-statistics,"Puneri Paltan",2,/static-assets/images/teams/small/7.png?v=6.08,6,11.17
1565523062-43,https://www.prokabaddi.com/stats/49-99-avg-tackle-points-statistics,"Patna Pirates",3,/static-assets/images/teams/small/6.png?v=6.08,7,11
1565523062-44,https://www.prokabaddi.com/stats/49-99-avg-tackle-points-statistics,"Bengaluru Bulls",3,/static-assets/images/teams/small/1.png?v=6.08,5,11
1565523062-45,https://www.prokabaddi.com/stats/49-99-avg-tackle-points-statistics,"Jaipur Pink Panthers",3,/static-assets/images/teams/small/3.png?v=6.08,5,11
1565523062-46,https://www.prokabaddi.com/stats/49-99-avg-tackle-points-statistics,"Gujarat Fortunegiants",3,/static-assets/images/teams/small/31.png?v=6.08,6,11
1565523062-47,https://www.prokabaddi.com/stats/49-99-avg-tackle-points-statistics,"Bengal Warriors",7,/static-assets/images/teams/small/4.png?v=6.08,5,10.6
1565523062-48,https://www.prokabaddi.com/stats/49-99-avg-tackle-points-statistics,"Haryana Steelers",8,/static-assets/images/teams/small/28.png?v=6.08,5,9.8
1565523062-49,https://www.prokabaddi.com/stats/49-99-avg-tackle-points-statistics,"U Mumba",9,/static-assets/images/teams/small/5.png?v=6.08,7,9.14
1565523050-5,https://www.prokabaddi.com/stats/49-97-raid-points-statistics,"Bengaluru Bulls",5,/static-assets/images/teams/small/1.png?v=6.08,5,101
1565523062-50,https://www.prokabaddi.com/stats/49-99-avg-tackle-points-statistics,"Telugu Titans",10,/static-assets/images/teams/small/8.png?v=6.08,6,8.67
1565523050-6,https://www.prokabaddi.com/stats/49-97-raid-points-statistics,"Patna Pirates",6,/static-assets/images/teams/small/6.png?v=6.08,7,95
1565523050-7,https://www.prokabaddi.com/stats/49-97-raid-points-statistics,"Puneri Paltan",6,/static-assets/images/teams/small/7.png?v=6.08,6,95
1565523050-8,https://www.prokabaddi.com/stats/49-97-raid-points-statistics,"Telugu Titans",8,/static-assets/images/teams/small/8.png?v=6.08,6,92
1565523050-9,https://www.prokabaddi.com/stats/49-97-raid-points-statistics,"Tamil Thalaivas",9,/static-assets/images/teams/small/29.png?v=6.08,6,89
1565523065-51,https://www.prokabaddi.com/stats/49-96-total-points-scored-statistics,"Dabang Delhi K.C.",1,/static-assets/images/teams/small/2.png?v=6.08,6,198
1565523065-60,https://www.prokabaddi.com/stats/49-96-total-points-scored-statistics,"Telugu Titans",10,/static-assets/images/teams/small/8.png?v=6.08,6,152
1565523067-61,https://www.prokabaddi.com/stats/49-133-total-points-conceded-statistics,"Patna Pirates",1,/static-assets/images/teams/small/6.png?v=6.08,7,209
1565523067-62,https://www.prokabaddi.com/stats/49-133-total-points-conceded-statistics,"Telugu Titans",2,/static-assets/images/teams/small/8.png?v=6.08,6,205
1565523067-63,https://www.prokabaddi.com/stats/49-133-total-points-conceded-statistics,"U.P. Yoddha",3,/static-assets/images/teams/small/30.png?v=6.08,6,204
1565523067-64,https://www.prokabaddi.com/stats/49-133-total-points-conceded-statistics,"U Mumba",4,/static-assets/images/teams/small/5.png?v=6.08,7,199
1565523067-65,https://www.prokabaddi.com/stats/49-133-total-points-conceded-statistics,"Puneri Paltan",5,/static-assets/images/teams/small/7.png?v=6.08,6,193
1565523067-66,https://www.prokabaddi.com/stats/49-133-total-points-conceded-statistics,"Bengaluru Bulls",6,/static-assets/images/teams/small/1.png?v=6.08,5,168
1565523067-67,https://www.prokabaddi.com/stats/49-133-total-points-conceded-statistics,"Dabang Delhi K.C.",6,/static-assets/images/teams/small/2.png?v=6.08,6,168
1565523067-68,https://www.prokabaddi.com/stats/49-133-total-points-conceded-statistics,"Gujarat Fortunegiants",6,/static-assets/images/teams/small/31.png?v=6.08,6,168
1565523067-69,https://www.prokabaddi.com/stats/49-133-total-points-conceded-statistics,"Tamil Thalaivas",9,/static-assets/images/teams/small/29.png?v=6.08,6,164
1565523065-52,https://www.prokabaddi.com/stats/49-96-total-points-scored-statistics,"U Mumba",1,/static-assets/images/teams/small/5.png?v=6.08,7,198
1565523067-70,https://www.prokabaddi.com/stats/49-133-total-points-conceded-statistics,"Haryana Steelers",10,/static-assets/images/teams/small/28.png?v=6.08,5,163
1565523070-71,https://www.prokabaddi.com/stats/49-95-tackle-points-statistics,"Patna Pirates",1,/static-assets/images/teams/small/6.png?v=6.08,7,77
1565523070-72,https://www.prokabaddi.com/stats/49-95-tackle-points-statistics,"Tamil Thalaivas",2,/static-assets/images/teams/small/29.png?v=6.08,6,69
1565523070-73,https://www.prokabaddi.com/stats/49-95-tackle-points-statistics,"Puneri Paltan",3,/static-assets/images/teams/small/7.png?v=6.08,6,67
1565523070-74,https://www.prokabaddi.com/stats/49-95-tackle-points-statistics,"Gujarat Fortunegiants",4,/static-assets/images/teams/small/31.png?v=6.08,6,66
1565523070-75,https://www.prokabaddi.com/stats/49-95-tackle-points-statistics,"U Mumba",5,/static-assets/images/teams/small/5.png?v=6.08,7,64
1565523070-76,https://www.prokabaddi.com/stats/49-95-tackle-points-statistics,"Bengaluru Bulls",6,/static-assets/images/teams/small/1.png?v=6.08,5,55
1565523070-77,https://www.prokabaddi.com/stats/49-95-tackle-points-statistics,"Jaipur Pink Panthers",6,/static-assets/images/teams/small/3.png?v=6.08,5,55
1565523070-78,https://www.prokabaddi.com/stats/49-95-tackle-points-statistics,"Bengal Warriors",8,/static-assets/images/teams/small/4.png?v=6.08,5,53
1565523070-79,https://www.prokabaddi.com/stats/49-95-tackle-points-statistics,"Telugu Titans",9,/static-assets/images/teams/small/8.png?v=6.08,6,52
1565523065-53,https://www.prokabaddi.com/stats/49-96-total-points-scored-statistics,"Patna Pirates",1,/static-assets/images/teams/small/6.png?v=6.08,7,198
1565523070-80,https://www.prokabaddi.com/stats/49-95-tackle-points-statistics,"U.P. Yoddha",9,/static-assets/images/teams/small/30.png?v=6.08,6,52
1565523073-81,https://www.prokabaddi.com/stats/49-136-all-outs-inflicted-statistics,"Bengal Warriors",1,/static-assets/images/teams/small/4.png?v=6.08,5,11
1565523073-82,https://www.prokabaddi.com/stats/49-136-all-outs-inflicted-statistics,"U Mumba",2,/static-assets/images/teams/small/5.png?v=6.08,7,9
1565523073-83,https://www.prokabaddi.com/stats/49-136-all-outs-inflicted-statistics,"Gujarat Fortunegiants",2,/static-assets/images/teams/small/31.png?v=6.08,6,9
1565523073-84,https://www.prokabaddi.com/stats/49-136-all-outs-inflicted-statistics,"Tamil Thalaivas",4,/static-assets/images/teams/small/29.png?v=6.08,6,8
1565523073-85,https://www.prokabaddi.com/stats/49-136-all-outs-inflicted-statistics,"Patna Pirates",4,/static-assets/images/teams/small/6.png?v=6.08,7,8
1565523073-86,https://www.prokabaddi.com/stats/49-136-all-outs-inflicted-statistics,"Dabang Delhi K.C.",4,/static-assets/images/teams/small/2.png?v=6.08,6,8
1565523073-87,https://www.prokabaddi.com/stats/49-136-all-outs-inflicted-statistics,"Jaipur Pink Panthers",4,/static-assets/images/teams/small/3.png?v=6.08,5,8
1565523073-88,https://www.prokabaddi.com/stats/49-136-all-outs-inflicted-statistics,"Bengaluru Bulls",8,/static-assets/images/teams/small/1.png?v=6.08,5,6
1565523073-89,https://www.prokabaddi.com/stats/49-136-all-outs-inflicted-statistics,"Haryana Steelers",9,/static-assets/images/teams/small/28.png?v=6.08,5,5
1565523065-54,https://www.prokabaddi.com/stats/49-96-total-points-scored-statistics,"Gujarat Fortunegiants",4,/static-assets/images/teams/small/31.png?v=6.08,6,196
1565523073-90,https://www.prokabaddi.com/stats/49-136-all-outs-inflicted-statistics,"Puneri Paltan",10,/static-assets/images/teams/small/7.png?v=6.08,6,3
1565523075-91,https://www.prokabaddi.com/stats/49-135-do-or-die-raid-points-statistics,"U Mumba",1,/static-assets/images/teams/small/5.png?v=6.08,7,27
1565523075-92,https://www.prokabaddi.com/stats/49-135-do-or-die-raid-points-statistics,"Puneri Paltan",2,/static-assets/images/teams/small/7.png?v=6.08,6,23
1565523075-93,https://www.prokabaddi.com/stats/49-135-do-or-die-raid-points-statistics,"Patna Pirates",3,/static-assets/images/teams/small/6.png?v=6.08,7,22
1565523075-94,https://www.prokabaddi.com/stats/49-135-do-or-die-raid-points-statistics,"Gujarat Fortunegiants",3,/static-assets/images/teams/small/31.png?v=6.08,6,22
1565523075-95,https://www.prokabaddi.com/stats/49-135-do-or-die-raid-points-statistics,"Tamil Thalaivas",5,/static-assets/images/teams/small/29.png?v=6.08,6,21
1565523075-96,https://www.prokabaddi.com/stats/49-135-do-or-die-raid-points-statistics,"Jaipur Pink Panthers",5,/static-assets/images/teams/small/3.png?v=6.08,5,21
1565523075-97,https://www.prokabaddi.com/stats/49-135-do-or-die-raid-points-statistics,"Haryana Steelers",7,/static-assets/images/teams/small/28.png?v=6.08,5,19
1565523075-98,https://www.prokabaddi.com/stats/49-135-do-or-die-raid-points-statistics,"Dabang Delhi K.C.",8,/static-assets/images/teams/small/2.png?v=6.08,6,13
1565523075-99,https://www.prokabaddi.com/stats/49-135-do-or-die-raid-points-statistics,"U.P. Yoddha",9,/static-assets/images/teams/small/30.png?v=6.08,6,12
1565523065-55,https://www.prokabaddi.com/stats/49-96-total-points-scored-statistics,"Bengal Warriors",5,/static-assets/images/teams/small/4.png?v=6.08,5,190
1565523075-100,https://www.prokabaddi.com/stats/49-135-do-or-die-raid-points-statistics,"Bengal Warriors",10,/static-assets/images/teams/small/4.png?v=6.08,5,11
1565523065-56,https://www.prokabaddi.com/stats/49-96-total-points-scored-statistics,"Tamil Thalaivas",6,/static-assets/images/teams/small/29.png?v=6.08,6,188
1565523065-57,https://www.prokabaddi.com/stats/49-96-total-points-scored-statistics,"Bengaluru Bulls",7,/static-assets/images/teams/small/1.png?v=6.08,5,178
1565523065-58,https://www.prokabaddi.com/stats/49-96-total-points-scored-statistics,"Puneri Paltan",8,/static-assets/images/teams/small/7.png?v=6.08,6,174
1565523065-59,https://www.prokabaddi.com/stats/49-96-total-points-scored-statistics,"Jaipur Pink Panthers",9,/static-assets/images/teams/small/3.png?v=6.08,5,164
1565523078-101,https://www.prokabaddi.com/stats/49-20-super-tackles-statistics,"Bengaluru Bulls",1,/static-assets/images/teams/small/1.png?v=6.08,5,15
1565523078-110,https://www.prokabaddi.com/stats/49-20-super-tackles-statistics,"Gujarat Fortunegiants",10,/static-assets/images/teams/small/31.png?v=6.08,6,4
1565523081-111,https://www.prokabaddi.com/stats/49-13-successful-raids-statistics,"Dabang Delhi K.C.",1,/static-assets/images/teams/small/2.png?v=6.08,6,97
1565523081-112,https://www.prokabaddi.com/stats/49-13-successful-raids-statistics,"Patna Pirates",2,/static-assets/images/teams/small/6.png?v=6.08,7,85
1565523081-113,https://www.prokabaddi.com/stats/49-13-successful-raids-statistics,"Bengal Warriors",3,/static-assets/images/teams/small/4.png?v=6.08,5,83
1565523081-114,https://www.prokabaddi.com/stats/49-13-successful-raids-statistics,"Gujarat Fortunegiants",4,/static-assets/images/teams/small/31.png?v=6.08,6,82
1565523081-115,https://www.prokabaddi.com/stats/49-13-successful-raids-statistics,"Bengaluru Bulls",5,/static-assets/images/teams/small/1.png?v=6.08,5,79
1565523081-116,https://www.prokabaddi.com/stats/49-13-successful-raids-statistics,"Telugu Titans",5,/static-assets/images/teams/small/8.png?v=6.08,6,79
1565523081-117,https://www.prokabaddi.com/stats/49-13-successful-raids-statistics,"U Mumba",7,/static-assets/images/teams/small/5.png?v=6.08,7,78
1565523081-118,https://www.prokabaddi.com/stats/49-13-successful-raids-statistics,"Puneri Paltan",8,/static-assets/images/teams/small/7.png?v=6.08,6,77
1565523081-119,https://www.prokabaddi.com/stats/49-13-successful-raids-statistics,"Tamil Thalaivas",9,/static-assets/images/teams/small/29.png?v=6.08,6,72
1565523078-102,https://www.prokabaddi.com/stats/49-20-super-tackles-statistics,"Patna Pirates",2,/static-assets/images/teams/small/6.png?v=6.08,7,10
1565523081-120,https://www.prokabaddi.com/stats/49-13-successful-raids-statistics,"Jaipur Pink Panthers",10,/static-assets/images/teams/small/3.png?v=6.08,5,68
1565523083-121,https://www.prokabaddi.com/stats/49-98-avg-raid-points-statistics,"Bengal Warriors",1,/static-assets/images/teams/small/4.png?v=6.08,5,21
1565523083-122,https://www.prokabaddi.com/stats/49-98-avg-raid-points-statistics,"Bengaluru Bulls",2,/static-assets/images/teams/small/1.png?v=6.08,5,20.2
1565523083-123,https://www.prokabaddi.com/stats/49-98-avg-raid-points-statistics,"Dabang Delhi K.C.",3,/static-assets/images/teams/small/2.png?v=6.08,6,18.5
1565523083-124,https://www.prokabaddi.com/stats/49-98-avg-raid-points-statistics,"Jaipur Pink Panthers",4,/static-assets/images/teams/small/3.png?v=6.08,5,17
1565523083-125,https://www.prokabaddi.com/stats/49-98-avg-raid-points-statistics,"Gujarat Fortunegiants",4,/static-assets/images/teams/small/31.png?v=6.08,6,17
1565523083-126,https://www.prokabaddi.com/stats/49-98-avg-raid-points-statistics,"Puneri Paltan",6,/static-assets/images/teams/small/7.png?v=6.08,6,15.83
1565523083-127,https://www.prokabaddi.com/stats/49-98-avg-raid-points-statistics,"Haryana Steelers",7,/static-assets/images/teams/small/28.png?v=6.08,5,15.4
1565523083-128,https://www.prokabaddi.com/stats/49-98-avg-raid-points-statistics,"Telugu Titans",8,/static-assets/images/teams/small/8.png?v=6.08,6,15.33
1565523083-129,https://www.prokabaddi.com/stats/49-98-avg-raid-points-statistics,"Tamil Thalaivas",9,/static-assets/images/teams/small/29.png?v=6.08,6,14.83
1565523078-103,https://www.prokabaddi.com/stats/49-20-super-tackles-statistics,"Puneri Paltan",3,/static-assets/images/teams/small/7.png?v=6.08,6,8
1565523083-130,https://www.prokabaddi.com/stats/49-98-avg-raid-points-statistics,"U Mumba",10,/static-assets/images/teams/small/5.png?v=6.08,7,14.57
1565523078-104,https://www.prokabaddi.com/stats/49-20-super-tackles-statistics,"U Mumba",3,/static-assets/images/teams/small/5.png?v=6.08,7,8
1565523078-105,https://www.prokabaddi.com/stats/49-20-super-tackles-statistics,"Telugu Titans",5,/static-assets/images/teams/small/8.png?v=6.08,6,6
1565523078-106,https://www.prokabaddi.com/stats/49-20-super-tackles-statistics,"Tamil Thalaivas",5,/static-assets/images/teams/small/29.png?v=6.08,6,6
1565523078-107,https://www.prokabaddi.com/stats/49-20-super-tackles-statistics,"U.P. Yoddha",7,/static-assets/images/teams/small/30.png?v=6.08,6,5
1565523078-108,https://www.prokabaddi.com/stats/49-20-super-tackles-statistics,"Bengal Warriors",7,/static-assets/images/teams/small/4.png?v=6.08,5,5
1565523078-109,https://www.prokabaddi.com/stats/49-20-super-tackles-statistics,"Dabang Delhi K.C.",7,/static-assets/images/teams/small/2.png?v=6.08,6,5
