﻿web-scraper-order,web-scraper-start-url,name,team,type,points,credits,announced
1567349130-1,https://www.dream11.com/kabaddi/create-team/1092/15134,"A Sheoran",BLR,DEF,176,14.5,Announced
1567349130-10,https://www.dream11.com/kabaddi/create-team/1092/15134,"M Abishek",TAM,DEF,0,12,
1567349130-11,https://www.dream11.com/kabaddi/create-team/1092/15134,Aman,BLR,DEF,5,11.5,
1567349130-12,https://www.dream11.com/kabaddi/create-team/1092/15134,Himanshu,TAM,DEF,0,11.5,
1567349130-13,https://www.dream11.com/kabaddi/create-team/1092/15134,Sagar,TAM,DEF,15,11,Announced
1567349130-14,https://www.dream11.com/kabaddi/create-team/1092/15134,"M Sheibak",TAM,DEF,2,10.5,
1567349130-15,https://www.dream11.com/kabaddi/create-team/1092/15134,Manjeet-Chhillar,TAM,ALL,181,15.5,Announced
1567349130-16,https://www.dream11.com/kabaddi/create-team/1092/15134,Ashish-Kumar,BLR,ALL,41,14.5,
1567349130-17,https://www.dream11.com/kabaddi/create-team/1092/15134,"R Singh",TAM,ALL,162,13.5,Announced
1567349130-18,https://www.dream11.com/kabaddi/create-team/1092/15134,"V O Obiero",TAM,ALL,0,13,
1567349130-19,https://www.dream11.com/kabaddi/create-team/1092/15134,Ankit,BLR,ALL,22,12.5,
1567349130-2,https://www.dream11.com/kabaddi/create-team/1092/15134,Mahender-Singh,BLR,DEF,209,14.5,Announced
1567349130-20,https://www.dream11.com/kabaddi/create-team/1092/15134,"H Chauhan",TAM,ALL,2,12.5,
1567349130-21,https://www.dream11.com/kabaddi/create-team/1092/15134,Ajay,BLR,ALL,21,12,
1567349130-22,https://www.dream11.com/kabaddi/create-team/1092/15134,"M Sehrawat",BLR,ALL,79,11.5,Announced
1567349130-23,https://www.dream11.com/kabaddi/create-team/1092/15134,"S Shrestha",BLR,ALL,0,11.5,
1567349130-24,https://www.dream11.com/kabaddi/create-team/1092/15134,"P Kumar-Sherawat",BLR,RAI,504,17,Announced
1567349130-25,https://www.dream11.com/kabaddi/create-team/1092/15134,"A Thakur",TAM,RAI,215,16.5,Announced
1567349130-26,https://www.dream11.com/kabaddi/create-team/1092/15134,Rohit-Kumar,BLR,RAI,221,16,Announced
1567349130-27,https://www.dream11.com/kabaddi/create-team/1092/15134,"R Chaudhari",TAM,RAI,274,16,Announced
1567349130-28,https://www.dream11.com/kabaddi/create-team/1092/15134,Sumit-Singh,BLR,RAI,60,13.5,Announced
1567349130-29,https://www.dream11.com/kabaddi/create-team/1092/15134,"V Kumar-II",BLR,RAI,6,13,
1567349130-3,https://www.dream11.com/kabaddi/create-team/1092/15134,Mohit-Chillar,TAM,DEF,184,14,Announced
1567349130-30,https://www.dream11.com/kabaddi/create-team/1092/15134,"V Sharma",TAM,RAI,52,13,
1567349130-31,https://www.dream11.com/kabaddi/create-team/1092/15134,"S Bappu",TAM,RAI,101,13,
1567349130-32,https://www.dream11.com/kabaddi/create-team/1092/15134,"V A Kumar",TAM,RAI,98,12,
1567349130-33,https://www.dream11.com/kabaddi/create-team/1092/15134,Banty,BLR,RAI,57,11.5,
1567349130-34,https://www.dream11.com/kabaddi/create-team/1092/15134,"L Mohar-Yadav",BLR,RAI,0,11.5,
1567349130-35,https://www.dream11.com/kabaddi/create-team/1092/15134,Anand,TAM,RAI,15,11.5,
1567349130-36,https://www.dream11.com/kabaddi/create-team/1092/15134,"Y Bishnoi",TAM,RAI,0,11.5,
1567349130-4,https://www.dream11.com/kabaddi/create-team/1092/15134,"S Nandal",BLR,DEF,204,13,Announced
1567349130-5,https://www.dream11.com/kabaddi/create-team/1092/15134,"R Lal-Choudhary",BLR,DEF,0,13,
1567349130-6,https://www.dream11.com/kabaddi/create-team/1092/15134,Vijay-Kumar,BLR,DEF,54,13,
1567349130-7,https://www.dream11.com/kabaddi/create-team/1092/15134,Sandeep,BLR,DEF,2,12.5,
1567349130-8,https://www.dream11.com/kabaddi/create-team/1092/15134,Ajeet,TAM,DEF,114,12.5,Announced
1567349130-9,https://www.dream11.com/kabaddi/create-team/1092/15134,"P Subramanian",TAM,DEF,13,12.5,
