﻿web-scraper-order,web-scraper-start-url,name,rank,team_id,matches,points
1566041429-1,https://www.prokabaddi.com/stats/49-97-raid-points-statistics,"Bengaluru Bulls",1,/static-assets/images/teams/small/1.png?v=6.08,7,140
1566041429-10,https://www.prokabaddi.com/stats/49-97-raid-points-statistics,"Jaipur Pink Panthers",10,/static-assets/images/teams/small/3.png?v=6.08,7,110
1566041429-11,https://www.prokabaddi.com/stats/49-97-raid-points-statistics,"U.P. Yoddha",11,/static-assets/images/teams/small/30.png?v=6.08,8,101
1566041429-12,https://www.prokabaddi.com/stats/49-97-raid-points-statistics,"Tamil Thalaivas",12,/static-assets/images/teams/small/29.png?v=6.08,6,89
1566041434-13,https://www.prokabaddi.com/stats/49-140-avg-points-scored-statistics,"Bengaluru Bulls",1,/static-assets/images/teams/small/1.png?v=6.08,7,30.57
1566041434-14,https://www.prokabaddi.com/stats/49-140-avg-points-scored-statistics,"Bengal Warriors",2,/static-assets/images/teams/small/4.png?v=6.08,7,29.28
1566041434-15,https://www.prokabaddi.com/stats/49-140-avg-points-scored-statistics,"Jaipur Pink Panthers",3,/static-assets/images/teams/small/3.png?v=6.08,7,27.28
1566041434-16,https://www.prokabaddi.com/stats/49-140-avg-points-scored-statistics,"Dabang Delhi K.C.",4,/static-assets/images/teams/small/2.png?v=6.08,6,27
1566041434-17,https://www.prokabaddi.com/stats/49-140-avg-points-scored-statistics,"Haryana Steelers",5,/static-assets/images/teams/small/28.png?v=6.08,7,26.85
1566041434-18,https://www.prokabaddi.com/stats/49-140-avg-points-scored-statistics,"Puneri Paltan",6,/static-assets/images/teams/small/7.png?v=6.08,7,26.57
1566041434-19,https://www.prokabaddi.com/stats/49-140-avg-points-scored-statistics,"Tamil Thalaivas",7,/static-assets/images/teams/small/29.png?v=6.08,6,26.33
1566041429-2,https://www.prokabaddi.com/stats/49-97-raid-points-statistics,"Gujarat Fortunegiants",1,/static-assets/images/teams/small/31.png?v=6.08,9,140
1566041434-20,https://www.prokabaddi.com/stats/49-140-avg-points-scored-statistics,"Gujarat Fortunegiants",8,/static-assets/images/teams/small/31.png?v=6.08,9,26
1566041434-21,https://www.prokabaddi.com/stats/49-140-avg-points-scored-statistics,"Patna Pirates",9,/static-assets/images/teams/small/6.png?v=6.08,8,24.62
1566041434-22,https://www.prokabaddi.com/stats/49-140-avg-points-scored-statistics,"U Mumba",10,/static-assets/images/teams/small/5.png?v=6.08,8,24.5
1566041434-23,https://www.prokabaddi.com/stats/49-140-avg-points-scored-statistics,"Telugu Titans",11,/static-assets/images/teams/small/8.png?v=6.08,8,24.25
1566041434-24,https://www.prokabaddi.com/stats/49-140-avg-points-scored-statistics,"U.P. Yoddha",12,/static-assets/images/teams/small/30.png?v=6.08,8,22.25
1566041437-25,https://www.prokabaddi.com/stats/49-134-super-raid-statistics,"Bengal Warriors",1,/static-assets/images/teams/small/4.png?v=6.08,7,5
1566041437-26,https://www.prokabaddi.com/stats/49-134-super-raid-statistics,"U Mumba",2,/static-assets/images/teams/small/5.png?v=6.08,8,3
1566041437-27,https://www.prokabaddi.com/stats/49-134-super-raid-statistics,"Bengaluru Bulls",2,/static-assets/images/teams/small/1.png?v=6.08,7,3
1566041437-28,https://www.prokabaddi.com/stats/49-134-super-raid-statistics,"Dabang Delhi K.C.",4,/static-assets/images/teams/small/2.png?v=6.08,6,2
1566041437-29,https://www.prokabaddi.com/stats/49-134-super-raid-statistics,"Patna Pirates",4,/static-assets/images/teams/small/6.png?v=6.08,8,2
1566041429-3,https://www.prokabaddi.com/stats/49-97-raid-points-statistics,"Bengal Warriors",3,/static-assets/images/teams/small/4.png?v=6.08,7,134
1566041437-30,https://www.prokabaddi.com/stats/49-134-super-raid-statistics,"Telugu Titans",4,/static-assets/images/teams/small/8.png?v=6.08,8,2
1566041437-31,https://www.prokabaddi.com/stats/49-134-super-raid-statistics,"Haryana Steelers",4,/static-assets/images/teams/small/28.png?v=6.08,7,2
1566041437-32,https://www.prokabaddi.com/stats/49-134-super-raid-statistics,"Tamil Thalaivas",4,/static-assets/images/teams/small/29.png?v=6.08,6,2
1566041437-33,https://www.prokabaddi.com/stats/49-134-super-raid-statistics,"Gujarat Fortunegiants",4,/static-assets/images/teams/small/31.png?v=6.08,9,2
1566041437-34,https://www.prokabaddi.com/stats/49-134-super-raid-statistics,"Puneri Paltan",10,/static-assets/images/teams/small/7.png?v=6.08,7,1
1566041437-35,https://www.prokabaddi.com/stats/49-134-super-raid-statistics,"Jaipur Pink Panthers",10,/static-assets/images/teams/small/3.png?v=6.08,7,1
1566041440-36,https://www.prokabaddi.com/stats/49-15-successful-tackles-statistics,"Gujarat Fortunegiants",1,/static-assets/images/teams/small/31.png?v=6.08,9,85
1566041440-37,https://www.prokabaddi.com/stats/49-15-successful-tackles-statistics,"Jaipur Pink Panthers",2,/static-assets/images/teams/small/3.png?v=6.08,7,79
1566041440-38,https://www.prokabaddi.com/stats/49-15-successful-tackles-statistics,"Patna Pirates",3,/static-assets/images/teams/small/6.png?v=6.08,8,74
1566041440-39,https://www.prokabaddi.com/stats/49-15-successful-tackles-statistics,"Telugu Titans",4,/static-assets/images/teams/small/8.png?v=6.08,8,73
1566041429-4,https://www.prokabaddi.com/stats/49-97-raid-points-statistics,"U Mumba",4,/static-assets/images/teams/small/5.png?v=6.08,8,126
1566041440-40,https://www.prokabaddi.com/stats/49-15-successful-tackles-statistics,"U.P. Yoddha",5,/static-assets/images/teams/small/30.png?v=6.08,8,72
1566041440-41,https://www.prokabaddi.com/stats/49-15-successful-tackles-statistics,"Haryana Steelers",6,/static-assets/images/teams/small/28.png?v=6.08,7,69
1566041440-42,https://www.prokabaddi.com/stats/49-15-successful-tackles-statistics,"Bengal Warriors",7,/static-assets/images/teams/small/4.png?v=6.08,7,66
1566041440-43,https://www.prokabaddi.com/stats/49-15-successful-tackles-statistics,"Tamil Thalaivas",8,/static-assets/images/teams/small/29.png?v=6.08,6,65
1566041440-44,https://www.prokabaddi.com/stats/49-15-successful-tackles-statistics,"Puneri Paltan",9,/static-assets/images/teams/small/7.png?v=6.08,7,64
1566041440-45,https://www.prokabaddi.com/stats/49-15-successful-tackles-statistics,"U Mumba",10,/static-assets/images/teams/small/5.png?v=6.08,8,62
1566041440-46,https://www.prokabaddi.com/stats/49-15-successful-tackles-statistics,"Bengaluru Bulls",11,/static-assets/images/teams/small/1.png?v=6.08,7,60
1566041440-47,https://www.prokabaddi.com/stats/49-15-successful-tackles-statistics,"Dabang Delhi K.C.",12,/static-assets/images/teams/small/2.png?v=6.08,6,47
1566041443-48,https://www.prokabaddi.com/stats/49-99-avg-tackle-points-statistics,"Jaipur Pink Panthers",1,/static-assets/images/teams/small/3.png?v=6.08,7,11.57
1566041443-49,https://www.prokabaddi.com/stats/49-99-avg-tackle-points-statistics,"Tamil Thalaivas",2,/static-assets/images/teams/small/29.png?v=6.08,6,11.5
1566041429-5,https://www.prokabaddi.com/stats/49-97-raid-points-statistics,"Telugu Titans",5,/static-assets/images/teams/small/8.png?v=6.08,8,116
1566041443-50,https://www.prokabaddi.com/stats/49-99-avg-tackle-points-statistics,"Puneri Paltan",3,/static-assets/images/teams/small/7.png?v=6.08,7,10.71
1566041443-51,https://www.prokabaddi.com/stats/49-99-avg-tackle-points-statistics,"Patna Pirates",4,/static-assets/images/teams/small/6.png?v=6.08,8,10.63
1566041443-52,https://www.prokabaddi.com/stats/49-99-avg-tackle-points-statistics,"Bengaluru Bulls",5,/static-assets/images/teams/small/1.png?v=6.08,7,10.57
1566041443-53,https://www.prokabaddi.com/stats/49-99-avg-tackle-points-statistics,"Gujarat Fortunegiants",6,/static-assets/images/teams/small/31.png?v=6.08,9,10.44
1566041443-54,https://www.prokabaddi.com/stats/49-99-avg-tackle-points-statistics,"Haryana Steelers",7,/static-assets/images/teams/small/28.png?v=6.08,7,10.43
1566041443-55,https://www.prokabaddi.com/stats/49-99-avg-tackle-points-statistics,"Bengal Warriors",8,/static-assets/images/teams/small/4.png?v=6.08,7,10.14
1566041443-56,https://www.prokabaddi.com/stats/49-99-avg-tackle-points-statistics,"Telugu Titans",9,/static-assets/images/teams/small/8.png?v=6.08,8,9.75
1566041443-57,https://www.prokabaddi.com/stats/49-99-avg-tackle-points-statistics,"U.P. Yoddha",10,/static-assets/images/teams/small/30.png?v=6.08,8,9.63
1566041443-58,https://www.prokabaddi.com/stats/49-99-avg-tackle-points-statistics,"U Mumba",11,/static-assets/images/teams/small/5.png?v=6.08,8,8.75
1566041443-59,https://www.prokabaddi.com/stats/49-99-avg-tackle-points-statistics,"Dabang Delhi K.C.",12,/static-assets/images/teams/small/2.png?v=6.08,6,8.5
1566041429-6,https://www.prokabaddi.com/stats/49-97-raid-points-statistics,"Haryana Steelers",6,/static-assets/images/teams/small/28.png?v=6.08,7,115
1566041429-7,https://www.prokabaddi.com/stats/49-97-raid-points-statistics,"Patna Pirates",7,/static-assets/images/teams/small/6.png?v=6.08,8,112
1566041429-8,https://www.prokabaddi.com/stats/49-97-raid-points-statistics,"Puneri Paltan",8,/static-assets/images/teams/small/7.png?v=6.08,7,111
1566041429-9,https://www.prokabaddi.com/stats/49-97-raid-points-statistics,"Dabang Delhi K.C.",8,/static-assets/images/teams/small/2.png?v=6.08,6,111
1566041448-60,https://www.prokabaddi.com/stats/49-96-total-points-scored-statistics,"Gujarat Fortunegiants",1,/static-assets/images/teams/small/31.png?v=6.08,9,265
1566041448-69,https://www.prokabaddi.com/stats/49-96-total-points-scored-statistics,"U.P. Yoddha",9,/static-assets/images/teams/small/30.png?v=6.08,8,199
1566041448-70,https://www.prokabaddi.com/stats/49-96-total-points-scored-statistics,"Dabang Delhi K.C.",11,/static-assets/images/teams/small/2.png?v=6.08,6,198
1566041448-71,https://www.prokabaddi.com/stats/49-96-total-points-scored-statistics,"Tamil Thalaivas",12,/static-assets/images/teams/small/29.png?v=6.08,6,188
1566041452-72,https://www.prokabaddi.com/stats/49-133-total-points-conceded-statistics,"U.P. Yoddha",1,/static-assets/images/teams/small/30.png?v=6.08,8,273
1566041452-73,https://www.prokabaddi.com/stats/49-133-total-points-conceded-statistics,"Telugu Titans",2,/static-assets/images/teams/small/8.png?v=6.08,8,258
1566041452-74,https://www.prokabaddi.com/stats/49-133-total-points-conceded-statistics,"Gujarat Fortunegiants",3,/static-assets/images/teams/small/31.png?v=6.08,9,248
1566041452-75,https://www.prokabaddi.com/stats/49-133-total-points-conceded-statistics,"Patna Pirates",4,/static-assets/images/teams/small/6.png?v=6.08,8,243
1566041452-76,https://www.prokabaddi.com/stats/49-133-total-points-conceded-statistics,"Bengaluru Bulls",5,/static-assets/images/teams/small/1.png?v=6.08,7,236
1566041452-77,https://www.prokabaddi.com/stats/49-133-total-points-conceded-statistics,"U Mumba",6,/static-assets/images/teams/small/5.png?v=6.08,8,229
1566041452-78,https://www.prokabaddi.com/stats/49-133-total-points-conceded-statistics,"Puneri Paltan",7,/static-assets/images/teams/small/7.png?v=6.08,7,226
1566041448-61,https://www.prokabaddi.com/stats/49-96-total-points-scored-statistics,"Bengal Warriors",2,/static-assets/images/teams/small/4.png?v=6.08,7,247
1566041452-79,https://www.prokabaddi.com/stats/49-133-total-points-conceded-statistics,"Haryana Steelers",7,/static-assets/images/teams/small/28.png?v=6.08,7,226
1566041452-80,https://www.prokabaddi.com/stats/49-133-total-points-conceded-statistics,"Bengal Warriors",9,/static-assets/images/teams/small/4.png?v=6.08,7,195
1566041452-81,https://www.prokabaddi.com/stats/49-133-total-points-conceded-statistics,"Jaipur Pink Panthers",10,/static-assets/images/teams/small/3.png?v=6.08,7,169
1566041452-82,https://www.prokabaddi.com/stats/49-133-total-points-conceded-statistics,"Dabang Delhi K.C.",11,/static-assets/images/teams/small/2.png?v=6.08,6,168
1566041452-83,https://www.prokabaddi.com/stats/49-133-total-points-conceded-statistics,"Tamil Thalaivas",12,/static-assets/images/teams/small/29.png?v=6.08,6,164
1566041455-84,https://www.prokabaddi.com/stats/49-95-tackle-points-statistics,"Gujarat Fortunegiants",1,/static-assets/images/teams/small/31.png?v=6.08,9,94
1566041455-85,https://www.prokabaddi.com/stats/49-95-tackle-points-statistics,"Patna Pirates",2,/static-assets/images/teams/small/6.png?v=6.08,8,85
1566041455-86,https://www.prokabaddi.com/stats/49-95-tackle-points-statistics,"Jaipur Pink Panthers",3,/static-assets/images/teams/small/3.png?v=6.08,7,81
1566041455-87,https://www.prokabaddi.com/stats/49-95-tackle-points-statistics,"Telugu Titans",4,/static-assets/images/teams/small/8.png?v=6.08,8,78
1566041455-88,https://www.prokabaddi.com/stats/49-95-tackle-points-statistics,"U.P. Yoddha",5,/static-assets/images/teams/small/30.png?v=6.08,8,77
1566041448-62,https://www.prokabaddi.com/stats/49-96-total-points-scored-statistics,"Bengaluru Bulls",3,/static-assets/images/teams/small/1.png?v=6.08,7,241
1566041455-89,https://www.prokabaddi.com/stats/49-95-tackle-points-statistics,"Puneri Paltan",6,/static-assets/images/teams/small/7.png?v=6.08,7,75
1566041455-90,https://www.prokabaddi.com/stats/49-95-tackle-points-statistics,"Bengaluru Bulls",7,/static-assets/images/teams/small/1.png?v=6.08,7,74
1566041455-91,https://www.prokabaddi.com/stats/49-95-tackle-points-statistics,"Haryana Steelers",8,/static-assets/images/teams/small/28.png?v=6.08,7,73
1566041455-92,https://www.prokabaddi.com/stats/49-95-tackle-points-statistics,"Bengal Warriors",9,/static-assets/images/teams/small/4.png?v=6.08,7,71
1566041455-93,https://www.prokabaddi.com/stats/49-95-tackle-points-statistics,"U Mumba",10,/static-assets/images/teams/small/5.png?v=6.08,8,70
1566041455-94,https://www.prokabaddi.com/stats/49-95-tackle-points-statistics,"Tamil Thalaivas",11,/static-assets/images/teams/small/29.png?v=6.08,6,69
1566041455-95,https://www.prokabaddi.com/stats/49-95-tackle-points-statistics,"Dabang Delhi K.C.",12,/static-assets/images/teams/small/2.png?v=6.08,6,51
1566041458-96,https://www.prokabaddi.com/stats/49-136-all-outs-inflicted-statistics,"Bengal Warriors",1,/static-assets/images/teams/small/4.png?v=6.08,7,13
1566041458-97,https://www.prokabaddi.com/stats/49-136-all-outs-inflicted-statistics,"U Mumba",2,/static-assets/images/teams/small/5.png?v=6.08,8,10
1566041458-98,https://www.prokabaddi.com/stats/49-136-all-outs-inflicted-statistics,"Jaipur Pink Panthers",2,/static-assets/images/teams/small/3.png?v=6.08,7,10
1566041448-63,https://www.prokabaddi.com/stats/49-96-total-points-scored-statistics,"U Mumba",4,/static-assets/images/teams/small/5.png?v=6.08,8,232
1566041458-99,https://www.prokabaddi.com/stats/49-136-all-outs-inflicted-statistics,"Gujarat Fortunegiants",4,/static-assets/images/teams/small/31.png?v=6.08,9,9
1566041458-100,https://www.prokabaddi.com/stats/49-136-all-outs-inflicted-statistics,"Patna Pirates",4,/static-assets/images/teams/small/6.png?v=6.08,8,9
1566041458-101,https://www.prokabaddi.com/stats/49-136-all-outs-inflicted-statistics,"Dabang Delhi K.C.",6,/static-assets/images/teams/small/2.png?v=6.08,6,8
1566041458-102,https://www.prokabaddi.com/stats/49-136-all-outs-inflicted-statistics,"Haryana Steelers",6,/static-assets/images/teams/small/28.png?v=6.08,7,8
1566041458-103,https://www.prokabaddi.com/stats/49-136-all-outs-inflicted-statistics,"Tamil Thalaivas",6,/static-assets/images/teams/small/29.png?v=6.08,6,8
1566041458-104,https://www.prokabaddi.com/stats/49-136-all-outs-inflicted-statistics,"Bengaluru Bulls",9,/static-assets/images/teams/small/1.png?v=6.08,7,7
1566041458-105,https://www.prokabaddi.com/stats/49-136-all-outs-inflicted-statistics,"U.P. Yoddha",10,/static-assets/images/teams/small/30.png?v=6.08,8,5
1566041458-106,https://www.prokabaddi.com/stats/49-136-all-outs-inflicted-statistics,"Puneri Paltan",11,/static-assets/images/teams/small/7.png?v=6.08,7,3
1566041458-107,https://www.prokabaddi.com/stats/49-136-all-outs-inflicted-statistics,"Telugu Titans",12,/static-assets/images/teams/small/8.png?v=6.08,8,2
1566041461-108,https://www.prokabaddi.com/stats/49-135-do-or-die-raid-points-statistics,"U Mumba",1,/static-assets/images/teams/small/5.png?v=6.08,8,31
1566041448-64,https://www.prokabaddi.com/stats/49-96-total-points-scored-statistics,"Patna Pirates",5,/static-assets/images/teams/small/6.png?v=6.08,8,228
1566041461-109,https://www.prokabaddi.com/stats/49-135-do-or-die-raid-points-statistics,"Jaipur Pink Panthers",2,/static-assets/images/teams/small/3.png?v=6.08,7,28
1566041461-110,https://www.prokabaddi.com/stats/49-135-do-or-die-raid-points-statistics,"Gujarat Fortunegiants",3,/static-assets/images/teams/small/31.png?v=6.08,9,27
1566041461-111,https://www.prokabaddi.com/stats/49-135-do-or-die-raid-points-statistics,"Patna Pirates",4,/static-assets/images/teams/small/6.png?v=6.08,8,26
1566041461-112,https://www.prokabaddi.com/stats/49-135-do-or-die-raid-points-statistics,"Puneri Paltan",5,/static-assets/images/teams/small/7.png?v=6.08,7,25
1566041461-113,https://www.prokabaddi.com/stats/49-135-do-or-die-raid-points-statistics,"Haryana Steelers",6,/static-assets/images/teams/small/28.png?v=6.08,7,24
1566041461-114,https://www.prokabaddi.com/stats/49-135-do-or-die-raid-points-statistics,"Tamil Thalaivas",7,/static-assets/images/teams/small/29.png?v=6.08,6,21
1566041461-115,https://www.prokabaddi.com/stats/49-135-do-or-die-raid-points-statistics,"U.P. Yoddha",7,/static-assets/images/teams/small/30.png?v=6.08,8,21
1566041461-116,https://www.prokabaddi.com/stats/49-135-do-or-die-raid-points-statistics,"Bengal Warriors",9,/static-assets/images/teams/small/4.png?v=6.08,7,18
1566041461-117,https://www.prokabaddi.com/stats/49-135-do-or-die-raid-points-statistics,"Telugu Titans",10,/static-assets/images/teams/small/8.png?v=6.08,8,15
1566041461-118,https://www.prokabaddi.com/stats/49-135-do-or-die-raid-points-statistics,"Dabang Delhi K.C.",11,/static-assets/images/teams/small/2.png?v=6.08,6,13
1566041448-65,https://www.prokabaddi.com/stats/49-96-total-points-scored-statistics,"Jaipur Pink Panthers",6,/static-assets/images/teams/small/3.png?v=6.08,7,219
1566041461-119,https://www.prokabaddi.com/stats/49-135-do-or-die-raid-points-statistics,"Bengaluru Bulls",12,/static-assets/images/teams/small/1.png?v=6.08,7,12
1566041448-66,https://www.prokabaddi.com/stats/49-96-total-points-scored-statistics,"Telugu Titans",7,/static-assets/images/teams/small/8.png?v=6.08,8,211
1566041448-67,https://www.prokabaddi.com/stats/49-96-total-points-scored-statistics,"Haryana Steelers",8,/static-assets/images/teams/small/28.png?v=6.08,7,208
1566041448-68,https://www.prokabaddi.com/stats/49-96-total-points-scored-statistics,"Puneri Paltan",9,/static-assets/images/teams/small/7.png?v=6.08,7,199
1566041464-120,https://www.prokabaddi.com/stats/49-20-super-tackles-statistics,"Bengaluru Bulls",1,/static-assets/images/teams/small/1.png?v=6.08,7,15
1566041464-129,https://www.prokabaddi.com/stats/49-20-super-tackles-statistics,"Dabang Delhi K.C.",10,/static-assets/images/teams/small/2.png?v=6.08,6,5
1566041464-130,https://www.prokabaddi.com/stats/49-20-super-tackles-statistics,"Haryana Steelers",11,/static-assets/images/teams/small/28.png?v=6.08,7,4
1566041464-131,https://www.prokabaddi.com/stats/49-20-super-tackles-statistics,"Jaipur Pink Panthers",12,/static-assets/images/teams/small/3.png?v=6.08,7,2
1566041467-132,https://www.prokabaddi.com/stats/49-13-successful-raids-statistics,"Gujarat Fortunegiants",1,/static-assets/images/teams/small/31.png?v=6.08,9,114
1566041467-133,https://www.prokabaddi.com/stats/49-13-successful-raids-statistics,"Bengaluru Bulls",2,/static-assets/images/teams/small/1.png?v=6.08,7,111
1566041467-134,https://www.prokabaddi.com/stats/49-13-successful-raids-statistics,"Bengal Warriors",3,/static-assets/images/teams/small/4.png?v=6.08,7,109
1566041467-135,https://www.prokabaddi.com/stats/49-13-successful-raids-statistics,"Patna Pirates",4,/static-assets/images/teams/small/6.png?v=6.08,8,101
1566041467-136,https://www.prokabaddi.com/stats/49-13-successful-raids-statistics,"Telugu Titans",4,/static-assets/images/teams/small/8.png?v=6.08,8,101
1566041467-137,https://www.prokabaddi.com/stats/49-13-successful-raids-statistics,"Dabang Delhi K.C.",6,/static-assets/images/teams/small/2.png?v=6.08,6,97
1566041467-138,https://www.prokabaddi.com/stats/49-13-successful-raids-statistics,"U Mumba",7,/static-assets/images/teams/small/5.png?v=6.08,8,94
1566041464-121,https://www.prokabaddi.com/stats/49-20-super-tackles-statistics,"Patna Pirates",2,/static-assets/images/teams/small/6.png?v=6.08,8,11
1566041467-139,https://www.prokabaddi.com/stats/49-13-successful-raids-statistics,"Haryana Steelers",8,/static-assets/images/teams/small/28.png?v=6.08,7,91
1566041467-140,https://www.prokabaddi.com/stats/49-13-successful-raids-statistics,"Puneri Paltan",8,/static-assets/images/teams/small/7.png?v=6.08,7,91
1566041467-141,https://www.prokabaddi.com/stats/49-13-successful-raids-statistics,"Jaipur Pink Panthers",10,/static-assets/images/teams/small/3.png?v=6.08,7,90
1566041467-142,https://www.prokabaddi.com/stats/49-13-successful-raids-statistics,"U.P. Yoddha",11,/static-assets/images/teams/small/30.png?v=6.08,8,81
1566041467-143,https://www.prokabaddi.com/stats/49-13-successful-raids-statistics,"Tamil Thalaivas",12,/static-assets/images/teams/small/29.png?v=6.08,6,72
1566041469-144,https://www.prokabaddi.com/stats/49-98-avg-raid-points-statistics,"Bengaluru Bulls",1,/static-assets/images/teams/small/1.png?v=6.08,7,20
1566041469-145,https://www.prokabaddi.com/stats/49-98-avg-raid-points-statistics,"Bengal Warriors",2,/static-assets/images/teams/small/4.png?v=6.08,7,19.14
1566041469-146,https://www.prokabaddi.com/stats/49-98-avg-raid-points-statistics,"Dabang Delhi K.C.",3,/static-assets/images/teams/small/2.png?v=6.08,6,18.5
1566041469-147,https://www.prokabaddi.com/stats/49-98-avg-raid-points-statistics,"Haryana Steelers",4,/static-assets/images/teams/small/28.png?v=6.08,7,16.43
1566041469-148,https://www.prokabaddi.com/stats/49-98-avg-raid-points-statistics,"Puneri Paltan",5,/static-assets/images/teams/small/7.png?v=6.08,7,15.86
1566041464-122,https://www.prokabaddi.com/stats/49-20-super-tackles-statistics,"Puneri Paltan",2,/static-assets/images/teams/small/7.png?v=6.08,7,11
1566041469-149,https://www.prokabaddi.com/stats/49-98-avg-raid-points-statistics,"U Mumba",6,/static-assets/images/teams/small/5.png?v=6.08,8,15.75
1566041469-150,https://www.prokabaddi.com/stats/49-98-avg-raid-points-statistics,"Jaipur Pink Panthers",7,/static-assets/images/teams/small/3.png?v=6.08,7,15.71
1566041469-151,https://www.prokabaddi.com/stats/49-98-avg-raid-points-statistics,"Gujarat Fortunegiants",8,/static-assets/images/teams/small/31.png?v=6.08,9,15.56
1566041469-152,https://www.prokabaddi.com/stats/49-98-avg-raid-points-statistics,"Tamil Thalaivas",9,/static-assets/images/teams/small/29.png?v=6.08,6,14.83
1566041469-153,https://www.prokabaddi.com/stats/49-98-avg-raid-points-statistics,"Telugu Titans",10,/static-assets/images/teams/small/8.png?v=6.08,8,14.5
1566041469-154,https://www.prokabaddi.com/stats/49-98-avg-raid-points-statistics,"Patna Pirates",11,/static-assets/images/teams/small/6.png?v=6.08,8,14
1566041469-155,https://www.prokabaddi.com/stats/49-98-avg-raid-points-statistics,"U.P. Yoddha",12,/static-assets/images/teams/small/30.png?v=6.08,8,12.63
1566041464-123,https://www.prokabaddi.com/stats/49-20-super-tackles-statistics,"U Mumba",4,/static-assets/images/teams/small/5.png?v=6.08,8,10
1566041464-124,https://www.prokabaddi.com/stats/49-20-super-tackles-statistics,"Gujarat Fortunegiants",5,/static-assets/images/teams/small/31.png?v=6.08,9,9
1566041464-125,https://www.prokabaddi.com/stats/49-20-super-tackles-statistics,"Tamil Thalaivas",6,/static-assets/images/teams/small/29.png?v=6.08,6,6
1566041464-126,https://www.prokabaddi.com/stats/49-20-super-tackles-statistics,"U.P. Yoddha",6,/static-assets/images/teams/small/30.png?v=6.08,8,6
1566041464-127,https://www.prokabaddi.com/stats/49-20-super-tackles-statistics,"Bengal Warriors",6,/static-assets/images/teams/small/4.png?v=6.08,7,6
1566041464-128,https://www.prokabaddi.com/stats/49-20-super-tackles-statistics,"Telugu Titans",6,/static-assets/images/teams/small/8.png?v=6.08,8,6
