﻿web-scraper-order,web-scraper-start-url,name,rank,team_id,matches,points
1566559864-1,https://www.prokabaddi.com/stats/49-97-raid-points-statistics,"Bengal Warriors",1,/static-assets/images/teams/small/4.png?v=6.08,9,173
1566559864-10,https://www.prokabaddi.com/stats/49-97-raid-points-statistics,"Patna Pirates",10,/static-assets/images/teams/small/6.png?v=6.08,9,130
1566559864-11,https://www.prokabaddi.com/stats/49-97-raid-points-statistics,"Dabang Delhi K.C.",11,/static-assets/images/teams/small/2.png?v=6.08,7,129
1566559864-12,https://www.prokabaddi.com/stats/49-97-raid-points-statistics,"U.P. Yoddha",12,/static-assets/images/teams/small/30.png?v=6.08,9,119
1566559868-13,https://www.prokabaddi.com/stats/49-140-avg-points-scored-statistics,"Bengal Warriors",1,/static-assets/images/teams/small/4.png?v=6.08,9,29.11
1566559868-14,https://www.prokabaddi.com/stats/49-140-avg-points-scored-statistics,"Bengaluru Bulls",2,/static-assets/images/teams/small/1.png?v=6.08,9,29
1566559868-15,https://www.prokabaddi.com/stats/49-140-avg-points-scored-statistics,"Puneri Paltan",3,/static-assets/images/teams/small/7.png?v=6.08,9,27
1566559868-16,https://www.prokabaddi.com/stats/49-140-avg-points-scored-statistics,"Dabang Delhi K.C.",4,/static-assets/images/teams/small/2.png?v=6.08,7,26.71
1566559868-17,https://www.prokabaddi.com/stats/49-140-avg-points-scored-statistics,"Jaipur Pink Panthers",5,/static-assets/images/teams/small/3.png?v=6.08,9,26.55
1566559868-18,https://www.prokabaddi.com/stats/49-140-avg-points-scored-statistics,"Haryana Steelers",6,/static-assets/images/teams/small/28.png?v=6.08,9,26.44
1566559868-19,https://www.prokabaddi.com/stats/49-140-avg-points-scored-statistics,"Gujarat Fortunegiants",7,/static-assets/images/teams/small/31.png?v=6.08,9,26
1566559864-2,https://www.prokabaddi.com/stats/49-97-raid-points-statistics,"Bengaluru Bulls",2,/static-assets/images/teams/small/1.png?v=6.08,9,171
1566559868-20,https://www.prokabaddi.com/stats/49-140-avg-points-scored-statistics,"Tamil Thalaivas",8,/static-assets/images/teams/small/29.png?v=6.08,9,25.44
1566559868-21,https://www.prokabaddi.com/stats/49-140-avg-points-scored-statistics,"Telugu Titans",9,/static-assets/images/teams/small/8.png?v=6.08,9,25.33
1566559868-22,https://www.prokabaddi.com/stats/49-140-avg-points-scored-statistics,"Patna Pirates",10,/static-assets/images/teams/small/6.png?v=6.08,9,24.55
1566559868-23,https://www.prokabaddi.com/stats/49-140-avg-points-scored-statistics,"U Mumba",11,/static-assets/images/teams/small/5.png?v=6.08,9,24.44
1566559868-24,https://www.prokabaddi.com/stats/49-140-avg-points-scored-statistics,"U.P. Yoddha",12,/static-assets/images/teams/small/30.png?v=6.08,9,23
1566559870-25,https://www.prokabaddi.com/stats/49-134-super-raid-statistics,"Bengal Warriors",1,/static-assets/images/teams/small/4.png?v=6.08,9,6
1566559870-26,https://www.prokabaddi.com/stats/49-134-super-raid-statistics,"Haryana Steelers",2,/static-assets/images/teams/small/28.png?v=6.08,9,4
1566559870-27,https://www.prokabaddi.com/stats/49-134-super-raid-statistics,"Tamil Thalaivas",3,/static-assets/images/teams/small/29.png?v=6.08,9,3
1566559870-28,https://www.prokabaddi.com/stats/49-134-super-raid-statistics,"Bengaluru Bulls",3,/static-assets/images/teams/small/1.png?v=6.08,9,3
1566559870-29,https://www.prokabaddi.com/stats/49-134-super-raid-statistics,"Dabang Delhi K.C.",3,/static-assets/images/teams/small/2.png?v=6.08,7,3
1566559864-3,https://www.prokabaddi.com/stats/49-97-raid-points-statistics,"Haryana Steelers",3,/static-assets/images/teams/small/28.png?v=6.08,9,153
1566559870-30,https://www.prokabaddi.com/stats/49-134-super-raid-statistics,"U Mumba",3,/static-assets/images/teams/small/5.png?v=6.08,9,3
1566559870-31,https://www.prokabaddi.com/stats/49-134-super-raid-statistics,"Patna Pirates",7,/static-assets/images/teams/small/6.png?v=6.08,9,2
1566559870-32,https://www.prokabaddi.com/stats/49-134-super-raid-statistics,"Jaipur Pink Panthers",7,/static-assets/images/teams/small/3.png?v=6.08,9,2
1566559870-33,https://www.prokabaddi.com/stats/49-134-super-raid-statistics,"Gujarat Fortunegiants",7,/static-assets/images/teams/small/31.png?v=6.08,9,2
1566559870-34,https://www.prokabaddi.com/stats/49-134-super-raid-statistics,"Telugu Titans",7,/static-assets/images/teams/small/8.png?v=6.08,9,2
1566559870-35,https://www.prokabaddi.com/stats/49-134-super-raid-statistics,"Puneri Paltan",11,/static-assets/images/teams/small/7.png?v=6.08,9,1
1566559873-36,https://www.prokabaddi.com/stats/49-15-successful-tackles-statistics,"Jaipur Pink Panthers",1,/static-assets/images/teams/small/3.png?v=6.08,9,93
1566559873-37,https://www.prokabaddi.com/stats/49-15-successful-tackles-statistics,"Puneri Paltan",2,/static-assets/images/teams/small/7.png?v=6.08,9,91
1566559873-38,https://www.prokabaddi.com/stats/49-15-successful-tackles-statistics,"Tamil Thalaivas",3,/static-assets/images/teams/small/29.png?v=6.08,9,87
1566559873-39,https://www.prokabaddi.com/stats/49-15-successful-tackles-statistics,"Gujarat Fortunegiants",4,/static-assets/images/teams/small/31.png?v=6.08,9,85
1566559864-4,https://www.prokabaddi.com/stats/49-97-raid-points-statistics,"Puneri Paltan",4,/static-assets/images/teams/small/7.png?v=6.08,9,140
1566559873-40,https://www.prokabaddi.com/stats/49-15-successful-tackles-statistics,"Telugu Titans",5,/static-assets/images/teams/small/8.png?v=6.08,9,83
1566559873-41,https://www.prokabaddi.com/stats/49-15-successful-tackles-statistics,"Bengal Warriors",5,/static-assets/images/teams/small/4.png?v=6.08,9,83
1566559873-42,https://www.prokabaddi.com/stats/49-15-successful-tackles-statistics,"U.P. Yoddha",7,/static-assets/images/teams/small/30.png?v=6.08,9,82
1566559873-43,https://www.prokabaddi.com/stats/49-15-successful-tackles-statistics,"Haryana Steelers",8,/static-assets/images/teams/small/28.png?v=6.08,9,79
1566559873-44,https://www.prokabaddi.com/stats/49-15-successful-tackles-statistics,"Patna Pirates",8,/static-assets/images/teams/small/6.png?v=6.08,9,79
1566559873-45,https://www.prokabaddi.com/stats/49-15-successful-tackles-statistics,"Bengaluru Bulls",10,/static-assets/images/teams/small/1.png?v=6.08,9,75
1566559873-46,https://www.prokabaddi.com/stats/49-15-successful-tackles-statistics,"U Mumba",11,/static-assets/images/teams/small/5.png?v=6.08,9,70
1566559873-47,https://www.prokabaddi.com/stats/49-15-successful-tackles-statistics,"Dabang Delhi K.C.",12,/static-assets/images/teams/small/2.png?v=6.08,7,53
1566559875-48,https://www.prokabaddi.com/stats/49-99-avg-tackle-points-statistics,"Puneri Paltan",1,/static-assets/images/teams/small/7.png?v=6.08,9,11.44
1566559875-49,https://www.prokabaddi.com/stats/49-99-avg-tackle-points-statistics,"Jaipur Pink Panthers",2,/static-assets/images/teams/small/3.png?v=6.08,9,11.22
1566559864-5,https://www.prokabaddi.com/stats/49-97-raid-points-statistics,"Telugu Titans",4,/static-assets/images/teams/small/8.png?v=6.08,9,140
1566559875-50,https://www.prokabaddi.com/stats/49-99-avg-tackle-points-statistics,"Gujarat Fortunegiants",3,/static-assets/images/teams/small/31.png?v=6.08,9,10.44
1566559875-51,https://www.prokabaddi.com/stats/49-99-avg-tackle-points-statistics,"Patna Pirates",4,/static-assets/images/teams/small/6.png?v=6.08,9,10.11
1566559875-52,https://www.prokabaddi.com/stats/49-99-avg-tackle-points-statistics,"Tamil Thalaivas",4,/static-assets/images/teams/small/29.png?v=6.08,9,10.11
1566559875-53,https://www.prokabaddi.com/stats/49-99-avg-tackle-points-statistics,"Bengaluru Bulls",6,/static-assets/images/teams/small/1.png?v=6.08,9,10
1566559875-54,https://www.prokabaddi.com/stats/49-99-avg-tackle-points-statistics,"Bengal Warriors",7,/static-assets/images/teams/small/4.png?v=6.08,9,9.89
1566559875-55,https://www.prokabaddi.com/stats/49-99-avg-tackle-points-statistics,"U.P. Yoddha",8,/static-assets/images/teams/small/30.png?v=6.08,9,9.78
1566559875-56,https://www.prokabaddi.com/stats/49-99-avg-tackle-points-statistics,"Telugu Titans",8,/static-assets/images/teams/small/8.png?v=6.08,9,9.78
1566559875-57,https://www.prokabaddi.com/stats/49-99-avg-tackle-points-statistics,"Haryana Steelers",10,/static-assets/images/teams/small/28.png?v=6.08,9,9.44
1566559875-58,https://www.prokabaddi.com/stats/49-99-avg-tackle-points-statistics,"U Mumba",11,/static-assets/images/teams/small/5.png?v=6.08,9,8.89
1566559875-59,https://www.prokabaddi.com/stats/49-99-avg-tackle-points-statistics,"Dabang Delhi K.C.",12,/static-assets/images/teams/small/2.png?v=6.08,7,8.29
1566559864-6,https://www.prokabaddi.com/stats/49-97-raid-points-statistics,"U Mumba",4,/static-assets/images/teams/small/5.png?v=6.08,9,140
1566559864-7,https://www.prokabaddi.com/stats/49-97-raid-points-statistics,"Gujarat Fortunegiants",4,/static-assets/images/teams/small/31.png?v=6.08,9,140
1566559864-8,https://www.prokabaddi.com/stats/49-97-raid-points-statistics,"Jaipur Pink Panthers",8,/static-assets/images/teams/small/3.png?v=6.08,9,138
1566559864-9,https://www.prokabaddi.com/stats/49-97-raid-points-statistics,"Tamil Thalaivas",8,/static-assets/images/teams/small/29.png?v=6.08,9,138
1566559878-60,https://www.prokabaddi.com/stats/49-96-total-points-scored-statistics,"Bengal Warriors",1,/static-assets/images/teams/small/4.png?v=6.08,9,312
1566559878-69,https://www.prokabaddi.com/stats/49-96-total-points-scored-statistics,"Telugu Titans",10,/static-assets/images/teams/small/8.png?v=6.08,9,251
1566559878-70,https://www.prokabaddi.com/stats/49-96-total-points-scored-statistics,"U.P. Yoddha",11,/static-assets/images/teams/small/30.png?v=6.08,9,230
1566559878-71,https://www.prokabaddi.com/stats/49-96-total-points-scored-statistics,"Dabang Delhi K.C.",12,/static-assets/images/teams/small/2.png?v=6.08,7,228
1566559880-72,https://www.prokabaddi.com/stats/49-133-total-points-conceded-statistics,"U.P. Yoddha",1,/static-assets/images/teams/small/30.png?v=6.08,9,297
1566559880-73,https://www.prokabaddi.com/stats/49-133-total-points-conceded-statistics,"Haryana Steelers",2,/static-assets/images/teams/small/28.png?v=6.08,9,293
1566559880-74,https://www.prokabaddi.com/stats/49-133-total-points-conceded-statistics,"Bengaluru Bulls",3,/static-assets/images/teams/small/1.png?v=6.08,9,288
1566559880-75,https://www.prokabaddi.com/stats/49-133-total-points-conceded-statistics,"Telugu Titans",4,/static-assets/images/teams/small/8.png?v=6.08,9,287
1566559880-76,https://www.prokabaddi.com/stats/49-133-total-points-conceded-statistics,"Puneri Paltan",5,/static-assets/images/teams/small/7.png?v=6.08,9,280
1566559880-77,https://www.prokabaddi.com/stats/49-133-total-points-conceded-statistics,"Patna Pirates",6,/static-assets/images/teams/small/6.png?v=6.08,9,278
1566559880-78,https://www.prokabaddi.com/stats/49-133-total-points-conceded-statistics,"U Mumba",7,/static-assets/images/teams/small/5.png?v=6.08,9,259
1566559878-61,https://www.prokabaddi.com/stats/49-96-total-points-scored-statistics,"Bengaluru Bulls",2,/static-assets/images/teams/small/1.png?v=6.08,9,296
1566559880-79,https://www.prokabaddi.com/stats/49-133-total-points-conceded-statistics,"Tamil Thalaivas",8,/static-assets/images/teams/small/29.png?v=6.08,9,255
1566559880-80,https://www.prokabaddi.com/stats/49-133-total-points-conceded-statistics,"Bengal Warriors",9,/static-assets/images/teams/small/4.png?v=6.08,9,251
1566559880-81,https://www.prokabaddi.com/stats/49-133-total-points-conceded-statistics,"Gujarat Fortunegiants",10,/static-assets/images/teams/small/31.png?v=6.08,9,248
1566559880-82,https://www.prokabaddi.com/stats/49-133-total-points-conceded-statistics,"Jaipur Pink Panthers",11,/static-assets/images/teams/small/3.png?v=6.08,9,226
1566559880-83,https://www.prokabaddi.com/stats/49-133-total-points-conceded-statistics,"Dabang Delhi K.C.",12,/static-assets/images/teams/small/2.png?v=6.08,7,198
1566559883-84,https://www.prokabaddi.com/stats/49-95-tackle-points-statistics,"Puneri Paltan",1,/static-assets/images/teams/small/7.png?v=6.08,9,103
1566559883-85,https://www.prokabaddi.com/stats/49-95-tackle-points-statistics,"Jaipur Pink Panthers",2,/static-assets/images/teams/small/3.png?v=6.08,9,101
1566559883-86,https://www.prokabaddi.com/stats/49-95-tackle-points-statistics,"Gujarat Fortunegiants",3,/static-assets/images/teams/small/31.png?v=6.08,9,94
1566559883-87,https://www.prokabaddi.com/stats/49-95-tackle-points-statistics,"Patna Pirates",4,/static-assets/images/teams/small/6.png?v=6.08,9,91
1566559883-88,https://www.prokabaddi.com/stats/49-95-tackle-points-statistics,"Tamil Thalaivas",4,/static-assets/images/teams/small/29.png?v=6.08,9,91
1566559878-62,https://www.prokabaddi.com/stats/49-96-total-points-scored-statistics,"Jaipur Pink Panthers",3,/static-assets/images/teams/small/3.png?v=6.08,9,271
1566559883-89,https://www.prokabaddi.com/stats/49-95-tackle-points-statistics,"Bengaluru Bulls",6,/static-assets/images/teams/small/1.png?v=6.08,9,90
1566559883-90,https://www.prokabaddi.com/stats/49-95-tackle-points-statistics,"Bengal Warriors",7,/static-assets/images/teams/small/4.png?v=6.08,9,89
1566559883-91,https://www.prokabaddi.com/stats/49-95-tackle-points-statistics,"U.P. Yoddha",8,/static-assets/images/teams/small/30.png?v=6.08,9,88
1566559883-92,https://www.prokabaddi.com/stats/49-95-tackle-points-statistics,"Telugu Titans",8,/static-assets/images/teams/small/8.png?v=6.08,9,88
1566559883-93,https://www.prokabaddi.com/stats/49-95-tackle-points-statistics,"Haryana Steelers",10,/static-assets/images/teams/small/28.png?v=6.08,9,85
1566559883-94,https://www.prokabaddi.com/stats/49-95-tackle-points-statistics,"U Mumba",11,/static-assets/images/teams/small/5.png?v=6.08,9,80
1566559883-95,https://www.prokabaddi.com/stats/49-95-tackle-points-statistics,"Dabang Delhi K.C.",12,/static-assets/images/teams/small/2.png?v=6.08,7,58
1566559885-96,https://www.prokabaddi.com/stats/49-136-all-outs-inflicted-statistics,"Bengal Warriors",1,/static-assets/images/teams/small/4.png?v=6.08,9,16
1566559885-97,https://www.prokabaddi.com/stats/49-136-all-outs-inflicted-statistics,"U Mumba",2,/static-assets/images/teams/small/5.png?v=6.08,9,11
1566559885-98,https://www.prokabaddi.com/stats/49-136-all-outs-inflicted-statistics,"Patna Pirates",3,/static-assets/images/teams/small/6.png?v=6.08,9,10
1566559878-63,https://www.prokabaddi.com/stats/49-96-total-points-scored-statistics,"Haryana Steelers",4,/static-assets/images/teams/small/28.png?v=6.08,9,267
1566559885-99,https://www.prokabaddi.com/stats/49-136-all-outs-inflicted-statistics,"Jaipur Pink Panthers",3,/static-assets/images/teams/small/3.png?v=6.08,9,10
1566559885-100,https://www.prokabaddi.com/stats/49-136-all-outs-inflicted-statistics,"Tamil Thalaivas",3,/static-assets/images/teams/small/29.png?v=6.08,9,10
1566559885-101,https://www.prokabaddi.com/stats/49-136-all-outs-inflicted-statistics,"Gujarat Fortunegiants",6,/static-assets/images/teams/small/31.png?v=6.08,9,9
1566559885-102,https://www.prokabaddi.com/stats/49-136-all-outs-inflicted-statistics,"Haryana Steelers",6,/static-assets/images/teams/small/28.png?v=6.08,9,9
1566559885-103,https://www.prokabaddi.com/stats/49-136-all-outs-inflicted-statistics,"Bengaluru Bulls",6,/static-assets/images/teams/small/1.png?v=6.08,9,9
1566559885-104,https://www.prokabaddi.com/stats/49-136-all-outs-inflicted-statistics,"Dabang Delhi K.C.",6,/static-assets/images/teams/small/2.png?v=6.08,7,9
1566559885-105,https://www.prokabaddi.com/stats/49-136-all-outs-inflicted-statistics,"U.P. Yoddha",10,/static-assets/images/teams/small/30.png?v=6.08,9,6
1566559885-106,https://www.prokabaddi.com/stats/49-136-all-outs-inflicted-statistics,"Puneri Paltan",11,/static-assets/images/teams/small/7.png?v=6.08,9,5
1566559885-107,https://www.prokabaddi.com/stats/49-136-all-outs-inflicted-statistics,"Telugu Titans",12,/static-assets/images/teams/small/8.png?v=6.08,9,4
1566559888-108,https://www.prokabaddi.com/stats/49-135-do-or-die-raid-points-statistics,"Puneri Paltan",1,/static-assets/images/teams/small/7.png?v=6.08,9,38
1566559878-64,https://www.prokabaddi.com/stats/49-96-total-points-scored-statistics,"Tamil Thalaivas",5,/static-assets/images/teams/small/29.png?v=6.08,9,266
1566559888-109,https://www.prokabaddi.com/stats/49-135-do-or-die-raid-points-statistics,"U Mumba",2,/static-assets/images/teams/small/5.png?v=6.08,9,36
1566559888-110,https://www.prokabaddi.com/stats/49-135-do-or-die-raid-points-statistics,"Jaipur Pink Panthers",3,/static-assets/images/teams/small/3.png?v=6.08,9,35
1566559888-111,https://www.prokabaddi.com/stats/49-135-do-or-die-raid-points-statistics,"Tamil Thalaivas",4,/static-assets/images/teams/small/29.png?v=6.08,9,30
1566559888-112,https://www.prokabaddi.com/stats/49-135-do-or-die-raid-points-statistics,"Haryana Steelers",5,/static-assets/images/teams/small/28.png?v=6.08,9,29
1566559888-113,https://www.prokabaddi.com/stats/49-135-do-or-die-raid-points-statistics,"U.P. Yoddha",6,/static-assets/images/teams/small/30.png?v=6.08,9,28
1566559888-114,https://www.prokabaddi.com/stats/49-135-do-or-die-raid-points-statistics,"Patna Pirates",6,/static-assets/images/teams/small/6.png?v=6.08,9,28
1566559888-115,https://www.prokabaddi.com/stats/49-135-do-or-die-raid-points-statistics,"Gujarat Fortunegiants",8,/static-assets/images/teams/small/31.png?v=6.08,9,27
1566559888-116,https://www.prokabaddi.com/stats/49-135-do-or-die-raid-points-statistics,"Bengal Warriors",9,/static-assets/images/teams/small/4.png?v=6.08,9,24
1566559888-117,https://www.prokabaddi.com/stats/49-135-do-or-die-raid-points-statistics,"Telugu Titans",10,/static-assets/images/teams/small/8.png?v=6.08,9,21
1566559888-118,https://www.prokabaddi.com/stats/49-135-do-or-die-raid-points-statistics,"Bengaluru Bulls",11,/static-assets/images/teams/small/1.png?v=6.08,9,16
1566559878-65,https://www.prokabaddi.com/stats/49-96-total-points-scored-statistics,"Gujarat Fortunegiants",6,/static-assets/images/teams/small/31.png?v=6.08,9,265
1566559888-119,https://www.prokabaddi.com/stats/49-135-do-or-die-raid-points-statistics,"Dabang Delhi K.C.",11,/static-assets/images/teams/small/2.png?v=6.08,7,16
1566559878-66,https://www.prokabaddi.com/stats/49-96-total-points-scored-statistics,"Puneri Paltan",7,/static-assets/images/teams/small/7.png?v=6.08,9,261
1566559878-67,https://www.prokabaddi.com/stats/49-96-total-points-scored-statistics,"U Mumba",8,/static-assets/images/teams/small/5.png?v=6.08,9,259
1566559878-68,https://www.prokabaddi.com/stats/49-96-total-points-scored-statistics,"Patna Pirates",9,/static-assets/images/teams/small/6.png?v=6.08,9,254
1566559891-120,https://www.prokabaddi.com/stats/49-20-super-tackles-statistics,"Bengaluru Bulls",1,/static-assets/images/teams/small/1.png?v=6.08,9,16
1566559891-129,https://www.prokabaddi.com/stats/49-20-super-tackles-statistics,"Telugu Titans",9,/static-assets/images/teams/small/8.png?v=6.08,9,6
1566559891-130,https://www.prokabaddi.com/stats/49-20-super-tackles-statistics,"Haryana Steelers",9,/static-assets/images/teams/small/28.png?v=6.08,9,6
1566559891-131,https://www.prokabaddi.com/stats/49-20-super-tackles-statistics,"Tamil Thalaivas",9,/static-assets/images/teams/small/29.png?v=6.08,9,6
1566559894-132,https://www.prokabaddi.com/stats/49-13-successful-raids-statistics,"Bengal Warriors",1,/static-assets/images/teams/small/4.png?v=6.08,9,141
1566559894-133,https://www.prokabaddi.com/stats/49-13-successful-raids-statistics,"Bengaluru Bulls",2,/static-assets/images/teams/small/1.png?v=6.08,9,140
1566559894-134,https://www.prokabaddi.com/stats/49-13-successful-raids-statistics,"Haryana Steelers",3,/static-assets/images/teams/small/28.png?v=6.08,9,123
1566559894-135,https://www.prokabaddi.com/stats/49-13-successful-raids-statistics,"Telugu Titans",4,/static-assets/images/teams/small/8.png?v=6.08,9,122
1566559894-136,https://www.prokabaddi.com/stats/49-13-successful-raids-statistics,"Patna Pirates",5,/static-assets/images/teams/small/6.png?v=6.08,9,117
1566559894-137,https://www.prokabaddi.com/stats/49-13-successful-raids-statistics,"Puneri Paltan",6,/static-assets/images/teams/small/7.png?v=6.08,9,116
1566559894-138,https://www.prokabaddi.com/stats/49-13-successful-raids-statistics,"Jaipur Pink Panthers",6,/static-assets/images/teams/small/3.png?v=6.08,9,116
1566559891-121,https://www.prokabaddi.com/stats/49-20-super-tackles-statistics,"U Mumba",2,/static-assets/images/teams/small/5.png?v=6.08,9,12
1566559894-139,https://www.prokabaddi.com/stats/49-13-successful-raids-statistics,"Gujarat Fortunegiants",8,/static-assets/images/teams/small/31.png?v=6.08,9,114
1566559894-140,https://www.prokabaddi.com/stats/49-13-successful-raids-statistics,"Dabang Delhi K.C.",9,/static-assets/images/teams/small/2.png?v=6.08,7,113
1566559894-141,https://www.prokabaddi.com/stats/49-13-successful-raids-statistics,"Tamil Thalaivas",10,/static-assets/images/teams/small/29.png?v=6.08,9,112
1566559894-142,https://www.prokabaddi.com/stats/49-13-successful-raids-statistics,"U Mumba",11,/static-assets/images/teams/small/5.png?v=6.08,9,106
1566559894-143,https://www.prokabaddi.com/stats/49-13-successful-raids-statistics,"U.P. Yoddha",12,/static-assets/images/teams/small/30.png?v=6.08,9,94
1566559896-144,https://www.prokabaddi.com/stats/49-98-avg-raid-points-statistics,"Bengal Warriors",1,/static-assets/images/teams/small/4.png?v=6.08,9,19.22
1566559896-145,https://www.prokabaddi.com/stats/49-98-avg-raid-points-statistics,"Bengaluru Bulls",2,/static-assets/images/teams/small/1.png?v=6.08,9,19
1566559896-146,https://www.prokabaddi.com/stats/49-98-avg-raid-points-statistics,"Dabang Delhi K.C.",3,/static-assets/images/teams/small/2.png?v=6.08,7,18.43
1566559896-147,https://www.prokabaddi.com/stats/49-98-avg-raid-points-statistics,"Haryana Steelers",4,/static-assets/images/teams/small/28.png?v=6.08,9,17
1566559896-148,https://www.prokabaddi.com/stats/49-98-avg-raid-points-statistics,"Puneri Paltan",5,/static-assets/images/teams/small/7.png?v=6.08,9,15.56
1566559891-122,https://www.prokabaddi.com/stats/49-20-super-tackles-statistics,"Patna Pirates",2,/static-assets/images/teams/small/6.png?v=6.08,9,12
1566559896-149,https://www.prokabaddi.com/stats/49-98-avg-raid-points-statistics,"Telugu Titans",5,/static-assets/images/teams/small/8.png?v=6.08,9,15.56
1566559896-150,https://www.prokabaddi.com/stats/49-98-avg-raid-points-statistics,"U Mumba",5,/static-assets/images/teams/small/5.png?v=6.08,9,15.56
1566559896-151,https://www.prokabaddi.com/stats/49-98-avg-raid-points-statistics,"Gujarat Fortunegiants",5,/static-assets/images/teams/small/31.png?v=6.08,9,15.56
1566559896-152,https://www.prokabaddi.com/stats/49-98-avg-raid-points-statistics,"Jaipur Pink Panthers",9,/static-assets/images/teams/small/3.png?v=6.08,9,15.33
1566559896-153,https://www.prokabaddi.com/stats/49-98-avg-raid-points-statistics,"Tamil Thalaivas",9,/static-assets/images/teams/small/29.png?v=6.08,9,15.33
1566559896-154,https://www.prokabaddi.com/stats/49-98-avg-raid-points-statistics,"Patna Pirates",11,/static-assets/images/teams/small/6.png?v=6.08,9,14.44
1566559896-155,https://www.prokabaddi.com/stats/49-98-avg-raid-points-statistics,"U.P. Yoddha",12,/static-assets/images/teams/small/30.png?v=6.08,9,13.22
1566559891-123,https://www.prokabaddi.com/stats/49-20-super-tackles-statistics,"Puneri Paltan",2,/static-assets/images/teams/small/7.png?v=6.08,9,12
1566559891-124,https://www.prokabaddi.com/stats/49-20-super-tackles-statistics,"Gujarat Fortunegiants",5,/static-assets/images/teams/small/31.png?v=6.08,9,9
1566559891-125,https://www.prokabaddi.com/stats/49-20-super-tackles-statistics,"Jaipur Pink Panthers",6,/static-assets/images/teams/small/3.png?v=6.08,9,8
1566559891-126,https://www.prokabaddi.com/stats/49-20-super-tackles-statistics,"Bengal Warriors",7,/static-assets/images/teams/small/4.png?v=6.08,9,7
1566559891-127,https://www.prokabaddi.com/stats/49-20-super-tackles-statistics,"U.P. Yoddha",7,/static-assets/images/teams/small/30.png?v=6.08,9,7
1566559891-128,https://www.prokabaddi.com/stats/49-20-super-tackles-statistics,"Dabang Delhi K.C.",9,/static-assets/images/teams/small/2.png?v=6.08,7,6
