﻿web-scraper-order,web-scraper-start-url,name,rank,team_id,matches,points
1566127857-1,https://www.prokabaddi.com/stats/49-97-raid-points-statistics,"Bengaluru Bulls",1,/static-assets/images/teams/small/1.png?v=6.08,8,155
1566127857-10,https://www.prokabaddi.com/stats/49-97-raid-points-statistics,"Jaipur Pink Panthers",10,/static-assets/images/teams/small/3.png?v=6.08,7,110
1566127857-11,https://www.prokabaddi.com/stats/49-97-raid-points-statistics,"Tamil Thalaivas",11,/static-assets/images/teams/small/29.png?v=6.08,7,104
1566127857-12,https://www.prokabaddi.com/stats/49-97-raid-points-statistics,"U.P. Yoddha",12,/static-assets/images/teams/small/30.png?v=6.08,8,101
1566127860-13,https://www.prokabaddi.com/stats/49-140-avg-points-scored-statistics,"Bengaluru Bulls",1,/static-assets/images/teams/small/1.png?v=6.08,8,29.87
1566127860-14,https://www.prokabaddi.com/stats/49-140-avg-points-scored-statistics,"Bengal Warriors",2,/static-assets/images/teams/small/4.png?v=6.08,8,28.87
1566127860-15,https://www.prokabaddi.com/stats/49-140-avg-points-scored-statistics,"Jaipur Pink Panthers",3,/static-assets/images/teams/small/3.png?v=6.08,7,27.28
1566127860-16,https://www.prokabaddi.com/stats/49-140-avg-points-scored-statistics,"Haryana Steelers",4,/static-assets/images/teams/small/28.png?v=6.08,7,26.85
1566127860-17,https://www.prokabaddi.com/stats/49-140-avg-points-scored-statistics,"Dabang Delhi K.C.",5,/static-assets/images/teams/small/2.png?v=6.08,7,26.71
1566127860-18,https://www.prokabaddi.com/stats/49-140-avg-points-scored-statistics,"Puneri Paltan",6,/static-assets/images/teams/small/7.png?v=6.08,7,26.57
1566127860-19,https://www.prokabaddi.com/stats/49-140-avg-points-scored-statistics,"Gujarat Fortunegiants",7,/static-assets/images/teams/small/31.png?v=6.08,9,26
1566127857-2,https://www.prokabaddi.com/stats/49-97-raid-points-statistics,"Bengal Warriors",2,/static-assets/images/teams/small/4.png?v=6.08,8,153
1566127860-20,https://www.prokabaddi.com/stats/49-140-avg-points-scored-statistics,"Tamil Thalaivas",8,/static-assets/images/teams/small/29.png?v=6.08,7,25.57
1566127860-21,https://www.prokabaddi.com/stats/49-140-avg-points-scored-statistics,"Patna Pirates",9,/static-assets/images/teams/small/6.png?v=6.08,8,24.62
1566127860-22,https://www.prokabaddi.com/stats/49-140-avg-points-scored-statistics,"U Mumba",10,/static-assets/images/teams/small/5.png?v=6.08,8,24.5
1566127860-23,https://www.prokabaddi.com/stats/49-140-avg-points-scored-statistics,"Telugu Titans",11,/static-assets/images/teams/small/8.png?v=6.08,8,24.25
1566127860-24,https://www.prokabaddi.com/stats/49-140-avg-points-scored-statistics,"U.P. Yoddha",12,/static-assets/images/teams/small/30.png?v=6.08,8,22.25
1566127863-25,https://www.prokabaddi.com/stats/49-134-super-raid-statistics,"Bengal Warriors",1,/static-assets/images/teams/small/4.png?v=6.08,8,6
1566127863-26,https://www.prokabaddi.com/stats/49-134-super-raid-statistics,"U Mumba",2,/static-assets/images/teams/small/5.png?v=6.08,8,3
1566127863-27,https://www.prokabaddi.com/stats/49-134-super-raid-statistics,"Bengaluru Bulls",2,/static-assets/images/teams/small/1.png?v=6.08,8,3
1566127863-28,https://www.prokabaddi.com/stats/49-134-super-raid-statistics,"Dabang Delhi K.C.",2,/static-assets/images/teams/small/2.png?v=6.08,7,3
1566127863-29,https://www.prokabaddi.com/stats/49-134-super-raid-statistics,"Patna Pirates",5,/static-assets/images/teams/small/6.png?v=6.08,8,2
1566127857-3,https://www.prokabaddi.com/stats/49-97-raid-points-statistics,"Gujarat Fortunegiants",3,/static-assets/images/teams/small/31.png?v=6.08,9,140
1566127863-30,https://www.prokabaddi.com/stats/49-134-super-raid-statistics,"Telugu Titans",5,/static-assets/images/teams/small/8.png?v=6.08,8,2
1566127863-31,https://www.prokabaddi.com/stats/49-134-super-raid-statistics,"Haryana Steelers",5,/static-assets/images/teams/small/28.png?v=6.08,7,2
1566127863-32,https://www.prokabaddi.com/stats/49-134-super-raid-statistics,"Tamil Thalaivas",5,/static-assets/images/teams/small/29.png?v=6.08,7,2
1566127863-33,https://www.prokabaddi.com/stats/49-134-super-raid-statistics,"Gujarat Fortunegiants",5,/static-assets/images/teams/small/31.png?v=6.08,9,2
1566127863-34,https://www.prokabaddi.com/stats/49-134-super-raid-statistics,"Puneri Paltan",10,/static-assets/images/teams/small/7.png?v=6.08,7,1
1566127863-35,https://www.prokabaddi.com/stats/49-134-super-raid-statistics,"Jaipur Pink Panthers",10,/static-assets/images/teams/small/3.png?v=6.08,7,1
1566127865-36,https://www.prokabaddi.com/stats/49-15-successful-tackles-statistics,"Gujarat Fortunegiants",1,/static-assets/images/teams/small/31.png?v=6.08,9,85
1566127865-37,https://www.prokabaddi.com/stats/49-15-successful-tackles-statistics,"Jaipur Pink Panthers",2,/static-assets/images/teams/small/3.png?v=6.08,7,79
1566127865-38,https://www.prokabaddi.com/stats/49-15-successful-tackles-statistics,"Patna Pirates",3,/static-assets/images/teams/small/6.png?v=6.08,8,74
1566127865-39,https://www.prokabaddi.com/stats/49-15-successful-tackles-statistics,"Telugu Titans",4,/static-assets/images/teams/small/8.png?v=6.08,8,73
1566127857-4,https://www.prokabaddi.com/stats/49-97-raid-points-statistics,"Dabang Delhi K.C.",4,/static-assets/images/teams/small/2.png?v=6.08,7,129
1566127865-40,https://www.prokabaddi.com/stats/49-15-successful-tackles-statistics,"Bengal Warriors",5,/static-assets/images/teams/small/4.png?v=6.08,8,72
1566127865-41,https://www.prokabaddi.com/stats/49-15-successful-tackles-statistics,"U.P. Yoddha",5,/static-assets/images/teams/small/30.png?v=6.08,8,72
1566127865-42,https://www.prokabaddi.com/stats/49-15-successful-tackles-statistics,"Tamil Thalaivas",7,/static-assets/images/teams/small/29.png?v=6.08,7,71
1566127865-43,https://www.prokabaddi.com/stats/49-15-successful-tackles-statistics,"Bengaluru Bulls",8,/static-assets/images/teams/small/1.png?v=6.08,8,69
1566127865-44,https://www.prokabaddi.com/stats/49-15-successful-tackles-statistics,"Haryana Steelers",8,/static-assets/images/teams/small/28.png?v=6.08,7,69
1566127865-45,https://www.prokabaddi.com/stats/49-15-successful-tackles-statistics,"Puneri Paltan",10,/static-assets/images/teams/small/7.png?v=6.08,7,64
1566127865-46,https://www.prokabaddi.com/stats/49-15-successful-tackles-statistics,"U Mumba",11,/static-assets/images/teams/small/5.png?v=6.08,8,62
1566127865-47,https://www.prokabaddi.com/stats/49-15-successful-tackles-statistics,"Dabang Delhi K.C.",12,/static-assets/images/teams/small/2.png?v=6.08,7,53
1566127868-48,https://www.prokabaddi.com/stats/49-99-avg-tackle-points-statistics,"Jaipur Pink Panthers",1,/static-assets/images/teams/small/3.png?v=6.08,7,11.57
1566127868-49,https://www.prokabaddi.com/stats/49-99-avg-tackle-points-statistics,"Puneri Paltan",2,/static-assets/images/teams/small/7.png?v=6.08,7,10.71
1566127857-5,https://www.prokabaddi.com/stats/49-97-raid-points-statistics,"U Mumba",5,/static-assets/images/teams/small/5.png?v=6.08,8,126
1566127868-50,https://www.prokabaddi.com/stats/49-99-avg-tackle-points-statistics,"Tamil Thalaivas",2,/static-assets/images/teams/small/29.png?v=6.08,7,10.71
1566127868-51,https://www.prokabaddi.com/stats/49-99-avg-tackle-points-statistics,"Patna Pirates",4,/static-assets/images/teams/small/6.png?v=6.08,8,10.63
1566127868-52,https://www.prokabaddi.com/stats/49-99-avg-tackle-points-statistics,"Bengaluru Bulls",5,/static-assets/images/teams/small/1.png?v=6.08,8,10.5
1566127868-53,https://www.prokabaddi.com/stats/49-99-avg-tackle-points-statistics,"Gujarat Fortunegiants",6,/static-assets/images/teams/small/31.png?v=6.08,9,10.44
1566127868-54,https://www.prokabaddi.com/stats/49-99-avg-tackle-points-statistics,"Haryana Steelers",7,/static-assets/images/teams/small/28.png?v=6.08,7,10.43
1566127868-55,https://www.prokabaddi.com/stats/49-99-avg-tackle-points-statistics,"Telugu Titans",8,/static-assets/images/teams/small/8.png?v=6.08,8,9.75
1566127868-56,https://www.prokabaddi.com/stats/49-99-avg-tackle-points-statistics,"Bengal Warriors",8,/static-assets/images/teams/small/4.png?v=6.08,8,9.75
1566127868-57,https://www.prokabaddi.com/stats/49-99-avg-tackle-points-statistics,"U.P. Yoddha",10,/static-assets/images/teams/small/30.png?v=6.08,8,9.63
1566127868-58,https://www.prokabaddi.com/stats/49-99-avg-tackle-points-statistics,"U Mumba",11,/static-assets/images/teams/small/5.png?v=6.08,8,8.75
1566127868-59,https://www.prokabaddi.com/stats/49-99-avg-tackle-points-statistics,"Dabang Delhi K.C.",12,/static-assets/images/teams/small/2.png?v=6.08,7,8.29
1566127857-6,https://www.prokabaddi.com/stats/49-97-raid-points-statistics,"Telugu Titans",6,/static-assets/images/teams/small/8.png?v=6.08,8,116
1566127857-7,https://www.prokabaddi.com/stats/49-97-raid-points-statistics,"Haryana Steelers",7,/static-assets/images/teams/small/28.png?v=6.08,7,115
1566127857-8,https://www.prokabaddi.com/stats/49-97-raid-points-statistics,"Patna Pirates",8,/static-assets/images/teams/small/6.png?v=6.08,8,112
1566127857-9,https://www.prokabaddi.com/stats/49-97-raid-points-statistics,"Puneri Paltan",9,/static-assets/images/teams/small/7.png?v=6.08,7,111
1566127871-60,https://www.prokabaddi.com/stats/49-96-total-points-scored-statistics,"Bengal Warriors",1,/static-assets/images/teams/small/4.png?v=6.08,8,277
1566127871-69,https://www.prokabaddi.com/stats/49-96-total-points-scored-statistics,"Haryana Steelers",10,/static-assets/images/teams/small/28.png?v=6.08,7,208
1566127871-70,https://www.prokabaddi.com/stats/49-96-total-points-scored-statistics,"Puneri Paltan",11,/static-assets/images/teams/small/7.png?v=6.08,7,199
1566127871-71,https://www.prokabaddi.com/stats/49-96-total-points-scored-statistics,"U.P. Yoddha",11,/static-assets/images/teams/small/30.png?v=6.08,8,199
1566127874-72,https://www.prokabaddi.com/stats/49-133-total-points-conceded-statistics,"U.P. Yoddha",1,/static-assets/images/teams/small/30.png?v=6.08,8,273
1566127874-73,https://www.prokabaddi.com/stats/49-133-total-points-conceded-statistics,"Telugu Titans",2,/static-assets/images/teams/small/8.png?v=6.08,8,258
1566127874-74,https://www.prokabaddi.com/stats/49-133-total-points-conceded-statistics,"Bengaluru Bulls",3,/static-assets/images/teams/small/1.png?v=6.08,8,257
1566127874-75,https://www.prokabaddi.com/stats/49-133-total-points-conceded-statistics,"Gujarat Fortunegiants",4,/static-assets/images/teams/small/31.png?v=6.08,9,248
1566127874-76,https://www.prokabaddi.com/stats/49-133-total-points-conceded-statistics,"Patna Pirates",5,/static-assets/images/teams/small/6.png?v=6.08,8,243
1566127874-77,https://www.prokabaddi.com/stats/49-133-total-points-conceded-statistics,"U Mumba",6,/static-assets/images/teams/small/5.png?v=6.08,8,229
1566127874-78,https://www.prokabaddi.com/stats/49-133-total-points-conceded-statistics,"Puneri Paltan",7,/static-assets/images/teams/small/7.png?v=6.08,7,226
1566127871-61,https://www.prokabaddi.com/stats/49-96-total-points-scored-statistics,"Bengaluru Bulls",2,/static-assets/images/teams/small/1.png?v=6.08,8,273
1566127874-79,https://www.prokabaddi.com/stats/49-133-total-points-conceded-statistics,"Haryana Steelers",7,/static-assets/images/teams/small/28.png?v=6.08,7,226
1566127874-80,https://www.prokabaddi.com/stats/49-133-total-points-conceded-statistics,"Bengal Warriors",9,/static-assets/images/teams/small/4.png?v=6.08,8,225
1566127874-81,https://www.prokabaddi.com/stats/49-133-total-points-conceded-statistics,"Dabang Delhi K.C.",10,/static-assets/images/teams/small/2.png?v=6.08,7,198
1566127874-82,https://www.prokabaddi.com/stats/49-133-total-points-conceded-statistics,"Tamil Thalaivas",11,/static-assets/images/teams/small/29.png?v=6.08,7,196
1566127874-83,https://www.prokabaddi.com/stats/49-133-total-points-conceded-statistics,"Jaipur Pink Panthers",12,/static-assets/images/teams/small/3.png?v=6.08,7,169
1566127877-84,https://www.prokabaddi.com/stats/49-95-tackle-points-statistics,"Gujarat Fortunegiants",1,/static-assets/images/teams/small/31.png?v=6.08,9,94
1566127877-85,https://www.prokabaddi.com/stats/49-95-tackle-points-statistics,"Patna Pirates",2,/static-assets/images/teams/small/6.png?v=6.08,8,85
1566127877-86,https://www.prokabaddi.com/stats/49-95-tackle-points-statistics,"Bengaluru Bulls",3,/static-assets/images/teams/small/1.png?v=6.08,8,84
1566127877-87,https://www.prokabaddi.com/stats/49-95-tackle-points-statistics,"Jaipur Pink Panthers",4,/static-assets/images/teams/small/3.png?v=6.08,7,81
1566127877-88,https://www.prokabaddi.com/stats/49-95-tackle-points-statistics,"Bengal Warriors",5,/static-assets/images/teams/small/4.png?v=6.08,8,78
1566127871-62,https://www.prokabaddi.com/stats/49-96-total-points-scored-statistics,"Gujarat Fortunegiants",3,/static-assets/images/teams/small/31.png?v=6.08,9,265
1566127877-89,https://www.prokabaddi.com/stats/49-95-tackle-points-statistics,"Telugu Titans",5,/static-assets/images/teams/small/8.png?v=6.08,8,78
1566127877-90,https://www.prokabaddi.com/stats/49-95-tackle-points-statistics,"U.P. Yoddha",7,/static-assets/images/teams/small/30.png?v=6.08,8,77
1566127877-91,https://www.prokabaddi.com/stats/49-95-tackle-points-statistics,"Tamil Thalaivas",8,/static-assets/images/teams/small/29.png?v=6.08,7,75
1566127877-92,https://www.prokabaddi.com/stats/49-95-tackle-points-statistics,"Puneri Paltan",8,/static-assets/images/teams/small/7.png?v=6.08,7,75
1566127877-93,https://www.prokabaddi.com/stats/49-95-tackle-points-statistics,"Haryana Steelers",10,/static-assets/images/teams/small/28.png?v=6.08,7,73
1566127877-94,https://www.prokabaddi.com/stats/49-95-tackle-points-statistics,"U Mumba",11,/static-assets/images/teams/small/5.png?v=6.08,8,70
1566127877-95,https://www.prokabaddi.com/stats/49-95-tackle-points-statistics,"Dabang Delhi K.C.",12,/static-assets/images/teams/small/2.png?v=6.08,7,58
1566127880-96,https://www.prokabaddi.com/stats/49-136-all-outs-inflicted-statistics,"Bengal Warriors",1,/static-assets/images/teams/small/4.png?v=6.08,8,14
1566127880-97,https://www.prokabaddi.com/stats/49-136-all-outs-inflicted-statistics,"U Mumba",2,/static-assets/images/teams/small/5.png?v=6.08,8,10
1566127880-98,https://www.prokabaddi.com/stats/49-136-all-outs-inflicted-statistics,"Jaipur Pink Panthers",2,/static-assets/images/teams/small/3.png?v=6.08,7,10
1566127871-63,https://www.prokabaddi.com/stats/49-96-total-points-scored-statistics,"U Mumba",4,/static-assets/images/teams/small/5.png?v=6.08,8,232
1566127880-99,https://www.prokabaddi.com/stats/49-136-all-outs-inflicted-statistics,"Gujarat Fortunegiants",4,/static-assets/images/teams/small/31.png?v=6.08,9,9
1566127880-100,https://www.prokabaddi.com/stats/49-136-all-outs-inflicted-statistics,"Patna Pirates",4,/static-assets/images/teams/small/6.png?v=6.08,8,9
1566127880-101,https://www.prokabaddi.com/stats/49-136-all-outs-inflicted-statistics,"Bengaluru Bulls",4,/static-assets/images/teams/small/1.png?v=6.08,8,9
1566127880-102,https://www.prokabaddi.com/stats/49-136-all-outs-inflicted-statistics,"Dabang Delhi K.C.",4,/static-assets/images/teams/small/2.png?v=6.08,7,9
1566127880-103,https://www.prokabaddi.com/stats/49-136-all-outs-inflicted-statistics,"Haryana Steelers",8,/static-assets/images/teams/small/28.png?v=6.08,7,8
1566127880-104,https://www.prokabaddi.com/stats/49-136-all-outs-inflicted-statistics,"Tamil Thalaivas",8,/static-assets/images/teams/small/29.png?v=6.08,7,8
1566127880-105,https://www.prokabaddi.com/stats/49-136-all-outs-inflicted-statistics,"U.P. Yoddha",10,/static-assets/images/teams/small/30.png?v=6.08,8,5
1566127880-106,https://www.prokabaddi.com/stats/49-136-all-outs-inflicted-statistics,"Puneri Paltan",11,/static-assets/images/teams/small/7.png?v=6.08,7,3
1566127880-107,https://www.prokabaddi.com/stats/49-136-all-outs-inflicted-statistics,"Telugu Titans",12,/static-assets/images/teams/small/8.png?v=6.08,8,2
1566127883-108,https://www.prokabaddi.com/stats/49-135-do-or-die-raid-points-statistics,"U Mumba",1,/static-assets/images/teams/small/5.png?v=6.08,8,31
1566127871-64,https://www.prokabaddi.com/stats/49-96-total-points-scored-statistics,"Patna Pirates",5,/static-assets/images/teams/small/6.png?v=6.08,8,228
1566127883-109,https://www.prokabaddi.com/stats/49-135-do-or-die-raid-points-statistics,"Jaipur Pink Panthers",2,/static-assets/images/teams/small/3.png?v=6.08,7,28
1566127883-110,https://www.prokabaddi.com/stats/49-135-do-or-die-raid-points-statistics,"Gujarat Fortunegiants",3,/static-assets/images/teams/small/31.png?v=6.08,9,27
1566127883-111,https://www.prokabaddi.com/stats/49-135-do-or-die-raid-points-statistics,"Patna Pirates",4,/static-assets/images/teams/small/6.png?v=6.08,8,26
1566127883-112,https://www.prokabaddi.com/stats/49-135-do-or-die-raid-points-statistics,"Puneri Paltan",5,/static-assets/images/teams/small/7.png?v=6.08,7,25
1566127883-113,https://www.prokabaddi.com/stats/49-135-do-or-die-raid-points-statistics,"Haryana Steelers",6,/static-assets/images/teams/small/28.png?v=6.08,7,24
1566127883-114,https://www.prokabaddi.com/stats/49-135-do-or-die-raid-points-statistics,"Tamil Thalaivas",7,/static-assets/images/teams/small/29.png?v=6.08,7,21
1566127883-115,https://www.prokabaddi.com/stats/49-135-do-or-die-raid-points-statistics,"U.P. Yoddha",7,/static-assets/images/teams/small/30.png?v=6.08,8,21
1566127883-116,https://www.prokabaddi.com/stats/49-135-do-or-die-raid-points-statistics,"Bengal Warriors",9,/static-assets/images/teams/small/4.png?v=6.08,8,20
1566127883-117,https://www.prokabaddi.com/stats/49-135-do-or-die-raid-points-statistics,"Dabang Delhi K.C.",10,/static-assets/images/teams/small/2.png?v=6.08,7,16
1566127883-118,https://www.prokabaddi.com/stats/49-135-do-or-die-raid-points-statistics,"Bengaluru Bulls",11,/static-assets/images/teams/small/1.png?v=6.08,8,15
1566127871-65,https://www.prokabaddi.com/stats/49-96-total-points-scored-statistics,"Dabang Delhi K.C.",5,/static-assets/images/teams/small/2.png?v=6.08,7,228
1566127883-119,https://www.prokabaddi.com/stats/49-135-do-or-die-raid-points-statistics,"Telugu Titans",11,/static-assets/images/teams/small/8.png?v=6.08,8,15
1566127871-66,https://www.prokabaddi.com/stats/49-96-total-points-scored-statistics,"Jaipur Pink Panthers",7,/static-assets/images/teams/small/3.png?v=6.08,7,219
1566127871-67,https://www.prokabaddi.com/stats/49-96-total-points-scored-statistics,"Telugu Titans",8,/static-assets/images/teams/small/8.png?v=6.08,8,211
1566127871-68,https://www.prokabaddi.com/stats/49-96-total-points-scored-statistics,"Tamil Thalaivas",9,/static-assets/images/teams/small/29.png?v=6.08,7,209
1566127886-120,https://www.prokabaddi.com/stats/49-20-super-tackles-statistics,"Bengaluru Bulls",1,/static-assets/images/teams/small/1.png?v=6.08,8,16
1566127886-129,https://www.prokabaddi.com/stats/49-20-super-tackles-statistics,"U.P. Yoddha",7,/static-assets/images/teams/small/30.png?v=6.08,8,6
1566127886-130,https://www.prokabaddi.com/stats/49-20-super-tackles-statistics,"Haryana Steelers",11,/static-assets/images/teams/small/28.png?v=6.08,7,4
1566127886-131,https://www.prokabaddi.com/stats/49-20-super-tackles-statistics,"Jaipur Pink Panthers",12,/static-assets/images/teams/small/3.png?v=6.08,7,2
1566127889-132,https://www.prokabaddi.com/stats/49-13-successful-raids-statistics,"Bengaluru Bulls",1,/static-assets/images/teams/small/1.png?v=6.08,8,127
1566127889-133,https://www.prokabaddi.com/stats/49-13-successful-raids-statistics,"Bengal Warriors",2,/static-assets/images/teams/small/4.png?v=6.08,8,123
1566127889-134,https://www.prokabaddi.com/stats/49-13-successful-raids-statistics,"Gujarat Fortunegiants",3,/static-assets/images/teams/small/31.png?v=6.08,9,114
1566127889-135,https://www.prokabaddi.com/stats/49-13-successful-raids-statistics,"Dabang Delhi K.C.",4,/static-assets/images/teams/small/2.png?v=6.08,7,113
1566127889-136,https://www.prokabaddi.com/stats/49-13-successful-raids-statistics,"Telugu Titans",5,/static-assets/images/teams/small/8.png?v=6.08,8,101
1566127889-137,https://www.prokabaddi.com/stats/49-13-successful-raids-statistics,"Patna Pirates",5,/static-assets/images/teams/small/6.png?v=6.08,8,101
1566127889-138,https://www.prokabaddi.com/stats/49-13-successful-raids-statistics,"U Mumba",7,/static-assets/images/teams/small/5.png?v=6.08,8,94
1566127886-121,https://www.prokabaddi.com/stats/49-20-super-tackles-statistics,"Patna Pirates",2,/static-assets/images/teams/small/6.png?v=6.08,8,11
1566127889-139,https://www.prokabaddi.com/stats/49-13-successful-raids-statistics,"Haryana Steelers",8,/static-assets/images/teams/small/28.png?v=6.08,7,91
1566127889-140,https://www.prokabaddi.com/stats/49-13-successful-raids-statistics,"Puneri Paltan",8,/static-assets/images/teams/small/7.png?v=6.08,7,91
1566127889-141,https://www.prokabaddi.com/stats/49-13-successful-raids-statistics,"Jaipur Pink Panthers",10,/static-assets/images/teams/small/3.png?v=6.08,7,90
1566127889-142,https://www.prokabaddi.com/stats/49-13-successful-raids-statistics,"Tamil Thalaivas",11,/static-assets/images/teams/small/29.png?v=6.08,7,84
1566127889-143,https://www.prokabaddi.com/stats/49-13-successful-raids-statistics,"U.P. Yoddha",12,/static-assets/images/teams/small/30.png?v=6.08,8,81
1566127891-144,https://www.prokabaddi.com/stats/49-98-avg-raid-points-statistics,"Bengaluru Bulls",1,/static-assets/images/teams/small/1.png?v=6.08,8,19.38
1566127891-145,https://www.prokabaddi.com/stats/49-98-avg-raid-points-statistics,"Bengal Warriors",2,/static-assets/images/teams/small/4.png?v=6.08,8,19.13
1566127891-146,https://www.prokabaddi.com/stats/49-98-avg-raid-points-statistics,"Dabang Delhi K.C.",3,/static-assets/images/teams/small/2.png?v=6.08,7,18.43
1566127891-147,https://www.prokabaddi.com/stats/49-98-avg-raid-points-statistics,"Haryana Steelers",4,/static-assets/images/teams/small/28.png?v=6.08,7,16.43
1566127891-148,https://www.prokabaddi.com/stats/49-98-avg-raid-points-statistics,"Puneri Paltan",5,/static-assets/images/teams/small/7.png?v=6.08,7,15.86
1566127886-122,https://www.prokabaddi.com/stats/49-20-super-tackles-statistics,"Puneri Paltan",2,/static-assets/images/teams/small/7.png?v=6.08,7,11
1566127891-149,https://www.prokabaddi.com/stats/49-98-avg-raid-points-statistics,"U Mumba",6,/static-assets/images/teams/small/5.png?v=6.08,8,15.75
1566127891-150,https://www.prokabaddi.com/stats/49-98-avg-raid-points-statistics,"Jaipur Pink Panthers",7,/static-assets/images/teams/small/3.png?v=6.08,7,15.71
1566127891-151,https://www.prokabaddi.com/stats/49-98-avg-raid-points-statistics,"Gujarat Fortunegiants",8,/static-assets/images/teams/small/31.png?v=6.08,9,15.56
1566127891-152,https://www.prokabaddi.com/stats/49-98-avg-raid-points-statistics,"Tamil Thalaivas",9,/static-assets/images/teams/small/29.png?v=6.08,7,14.86
1566127891-153,https://www.prokabaddi.com/stats/49-98-avg-raid-points-statistics,"Telugu Titans",10,/static-assets/images/teams/small/8.png?v=6.08,8,14.5
1566127891-154,https://www.prokabaddi.com/stats/49-98-avg-raid-points-statistics,"Patna Pirates",11,/static-assets/images/teams/small/6.png?v=6.08,8,14
1566127891-155,https://www.prokabaddi.com/stats/49-98-avg-raid-points-statistics,"U.P. Yoddha",12,/static-assets/images/teams/small/30.png?v=6.08,8,12.63
1566127886-123,https://www.prokabaddi.com/stats/49-20-super-tackles-statistics,"U Mumba",4,/static-assets/images/teams/small/5.png?v=6.08,8,10
1566127886-124,https://www.prokabaddi.com/stats/49-20-super-tackles-statistics,"Gujarat Fortunegiants",5,/static-assets/images/teams/small/31.png?v=6.08,9,9
1566127886-125,https://www.prokabaddi.com/stats/49-20-super-tackles-statistics,"Bengal Warriors",6,/static-assets/images/teams/small/4.png?v=6.08,8,7
1566127886-126,https://www.prokabaddi.com/stats/49-20-super-tackles-statistics,"Dabang Delhi K.C.",7,/static-assets/images/teams/small/2.png?v=6.08,7,6
1566127886-127,https://www.prokabaddi.com/stats/49-20-super-tackles-statistics,"Telugu Titans",7,/static-assets/images/teams/small/8.png?v=6.08,8,6
1566127886-128,https://www.prokabaddi.com/stats/49-20-super-tackles-statistics,"Tamil Thalaivas",7,/static-assets/images/teams/small/29.png?v=6.08,7,6
