﻿web-scraper-order,web-scraper-start-url,rank,name,matches,points,profile,team
1565609455-1,https://www.prokabaddi.com/stats/49-101-high-5s-statistics,1,"Sandeep Kumar Dhull",5,3,"Defender, left corner",/static-assets/images/teams/small/3.png?v=6.08
1565609455-10,https://www.prokabaddi.com/stats/49-101-high-5s-statistics,9,"Girish Maruti Ernak",6,1,"Defender, left corner",/static-assets/images/teams/small/7.png?v=6.08
1565609455-11,https://www.prokabaddi.com/stats/49-101-high-5s-statistics,9,"Vikas Kale",6,1,"Defender, right cover",/static-assets/images/teams/small/28.png?v=6.08
1565609455-12,https://www.prokabaddi.com/stats/49-101-high-5s-statistics,9,"Neeraj Kumar",7,1,"Defender, right cover",/static-assets/images/teams/small/6.png?v=6.08
1565609455-13,https://www.prokabaddi.com/stats/49-101-high-5s-statistics,9,"Surinder Singh",7,1,Defender,/static-assets/images/teams/small/5.png?v=6.08
1565609455-14,https://www.prokabaddi.com/stats/49-101-high-5s-statistics,9,"Mahender Singh",6,1,"Defender, left cover",/static-assets/images/teams/small/1.png?v=6.08
1565609455-15,https://www.prokabaddi.com/stats/49-101-high-5s-statistics,9,"Amit Sheoran",6,1,Defender,/static-assets/images/teams/small/1.png?v=6.08
1565609455-16,https://www.prokabaddi.com/stats/49-101-high-5s-statistics,9,"Rinku Narwal",5,1,Defender,/static-assets/images/teams/small/4.png?v=6.08
1565609455-17,https://www.prokabaddi.com/stats/49-101-high-5s-statistics,9,Sumit,6,1,"Defender, left corner",/static-assets/images/teams/small/30.png?v=6.08
1565609455-18,https://www.prokabaddi.com/stats/49-101-high-5s-statistics,9,Sunil,4,1,"Defender, right corner",/static-assets/images/teams/small/28.png?v=6.08
1565609455-19,https://www.prokabaddi.com/stats/49-101-high-5s-statistics,9,"Saurabh Nandal",5,1,"Defender, left corner",/static-assets/images/teams/small/1.png?v=6.08
1565609455-2,https://www.prokabaddi.com/stats/49-101-high-5s-statistics,1,"Baldev Singh",5,3,"Defender, right corner",/static-assets/images/teams/small/4.png?v=6.08
1565609459-20,https://www.prokabaddi.com/stats/49-21-successful-raids-statistics,1,"Pawan Kumar Sehrawat",6,59,Raider,/static-assets/images/teams/small/1.png?v=6.08
1565609459-21,https://www.prokabaddi.com/stats/49-21-successful-raids-statistics,2,"Naveen Kumar",6,56,Raider,/static-assets/images/teams/small/2.png?v=6.08
1565609459-22,https://www.prokabaddi.com/stats/49-21-successful-raids-statistics,3,"Pardeep Narwal",7,53,Raider,/static-assets/images/teams/small/6.png?v=6.08
1565609459-23,https://www.prokabaddi.com/stats/49-21-successful-raids-statistics,4,"Siddharth Sirish Desai",7,41,Raider,/static-assets/images/teams/small/8.png?v=6.08
1565609459-24,https://www.prokabaddi.com/stats/49-21-successful-raids-statistics,5,"Maninder Singh",5,36,Raider,/static-assets/images/teams/small/4.png?v=6.08
1565609459-25,https://www.prokabaddi.com/stats/49-21-successful-raids-statistics,6,"Rahul Chaudhari",6,35,Raider,/static-assets/images/teams/small/29.png?v=6.08
1565609459-26,https://www.prokabaddi.com/stats/49-21-successful-raids-statistics,7,"Deepak Niwas Hooda",5,32,"All Rounder",/static-assets/images/teams/small/3.png?v=6.08
1565609459-27,https://www.prokabaddi.com/stats/49-21-successful-raids-statistics,8,"Rohit Gulia",7,31,"All Rounder",/static-assets/images/teams/small/31.png?v=6.08
1565609459-28,https://www.prokabaddi.com/stats/49-21-successful-raids-statistics,9,"Abhishek Singh",6,30,Raider,/static-assets/images/teams/small/5.png?v=6.08
1565609459-29,https://www.prokabaddi.com/stats/49-21-successful-raids-statistics,10,"Chandran Ranjit",6,29,Raider,/static-assets/images/teams/small/2.png?v=6.08
1565609455-3,https://www.prokabaddi.com/stats/49-101-high-5s-statistics,3,"Parvesh Bhainswal",7,2,"Defender, left cover",/static-assets/images/teams/small/31.png?v=6.08
1565609459-30,https://www.prokabaddi.com/stats/49-21-successful-raids-statistics,11,Naveen,6,28,Raider,/static-assets/images/teams/small/28.png?v=6.08
1565609459-31,https://www.prokabaddi.com/stats/49-21-successful-raids-statistics,12,"Sachin Tanwar",7,27,Raider,/static-assets/images/teams/small/31.png?v=6.08
1565609459-32,https://www.prokabaddi.com/stats/49-21-successful-raids-statistics,13,"K. Prapanjan",5,22,Raider,/static-assets/images/teams/small/4.png?v=6.08
1565609459-33,https://www.prokabaddi.com/stats/49-21-successful-raids-statistics,14,"Rohit Kumar",6,21,Raider,/static-assets/images/teams/small/1.png?v=6.08
1565609459-34,https://www.prokabaddi.com/stats/49-21-successful-raids-statistics,14,"Vikash Kandola",3,21,Raider,/static-assets/images/teams/small/28.png?v=6.08
1565609459-35,https://www.prokabaddi.com/stats/49-21-successful-raids-statistics,14,"Monu Goyat",6,21,Raider,/static-assets/images/teams/small/30.png?v=6.08
1565609459-36,https://www.prokabaddi.com/stats/49-21-successful-raids-statistics,17,"Mohammad Esmaeil Nabibakhsh",5,20,"All Rounder",/static-assets/images/teams/small/4.png?v=6.08
1565609459-37,https://www.prokabaddi.com/stats/49-21-successful-raids-statistics,17,"Deepak Narwal",5,20,Raider,/static-assets/images/teams/small/3.png?v=6.08
1565609459-38,https://www.prokabaddi.com/stats/49-21-successful-raids-statistics,17,"Ajay Thakur",6,20,Raider,/static-assets/images/teams/small/29.png?v=6.08
1565609459-39,https://www.prokabaddi.com/stats/49-21-successful-raids-statistics,20,Vinay,6,19,Raider,/static-assets/images/teams/small/28.png?v=6.08
1565609455-4,https://www.prokabaddi.com/stats/49-101-high-5s-statistics,3,"Vishal Bhardwaj",7,2,Defender,/static-assets/images/teams/small/8.png?v=6.08
1565609463-40,https://www.prokabaddi.com/stats/49-138-avg-raid-points-statistics,1,"Pawan Kumar Sehrawat",6,12.5,Raider,/static-assets/images/teams/small/1.png?v=6.08
1565609463-41,https://www.prokabaddi.com/stats/49-138-avg-raid-points-statistics,2,"Naveen Kumar",6,10.67,Raider,/static-assets/images/teams/small/2.png?v=6.08
1565609463-42,https://www.prokabaddi.com/stats/49-138-avg-raid-points-statistics,3,"Vikash Kandola",3,9.33,Raider,/static-assets/images/teams/small/28.png?v=6.08
1565609463-43,https://www.prokabaddi.com/stats/49-138-avg-raid-points-statistics,4,"Maninder Singh",5,9,Raider,/static-assets/images/teams/small/4.png?v=6.08
1565609463-44,https://www.prokabaddi.com/stats/49-138-avg-raid-points-statistics,5,"Pardeep Narwal",7,8.43,Raider,/static-assets/images/teams/small/6.png?v=6.08
1565609463-45,https://www.prokabaddi.com/stats/49-138-avg-raid-points-statistics,6,"Deepak Niwas Hooda",5,8.2,"All Rounder",/static-assets/images/teams/small/3.png?v=6.08
1565609463-46,https://www.prokabaddi.com/stats/49-138-avg-raid-points-statistics,7,"Nitin Tomar",1,8,Raider,/static-assets/images/teams/small/7.png?v=6.08
1565609463-47,https://www.prokabaddi.com/stats/49-138-avg-raid-points-statistics,8,"Rahul Chaudhari",6,7,Raider,/static-assets/images/teams/small/29.png?v=6.08
1565609463-48,https://www.prokabaddi.com/stats/49-138-avg-raid-points-statistics,9,"Siddharth Sirish Desai",7,6.57,Raider,/static-assets/images/teams/small/8.png?v=6.08
1565609463-49,https://www.prokabaddi.com/stats/49-138-avg-raid-points-statistics,10,"Chandran Ranjit",6,6.17,Raider,/static-assets/images/teams/small/2.png?v=6.08
1565609455-5,https://www.prokabaddi.com/stats/49-101-high-5s-statistics,3,"Sunil Kumar",7,2,Defender,/static-assets/images/teams/small/31.png?v=6.08
1565609463-50,https://www.prokabaddi.com/stats/49-138-avg-raid-points-statistics,11,"Suraj Desai",5,6,Raider,/static-assets/images/teams/small/8.png?v=6.08
1565609463-51,https://www.prokabaddi.com/stats/49-138-avg-raid-points-statistics,11,"K. Prapanjan",5,6,Raider,/static-assets/images/teams/small/4.png?v=6.08
1565609463-52,https://www.prokabaddi.com/stats/49-138-avg-raid-points-statistics,11,"Rohit Gulia",7,6,"All Rounder",/static-assets/images/teams/small/31.png?v=6.08
1565609463-53,https://www.prokabaddi.com/stats/49-138-avg-raid-points-statistics,14,"Abhishek Singh",6,5.83,Raider,/static-assets/images/teams/small/5.png?v=6.08
1565609463-54,https://www.prokabaddi.com/stats/49-138-avg-raid-points-statistics,15,"Pankaj Mohite",4,5.75,Raider,/static-assets/images/teams/small/7.png?v=6.08
1565609463-55,https://www.prokabaddi.com/stats/49-138-avg-raid-points-statistics,16,Naveen,6,5.5,Raider,/static-assets/images/teams/small/28.png?v=6.08
1565609463-56,https://www.prokabaddi.com/stats/49-138-avg-raid-points-statistics,17,"Mohammad Esmaeil Nabibakhsh",5,5.4,"All Rounder",/static-assets/images/teams/small/4.png?v=6.08
1565609463-57,https://www.prokabaddi.com/stats/49-138-avg-raid-points-statistics,18,"Nitin Rawal",1,5,"All Rounder",/static-assets/images/teams/small/3.png?v=6.08
1565609463-58,https://www.prokabaddi.com/stats/49-138-avg-raid-points-statistics,19,"Sachin Tanwar",7,4.86,Raider,/static-assets/images/teams/small/31.png?v=6.08
1565609463-59,https://www.prokabaddi.com/stats/49-138-avg-raid-points-statistics,20,"Ajay Thakur",6,4.83,Raider,/static-assets/images/teams/small/29.png?v=6.08
1565609455-6,https://www.prokabaddi.com/stats/49-101-high-5s-statistics,3,Jaideep,7,2,"Defender, left corner",/static-assets/images/teams/small/6.png?v=6.08
1565609455-7,https://www.prokabaddi.com/stats/49-101-high-5s-statistics,3,"Manjeet Chhillar",6,2,"All Rounder",/static-assets/images/teams/small/29.png?v=6.08
1565609455-8,https://www.prokabaddi.com/stats/49-101-high-5s-statistics,3,"Amit Hooda",5,2,"Defender, right corner",/static-assets/images/teams/small/3.png?v=6.08
1565609455-9,https://www.prokabaddi.com/stats/49-101-high-5s-statistics,9,"Mohit Chhillar",6,1,"Defender, right corner",/static-assets/images/teams/small/29.png?v=6.08
1565609466-60,https://www.prokabaddi.com/stats/49-100-super-10s-statistics,1,"Naveen Kumar",6,5,Raider,/static-assets/images/teams/small/2.png?v=6.08
1565609466-69,https://www.prokabaddi.com/stats/49-100-super-10s-statistics,8,"Arjun Deshwal",6,1,Raider,/static-assets/images/teams/small/5.png?v=6.08
1565609466-70,https://www.prokabaddi.com/stats/49-100-super-10s-statistics,8,"Siddharth Sirish Desai",7,1,Raider,/static-assets/images/teams/small/8.png?v=6.08
1565609466-71,https://www.prokabaddi.com/stats/49-100-super-10s-statistics,8,"Abhishek Singh",6,1,Raider,/static-assets/images/teams/small/5.png?v=6.08
1565609466-72,https://www.prokabaddi.com/stats/49-100-super-10s-statistics,8,Naveen,6,1,Raider,/static-assets/images/teams/small/28.png?v=6.08
1565609466-73,https://www.prokabaddi.com/stats/49-100-super-10s-statistics,8,"Chandran Ranjit",6,1,Raider,/static-assets/images/teams/small/2.png?v=6.08
1565609466-74,https://www.prokabaddi.com/stats/49-100-super-10s-statistics,8,"Pawan Kumar Kadian",5,1,Raider,/static-assets/images/teams/small/7.png?v=6.08
1565609466-75,https://www.prokabaddi.com/stats/49-100-super-10s-statistics,8,"Suraj Desai",5,1,Raider,/static-assets/images/teams/small/8.png?v=6.08
1565609466-76,https://www.prokabaddi.com/stats/49-100-super-10s-statistics,8,"Rohit Kumar",6,1,Raider,/static-assets/images/teams/small/1.png?v=6.08
1565609466-77,https://www.prokabaddi.com/stats/49-100-super-10s-statistics,8,"K. Prapanjan",5,1,Raider,/static-assets/images/teams/small/4.png?v=6.08
1565609470-78,https://www.prokabaddi.com/stats/49-139-avg-tackle-points-statistics,1,"Sandeep Kumar Dhull",5,4.6,"Defender, left corner",/static-assets/images/teams/small/3.png?v=6.08
1565609466-61,https://www.prokabaddi.com/stats/49-100-super-10s-statistics,2,"Deepak Niwas Hooda",5,3,"All Rounder",/static-assets/images/teams/small/3.png?v=6.08
1565609470-79,https://www.prokabaddi.com/stats/49-139-avg-tackle-points-statistics,2,"Manjeet Chhillar",6,4.33,"All Rounder",/static-assets/images/teams/small/29.png?v=6.08
1565609470-80,https://www.prokabaddi.com/stats/49-139-avg-tackle-points-statistics,3,"Baldev Singh",5,4.2,"Defender, right corner",/static-assets/images/teams/small/4.png?v=6.08
1565609470-81,https://www.prokabaddi.com/stats/49-139-avg-tackle-points-statistics,4,Jaideep,7,3.43,"Defender, left corner",/static-assets/images/teams/small/6.png?v=6.08
1565609470-82,https://www.prokabaddi.com/stats/49-139-avg-tackle-points-statistics,4,"Surinder Singh",7,3.43,Defender,/static-assets/images/teams/small/5.png?v=6.08
1565609470-83,https://www.prokabaddi.com/stats/49-139-avg-tackle-points-statistics,4,"Vishal Bhardwaj",7,3.43,Defender,/static-assets/images/teams/small/8.png?v=6.08
1565609470-84,https://www.prokabaddi.com/stats/49-139-avg-tackle-points-statistics,7,"Amit Hooda",5,3.2,"Defender, right corner",/static-assets/images/teams/small/3.png?v=6.08
1565609470-85,https://www.prokabaddi.com/stats/49-139-avg-tackle-points-statistics,8,"Mahender Singh",6,3.17,"Defender, left cover",/static-assets/images/teams/small/1.png?v=6.08
1565609470-86,https://www.prokabaddi.com/stats/49-139-avg-tackle-points-statistics,9,"Parvesh Bhainswal",7,3,"Defender, left cover",/static-assets/images/teams/small/31.png?v=6.08
1565609470-87,https://www.prokabaddi.com/stats/49-139-avg-tackle-points-statistics,9,Sunil,4,3,"Defender, right corner",/static-assets/images/teams/small/28.png?v=6.08
1565609470-88,https://www.prokabaddi.com/stats/49-139-avg-tackle-points-statistics,9,"Girish Maruti Ernak",6,3,"Defender, left corner",/static-assets/images/teams/small/7.png?v=6.08
1565609466-62,https://www.prokabaddi.com/stats/49-100-super-10s-statistics,2,"Pardeep Narwal",7,3,Raider,/static-assets/images/teams/small/6.png?v=6.08
1565609470-89,https://www.prokabaddi.com/stats/49-139-avg-tackle-points-statistics,12,"Mohit Chhillar",6,2.83,"Defender, right corner",/static-assets/images/teams/small/29.png?v=6.08
1565609470-90,https://www.prokabaddi.com/stats/49-139-avg-tackle-points-statistics,12,Sumit,6,2.83,"Defender, left corner",/static-assets/images/teams/small/30.png?v=6.08
1565609470-91,https://www.prokabaddi.com/stats/49-139-avg-tackle-points-statistics,14,"Neeraj Kumar",7,2.71,"Defender, right cover",/static-assets/images/teams/small/6.png?v=6.08
1565609470-92,https://www.prokabaddi.com/stats/49-139-avg-tackle-points-statistics,15,"Viraj Vishnu Landge",2,2.5,"Defender, left cover",/static-assets/images/teams/small/4.png?v=6.08
1565609470-93,https://www.prokabaddi.com/stats/49-139-avg-tackle-points-statistics,15,"Joginder Singh Narwal",6,2.5,"Defender, left corner",/static-assets/images/teams/small/2.png?v=6.08
1565609470-94,https://www.prokabaddi.com/stats/49-139-avg-tackle-points-statistics,17,"Fazel Atrachali",7,2.43,"Defender, left corner",/static-assets/images/teams/small/5.png?v=6.08
1565609470-95,https://www.prokabaddi.com/stats/49-139-avg-tackle-points-statistics,17,"Sunil Kumar",7,2.43,Defender,/static-assets/images/teams/small/31.png?v=6.08
1565609470-96,https://www.prokabaddi.com/stats/49-139-avg-tackle-points-statistics,19,"Rinku Narwal",5,2.4,Defender,/static-assets/images/teams/small/4.png?v=6.08
1565609470-97,https://www.prokabaddi.com/stats/49-139-avg-tackle-points-statistics,20,"Vikas Kale",6,2.33,"Defender, right cover",/static-assets/images/teams/small/28.png?v=6.08
1565609474-98,https://www.prokabaddi.com/stats/49-22-raid-points-statistics,1,"Pawan Kumar Sehrawat",6,75,Raider,/static-assets/images/teams/small/1.png?v=6.08
1565609466-63,https://www.prokabaddi.com/stats/49-100-super-10s-statistics,2,"Pawan Kumar Sehrawat",6,3,Raider,/static-assets/images/teams/small/1.png?v=6.08
1565609474-99,https://www.prokabaddi.com/stats/49-22-raid-points-statistics,2,"Naveen Kumar",6,64,Raider,/static-assets/images/teams/small/2.png?v=6.08
1565609474-100,https://www.prokabaddi.com/stats/49-22-raid-points-statistics,3,"Pardeep Narwal",7,59,Raider,/static-assets/images/teams/small/6.png?v=6.08
1565609474-101,https://www.prokabaddi.com/stats/49-22-raid-points-statistics,4,"Siddharth Sirish Desai",7,46,Raider,/static-assets/images/teams/small/8.png?v=6.08
1565609474-102,https://www.prokabaddi.com/stats/49-22-raid-points-statistics,5,"Maninder Singh",5,45,Raider,/static-assets/images/teams/small/4.png?v=6.08
1565609474-103,https://www.prokabaddi.com/stats/49-22-raid-points-statistics,6,"Rohit Gulia",7,42,"All Rounder",/static-assets/images/teams/small/31.png?v=6.08
1565609474-104,https://www.prokabaddi.com/stats/49-22-raid-points-statistics,6,"Rahul Chaudhari",6,42,Raider,/static-assets/images/teams/small/29.png?v=6.08
1565609474-105,https://www.prokabaddi.com/stats/49-22-raid-points-statistics,8,"Deepak Niwas Hooda",5,41,"All Rounder",/static-assets/images/teams/small/3.png?v=6.08
1565609474-106,https://www.prokabaddi.com/stats/49-22-raid-points-statistics,9,"Chandran Ranjit",6,37,Raider,/static-assets/images/teams/small/2.png?v=6.08
1565609474-107,https://www.prokabaddi.com/stats/49-22-raid-points-statistics,10,"Abhishek Singh",6,35,Raider,/static-assets/images/teams/small/5.png?v=6.08
1565609474-108,https://www.prokabaddi.com/stats/49-22-raid-points-statistics,11,"Sachin Tanwar",7,34,Raider,/static-assets/images/teams/small/31.png?v=6.08
1565609466-64,https://www.prokabaddi.com/stats/49-100-super-10s-statistics,5,"Rahul Chaudhari",6,2,Raider,/static-assets/images/teams/small/29.png?v=6.08
1565609474-109,https://www.prokabaddi.com/stats/49-22-raid-points-statistics,12,Naveen,6,33,Raider,/static-assets/images/teams/small/28.png?v=6.08
1565609474-110,https://www.prokabaddi.com/stats/49-22-raid-points-statistics,13,"K. Prapanjan",5,30,Raider,/static-assets/images/teams/small/4.png?v=6.08
1565609474-111,https://www.prokabaddi.com/stats/49-22-raid-points-statistics,14,"Ajay Thakur",6,29,Raider,/static-assets/images/teams/small/29.png?v=6.08
1565609474-112,https://www.prokabaddi.com/stats/49-22-raid-points-statistics,15,"Vikash Kandola",3,28,Raider,/static-assets/images/teams/small/28.png?v=6.08
1565609474-113,https://www.prokabaddi.com/stats/49-22-raid-points-statistics,16,"Mohammad Esmaeil Nabibakhsh",5,27,"All Rounder",/static-assets/images/teams/small/4.png?v=6.08
1565609474-114,https://www.prokabaddi.com/stats/49-22-raid-points-statistics,16,"Rohit Kumar",6,27,Raider,/static-assets/images/teams/small/1.png?v=6.08
1565609474-115,https://www.prokabaddi.com/stats/49-22-raid-points-statistics,18,Vinay,6,25,Raider,/static-assets/images/teams/small/28.png?v=6.08
1565609474-116,https://www.prokabaddi.com/stats/49-22-raid-points-statistics,19,"Suraj Desai",5,24,Raider,/static-assets/images/teams/small/8.png?v=6.08
1565609474-117,https://www.prokabaddi.com/stats/49-22-raid-points-statistics,19,"Deepak Narwal",5,24,Raider,/static-assets/images/teams/small/3.png?v=6.08
1565609466-65,https://www.prokabaddi.com/stats/49-100-super-10s-statistics,5,"Maninder Singh",5,2,Raider,/static-assets/images/teams/small/4.png?v=6.08
1565609466-66,https://www.prokabaddi.com/stats/49-100-super-10s-statistics,5,"Vikash Kandola",3,2,Raider,/static-assets/images/teams/small/28.png?v=6.08
1565609466-67,https://www.prokabaddi.com/stats/49-100-super-10s-statistics,8,"Mohammad Esmaeil Nabibakhsh",5,1,"All Rounder",/static-assets/images/teams/small/4.png?v=6.08
1565609466-68,https://www.prokabaddi.com/stats/49-100-super-10s-statistics,8,"Rohit Gulia",7,1,"All Rounder",/static-assets/images/teams/small/31.png?v=6.08
1565609479-118,https://www.prokabaddi.com/stats/49-132-do-or-die-raid-points-statistics,1,"Abhishek Singh",6,14,Raider,/static-assets/images/teams/small/5.png?v=6.08
1565609479-127,https://www.prokabaddi.com/stats/49-132-do-or-die-raid-points-statistics,9,"Rohit Gulia",7,7,"All Rounder",/static-assets/images/teams/small/31.png?v=6.08
1565609479-128,https://www.prokabaddi.com/stats/49-132-do-or-die-raid-points-statistics,9,Naveen,6,7,Raider,/static-assets/images/teams/small/28.png?v=6.08
1565609479-129,https://www.prokabaddi.com/stats/49-132-do-or-die-raid-points-statistics,12,"Amit Kumar",6,6,Raider,/static-assets/images/teams/small/7.png?v=6.08
1565609479-130,https://www.prokabaddi.com/stats/49-132-do-or-die-raid-points-statistics,12,"Jang Kun Lee",7,6,Raider,/static-assets/images/teams/small/6.png?v=6.08
1565609479-131,https://www.prokabaddi.com/stats/49-132-do-or-die-raid-points-statistics,14,"Ajay Thakur",6,5,Raider,/static-assets/images/teams/small/29.png?v=6.08
1565609479-132,https://www.prokabaddi.com/stats/49-132-do-or-die-raid-points-statistics,14,"Pawan Kumar Kadian",5,5,Raider,/static-assets/images/teams/small/7.png?v=6.08
1565609479-133,https://www.prokabaddi.com/stats/49-132-do-or-die-raid-points-statistics,14,"Rohit Baliyan",7,5,Raider,/static-assets/images/teams/small/5.png?v=6.08
1565609479-134,https://www.prokabaddi.com/stats/49-132-do-or-die-raid-points-statistics,14,"Deepak Niwas Hooda",5,5,"All Rounder",/static-assets/images/teams/small/3.png?v=6.08
1565609479-135,https://www.prokabaddi.com/stats/49-132-do-or-die-raid-points-statistics,14,Vinay,6,5,Raider,/static-assets/images/teams/small/28.png?v=6.08
1565609479-136,https://www.prokabaddi.com/stats/49-132-do-or-die-raid-points-statistics,19,Rajnish,3,4,Raider,/static-assets/images/teams/small/8.png?v=6.08
1565609479-119,https://www.prokabaddi.com/stats/49-132-do-or-die-raid-points-statistics,2,"Pardeep Narwal",7,13,Raider,/static-assets/images/teams/small/6.png?v=6.08
1565609479-137,https://www.prokabaddi.com/stats/49-132-do-or-die-raid-points-statistics,19,"Dong Geon Lee",4,4,Raider,/static-assets/images/teams/small/5.png?v=6.08
1565609482-138,https://www.prokabaddi.com/stats/49-104-super-raids-statistics,1,"Pawan Kumar Sehrawat",6,3,Raider,/static-assets/images/teams/small/1.png?v=6.08
1565609482-139,https://www.prokabaddi.com/stats/49-104-super-raids-statistics,2,"Mohammad Esmaeil Nabibakhsh",5,2,"All Rounder",/static-assets/images/teams/small/4.png?v=6.08
1565609482-140,https://www.prokabaddi.com/stats/49-104-super-raids-statistics,2,"Sonu Jaglan",6,2,Raider,/static-assets/images/teams/small/31.png?v=6.08
1565609482-141,https://www.prokabaddi.com/stats/49-104-super-raids-statistics,2,"Ajay Thakur",6,2,Raider,/static-assets/images/teams/small/29.png?v=6.08
1565609482-142,https://www.prokabaddi.com/stats/49-104-super-raids-statistics,2,"Maninder Singh",5,2,Raider,/static-assets/images/teams/small/4.png?v=6.08
1565609482-143,https://www.prokabaddi.com/stats/49-104-super-raids-statistics,2,"Pardeep Narwal",7,2,Raider,/static-assets/images/teams/small/6.png?v=6.08
1565609482-144,https://www.prokabaddi.com/stats/49-104-super-raids-statistics,7,"K. Prapanjan",5,1,Raider,/static-assets/images/teams/small/4.png?v=6.08
1565609482-145,https://www.prokabaddi.com/stats/49-104-super-raids-statistics,7,"Rohit Baliyan",7,1,Raider,/static-assets/images/teams/small/5.png?v=6.08
1565609482-146,https://www.prokabaddi.com/stats/49-104-super-raids-statistics,7,"Selvamani K",4,1,Raider,/static-assets/images/teams/small/28.png?v=6.08
1565609479-120,https://www.prokabaddi.com/stats/49-132-do-or-die-raid-points-statistics,3,"Rahul Chaudhari",6,12,Raider,/static-assets/images/teams/small/29.png?v=6.08
1565609482-147,https://www.prokabaddi.com/stats/49-104-super-raids-statistics,7,"Chandran Ranjit",6,1,Raider,/static-assets/images/teams/small/2.png?v=6.08
1565609482-148,https://www.prokabaddi.com/stats/49-104-super-raids-statistics,7,"Deepak Niwas Hooda",5,1,"All Rounder",/static-assets/images/teams/small/3.png?v=6.08
1565609482-149,https://www.prokabaddi.com/stats/49-104-super-raids-statistics,7,"Suraj Desai",5,1,Raider,/static-assets/images/teams/small/8.png?v=6.08
1565609482-150,https://www.prokabaddi.com/stats/49-104-super-raids-statistics,7,Vinay,6,1,Raider,/static-assets/images/teams/small/28.png?v=6.08
1565609482-151,https://www.prokabaddi.com/stats/49-104-super-raids-statistics,7,"Pankaj Mohite",4,1,Raider,/static-assets/images/teams/small/7.png?v=6.08
1565609482-152,https://www.prokabaddi.com/stats/49-104-super-raids-statistics,7,"Surinder Singh",7,1,Defender,/static-assets/images/teams/small/5.png?v=6.08
1565609482-153,https://www.prokabaddi.com/stats/49-104-super-raids-statistics,7,"Naveen Kumar",6,1,Raider,/static-assets/images/teams/small/2.png?v=6.08
1565609482-154,https://www.prokabaddi.com/stats/49-104-super-raids-statistics,7,Armaan,3,1,"All Rounder",/static-assets/images/teams/small/8.png?v=6.08
1565609486-155,https://www.prokabaddi.com/stats/49-103-tackle-points-statistics,1,"Manjeet Chhillar",6,26,"All Rounder",/static-assets/images/teams/small/29.png?v=6.08
1565609486-156,https://www.prokabaddi.com/stats/49-103-tackle-points-statistics,2,"Vishal Bhardwaj",7,24,Defender,/static-assets/images/teams/small/8.png?v=6.08
1565609479-121,https://www.prokabaddi.com/stats/49-132-do-or-die-raid-points-statistics,4,"Sachin Tanwar",7,10,Raider,/static-assets/images/teams/small/31.png?v=6.08
1565609486-157,https://www.prokabaddi.com/stats/49-103-tackle-points-statistics,2,Jaideep,7,24,"Defender, left corner",/static-assets/images/teams/small/6.png?v=6.08
1565609486-158,https://www.prokabaddi.com/stats/49-103-tackle-points-statistics,2,"Surinder Singh",7,24,Defender,/static-assets/images/teams/small/5.png?v=6.08
1565609486-159,https://www.prokabaddi.com/stats/49-103-tackle-points-statistics,5,"Sandeep Kumar Dhull",5,23,"Defender, left corner",/static-assets/images/teams/small/3.png?v=6.08
1565609486-160,https://www.prokabaddi.com/stats/49-103-tackle-points-statistics,6,"Parvesh Bhainswal",7,21,"Defender, left cover",/static-assets/images/teams/small/31.png?v=6.08
1565609486-161,https://www.prokabaddi.com/stats/49-103-tackle-points-statistics,6,"Baldev Singh",5,21,"Defender, right corner",/static-assets/images/teams/small/4.png?v=6.08
1565609486-162,https://www.prokabaddi.com/stats/49-103-tackle-points-statistics,8,"Neeraj Kumar",7,19,"Defender, right cover",/static-assets/images/teams/small/6.png?v=6.08
1565609486-163,https://www.prokabaddi.com/stats/49-103-tackle-points-statistics,8,"Mahender Singh",6,19,"Defender, left cover",/static-assets/images/teams/small/1.png?v=6.08
1565609486-164,https://www.prokabaddi.com/stats/49-103-tackle-points-statistics,10,"Girish Maruti Ernak",6,18,"Defender, left corner",/static-assets/images/teams/small/7.png?v=6.08
1565609486-165,https://www.prokabaddi.com/stats/49-103-tackle-points-statistics,11,"Mohit Chhillar",6,17,"Defender, right corner",/static-assets/images/teams/small/29.png?v=6.08
1565609486-166,https://www.prokabaddi.com/stats/49-103-tackle-points-statistics,11,"Fazel Atrachali",7,17,"Defender, left corner",/static-assets/images/teams/small/5.png?v=6.08
1565609479-122,https://www.prokabaddi.com/stats/49-132-do-or-die-raid-points-statistics,5,"Vikash Kandola",3,9,Raider,/static-assets/images/teams/small/28.png?v=6.08
1565609486-167,https://www.prokabaddi.com/stats/49-103-tackle-points-statistics,11,"Sunil Kumar",7,17,Defender,/static-assets/images/teams/small/31.png?v=6.08
1565609486-168,https://www.prokabaddi.com/stats/49-103-tackle-points-statistics,11,Sumit,6,17,"Defender, left corner",/static-assets/images/teams/small/30.png?v=6.08
1565609486-169,https://www.prokabaddi.com/stats/49-103-tackle-points-statistics,15,"Amit Hooda",5,16,"Defender, right corner",/static-assets/images/teams/small/3.png?v=6.08
1565609486-170,https://www.prokabaddi.com/stats/49-103-tackle-points-statistics,16,"Joginder Singh Narwal",6,15,"Defender, left corner",/static-assets/images/teams/small/2.png?v=6.08
1565609486-171,https://www.prokabaddi.com/stats/49-103-tackle-points-statistics,17,"Vikas Kale",6,14,"Defender, right cover",/static-assets/images/teams/small/28.png?v=6.08
1565609486-172,https://www.prokabaddi.com/stats/49-103-tackle-points-statistics,17,"Dharmaraj Cheralathan",6,14,"Defender, right and left corner",/static-assets/images/teams/small/28.png?v=6.08
1565609486-173,https://www.prokabaddi.com/stats/49-103-tackle-points-statistics,19,"Sandeep Narwal",7,13,"All Rounder",/static-assets/images/teams/small/5.png?v=6.08
1565609486-174,https://www.prokabaddi.com/stats/49-103-tackle-points-statistics,19,"Amit Sheoran",6,13,Defender,/static-assets/images/teams/small/1.png?v=6.08
1565609479-123,https://www.prokabaddi.com/stats/49-132-do-or-die-raid-points-statistics,5,"Pankaj Mohite",4,9,Raider,/static-assets/images/teams/small/7.png?v=6.08
1565609479-124,https://www.prokabaddi.com/stats/49-132-do-or-die-raid-points-statistics,7,"Naveen Kumar",6,8,Raider,/static-assets/images/teams/small/2.png?v=6.08
1565609479-125,https://www.prokabaddi.com/stats/49-132-do-or-die-raid-points-statistics,7,"Deepak Narwal",5,8,Raider,/static-assets/images/teams/small/3.png?v=6.08
1565609479-126,https://www.prokabaddi.com/stats/49-132-do-or-die-raid-points-statistics,9,"Maninder Singh",5,7,Raider,/static-assets/images/teams/small/4.png?v=6.08
1565609490-175,https://www.prokabaddi.com/stats/49-23-successful-tackles-statistics,1,"Manjeet Chhillar",6,24,"All Rounder",/static-assets/images/teams/small/29.png?v=6.08
1565609490-184,https://www.prokabaddi.com/stats/49-23-successful-tackles-statistics,10,"Sunil Kumar",7,16,Defender,/static-assets/images/teams/small/31.png?v=6.08
1565609490-185,https://www.prokabaddi.com/stats/49-23-successful-tackles-statistics,10,"Fazel Atrachali",7,16,"Defender, left corner",/static-assets/images/teams/small/5.png?v=6.08
1565609490-186,https://www.prokabaddi.com/stats/49-23-successful-tackles-statistics,10,"Mohit Chhillar",6,16,"Defender, right corner",/static-assets/images/teams/small/29.png?v=6.08
1565609490-187,https://www.prokabaddi.com/stats/49-23-successful-tackles-statistics,13,"Girish Maruti Ernak",6,15,"Defender, left corner",/static-assets/images/teams/small/7.png?v=6.08
1565609490-188,https://www.prokabaddi.com/stats/49-23-successful-tackles-statistics,13,"Amit Hooda",5,15,"Defender, right corner",/static-assets/images/teams/small/3.png?v=6.08
1565609490-189,https://www.prokabaddi.com/stats/49-23-successful-tackles-statistics,15,"Vikas Kale",6,14,"Defender, right cover",/static-assets/images/teams/small/28.png?v=6.08
1565609490-190,https://www.prokabaddi.com/stats/49-23-successful-tackles-statistics,15,"Mahender Singh",6,14,"Defender, left cover",/static-assets/images/teams/small/1.png?v=6.08
1565609490-191,https://www.prokabaddi.com/stats/49-23-successful-tackles-statistics,17,"More GB",7,12,Raider,/static-assets/images/teams/small/31.png?v=6.08
1565609490-192,https://www.prokabaddi.com/stats/49-23-successful-tackles-statistics,17,"Rinku Narwal",5,12,Defender,/static-assets/images/teams/small/4.png?v=6.08
1565609490-193,https://www.prokabaddi.com/stats/49-23-successful-tackles-statistics,17,Manjeet,6,12,Raider,/static-assets/images/teams/small/7.png?v=6.08
1565609490-176,https://www.prokabaddi.com/stats/49-23-successful-tackles-statistics,2,"Surinder Singh",7,23,Defender,/static-assets/images/teams/small/5.png?v=6.08
1565609490-194,https://www.prokabaddi.com/stats/49-23-successful-tackles-statistics,17,"Abozar Mohajermighani",7,12,Defender,/static-assets/images/teams/small/8.png?v=6.08
1565609494-195,https://www.prokabaddi.com/stats/49-28-super-tackles-statistics,1,"Mahender Singh",6,5,"Defender, left cover",/static-assets/images/teams/small/1.png?v=6.08
1565609494-196,https://www.prokabaddi.com/stats/49-28-super-tackles-statistics,2,Monu,7,4,Raider,/static-assets/images/teams/small/6.png?v=6.08
1565609494-197,https://www.prokabaddi.com/stats/49-28-super-tackles-statistics,3,"Baldev Singh",5,3,"Defender, right corner",/static-assets/images/teams/small/4.png?v=6.08
1565609494-198,https://www.prokabaddi.com/stats/49-28-super-tackles-statistics,3,"Girish Maruti Ernak",6,3,"Defender, left corner",/static-assets/images/teams/small/7.png?v=6.08
1565609494-199,https://www.prokabaddi.com/stats/49-28-super-tackles-statistics,3,"Joginder Singh Narwal",6,3,"Defender, left corner",/static-assets/images/teams/small/2.png?v=6.08
1565609494-200,https://www.prokabaddi.com/stats/49-28-super-tackles-statistics,3,"Vishal Bhardwaj",7,3,Defender,/static-assets/images/teams/small/8.png?v=6.08
1565609494-201,https://www.prokabaddi.com/stats/49-28-super-tackles-statistics,7,"Hadi Oshtorak",7,2,"All Rounder",/static-assets/images/teams/small/6.png?v=6.08
1565609494-202,https://www.prokabaddi.com/stats/49-28-super-tackles-statistics,7,"Ashish Kumar",5,2,"All Rounder",/static-assets/images/teams/small/1.png?v=6.08
1565609494-203,https://www.prokabaddi.com/stats/49-28-super-tackles-statistics,7,"Dharmaraj Cheralathan",6,2,"Defender, right and left corner",/static-assets/images/teams/small/28.png?v=6.08
1565609490-177,https://www.prokabaddi.com/stats/49-23-successful-tackles-statistics,3,Jaideep,7,22,"Defender, left corner",/static-assets/images/teams/small/6.png?v=6.08
1565609494-204,https://www.prokabaddi.com/stats/49-28-super-tackles-statistics,7,"Manjeet Chhillar",6,2,"All Rounder",/static-assets/images/teams/small/29.png?v=6.08
1565609494-205,https://www.prokabaddi.com/stats/49-28-super-tackles-statistics,7,"Sandeep Narwal",7,2,"All Rounder",/static-assets/images/teams/small/5.png?v=6.08
1565609494-206,https://www.prokabaddi.com/stats/49-28-super-tackles-statistics,7,"Nitesh Kumar",6,2,Defender,/static-assets/images/teams/small/30.png?v=6.08
1565609494-207,https://www.prokabaddi.com/stats/49-28-super-tackles-statistics,7,"PO Surjeet Singh",6,2,"Defender, right cover",/static-assets/images/teams/small/7.png?v=6.08
1565609494-208,https://www.prokabaddi.com/stats/49-28-super-tackles-statistics,7,"Young Chang Ko",6,2,"Defender, left cover",/static-assets/images/teams/small/5.png?v=6.08
1565609494-209,https://www.prokabaddi.com/stats/49-28-super-tackles-statistics,7,"Amit Sheoran",6,2,Defender,/static-assets/images/teams/small/1.png?v=6.08
1565609494-210,https://www.prokabaddi.com/stats/49-28-super-tackles-statistics,7,"Jadhav Balasaheb Shahaji",4,2,"Defender, right cover",/static-assets/images/teams/small/7.png?v=6.08
1565609494-211,https://www.prokabaddi.com/stats/49-28-super-tackles-statistics,7,Ankit,7,2,"Defender, right corner",/static-assets/images/teams/small/31.png?v=6.08
1565609494-212,https://www.prokabaddi.com/stats/49-28-super-tackles-statistics,7,Jaideep,7,2,"Defender, left corner",/static-assets/images/teams/small/6.png?v=6.08
1565609494-213,https://www.prokabaddi.com/stats/49-28-super-tackles-statistics,19,"Saurabh Nandal",5,1,"Defender, left corner",/static-assets/images/teams/small/1.png?v=6.08
1565609490-178,https://www.prokabaddi.com/stats/49-23-successful-tackles-statistics,3,"Sandeep Kumar Dhull",5,22,"Defender, left corner",/static-assets/images/teams/small/3.png?v=6.08
1565609494-214,https://www.prokabaddi.com/stats/49-28-super-tackles-statistics,19,"Mohit Sehrawat",4,1,"Defender, right cover",/static-assets/images/teams/small/1.png?v=6.08
1565609497-215,https://www.prokabaddi.com/stats/49-102-total-points-statistics,1,"Pawan Kumar Sehrawat",6,81,Raider,/static-assets/images/teams/small/1.png?v=6.08
1565609497-216,https://www.prokabaddi.com/stats/49-102-total-points-statistics,2,"Naveen Kumar",6,65,Raider,/static-assets/images/teams/small/2.png?v=6.08
1565609497-217,https://www.prokabaddi.com/stats/49-102-total-points-statistics,3,"Pardeep Narwal",7,59,Raider,/static-assets/images/teams/small/6.png?v=6.08
1565609497-218,https://www.prokabaddi.com/stats/49-102-total-points-statistics,4,"Siddharth Sirish Desai",7,48,Raider,/static-assets/images/teams/small/8.png?v=6.08
1565609497-219,https://www.prokabaddi.com/stats/49-102-total-points-statistics,5,"Rahul Chaudhari",6,47,Raider,/static-assets/images/teams/small/29.png?v=6.08
1565609497-220,https://www.prokabaddi.com/stats/49-102-total-points-statistics,6,"Maninder Singh",5,45,Raider,/static-assets/images/teams/small/4.png?v=6.08
1565609497-221,https://www.prokabaddi.com/stats/49-102-total-points-statistics,7,"Rohit Gulia",7,44,"All Rounder",/static-assets/images/teams/small/31.png?v=6.08
1565609497-222,https://www.prokabaddi.com/stats/49-102-total-points-statistics,8,"Deepak Niwas Hooda",5,43,"All Rounder",/static-assets/images/teams/small/3.png?v=6.08
1565609497-223,https://www.prokabaddi.com/stats/49-102-total-points-statistics,9,"Chandran Ranjit",6,41,Raider,/static-assets/images/teams/small/2.png?v=6.08
1565609490-179,https://www.prokabaddi.com/stats/49-23-successful-tackles-statistics,5,"Vishal Bhardwaj",7,21,Defender,/static-assets/images/teams/small/8.png?v=6.08
1565609497-224,https://www.prokabaddi.com/stats/49-102-total-points-statistics,10,"Abhishek Singh",6,36,Raider,/static-assets/images/teams/small/5.png?v=6.08
1565609497-225,https://www.prokabaddi.com/stats/49-102-total-points-statistics,11,"Sachin Tanwar",7,35,Raider,/static-assets/images/teams/small/31.png?v=6.08
1565609497-226,https://www.prokabaddi.com/stats/49-102-total-points-statistics,11,Naveen,6,35,Raider,/static-assets/images/teams/small/28.png?v=6.08
1565609497-227,https://www.prokabaddi.com/stats/49-102-total-points-statistics,13,"More GB",7,31,Raider,/static-assets/images/teams/small/31.png?v=6.08
1565609497-228,https://www.prokabaddi.com/stats/49-102-total-points-statistics,13,"Mohammad Esmaeil Nabibakhsh",5,31,"All Rounder",/static-assets/images/teams/small/4.png?v=6.08
1565609497-229,https://www.prokabaddi.com/stats/49-102-total-points-statistics,15,"Rohit Kumar",6,30,Raider,/static-assets/images/teams/small/1.png?v=6.08
1565609497-230,https://www.prokabaddi.com/stats/49-102-total-points-statistics,15,"Vikash Kandola",3,30,Raider,/static-assets/images/teams/small/28.png?v=6.08
1565609497-231,https://www.prokabaddi.com/stats/49-102-total-points-statistics,15,"K. Prapanjan",5,30,Raider,/static-assets/images/teams/small/4.png?v=6.08
1565609497-232,https://www.prokabaddi.com/stats/49-102-total-points-statistics,18,"Ajay Thakur",6,29,Raider,/static-assets/images/teams/small/29.png?v=6.08
1565609497-233,https://www.prokabaddi.com/stats/49-102-total-points-statistics,19,"Surinder Singh",7,28,Defender,/static-assets/images/teams/small/5.png?v=6.08
1565609490-180,https://www.prokabaddi.com/stats/49-23-successful-tackles-statistics,6,"Parvesh Bhainswal",7,20,"Defender, left cover",/static-assets/images/teams/small/31.png?v=6.08
1565609497-234,https://www.prokabaddi.com/stats/49-102-total-points-statistics,19,Manjeet,6,28,Raider,/static-assets/images/teams/small/7.png?v=6.08
1565609490-181,https://www.prokabaddi.com/stats/49-23-successful-tackles-statistics,7,"Baldev Singh",5,18,"Defender, right corner",/static-assets/images/teams/small/4.png?v=6.08
1565609490-182,https://www.prokabaddi.com/stats/49-23-successful-tackles-statistics,7,"Neeraj Kumar",7,18,"Defender, right cover",/static-assets/images/teams/small/6.png?v=6.08
1565609490-183,https://www.prokabaddi.com/stats/49-23-successful-tackles-statistics,9,Sumit,6,17,"Defender, left corner",/static-assets/images/teams/small/30.png?v=6.08
