﻿web-scraper-order,web-scraper-start-url,name,team,type,points,credits,announced
1565444765-1,https://www.dream11.com/kabaddi/create-team/1092/15098,Sunil-Kumar,GUJ,DEF,91,15,Announced
1565444765-10,https://www.dream11.com/kabaddi/create-team/1092/15098,"S Gahlawat",GUJ,DEF,0,11.5,
1565444765-11,https://www.dream11.com/kabaddi/create-team/1092/15098,Sagar,TAM,DEF,4,11,
1565444765-12,https://www.dream11.com/kabaddi/create-team/1092/15098,Ankit-I,GUJ,DEF,71,11,Announced
1565444765-13,https://www.dream11.com/kabaddi/create-team/1092/15098,Amit-Kharb,GUJ,DEF,2,11,
1565444765-14,https://www.dream11.com/kabaddi/create-team/1092/15098,"M Sheibak",TAM,DEF,2,10.5,
1565444765-15,https://www.dream11.com/kabaddi/create-team/1092/15098,Manjeet-Chhillar,TAM,ALL,137,15.5,Announced
1565444765-16,https://www.dream11.com/kabaddi/create-team/1092/15098,"R Singh",TAM,ALL,84,13.5,Announced
1565444765-17,https://www.dream11.com/kabaddi/create-team/1092/15098,"R Gulia",GUJ,ALL,135,13.5,Announced
1565444765-18,https://www.dream11.com/kabaddi/create-team/1092/15098,"V O Obiero",TAM,ALL,0,13,
1565444765-19,https://www.dream11.com/kabaddi/create-team/1092/15098,Pankaj,GUJ,ALL,0,13,
1565444765-2,https://www.dream11.com/kabaddi/create-team/1092/15098,"P Bhainswal",GUJ,DEF,100,15,Announced
1565444765-20,https://www.dream11.com/kabaddi/create-team/1092/15098,"V Kumar",GUJ,ALL,4,13,
1565444765-21,https://www.dream11.com/kabaddi/create-team/1092/15098,"H Chauhan",TAM,ALL,0,12.5,
1565444765-22,https://www.dream11.com/kabaddi/create-team/1092/15098,"M S Hossain",GUJ,ALL,0,10.5,
1565444765-23,https://www.dream11.com/kabaddi/create-team/1092/15098,"A Thakur",TAM,RAI,86,16.5,Announced
1565444765-24,https://www.dream11.com/kabaddi/create-team/1092/15098,"R Chaudhari",TAM,RAI,176,16,Announced
1565444765-25,https://www.dream11.com/kabaddi/create-team/1092/15098,"S Tanwar",GUJ,RAI,126,16,Announced
1565444765-26,https://www.dream11.com/kabaddi/create-team/1092/15098,"G More",GUJ,RAI,147,14.5,
1565444765-27,https://www.dream11.com/kabaddi/create-team/1092/15098,"A Maghsodlou",GUJ,RAI,7,14,
1565444765-28,https://www.dream11.com/kabaddi/create-team/1092/15098,"S Jaglan",GUJ,RAI,62,13.5,
1565444765-29,https://www.dream11.com/kabaddi/create-team/1092/15098,"V Sharma",TAM,RAI,2,13,
1565444765-3,https://www.dream11.com/kabaddi/create-team/1092/15098,Mohit-Chillar,TAM,DEF,90,14,Announced
1565444765-30,https://www.dream11.com/kabaddi/create-team/1092/15098,"S Bappu",TAM,RAI,62,13,Announced
1565444765-31,https://www.dream11.com/kabaddi/create-team/1092/15098,"G Singh-Sr",GUJ,RAI,0,13,
1565444765-32,https://www.dream11.com/kabaddi/create-team/1092/15098,"V A Kumar",TAM,RAI,19,12,
1565444765-33,https://www.dream11.com/kabaddi/create-team/1092/15098,Anand,TAM,RAI,0,11.5,
1565444765-34,https://www.dream11.com/kabaddi/create-team/1092/15098,"Y Bishnoi",TAM,RAI,0,11.5,
1565444765-35,https://www.dream11.com/kabaddi/create-team/1092/15098,Lalit-Chaudhary,GUJ,RAI,0,11,
1565444765-36,https://www.dream11.com/kabaddi/create-team/1092/15098,"H Singh",GUJ,RAI,17,10,Announced
1565444765-4,https://www.dream11.com/kabaddi/create-team/1092/15098,"R Koravi",GUJ,DEF,21,13.5,
1565444765-5,https://www.dream11.com/kabaddi/create-team/1092/15098,"S Malik",GUJ,DEF,76,13,Announced
1565444765-6,https://www.dream11.com/kabaddi/create-team/1092/15098,Ajeet,TAM,DEF,69,12.5,Announced
1565444765-7,https://www.dream11.com/kabaddi/create-team/1092/15098,"P Subramanian",TAM,DEF,2,12.5,
1565444765-8,https://www.dream11.com/kabaddi/create-team/1092/15098,"M Abishek",TAM,DEF,0,12,
1565444765-9,https://www.dream11.com/kabaddi/create-team/1092/15098,Himanshu,TAM,DEF,0,11.5,
