﻿web-scraper-order,web-scraper-start-url,name,team,type,points,credits,announced
1565531161-1,https://www.dream11.com/kabaddi/create-team/1092/15100,"D Cheralathan",HAR,DEF,75,15,Announced
1565531161-10,https://www.dream11.com/kabaddi/create-team/1092/15100,Aman,BLR,DEF,0,11.5,
1565531161-11,https://www.dream11.com/kabaddi/create-team/1092/15100,Ankit,BLR,DEF,0,11.5,
1565531161-12,https://www.dream11.com/kabaddi/create-team/1092/15100,"S Nandal",BLR,DEF,58,11,Announced
1565531161-13,https://www.dream11.com/kabaddi/create-team/1092/15100,Vijay-Kumar,BLR,DEF,33,11,
1565531161-14,https://www.dream11.com/kabaddi/create-team/1092/15100,"S Narwal",HAR,DEF,0,11,
1565531161-15,https://www.dream11.com/kabaddi/create-team/1092/15100,"V Kandola",HAR,DEF,4,11,
1565531161-16,https://www.dream11.com/kabaddi/create-team/1092/15100,Ajay,BLR,DEF,4,10.5,
1565531161-17,https://www.dream11.com/kabaddi/create-team/1092/15100,"C Singh",HAR,DEF,0,9.5,
1565531161-18,https://www.dream11.com/kabaddi/create-team/1092/15100,Naveen-I,HAR,ALL,128,15.5,Announced
1565531161-19,https://www.dream11.com/kabaddi/create-team/1092/15100,Ashish-Kumar,BLR,ALL,33,14.5,Announced
1565531161-2,https://www.dream11.com/kabaddi/create-team/1092/15100,Mahender-Singh,BLR,DEF,114,14.5,Announced
1565531161-20,https://www.dream11.com/kabaddi/create-team/1092/15100,"K Singh",HAR,ALL,34,14.5,
1565531161-21,https://www.dream11.com/kabaddi/create-team/1092/15100,"P Tin",HAR,ALL,0,12,
1565531161-22,https://www.dream11.com/kabaddi/create-team/1092/15100,"S Shrestha",BLR,ALL,0,11.5,
1565531161-23,https://www.dream11.com/kabaddi/create-team/1092/15100,"M Sehrawat",BLR,ALL,37,10.5,Announced
1565531161-24,https://www.dream11.com/kabaddi/create-team/1092/15100,"P Kumar-Sherawat",BLR,RAI,275,17,Announced
1565531161-25,https://www.dream11.com/kabaddi/create-team/1092/15100,Rohit-Kumar,BLR,RAI,67,16,Announced
1565531161-26,https://www.dream11.com/kabaddi/create-team/1092/15100,"V Khandola",HAR,RAI,70,15.5,Announced
1565531161-27,https://www.dream11.com/kabaddi/create-team/1092/15100,"P Kumar-Rai",HAR,RAI,0,14,
1565531161-28,https://www.dream11.com/kabaddi/create-team/1092/15100,"K Selvamani",HAR,RAI,38,14,
1565531161-29,https://www.dream11.com/kabaddi/create-team/1092/15100,Sumit-Singh,BLR,RAI,27,13.5,
1565531161-3,https://www.dream11.com/kabaddi/create-team/1092/15100,Parveen,HAR,DEF,32,14,
1565531161-30,https://www.dream11.com/kabaddi/create-team/1092/15100,"V Kumar-II",BLR,RAI,6,13,
1565531161-31,https://www.dream11.com/kabaddi/create-team/1092/15100,Vinay,HAR,RAI,87,13,Announced
1565531161-32,https://www.dream11.com/kabaddi/create-team/1092/15100,Arun-Kumar,HAR,RAI,5,12.5,
1565531161-33,https://www.dream11.com/kabaddi/create-team/1092/15100,Banty,BLR,RAI,10,11.5,
1565531161-34,https://www.dream11.com/kabaddi/create-team/1092/15100,"L Mohar-Yadav",BLR,RAI,0,11.5,
1565531161-35,https://www.dream11.com/kabaddi/create-team/1092/15100,"V Chhillar",HAR,RAI,0,11.5,
1565531161-36,https://www.dream11.com/kabaddi/create-team/1092/15100,"A M Maleki",HAR,RAI,0,10,
1565531161-4,https://www.dream11.com/kabaddi/create-team/1092/15100,"A Sheoran",BLR,DEF,75,13.5,Announced
1565531161-5,https://www.dream11.com/kabaddi/create-team/1092/15100,"V Kale",HAR,DEF,60,13.5,Announced
1565531161-6,https://www.dream11.com/kabaddi/create-team/1092/15100,Ravi-Kumar,HAR,DEF,31,13.5,Announced
1565531161-7,https://www.dream11.com/kabaddi/create-team/1092/15100,"R Lal-Choudhary",BLR,DEF,0,13,
1565531161-8,https://www.dream11.com/kabaddi/create-team/1092/15100,Sunil,HAR,DEF,71,13,Announced
1565531161-9,https://www.dream11.com/kabaddi/create-team/1092/15100,Sandeep,BLR,DEF,0,12.5,
