﻿web-scraper-order,web-scraper-start-url,name,team,type,points,credits,announced
1565621142-1,https://www.dream11.com/kabaddi/create-team/1092/15103,Mahender-Singh,BLR,DEF,119,14.5,Announced
1565621142-10,https://www.dream11.com/kabaddi/create-team/1092/15103,Aman,BLR,DEF,0,11.5,Announced
1565621142-11,https://www.dream11.com/kabaddi/create-team/1092/15103,Ankit,BLR,DEF,0,11.5,
1565621142-12,https://www.dream11.com/kabaddi/create-team/1092/15103,"S Nandal",BLR,DEF,68,11,Announced
1565621142-13,https://www.dream11.com/kabaddi/create-team/1092/15103,Vijay-Kumar,BLR,DEF,33,11,
1565621142-14,https://www.dream11.com/kabaddi/create-team/1092/15103,Ajay,BLR,DEF,4,10.5,
1565621142-15,https://www.dream11.com/kabaddi/create-team/1092/15103,Ashish-Kumar,BLR,ALL,36,14.5,
1565621142-16,https://www.dream11.com/kabaddi/create-team/1092/15103,Sachin-Kumar,UP,ALL,6,13.5,
1565621142-17,https://www.dream11.com/kabaddi/create-team/1092/15103,"M Maghsoudlou",UP,ALL,8,13.5,
1565621142-18,https://www.dream11.com/kabaddi/create-team/1092/15103,Narender,UP,ALL,-6,13,
1565621142-19,https://www.dream11.com/kabaddi/create-team/1092/15103,"S Shrestha",BLR,ALL,0,11.5,
1565621142-2,https://www.dream11.com/kabaddi/create-team/1092/15103,Nitesh-Kumar,UP,DEF,71,14,Announced
1565621142-20,https://www.dream11.com/kabaddi/create-team/1092/15103,Gurdeep,UP,ALL,0,11.5,
1565621142-21,https://www.dream11.com/kabaddi/create-team/1092/15103,Arkam-Shaikh,UP,ALL,0,11.5,
1565621142-22,https://www.dream11.com/kabaddi/create-team/1092/15103,"M Sehrawat",BLR,ALL,49,10.5,Announced
1565621142-23,https://www.dream11.com/kabaddi/create-team/1092/15103,"P Kumar-Sherawat",BLR,RAI,306,17,Announced
1565621142-24,https://www.dream11.com/kabaddi/create-team/1092/15103,Rohit-Kumar,BLR,RAI,116,16,Announced
1565621142-25,https://www.dream11.com/kabaddi/create-team/1092/15103,"M Goyat",UP,RAI,64,16,Announced
1565621142-26,https://www.dream11.com/kabaddi/create-team/1092/15103,"R Devadiga",UP,RAI,34,15,
1565621142-27,https://www.dream11.com/kabaddi/create-team/1092/15103,"S Jadhav",UP,RAI,40,14.5,Announced
1565621142-28,https://www.dream11.com/kabaddi/create-team/1092/15103,Surender-Singh,UP,RAI,4,14,
1565621142-29,https://www.dream11.com/kabaddi/create-team/1092/15103,Sumit-Singh,BLR,RAI,35,13.5,Announced
1565621142-3,https://www.dream11.com/kabaddi/create-team/1092/15103,"A Sheoran",BLR,DEF,90,13.5,
1565621142-30,https://www.dream11.com/kabaddi/create-team/1092/15103,"V Kumar-II",BLR,RAI,6,13,
1565621142-31,https://www.dream11.com/kabaddi/create-team/1092/15103,Azad-Singh,UP,RAI,11,13,
1565621142-32,https://www.dream11.com/kabaddi/create-team/1092/15103,"M M Karim",UP,RAI,0,12.5,
1565621142-33,https://www.dream11.com/kabaddi/create-team/1092/15103,Surender-Gill,UP,RAI,33,12,Announced
1565621142-34,https://www.dream11.com/kabaddi/create-team/1092/15103,Ankush,UP,RAI,0,12,
1565621142-35,https://www.dream11.com/kabaddi/create-team/1092/15103,Banty,BLR,RAI,10,11.5,
1565621142-36,https://www.dream11.com/kabaddi/create-team/1092/15103,"L Mohar-Yadav",BLR,RAI,0,11.5,
1565621142-37,https://www.dream11.com/kabaddi/create-team/1092/15103,Gulveer-Singh,UP,RAI,0,11.5,
1565621142-4,https://www.dream11.com/kabaddi/create-team/1092/15103,Amit,UP,DEF,50,13.5,Announced
1565621142-5,https://www.dream11.com/kabaddi/create-team/1092/15103,"R Lal-Choudhary",BLR,DEF,0,13,
1565621142-6,https://www.dream11.com/kabaddi/create-team/1092/15103,Sumit,UP,DEF,105,13,Announced
1565621142-7,https://www.dream11.com/kabaddi/create-team/1092/15103,Sandeep,BLR,DEF,2,12.5,
1565621142-8,https://www.dream11.com/kabaddi/create-team/1092/15103,Ashu-Singh,UP,DEF,63,12.5,Announced
1565621142-9,https://www.dream11.com/kabaddi/create-team/1092/15103,"A Nagar",UP,DEF,0,12.5,
