﻿web-scraper-order,web-scraper-start-url,name,team,type,points,credits,announced
1566053136-1,https://www.dream11.com/kabaddi/create-team/1092/15110,"R Pahal",DEL,DEF,99,15,Announced
1566053136-10,https://www.dream11.com/kabaddi/create-team/1092/15110,"V Landge",BEN,DEF,59,12,
1566053136-11,https://www.dream11.com/kabaddi/create-team/1092/15110,"N Narwal",BEN,DEF,18,11.5,
1566053136-12,https://www.dream11.com/kabaddi/create-team/1092/15110,Adarsh-T,BEN,DEF,11,11,
1566053136-13,https://www.dream11.com/kabaddi/create-team/1092/15110,"P Patil",DEL,DEF,0,10.5,
1566053136-14,https://www.dream11.com/kabaddi/create-team/1092/15110,"S Ghaffari",DEL,DEF,74,10.5,Announced
1566053136-15,https://www.dream11.com/kabaddi/create-team/1092/15110,Amit-I,BEN,DEF,2,10.5,
1566053136-16,https://www.dream11.com/kabaddi/create-team/1092/15110,Mohit-I,DEL,DEF,0,10,
1566053136-17,https://www.dream11.com/kabaddi/create-team/1092/15110,Dharmendra-Singh,BEN,DEF,0,10,
1566053136-18,https://www.dream11.com/kabaddi/create-team/1092/15110,Satywan,DEL,DEF,0,9.5,
1566053136-19,https://www.dream11.com/kabaddi/create-team/1092/15110,"M Sheykh",DEL,ALL,42,15,Announced
1566053136-2,https://www.dream11.com/kabaddi/create-team/1092/15110,"J Narwal",DEL,DEF,116,14.5,Announced
1566053136-20,https://www.dream11.com/kabaddi/create-team/1092/15110,"M Esmaeil-Nabibakhsh",BEN,ALL,221,14.5,Announced
1566053136-21,https://www.dream11.com/kabaddi/create-team/1092/15110,Vijay,DEL,ALL,43,13,
1566053136-22,https://www.dream11.com/kabaddi/create-team/1092/15110,Avinash-AR,BEN,ALL,0,12,
1566053136-23,https://www.dream11.com/kabaddi/create-team/1092/15110,"S T Patil",BEN,ALL,0,11,
1566053136-24,https://www.dream11.com/kabaddi/create-team/1092/15110,"A S Dhumal",BEN,ALL,0,11,
1566053136-25,https://www.dream11.com/kabaddi/create-team/1092/15110,"S M Dubile",BEN,ALL,0,10.5,
1566053136-26,https://www.dream11.com/kabaddi/create-team/1092/15110,Balram,DEL,ALL,0,9.5,
1566053136-27,https://www.dream11.com/kabaddi/create-team/1092/15110,Maninder-Singh,BEN,RAI,238,16,Announced
1566053136-28,https://www.dream11.com/kabaddi/create-team/1092/15110,Naveen-Kumar,DEL,RAI,281,15.5,Announced
1566053136-29,https://www.dream11.com/kabaddi/create-team/1092/15110,"K Prapanjan",BEN,RAI,188,15,Announced
1566053136-3,https://www.dream11.com/kabaddi/create-team/1092/15110,Jeeva-Kumar,BEN,DEF,103,14.5,Announced
1566053136-30,https://www.dream11.com/kabaddi/create-team/1092/15110,"C Ranjit",DEL,RAI,176,14,Announced
1566053136-31,https://www.dream11.com/kabaddi/create-team/1092/15110,"R Kumawat",BEN,RAI,0,14,
1566053136-32,https://www.dream11.com/kabaddi/create-team/1092/15110,"S Hegde",BEN,RAI,2,14,
1566053136-33,https://www.dream11.com/kabaddi/create-team/1092/15110,"R Narwal",BEN,RAI,9,12,
1566053136-34,https://www.dream11.com/kabaddi/create-team/1092/15110,"S Kumar",DEL,RAI,0,11.5,
1566053136-35,https://www.dream11.com/kabaddi/create-team/1092/15110,"N Narwal",DEL,RAI,1,11,
1566053136-36,https://www.dream11.com/kabaddi/create-team/1092/15110,"A Kadian",DEL,RAI,6,10.5,
1566053136-37,https://www.dream11.com/kabaddi/create-team/1092/15110,"M T P Mahali",BEN,RAI,10,9.5,
1566053136-4,https://www.dream11.com/kabaddi/create-team/1092/15110,"V Mane",DEL,DEF,84,14,Announced
1566053136-5,https://www.dream11.com/kabaddi/create-team/1092/15110,Baldev-Singh,BEN,DEF,171,14,Announced
1566053136-6,https://www.dream11.com/kabaddi/create-team/1092/15110,"R Narwal",BEN,DEF,140,14,Announced
1566053136-7,https://www.dream11.com/kabaddi/create-team/1092/15110,Sombir,DEL,DEF,6,13,
1566053136-8,https://www.dream11.com/kabaddi/create-team/1092/15110,Anil-Kumar-I,DEL,DEF,19,13,
1566053136-9,https://www.dream11.com/kabaddi/create-team/1092/15110,"V Thangadurai",BEN,DEF,12,13,Announced
