﻿web-scraper-order,web-scraper-start-url,name,rank,team_id,matches,points
1565695834-1,https://www.prokabaddi.com/stats/49-97-raid-points-statistics,"Bengaluru Bulls",1,/static-assets/images/teams/small/1.png?v=6.08,7,140
1565695834-10,https://www.prokabaddi.com/stats/49-97-raid-points-statistics,"Tamil Thalaivas",10,/static-assets/images/teams/small/29.png?v=6.08,6,89
1565695834-11,https://www.prokabaddi.com/stats/49-97-raid-points-statistics,"Jaipur Pink Panthers",11,/static-assets/images/teams/small/3.png?v=6.08,5,85
1565695834-12,https://www.prokabaddi.com/stats/49-97-raid-points-statistics,"U.P. Yoddha",12,/static-assets/images/teams/small/30.png?v=6.08,7,80
1565695839-13,https://www.prokabaddi.com/stats/49-140-avg-points-scored-statistics,"Bengaluru Bulls",1,/static-assets/images/teams/small/1.png?v=6.08,7,30.57
1565695839-14,https://www.prokabaddi.com/stats/49-140-avg-points-scored-statistics,"Bengal Warriors",2,/static-assets/images/teams/small/4.png?v=6.08,6,30.33
1565695839-15,https://www.prokabaddi.com/stats/49-140-avg-points-scored-statistics,"Jaipur Pink Panthers",3,/static-assets/images/teams/small/3.png?v=6.08,5,28
1565695839-16,https://www.prokabaddi.com/stats/49-140-avg-points-scored-statistics,"Gujarat Fortunegiants",4,/static-assets/images/teams/small/31.png?v=6.08,7,27.28
1565695839-17,https://www.prokabaddi.com/stats/49-140-avg-points-scored-statistics,"Puneri Paltan",5,/static-assets/images/teams/small/7.png?v=6.08,6,27
1565695839-18,https://www.prokabaddi.com/stats/49-140-avg-points-scored-statistics,"Dabang Delhi K.C.",5,/static-assets/images/teams/small/2.png?v=6.08,6,27
1565695839-19,https://www.prokabaddi.com/stats/49-140-avg-points-scored-statistics,"Tamil Thalaivas",7,/static-assets/images/teams/small/29.png?v=6.08,6,26.33
1565695834-2,https://www.prokabaddi.com/stats/49-97-raid-points-statistics,"Bengal Warriors",2,/static-assets/images/teams/small/4.png?v=6.08,6,118
1565695839-20,https://www.prokabaddi.com/stats/49-140-avg-points-scored-statistics,"Haryana Steelers",8,/static-assets/images/teams/small/28.png?v=6.08,6,26
1565695839-21,https://www.prokabaddi.com/stats/49-140-avg-points-scored-statistics,"Patna Pirates",9,/static-assets/images/teams/small/6.png?v=6.08,7,24.57
1565695839-22,https://www.prokabaddi.com/stats/49-140-avg-points-scored-statistics,"Telugu Titans",10,/static-assets/images/teams/small/8.png?v=6.08,8,24.25
1565695839-23,https://www.prokabaddi.com/stats/49-140-avg-points-scored-statistics,"U Mumba",11,/static-assets/images/teams/small/5.png?v=6.08,7,23.71
1565695839-24,https://www.prokabaddi.com/stats/49-140-avg-points-scored-statistics,"U.P. Yoddha",12,/static-assets/images/teams/small/30.png?v=6.08,7,21
1565695844-25,https://www.prokabaddi.com/stats/49-134-super-raid-statistics,"Bengal Warriors",1,/static-assets/images/teams/small/4.png?v=6.08,6,5
1565695844-26,https://www.prokabaddi.com/stats/49-134-super-raid-statistics,"Bengaluru Bulls",2,/static-assets/images/teams/small/1.png?v=6.08,7,3
1565695844-27,https://www.prokabaddi.com/stats/49-134-super-raid-statistics,"Dabang Delhi K.C.",3,/static-assets/images/teams/small/2.png?v=6.08,6,2
1565695844-28,https://www.prokabaddi.com/stats/49-134-super-raid-statistics,"U Mumba",3,/static-assets/images/teams/small/5.png?v=6.08,7,2
1565695844-29,https://www.prokabaddi.com/stats/49-134-super-raid-statistics,"Patna Pirates",3,/static-assets/images/teams/small/6.png?v=6.08,7,2
1565695834-3,https://www.prokabaddi.com/stats/49-97-raid-points-statistics,"Gujarat Fortunegiants",3,/static-assets/images/teams/small/31.png?v=6.08,7,117
1565695844-30,https://www.prokabaddi.com/stats/49-134-super-raid-statistics,"Telugu Titans",3,/static-assets/images/teams/small/8.png?v=6.08,8,2
1565695844-31,https://www.prokabaddi.com/stats/49-134-super-raid-statistics,"Haryana Steelers",3,/static-assets/images/teams/small/28.png?v=6.08,6,2
1565695844-32,https://www.prokabaddi.com/stats/49-134-super-raid-statistics,"Tamil Thalaivas",3,/static-assets/images/teams/small/29.png?v=6.08,6,2
1565695844-33,https://www.prokabaddi.com/stats/49-134-super-raid-statistics,"Gujarat Fortunegiants",3,/static-assets/images/teams/small/31.png?v=6.08,7,2
1565695844-34,https://www.prokabaddi.com/stats/49-134-super-raid-statistics,"Puneri Paltan",10,/static-assets/images/teams/small/7.png?v=6.08,6,1
1565695844-35,https://www.prokabaddi.com/stats/49-134-super-raid-statistics,"Jaipur Pink Panthers",10,/static-assets/images/teams/small/3.png?v=6.08,5,1
1565695848-36,https://www.prokabaddi.com/stats/49-15-successful-tackles-statistics,"Telugu Titans",1,/static-assets/images/teams/small/8.png?v=6.08,8,73
1565695848-37,https://www.prokabaddi.com/stats/49-15-successful-tackles-statistics,"Gujarat Fortunegiants",2,/static-assets/images/teams/small/31.png?v=6.08,7,70
1565695848-38,https://www.prokabaddi.com/stats/49-15-successful-tackles-statistics,"Patna Pirates",3,/static-assets/images/teams/small/6.png?v=6.08,7,67
1565695848-39,https://www.prokabaddi.com/stats/49-15-successful-tackles-statistics,"Tamil Thalaivas",4,/static-assets/images/teams/small/29.png?v=6.08,6,65
1565695834-4,https://www.prokabaddi.com/stats/49-97-raid-points-statistics,"Telugu Titans",4,/static-assets/images/teams/small/8.png?v=6.08,8,116
1565695848-40,https://www.prokabaddi.com/stats/49-15-successful-tackles-statistics,"U.P. Yoddha",5,/static-assets/images/teams/small/30.png?v=6.08,7,62
1565695848-41,https://www.prokabaddi.com/stats/49-15-successful-tackles-statistics,"Bengaluru Bulls",6,/static-assets/images/teams/small/1.png?v=6.08,7,60
1565695848-42,https://www.prokabaddi.com/stats/49-15-successful-tackles-statistics,"Bengal Warriors",7,/static-assets/images/teams/small/4.png?v=6.08,6,59
1565695848-43,https://www.prokabaddi.com/stats/49-15-successful-tackles-statistics,"Puneri Paltan",7,/static-assets/images/teams/small/7.png?v=6.08,6,59
1565695848-44,https://www.prokabaddi.com/stats/49-15-successful-tackles-statistics,"Haryana Steelers",9,/static-assets/images/teams/small/28.png?v=6.08,6,57
1565695848-45,https://www.prokabaddi.com/stats/49-15-successful-tackles-statistics,"U Mumba",9,/static-assets/images/teams/small/5.png?v=6.08,7,57
1565695848-46,https://www.prokabaddi.com/stats/49-15-successful-tackles-statistics,"Jaipur Pink Panthers",11,/static-assets/images/teams/small/3.png?v=6.08,5,53
1565695848-47,https://www.prokabaddi.com/stats/49-15-successful-tackles-statistics,"Dabang Delhi K.C.",12,/static-assets/images/teams/small/2.png?v=6.08,6,47
1565695853-48,https://www.prokabaddi.com/stats/49-99-avg-tackle-points-statistics,"Tamil Thalaivas",1,/static-assets/images/teams/small/29.png?v=6.08,6,11.5
1565695853-49,https://www.prokabaddi.com/stats/49-99-avg-tackle-points-statistics,"Puneri Paltan",2,/static-assets/images/teams/small/7.png?v=6.08,6,11.17
1565695834-5,https://www.prokabaddi.com/stats/49-97-raid-points-statistics,"Dabang Delhi K.C.",5,/static-assets/images/teams/small/2.png?v=6.08,6,111
1565695853-50,https://www.prokabaddi.com/stats/49-99-avg-tackle-points-statistics,"Patna Pirates",3,/static-assets/images/teams/small/6.png?v=6.08,7,11
1565695853-51,https://www.prokabaddi.com/stats/49-99-avg-tackle-points-statistics,"Jaipur Pink Panthers",3,/static-assets/images/teams/small/3.png?v=6.08,5,11
1565695853-52,https://www.prokabaddi.com/stats/49-99-avg-tackle-points-statistics,"Bengal Warriors",5,/static-assets/images/teams/small/4.png?v=6.08,6,10.67
1565695853-53,https://www.prokabaddi.com/stats/49-99-avg-tackle-points-statistics,"Bengaluru Bulls",6,/static-assets/images/teams/small/1.png?v=6.08,7,10.57
1565695853-54,https://www.prokabaddi.com/stats/49-99-avg-tackle-points-statistics,"Gujarat Fortunegiants",6,/static-assets/images/teams/small/31.png?v=6.08,7,10.57
1565695853-55,https://www.prokabaddi.com/stats/49-99-avg-tackle-points-statistics,"Haryana Steelers",8,/static-assets/images/teams/small/28.png?v=6.08,6,10.17
1565695853-56,https://www.prokabaddi.com/stats/49-99-avg-tackle-points-statistics,"Telugu Titans",9,/static-assets/images/teams/small/8.png?v=6.08,8,9.75
1565695853-57,https://www.prokabaddi.com/stats/49-99-avg-tackle-points-statistics,"U.P. Yoddha",10,/static-assets/images/teams/small/30.png?v=6.08,7,9.57
1565695853-58,https://www.prokabaddi.com/stats/49-99-avg-tackle-points-statistics,"U Mumba",11,/static-assets/images/teams/small/5.png?v=6.08,7,9.14
1565695853-59,https://www.prokabaddi.com/stats/49-99-avg-tackle-points-statistics,"Dabang Delhi K.C.",12,/static-assets/images/teams/small/2.png?v=6.08,6,8.5
1565695834-6,https://www.prokabaddi.com/stats/49-97-raid-points-statistics,"U Mumba",6,/static-assets/images/teams/small/5.png?v=6.08,7,102
1565695834-7,https://www.prokabaddi.com/stats/49-97-raid-points-statistics,"Patna Pirates",7,/static-assets/images/teams/small/6.png?v=6.08,7,95
1565695834-8,https://www.prokabaddi.com/stats/49-97-raid-points-statistics,"Puneri Paltan",7,/static-assets/images/teams/small/7.png?v=6.08,6,95
1565695834-9,https://www.prokabaddi.com/stats/49-97-raid-points-statistics,"Haryana Steelers",7,/static-assets/images/teams/small/28.png?v=6.08,6,95
1565695860-60,https://www.prokabaddi.com/stats/49-133-total-points-conceded-statistics,"Telugu Titans",1,/static-assets/images/teams/small/8.png?v=6.08,8,258
1565695860-69,https://www.prokabaddi.com/stats/49-133-total-points-conceded-statistics,"Dabang Delhi K.C.",10,/static-assets/images/teams/small/2.png?v=6.08,6,168
1565695860-70,https://www.prokabaddi.com/stats/49-133-total-points-conceded-statistics,"Tamil Thalaivas",11,/static-assets/images/teams/small/29.png?v=6.08,6,164
1565695860-71,https://www.prokabaddi.com/stats/49-133-total-points-conceded-statistics,"Jaipur Pink Panthers",12,/static-assets/images/teams/small/3.png?v=6.08,5,125
1565695865-72,https://www.prokabaddi.com/stats/49-95-tackle-points-statistics,"Telugu Titans",1,/static-assets/images/teams/small/8.png?v=6.08,8,78
1565695865-73,https://www.prokabaddi.com/stats/49-95-tackle-points-statistics,"Patna Pirates",2,/static-assets/images/teams/small/6.png?v=6.08,7,77
1565695865-74,https://www.prokabaddi.com/stats/49-95-tackle-points-statistics,"Bengaluru Bulls",3,/static-assets/images/teams/small/1.png?v=6.08,7,74
1565695865-75,https://www.prokabaddi.com/stats/49-95-tackle-points-statistics,"Gujarat Fortunegiants",3,/static-assets/images/teams/small/31.png?v=6.08,7,74
1565695865-76,https://www.prokabaddi.com/stats/49-95-tackle-points-statistics,"Tamil Thalaivas",5,/static-assets/images/teams/small/29.png?v=6.08,6,69
1565695865-77,https://www.prokabaddi.com/stats/49-95-tackle-points-statistics,"U.P. Yoddha",6,/static-assets/images/teams/small/30.png?v=6.08,7,67
1565695865-78,https://www.prokabaddi.com/stats/49-95-tackle-points-statistics,"Puneri Paltan",6,/static-assets/images/teams/small/7.png?v=6.08,6,67
1565695860-61,https://www.prokabaddi.com/stats/49-133-total-points-conceded-statistics,"U.P. Yoddha",2,/static-assets/images/teams/small/30.png?v=6.08,7,237
1565695865-79,https://www.prokabaddi.com/stats/49-95-tackle-points-statistics,"Bengal Warriors",8,/static-assets/images/teams/small/4.png?v=6.08,6,64
1565695865-80,https://www.prokabaddi.com/stats/49-95-tackle-points-statistics,"U Mumba",8,/static-assets/images/teams/small/5.png?v=6.08,7,64
1565695865-81,https://www.prokabaddi.com/stats/49-95-tackle-points-statistics,"Haryana Steelers",10,/static-assets/images/teams/small/28.png?v=6.08,6,61
1565695865-82,https://www.prokabaddi.com/stats/49-95-tackle-points-statistics,"Jaipur Pink Panthers",11,/static-assets/images/teams/small/3.png?v=6.08,5,55
1565695865-83,https://www.prokabaddi.com/stats/49-95-tackle-points-statistics,"Dabang Delhi K.C.",12,/static-assets/images/teams/small/2.png?v=6.08,6,51
1565695869-84,https://www.prokabaddi.com/stats/49-136-all-outs-inflicted-statistics,"Bengal Warriors",1,/static-assets/images/teams/small/4.png?v=6.08,6,12
1565695869-85,https://www.prokabaddi.com/stats/49-136-all-outs-inflicted-statistics,"U Mumba",2,/static-assets/images/teams/small/5.png?v=6.08,7,9
1565695869-86,https://www.prokabaddi.com/stats/49-136-all-outs-inflicted-statistics,"Gujarat Fortunegiants",2,/static-assets/images/teams/small/31.png?v=6.08,7,9
1565695869-87,https://www.prokabaddi.com/stats/49-136-all-outs-inflicted-statistics,"Tamil Thalaivas",4,/static-assets/images/teams/small/29.png?v=6.08,6,8
1565695869-88,https://www.prokabaddi.com/stats/49-136-all-outs-inflicted-statistics,"Patna Pirates",4,/static-assets/images/teams/small/6.png?v=6.08,7,8
1565695860-62,https://www.prokabaddi.com/stats/49-133-total-points-conceded-statistics,"Bengaluru Bulls",3,/static-assets/images/teams/small/1.png?v=6.08,7,236
1565695869-89,https://www.prokabaddi.com/stats/49-136-all-outs-inflicted-statistics,"Dabang Delhi K.C.",4,/static-assets/images/teams/small/2.png?v=6.08,6,8
1565695869-90,https://www.prokabaddi.com/stats/49-136-all-outs-inflicted-statistics,"Jaipur Pink Panthers",4,/static-assets/images/teams/small/3.png?v=6.08,5,8
1565695869-91,https://www.prokabaddi.com/stats/49-136-all-outs-inflicted-statistics,"Bengaluru Bulls",8,/static-assets/images/teams/small/1.png?v=6.08,7,7
1565695869-92,https://www.prokabaddi.com/stats/49-136-all-outs-inflicted-statistics,"Haryana Steelers",9,/static-assets/images/teams/small/28.png?v=6.08,6,6
1565695869-93,https://www.prokabaddi.com/stats/49-136-all-outs-inflicted-statistics,"U.P. Yoddha",10,/static-assets/images/teams/small/30.png?v=6.08,7,4
1565695869-94,https://www.prokabaddi.com/stats/49-136-all-outs-inflicted-statistics,"Puneri Paltan",11,/static-assets/images/teams/small/7.png?v=6.08,6,3
1565695869-95,https://www.prokabaddi.com/stats/49-136-all-outs-inflicted-statistics,"Telugu Titans",12,/static-assets/images/teams/small/8.png?v=6.08,8,2
1565695873-96,https://www.prokabaddi.com/stats/49-135-do-or-die-raid-points-statistics,"U Mumba",1,/static-assets/images/teams/small/5.png?v=6.08,7,27
1565695873-97,https://www.prokabaddi.com/stats/49-135-do-or-die-raid-points-statistics,"Puneri Paltan",2,/static-assets/images/teams/small/7.png?v=6.08,6,23
1565695873-98,https://www.prokabaddi.com/stats/49-135-do-or-die-raid-points-statistics,"Gujarat Fortunegiants",2,/static-assets/images/teams/small/31.png?v=6.08,7,23
1565695860-63,https://www.prokabaddi.com/stats/49-133-total-points-conceded-statistics,"Patna Pirates",4,/static-assets/images/teams/small/6.png?v=6.08,7,209
1565695873-99,https://www.prokabaddi.com/stats/49-135-do-or-die-raid-points-statistics,"Patna Pirates",4,/static-assets/images/teams/small/6.png?v=6.08,7,22
1565695873-100,https://www.prokabaddi.com/stats/49-135-do-or-die-raid-points-statistics,"Jaipur Pink Panthers",5,/static-assets/images/teams/small/3.png?v=6.08,5,21
1565695873-101,https://www.prokabaddi.com/stats/49-135-do-or-die-raid-points-statistics,"Haryana Steelers",5,/static-assets/images/teams/small/28.png?v=6.08,6,21
1565695873-102,https://www.prokabaddi.com/stats/49-135-do-or-die-raid-points-statistics,"Tamil Thalaivas",5,/static-assets/images/teams/small/29.png?v=6.08,6,21
1565695873-103,https://www.prokabaddi.com/stats/49-135-do-or-die-raid-points-statistics,"U.P. Yoddha",8,/static-assets/images/teams/small/30.png?v=6.08,7,16
1565695873-104,https://www.prokabaddi.com/stats/49-135-do-or-die-raid-points-statistics,"Telugu Titans",9,/static-assets/images/teams/small/8.png?v=6.08,8,15
1565695873-105,https://www.prokabaddi.com/stats/49-135-do-or-die-raid-points-statistics,"Bengal Warriors",10,/static-assets/images/teams/small/4.png?v=6.08,6,13
1565695873-106,https://www.prokabaddi.com/stats/49-135-do-or-die-raid-points-statistics,"Dabang Delhi K.C.",10,/static-assets/images/teams/small/2.png?v=6.08,6,13
1565695873-107,https://www.prokabaddi.com/stats/49-135-do-or-die-raid-points-statistics,"Bengaluru Bulls",12,/static-assets/images/teams/small/1.png?v=6.08,7,12
1565695860-64,https://www.prokabaddi.com/stats/49-133-total-points-conceded-statistics,"U Mumba",5,/static-assets/images/teams/small/5.png?v=6.08,7,199
1565695860-65,https://www.prokabaddi.com/stats/49-133-total-points-conceded-statistics,"Gujarat Fortunegiants",6,/static-assets/images/teams/small/31.png?v=6.08,7,198
1565695860-66,https://www.prokabaddi.com/stats/49-133-total-points-conceded-statistics,"Puneri Paltan",7,/static-assets/images/teams/small/7.png?v=6.08,6,193
1565695860-67,https://www.prokabaddi.com/stats/49-133-total-points-conceded-statistics,"Haryana Steelers",7,/static-assets/images/teams/small/28.png?v=6.08,6,193
1565695860-68,https://www.prokabaddi.com/stats/49-133-total-points-conceded-statistics,"Bengal Warriors",9,/static-assets/images/teams/small/4.png?v=6.08,6,169
1565695878-108,https://www.prokabaddi.com/stats/49-20-super-tackles-statistics,"Bengaluru Bulls",1,/static-assets/images/teams/small/1.png?v=6.08,7,15
1565695878-117,https://www.prokabaddi.com/stats/49-20-super-tackles-statistics,"Haryana Steelers",10,/static-assets/images/teams/small/28.png?v=6.08,6,4
1565695878-118,https://www.prokabaddi.com/stats/49-20-super-tackles-statistics,"Gujarat Fortunegiants",10,/static-assets/images/teams/small/31.png?v=6.08,7,4
1565695878-119,https://www.prokabaddi.com/stats/49-20-super-tackles-statistics,"Jaipur Pink Panthers",12,/static-assets/images/teams/small/3.png?v=6.08,5,2
1565695883-120,https://www.prokabaddi.com/stats/49-13-successful-raids-statistics,"Bengaluru Bulls",1,/static-assets/images/teams/small/1.png?v=6.08,7,111
1565695883-121,https://www.prokabaddi.com/stats/49-13-successful-raids-statistics,"Telugu Titans",2,/static-assets/images/teams/small/8.png?v=6.08,8,101
1565695883-122,https://www.prokabaddi.com/stats/49-13-successful-raids-statistics,"Dabang Delhi K.C.",3,/static-assets/images/teams/small/2.png?v=6.08,6,97
1565695883-123,https://www.prokabaddi.com/stats/49-13-successful-raids-statistics,"Bengal Warriors",4,/static-assets/images/teams/small/4.png?v=6.08,6,94
1565695883-124,https://www.prokabaddi.com/stats/49-13-successful-raids-statistics,"Gujarat Fortunegiants",4,/static-assets/images/teams/small/31.png?v=6.08,7,94
1565695883-125,https://www.prokabaddi.com/stats/49-13-successful-raids-statistics,"Patna Pirates",6,/static-assets/images/teams/small/6.png?v=6.08,7,85
1565695883-126,https://www.prokabaddi.com/stats/49-13-successful-raids-statistics,"U Mumba",7,/static-assets/images/teams/small/5.png?v=6.08,7,78
1565695878-109,https://www.prokabaddi.com/stats/49-20-super-tackles-statistics,"Patna Pirates",2,/static-assets/images/teams/small/6.png?v=6.08,7,10
1565695883-127,https://www.prokabaddi.com/stats/49-13-successful-raids-statistics,"Puneri Paltan",8,/static-assets/images/teams/small/7.png?v=6.08,6,77
1565695883-128,https://www.prokabaddi.com/stats/49-13-successful-raids-statistics,"Haryana Steelers",9,/static-assets/images/teams/small/28.png?v=6.08,6,74
1565695883-129,https://www.prokabaddi.com/stats/49-13-successful-raids-statistics,"Tamil Thalaivas",10,/static-assets/images/teams/small/29.png?v=6.08,6,72
1565695883-130,https://www.prokabaddi.com/stats/49-13-successful-raids-statistics,"U.P. Yoddha",11,/static-assets/images/teams/small/30.png?v=6.08,7,68
1565695883-131,https://www.prokabaddi.com/stats/49-13-successful-raids-statistics,"Jaipur Pink Panthers",11,/static-assets/images/teams/small/3.png?v=6.08,5,68
1565695887-132,https://www.prokabaddi.com/stats/49-98-avg-raid-points-statistics,"Bengaluru Bulls",1,/static-assets/images/teams/small/1.png?v=6.08,7,20
1565695887-133,https://www.prokabaddi.com/stats/49-98-avg-raid-points-statistics,"Bengal Warriors",2,/static-assets/images/teams/small/4.png?v=6.08,6,19.67
1565695887-134,https://www.prokabaddi.com/stats/49-98-avg-raid-points-statistics,"Dabang Delhi K.C.",3,/static-assets/images/teams/small/2.png?v=6.08,6,18.5
1565695887-135,https://www.prokabaddi.com/stats/49-98-avg-raid-points-statistics,"Jaipur Pink Panthers",4,/static-assets/images/teams/small/3.png?v=6.08,5,17
1565695887-136,https://www.prokabaddi.com/stats/49-98-avg-raid-points-statistics,"Gujarat Fortunegiants",5,/static-assets/images/teams/small/31.png?v=6.08,7,16.71
1565695878-110,https://www.prokabaddi.com/stats/49-20-super-tackles-statistics,"Puneri Paltan",3,/static-assets/images/teams/small/7.png?v=6.08,6,8
1565695887-137,https://www.prokabaddi.com/stats/49-98-avg-raid-points-statistics,"Puneri Paltan",6,/static-assets/images/teams/small/7.png?v=6.08,6,15.83
1565695887-138,https://www.prokabaddi.com/stats/49-98-avg-raid-points-statistics,"Haryana Steelers",6,/static-assets/images/teams/small/28.png?v=6.08,6,15.83
1565695887-139,https://www.prokabaddi.com/stats/49-98-avg-raid-points-statistics,"Tamil Thalaivas",8,/static-assets/images/teams/small/29.png?v=6.08,6,14.83
1565695887-140,https://www.prokabaddi.com/stats/49-98-avg-raid-points-statistics,"U Mumba",9,/static-assets/images/teams/small/5.png?v=6.08,7,14.57
1565695887-141,https://www.prokabaddi.com/stats/49-98-avg-raid-points-statistics,"Telugu Titans",10,/static-assets/images/teams/small/8.png?v=6.08,8,14.5
1565695887-142,https://www.prokabaddi.com/stats/49-98-avg-raid-points-statistics,"Patna Pirates",11,/static-assets/images/teams/small/6.png?v=6.08,7,13.57
1565695887-143,https://www.prokabaddi.com/stats/49-98-avg-raid-points-statistics,"U.P. Yoddha",12,/static-assets/images/teams/small/30.png?v=6.08,7,11.43
1565695878-111,https://www.prokabaddi.com/stats/49-20-super-tackles-statistics,"U Mumba",3,/static-assets/images/teams/small/5.png?v=6.08,7,8
1565695878-112,https://www.prokabaddi.com/stats/49-20-super-tackles-statistics,"Bengal Warriors",5,/static-assets/images/teams/small/4.png?v=6.08,6,6
1565695878-113,https://www.prokabaddi.com/stats/49-20-super-tackles-statistics,"Telugu Titans",5,/static-assets/images/teams/small/8.png?v=6.08,8,6
1565695878-114,https://www.prokabaddi.com/stats/49-20-super-tackles-statistics,"Tamil Thalaivas",5,/static-assets/images/teams/small/29.png?v=6.08,6,6
1565695878-115,https://www.prokabaddi.com/stats/49-20-super-tackles-statistics,"U.P. Yoddha",5,/static-assets/images/teams/small/30.png?v=6.08,7,6
1565695878-116,https://www.prokabaddi.com/stats/49-20-super-tackles-statistics,"Dabang Delhi K.C.",9,/static-assets/images/teams/small/2.png?v=6.08,6,5
1565695916-1,https://www.prokabaddi.com/stats/49-96-total-points-scored-statistics,"Bengaluru Bulls",1,/static-assets/images/teams/small/1.png?v=6.08,7,241
1565695916-10,https://www.prokabaddi.com/stats/49-96-total-points-scored-statistics,"Haryana Steelers",10,/static-assets/images/teams/small/28.png?v=6.08,6,172
1565695916-11,https://www.prokabaddi.com/stats/49-96-total-points-scored-statistics,"U.P. Yoddha",11,/static-assets/images/teams/small/30.png?v=6.08,7,166
1565695916-12,https://www.prokabaddi.com/stats/49-96-total-points-scored-statistics,"Jaipur Pink Panthers",12,/static-assets/images/teams/small/3.png?v=6.08,5,164
1565695916-2,https://www.prokabaddi.com/stats/49-96-total-points-scored-statistics,"Gujarat Fortunegiants",2,/static-assets/images/teams/small/31.png?v=6.08,7,220
1565695916-3,https://www.prokabaddi.com/stats/49-96-total-points-scored-statistics,"Bengal Warriors",3,/static-assets/images/teams/small/4.png?v=6.08,6,219
1565695916-4,https://www.prokabaddi.com/stats/49-96-total-points-scored-statistics,"Telugu Titans",4,/static-assets/images/teams/small/8.png?v=6.08,8,211
1565695916-5,https://www.prokabaddi.com/stats/49-96-total-points-scored-statistics,"Dabang Delhi K.C.",5,/static-assets/images/teams/small/2.png?v=6.08,6,198
1565695916-6,https://www.prokabaddi.com/stats/49-96-total-points-scored-statistics,"U Mumba",5,/static-assets/images/teams/small/5.png?v=6.08,7,198
1565695916-7,https://www.prokabaddi.com/stats/49-96-total-points-scored-statistics,"Patna Pirates",5,/static-assets/images/teams/small/6.png?v=6.08,7,198
1565695916-8,https://www.prokabaddi.com/stats/49-96-total-points-scored-statistics,"Tamil Thalaivas",8,/static-assets/images/teams/small/29.png?v=6.08,6,188
1565695916-9,https://www.prokabaddi.com/stats/49-96-total-points-scored-statistics,"Puneri Paltan",9,/static-assets/images/teams/small/7.png?v=6.08,6,174
