﻿web-scraper-order,web-scraper-start-url,name,rank,team_id,matches,points
1566819031-1,https://www.prokabaddi.com/stats/49-97-raid-points-statistics,"Bengaluru Bulls",1,/static-assets/images/teams/small/1.png?v=6.08,11,211
1566819031-10,https://www.prokabaddi.com/stats/49-97-raid-points-statistics,"Patna Pirates",10,/static-assets/images/teams/small/6.png?v=6.08,10,144
1566819031-11,https://www.prokabaddi.com/stats/49-97-raid-points-statistics,"Puneri Paltan",11,/static-assets/images/teams/small/7.png?v=6.08,9,140
1566819031-12,https://www.prokabaddi.com/stats/49-97-raid-points-statistics,"U.P. Yoddha",12,/static-assets/images/teams/small/30.png?v=6.08,10,137
1566819034-13,https://www.prokabaddi.com/stats/49-140-avg-points-scored-statistics,"Bengaluru Bulls",1,/static-assets/images/teams/small/1.png?v=6.08,11,29.72
1566819034-14,https://www.prokabaddi.com/stats/49-140-avg-points-scored-statistics,"Bengal Warriors",2,/static-assets/images/teams/small/4.png?v=6.08,9,29.11
1566819034-15,https://www.prokabaddi.com/stats/49-140-avg-points-scored-statistics,"Dabang Delhi K.C.",3,/static-assets/images/teams/small/2.png?v=6.08,9,27.55
1566819034-16,https://www.prokabaddi.com/stats/49-140-avg-points-scored-statistics,"Puneri Paltan",4,/static-assets/images/teams/small/7.png?v=6.08,9,27
1566819034-17,https://www.prokabaddi.com/stats/49-140-avg-points-scored-statistics,"Haryana Steelers",5,/static-assets/images/teams/small/28.png?v=6.08,9,26.44
1566819034-18,https://www.prokabaddi.com/stats/49-140-avg-points-scored-statistics,"Gujarat Fortunegiants",6,/static-assets/images/teams/small/31.png?v=6.08,10,26.1
1566819034-19,https://www.prokabaddi.com/stats/49-140-avg-points-scored-statistics,"Jaipur Pink Panthers",7,/static-assets/images/teams/small/3.png?v=6.08,11,25.81
1566819031-2,https://www.prokabaddi.com/stats/49-97-raid-points-statistics,"Bengal Warriors",2,/static-assets/images/teams/small/4.png?v=6.08,9,173
1566819034-20,https://www.prokabaddi.com/stats/49-140-avg-points-scored-statistics,"Telugu Titans",8,/static-assets/images/teams/small/8.png?v=6.08,10,25.2
1566819034-21,https://www.prokabaddi.com/stats/49-140-avg-points-scored-statistics,"Tamil Thalaivas",9,/static-assets/images/teams/small/29.png?v=6.08,10,24.9
1566819034-22,https://www.prokabaddi.com/stats/49-140-avg-points-scored-statistics,"U Mumba",10,/static-assets/images/teams/small/5.png?v=6.08,10,24.5
1566819034-23,https://www.prokabaddi.com/stats/49-140-avg-points-scored-statistics,"Patna Pirates",11,/static-assets/images/teams/small/6.png?v=6.08,10,24.4
1566819034-24,https://www.prokabaddi.com/stats/49-140-avg-points-scored-statistics,"U.P. Yoddha",12,/static-assets/images/teams/small/30.png?v=6.08,10,23.4
1566819036-25,https://www.prokabaddi.com/stats/49-134-super-raid-statistics,"Bengal Warriors",1,/static-assets/images/teams/small/4.png?v=6.08,9,6
1566819036-26,https://www.prokabaddi.com/stats/49-134-super-raid-statistics,"Bengaluru Bulls",2,/static-assets/images/teams/small/1.png?v=6.08,11,4
1566819036-27,https://www.prokabaddi.com/stats/49-134-super-raid-statistics,"Haryana Steelers",2,/static-assets/images/teams/small/28.png?v=6.08,9,4
1566819036-28,https://www.prokabaddi.com/stats/49-134-super-raid-statistics,"Tamil Thalaivas",4,/static-assets/images/teams/small/29.png?v=6.08,10,3
1566819036-29,https://www.prokabaddi.com/stats/49-134-super-raid-statistics,"Dabang Delhi K.C.",4,/static-assets/images/teams/small/2.png?v=6.08,9,3
1566819031-3,https://www.prokabaddi.com/stats/49-97-raid-points-statistics,"Dabang Delhi K.C.",3,/static-assets/images/teams/small/2.png?v=6.08,9,170
1566819036-30,https://www.prokabaddi.com/stats/49-134-super-raid-statistics,"U Mumba",4,/static-assets/images/teams/small/5.png?v=6.08,10,3
1566819036-31,https://www.prokabaddi.com/stats/49-134-super-raid-statistics,"Patna Pirates",4,/static-assets/images/teams/small/6.png?v=6.08,10,3
1566819036-32,https://www.prokabaddi.com/stats/49-134-super-raid-statistics,"Jaipur Pink Panthers",8,/static-assets/images/teams/small/3.png?v=6.08,11,2
1566819036-33,https://www.prokabaddi.com/stats/49-134-super-raid-statistics,"Telugu Titans",8,/static-assets/images/teams/small/8.png?v=6.08,10,2
1566819036-34,https://www.prokabaddi.com/stats/49-134-super-raid-statistics,"Gujarat Fortunegiants",8,/static-assets/images/teams/small/31.png?v=6.08,10,2
1566819036-35,https://www.prokabaddi.com/stats/49-134-super-raid-statistics,"U.P. Yoddha",11,/static-assets/images/teams/small/30.png?v=6.08,10,1
1566819036-36,https://www.prokabaddi.com/stats/49-134-super-raid-statistics,"Puneri Paltan",11,/static-assets/images/teams/small/7.png?v=6.08,9,1
1566819039-37,https://www.prokabaddi.com/stats/49-15-successful-tackles-statistics,"Jaipur Pink Panthers",1,/static-assets/images/teams/small/3.png?v=6.08,11,112
1566819039-38,https://www.prokabaddi.com/stats/49-15-successful-tackles-statistics,"Bengaluru Bulls",2,/static-assets/images/teams/small/1.png?v=6.08,11,101
1566819039-39,https://www.prokabaddi.com/stats/49-15-successful-tackles-statistics,"Gujarat Fortunegiants",3,/static-assets/images/teams/small/31.png?v=6.08,10,96
1566819031-4,https://www.prokabaddi.com/stats/49-97-raid-points-statistics,"Jaipur Pink Panthers",4,/static-assets/images/teams/small/3.png?v=6.08,11,157
1566819039-40,https://www.prokabaddi.com/stats/49-15-successful-tackles-statistics,"Telugu Titans",4,/static-assets/images/teams/small/8.png?v=6.08,10,95
1566819039-41,https://www.prokabaddi.com/stats/49-15-successful-tackles-statistics,"Tamil Thalaivas",5,/static-assets/images/teams/small/29.png?v=6.08,10,93
1566819039-42,https://www.prokabaddi.com/stats/49-15-successful-tackles-statistics,"Puneri Paltan",6,/static-assets/images/teams/small/7.png?v=6.08,9,91
1566819039-43,https://www.prokabaddi.com/stats/49-15-successful-tackles-statistics,"U.P. Yoddha",7,/static-assets/images/teams/small/30.png?v=6.08,10,90
1566819039-44,https://www.prokabaddi.com/stats/49-15-successful-tackles-statistics,"Patna Pirates",8,/static-assets/images/teams/small/6.png?v=6.08,10,87
1566819039-45,https://www.prokabaddi.com/stats/49-15-successful-tackles-statistics,"Bengal Warriors",9,/static-assets/images/teams/small/4.png?v=6.08,9,83
1566819039-46,https://www.prokabaddi.com/stats/49-15-successful-tackles-statistics,"U Mumba",10,/static-assets/images/teams/small/5.png?v=6.08,10,80
1566819039-47,https://www.prokabaddi.com/stats/49-15-successful-tackles-statistics,"Haryana Steelers",11,/static-assets/images/teams/small/28.png?v=6.08,9,79
1566819039-48,https://www.prokabaddi.com/stats/49-15-successful-tackles-statistics,"Dabang Delhi K.C.",12,/static-assets/images/teams/small/2.png?v=6.08,9,73
1566819042-49,https://www.prokabaddi.com/stats/49-99-avg-tackle-points-statistics,"Jaipur Pink Panthers",1,/static-assets/images/teams/small/3.png?v=6.08,11,11.55
1566819031-5,https://www.prokabaddi.com/stats/49-97-raid-points-statistics,"Gujarat Fortunegiants",5,/static-assets/images/teams/small/31.png?v=6.08,10,156
1566819042-50,https://www.prokabaddi.com/stats/49-99-avg-tackle-points-statistics,"Puneri Paltan",2,/static-assets/images/teams/small/7.png?v=6.08,9,11.44
1566819042-51,https://www.prokabaddi.com/stats/49-99-avg-tackle-points-statistics,"Bengaluru Bulls",3,/static-assets/images/teams/small/1.png?v=6.08,11,10.55
1566819042-52,https://www.prokabaddi.com/stats/49-99-avg-tackle-points-statistics,"Gujarat Fortunegiants",4,/static-assets/images/teams/small/31.png?v=6.08,10,10.5
1566819042-53,https://www.prokabaddi.com/stats/49-99-avg-tackle-points-statistics,"Telugu Titans",5,/static-assets/images/teams/small/8.png?v=6.08,10,10.3
1566819042-54,https://www.prokabaddi.com/stats/49-99-avg-tackle-points-statistics,"Patna Pirates",6,/static-assets/images/teams/small/6.png?v=6.08,10,10
1566819042-55,https://www.prokabaddi.com/stats/49-99-avg-tackle-points-statistics,"Bengal Warriors",7,/static-assets/images/teams/small/4.png?v=6.08,9,9.89
1566819042-56,https://www.prokabaddi.com/stats/49-99-avg-tackle-points-statistics,"Tamil Thalaivas",8,/static-assets/images/teams/small/29.png?v=6.08,10,9.7
1566819042-57,https://www.prokabaddi.com/stats/49-99-avg-tackle-points-statistics,"U.P. Yoddha",8,/static-assets/images/teams/small/30.png?v=6.08,10,9.7
1566819042-58,https://www.prokabaddi.com/stats/49-99-avg-tackle-points-statistics,"Haryana Steelers",10,/static-assets/images/teams/small/28.png?v=6.08,9,9.44
1566819042-59,https://www.prokabaddi.com/stats/49-99-avg-tackle-points-statistics,"U Mumba",11,/static-assets/images/teams/small/5.png?v=6.08,10,9.1
1566819031-6,https://www.prokabaddi.com/stats/49-97-raid-points-statistics,"U Mumba",6,/static-assets/images/teams/small/5.png?v=6.08,10,154
1566819042-60,https://www.prokabaddi.com/stats/49-99-avg-tackle-points-statistics,"Dabang Delhi K.C.",12,/static-assets/images/teams/small/2.png?v=6.08,9,8.67
1566819031-7,https://www.prokabaddi.com/stats/49-97-raid-points-statistics,"Haryana Steelers",7,/static-assets/images/teams/small/28.png?v=6.08,9,153
1566819031-8,https://www.prokabaddi.com/stats/49-97-raid-points-statistics,"Tamil Thalaivas",8,/static-assets/images/teams/small/29.png?v=6.08,10,152
1566819031-9,https://www.prokabaddi.com/stats/49-97-raid-points-statistics,"Telugu Titans",9,/static-assets/images/teams/small/8.png?v=6.08,10,149
1566819045-61,https://www.prokabaddi.com/stats/49-96-total-points-scored-statistics,"Bengaluru Bulls",1,/static-assets/images/teams/small/1.png?v=6.08,11,368
1566819045-70,https://www.prokabaddi.com/stats/49-96-total-points-scored-statistics,"Haryana Steelers",10,/static-assets/images/teams/small/28.png?v=6.08,9,267
1566819045-71,https://www.prokabaddi.com/stats/49-96-total-points-scored-statistics,"Puneri Paltan",11,/static-assets/images/teams/small/7.png?v=6.08,9,261
1566819045-72,https://www.prokabaddi.com/stats/49-96-total-points-scored-statistics,"U.P. Yoddha",12,/static-assets/images/teams/small/30.png?v=6.08,10,257
1566819047-73,https://www.prokabaddi.com/stats/49-133-total-points-conceded-statistics,"Bengaluru Bulls",1,/static-assets/images/teams/small/1.png?v=6.08,11,351
1566819047-74,https://www.prokabaddi.com/stats/49-133-total-points-conceded-statistics,"U.P. Yoddha",2,/static-assets/images/teams/small/30.png?v=6.08,10,333
1566819047-75,https://www.prokabaddi.com/stats/49-133-total-points-conceded-statistics,"Telugu Titans",3,/static-assets/images/teams/small/8.png?v=6.08,10,308
1566819047-76,https://www.prokabaddi.com/stats/49-133-total-points-conceded-statistics,"Patna Pirates",4,/static-assets/images/teams/small/6.png?v=6.08,10,307
1566819047-77,https://www.prokabaddi.com/stats/49-133-total-points-conceded-statistics,"Haryana Steelers",5,/static-assets/images/teams/small/28.png?v=6.08,9,293
1566819047-78,https://www.prokabaddi.com/stats/49-133-total-points-conceded-statistics,"Jaipur Pink Panthers",6,/static-assets/images/teams/small/3.png?v=6.08,11,291
1566819047-79,https://www.prokabaddi.com/stats/49-133-total-points-conceded-statistics,"Tamil Thalaivas",7,/static-assets/images/teams/small/29.png?v=6.08,10,284
1566819045-62,https://www.prokabaddi.com/stats/49-96-total-points-scored-statistics,"Jaipur Pink Panthers",2,/static-assets/images/teams/small/3.png?v=6.08,11,322
1566819047-80,https://www.prokabaddi.com/stats/49-133-total-points-conceded-statistics,"U Mumba",8,/static-assets/images/teams/small/5.png?v=6.08,10,283
1566819047-81,https://www.prokabaddi.com/stats/49-133-total-points-conceded-statistics,"Puneri Paltan",9,/static-assets/images/teams/small/7.png?v=6.08,9,280
1566819047-82,https://www.prokabaddi.com/stats/49-133-total-points-conceded-statistics,"Gujarat Fortunegiants",10,/static-assets/images/teams/small/31.png?v=6.08,10,274
1566819047-83,https://www.prokabaddi.com/stats/49-133-total-points-conceded-statistics,"Dabang Delhi K.C.",11,/static-assets/images/teams/small/2.png?v=6.08,9,256
1566819047-84,https://www.prokabaddi.com/stats/49-133-total-points-conceded-statistics,"Bengal Warriors",12,/static-assets/images/teams/small/4.png?v=6.08,9,251
1566819050-85,https://www.prokabaddi.com/stats/49-95-tackle-points-statistics,"Jaipur Pink Panthers",1,/static-assets/images/teams/small/3.png?v=6.08,11,127
1566819050-86,https://www.prokabaddi.com/stats/49-95-tackle-points-statistics,"Bengaluru Bulls",2,/static-assets/images/teams/small/1.png?v=6.08,11,116
1566819050-87,https://www.prokabaddi.com/stats/49-95-tackle-points-statistics,"Gujarat Fortunegiants",3,/static-assets/images/teams/small/31.png?v=6.08,10,105
1566819050-88,https://www.prokabaddi.com/stats/49-95-tackle-points-statistics,"Puneri Paltan",4,/static-assets/images/teams/small/7.png?v=6.08,9,103
1566819050-89,https://www.prokabaddi.com/stats/49-95-tackle-points-statistics,"Telugu Titans",4,/static-assets/images/teams/small/8.png?v=6.08,10,103
1566819045-63,https://www.prokabaddi.com/stats/49-96-total-points-scored-statistics,"Bengal Warriors",3,/static-assets/images/teams/small/4.png?v=6.08,9,312
1566819050-90,https://www.prokabaddi.com/stats/49-95-tackle-points-statistics,"Patna Pirates",6,/static-assets/images/teams/small/6.png?v=6.08,10,100
1566819050-91,https://www.prokabaddi.com/stats/49-95-tackle-points-statistics,"Tamil Thalaivas",7,/static-assets/images/teams/small/29.png?v=6.08,10,97
1566819050-92,https://www.prokabaddi.com/stats/49-95-tackle-points-statistics,"U.P. Yoddha",7,/static-assets/images/teams/small/30.png?v=6.08,10,97
1566819050-93,https://www.prokabaddi.com/stats/49-95-tackle-points-statistics,"U Mumba",9,/static-assets/images/teams/small/5.png?v=6.08,10,91
1566819050-94,https://www.prokabaddi.com/stats/49-95-tackle-points-statistics,"Bengal Warriors",10,/static-assets/images/teams/small/4.png?v=6.08,9,89
1566819050-95,https://www.prokabaddi.com/stats/49-95-tackle-points-statistics,"Haryana Steelers",11,/static-assets/images/teams/small/28.png?v=6.08,9,85
1566819050-96,https://www.prokabaddi.com/stats/49-95-tackle-points-statistics,"Dabang Delhi K.C.",12,/static-assets/images/teams/small/2.png?v=6.08,9,78
1566819053-97,https://www.prokabaddi.com/stats/49-136-all-outs-inflicted-statistics,"Bengal Warriors",1,/static-assets/images/teams/small/4.png?v=6.08,9,16
1566819053-98,https://www.prokabaddi.com/stats/49-136-all-outs-inflicted-statistics,"U Mumba",2,/static-assets/images/teams/small/5.png?v=6.08,10,12
1566819053-99,https://www.prokabaddi.com/stats/49-136-all-outs-inflicted-statistics,"Bengaluru Bulls",2,/static-assets/images/teams/small/1.png?v=6.08,11,12
1566819045-64,https://www.prokabaddi.com/stats/49-96-total-points-scored-statistics,"Dabang Delhi K.C.",4,/static-assets/images/teams/small/2.png?v=6.08,9,297
1566819053-100,https://www.prokabaddi.com/stats/49-136-all-outs-inflicted-statistics,"Dabang Delhi K.C.",2,/static-assets/images/teams/small/2.png?v=6.08,9,12
1566819053-101,https://www.prokabaddi.com/stats/49-136-all-outs-inflicted-statistics,"Jaipur Pink Panthers",5,/static-assets/images/teams/small/3.png?v=6.08,11,11
1566819053-102,https://www.prokabaddi.com/stats/49-136-all-outs-inflicted-statistics,"Patna Pirates",5,/static-assets/images/teams/small/6.png?v=6.08,10,11
1566819053-103,https://www.prokabaddi.com/stats/49-136-all-outs-inflicted-statistics,"Tamil Thalaivas",7,/static-assets/images/teams/small/29.png?v=6.08,10,10
1566819053-104,https://www.prokabaddi.com/stats/49-136-all-outs-inflicted-statistics,"Gujarat Fortunegiants",7,/static-assets/images/teams/small/31.png?v=6.08,10,10
1566819053-105,https://www.prokabaddi.com/stats/49-136-all-outs-inflicted-statistics,"Haryana Steelers",9,/static-assets/images/teams/small/28.png?v=6.08,9,9
1566819053-106,https://www.prokabaddi.com/stats/49-136-all-outs-inflicted-statistics,"U.P. Yoddha",10,/static-assets/images/teams/small/30.png?v=6.08,10,6
1566819053-107,https://www.prokabaddi.com/stats/49-136-all-outs-inflicted-statistics,"Puneri Paltan",11,/static-assets/images/teams/small/7.png?v=6.08,9,5
1566819053-108,https://www.prokabaddi.com/stats/49-136-all-outs-inflicted-statistics,"Telugu Titans",12,/static-assets/images/teams/small/8.png?v=6.08,10,4
1566819055-109,https://www.prokabaddi.com/stats/49-135-do-or-die-raid-points-statistics,"Jaipur Pink Panthers",1,/static-assets/images/teams/small/3.png?v=6.08,11,43
1566819045-65,https://www.prokabaddi.com/stats/49-96-total-points-scored-statistics,"Gujarat Fortunegiants",5,/static-assets/images/teams/small/31.png?v=6.08,10,294
1566819055-110,https://www.prokabaddi.com/stats/49-135-do-or-die-raid-points-statistics,"U Mumba",2,/static-assets/images/teams/small/5.png?v=6.08,10,41
1566819055-111,https://www.prokabaddi.com/stats/49-135-do-or-die-raid-points-statistics,"Puneri Paltan",3,/static-assets/images/teams/small/7.png?v=6.08,9,38
1566819055-112,https://www.prokabaddi.com/stats/49-135-do-or-die-raid-points-statistics,"Gujarat Fortunegiants",4,/static-assets/images/teams/small/31.png?v=6.08,10,33
1566819055-113,https://www.prokabaddi.com/stats/49-135-do-or-die-raid-points-statistics,"Tamil Thalaivas",5,/static-assets/images/teams/small/29.png?v=6.08,10,31
1566819055-114,https://www.prokabaddi.com/stats/49-135-do-or-die-raid-points-statistics,"U.P. Yoddha",5,/static-assets/images/teams/small/30.png?v=6.08,10,31
1566819055-115,https://www.prokabaddi.com/stats/49-135-do-or-die-raid-points-statistics,"Haryana Steelers",7,/static-assets/images/teams/small/28.png?v=6.08,9,29
1566819055-116,https://www.prokabaddi.com/stats/49-135-do-or-die-raid-points-statistics,"Patna Pirates",7,/static-assets/images/teams/small/6.png?v=6.08,10,29
1566819055-117,https://www.prokabaddi.com/stats/49-135-do-or-die-raid-points-statistics,"Telugu Titans",9,/static-assets/images/teams/small/8.png?v=6.08,10,26
1566819055-118,https://www.prokabaddi.com/stats/49-135-do-or-die-raid-points-statistics,"Bengal Warriors",10,/static-assets/images/teams/small/4.png?v=6.08,9,24
1566819055-119,https://www.prokabaddi.com/stats/49-135-do-or-die-raid-points-statistics,"Dabang Delhi K.C.",11,/static-assets/images/teams/small/2.png?v=6.08,9,21
1566819045-66,https://www.prokabaddi.com/stats/49-96-total-points-scored-statistics,"Tamil Thalaivas",6,/static-assets/images/teams/small/29.png?v=6.08,10,290
1566819055-120,https://www.prokabaddi.com/stats/49-135-do-or-die-raid-points-statistics,"Bengaluru Bulls",12,/static-assets/images/teams/small/1.png?v=6.08,11,20
1566819045-67,https://www.prokabaddi.com/stats/49-96-total-points-scored-statistics,"U Mumba",7,/static-assets/images/teams/small/5.png?v=6.08,10,288
1566819045-68,https://www.prokabaddi.com/stats/49-96-total-points-scored-statistics,"Patna Pirates",8,/static-assets/images/teams/small/6.png?v=6.08,10,280
1566819045-69,https://www.prokabaddi.com/stats/49-96-total-points-scored-statistics,"Telugu Titans",9,/static-assets/images/teams/small/8.png?v=6.08,10,275
1566819059-121,https://www.prokabaddi.com/stats/49-20-super-tackles-statistics,"Bengaluru Bulls",1,/static-assets/images/teams/small/1.png?v=6.08,11,16
1566819059-130,https://www.prokabaddi.com/stats/49-20-super-tackles-statistics,"Dabang Delhi K.C.",10,/static-assets/images/teams/small/2.png?v=6.08,9,6
1566819059-131,https://www.prokabaddi.com/stats/49-20-super-tackles-statistics,"Haryana Steelers",10,/static-assets/images/teams/small/28.png?v=6.08,9,6
1566819059-132,https://www.prokabaddi.com/stats/49-20-super-tackles-statistics,"Tamil Thalaivas",10,/static-assets/images/teams/small/29.png?v=6.08,10,6
1566819061-133,https://www.prokabaddi.com/stats/49-13-successful-raids-statistics,"Bengaluru Bulls",1,/static-assets/images/teams/small/1.png?v=6.08,11,172
1566819061-134,https://www.prokabaddi.com/stats/49-13-successful-raids-statistics,"Dabang Delhi K.C.",2,/static-assets/images/teams/small/2.png?v=6.08,9,145
1566819061-135,https://www.prokabaddi.com/stats/49-13-successful-raids-statistics,"Bengal Warriors",3,/static-assets/images/teams/small/4.png?v=6.08,9,141
1566819061-136,https://www.prokabaddi.com/stats/49-13-successful-raids-statistics,"Jaipur Pink Panthers",4,/static-assets/images/teams/small/3.png?v=6.08,11,132
1566819061-137,https://www.prokabaddi.com/stats/49-13-successful-raids-statistics,"Telugu Titans",5,/static-assets/images/teams/small/8.png?v=6.08,10,131
1566819061-138,https://www.prokabaddi.com/stats/49-13-successful-raids-statistics,"Patna Pirates",6,/static-assets/images/teams/small/6.png?v=6.08,10,127
1566819061-139,https://www.prokabaddi.com/stats/49-13-successful-raids-statistics,"Gujarat Fortunegiants",6,/static-assets/images/teams/small/31.png?v=6.08,10,127
1566819059-122,https://www.prokabaddi.com/stats/49-20-super-tackles-statistics,"Jaipur Pink Panthers",2,/static-assets/images/teams/small/3.png?v=6.08,11,15
1566819061-140,https://www.prokabaddi.com/stats/49-13-successful-raids-statistics,"Tamil Thalaivas",8,/static-assets/images/teams/small/29.png?v=6.08,10,124
1566819061-141,https://www.prokabaddi.com/stats/49-13-successful-raids-statistics,"Haryana Steelers",9,/static-assets/images/teams/small/28.png?v=6.08,9,123
1566819061-142,https://www.prokabaddi.com/stats/49-13-successful-raids-statistics,"U Mumba",10,/static-assets/images/teams/small/5.png?v=6.08,10,117
1566819061-143,https://www.prokabaddi.com/stats/49-13-successful-raids-statistics,"Puneri Paltan",11,/static-assets/images/teams/small/7.png?v=6.08,9,116
1566819061-144,https://www.prokabaddi.com/stats/49-13-successful-raids-statistics,"U.P. Yoddha",12,/static-assets/images/teams/small/30.png?v=6.08,10,107
1566819064-145,https://www.prokabaddi.com/stats/49-98-avg-raid-points-statistics,"Bengal Warriors",1,/static-assets/images/teams/small/4.png?v=6.08,9,19.22
1566819064-146,https://www.prokabaddi.com/stats/49-98-avg-raid-points-statistics,"Bengaluru Bulls",2,/static-assets/images/teams/small/1.png?v=6.08,11,19.18
1566819064-147,https://www.prokabaddi.com/stats/49-98-avg-raid-points-statistics,"Dabang Delhi K.C.",3,/static-assets/images/teams/small/2.png?v=6.08,9,18.89
1566819064-148,https://www.prokabaddi.com/stats/49-98-avg-raid-points-statistics,"Haryana Steelers",4,/static-assets/images/teams/small/28.png?v=6.08,9,17
1566819064-149,https://www.prokabaddi.com/stats/49-98-avg-raid-points-statistics,"Gujarat Fortunegiants",5,/static-assets/images/teams/small/31.png?v=6.08,10,15.6
1566819059-123,https://www.prokabaddi.com/stats/49-20-super-tackles-statistics,"U Mumba",3,/static-assets/images/teams/small/5.png?v=6.08,10,13
1566819064-150,https://www.prokabaddi.com/stats/49-98-avg-raid-points-statistics,"Puneri Paltan",6,/static-assets/images/teams/small/7.png?v=6.08,9,15.56
1566819064-151,https://www.prokabaddi.com/stats/49-98-avg-raid-points-statistics,"U Mumba",7,/static-assets/images/teams/small/5.png?v=6.08,10,15.4
1566819064-152,https://www.prokabaddi.com/stats/49-98-avg-raid-points-statistics,"Tamil Thalaivas",8,/static-assets/images/teams/small/29.png?v=6.08,10,15.2
1566819064-153,https://www.prokabaddi.com/stats/49-98-avg-raid-points-statistics,"Telugu Titans",9,/static-assets/images/teams/small/8.png?v=6.08,10,14.9
1566819064-154,https://www.prokabaddi.com/stats/49-98-avg-raid-points-statistics,"Patna Pirates",10,/static-assets/images/teams/small/6.png?v=6.08,10,14.4
1566819064-155,https://www.prokabaddi.com/stats/49-98-avg-raid-points-statistics,"Jaipur Pink Panthers",11,/static-assets/images/teams/small/3.png?v=6.08,11,14.27
1566819064-156,https://www.prokabaddi.com/stats/49-98-avg-raid-points-statistics,"U.P. Yoddha",12,/static-assets/images/teams/small/30.png?v=6.08,10,13.7
1566819059-124,https://www.prokabaddi.com/stats/49-20-super-tackles-statistics,"Patna Pirates",3,/static-assets/images/teams/small/6.png?v=6.08,10,13
1566819059-125,https://www.prokabaddi.com/stats/49-20-super-tackles-statistics,"Puneri Paltan",5,/static-assets/images/teams/small/7.png?v=6.08,9,12
1566819059-126,https://www.prokabaddi.com/stats/49-20-super-tackles-statistics,"Telugu Titans",6,/static-assets/images/teams/small/8.png?v=6.08,10,9
1566819059-127,https://www.prokabaddi.com/stats/49-20-super-tackles-statistics,"Gujarat Fortunegiants",6,/static-assets/images/teams/small/31.png?v=6.08,10,9
1566819059-128,https://www.prokabaddi.com/stats/49-20-super-tackles-statistics,"U.P. Yoddha",8,/static-assets/images/teams/small/30.png?v=6.08,10,8
1566819059-129,https://www.prokabaddi.com/stats/49-20-super-tackles-statistics,"Bengal Warriors",9,/static-assets/images/teams/small/4.png?v=6.08,9,7
