﻿web-scraper-order,web-scraper-start-url,name,team,type,points,credits,announced
1565790413-1,https://www.dream11.com/kabaddi/create-team/1092/15104,"D Cheralathan",HAR,DEF,94,15,Announced
1565790413-10,https://www.dream11.com/kabaddi/create-team/1092/15104,"A Nagar",UP,DEF,0,12.5,
1565790413-11,https://www.dream11.com/kabaddi/create-team/1092/15104,"S Narwal",HAR,DEF,0,11,
1565790413-12,https://www.dream11.com/kabaddi/create-team/1092/15104,"V Kandola",HAR,DEF,4,11,
1565790413-13,https://www.dream11.com/kabaddi/create-team/1092/15104,"C Singh",HAR,DEF,0,9.5,
1565790413-14,https://www.dream11.com/kabaddi/create-team/1092/15104,Naveen-I,HAR,ALL,133,15.5,
1565790413-15,https://www.dream11.com/kabaddi/create-team/1092/15104,"K Singh",HAR,ALL,46,14.5,
1565790413-16,https://www.dream11.com/kabaddi/create-team/1092/15104,Sachin-Kumar,UP,ALL,8,13.5,
1565790413-17,https://www.dream11.com/kabaddi/create-team/1092/15104,"M Maghsoudlou",UP,ALL,15,13.5,Announced
1565790413-18,https://www.dream11.com/kabaddi/create-team/1092/15104,Narender,UP,ALL,-6,13,
1565790413-19,https://www.dream11.com/kabaddi/create-team/1092/15104,"P Tin",HAR,ALL,0,12,
1565790413-2,https://www.dream11.com/kabaddi/create-team/1092/15104,Parveen,HAR,DEF,32,14,
1565790413-20,https://www.dream11.com/kabaddi/create-team/1092/15104,Gurdeep,UP,ALL,0,11.5,
1565790413-21,https://www.dream11.com/kabaddi/create-team/1092/15104,Arkam-Shaikh,UP,ALL,0,11.5,
1565790413-22,https://www.dream11.com/kabaddi/create-team/1092/15104,"M Goyat",UP,RAI,104,16,Announced
1565790413-23,https://www.dream11.com/kabaddi/create-team/1092/15104,"V Khandola",HAR,RAI,112,15.5,Announced
1565790413-24,https://www.dream11.com/kabaddi/create-team/1092/15104,"R Devadiga",UP,RAI,34,15,
1565790413-25,https://www.dream11.com/kabaddi/create-team/1092/15104,"S Jadhav",UP,RAI,82,14.5,Announced
1565790413-26,https://www.dream11.com/kabaddi/create-team/1092/15104,"P Kumar-Rai",HAR,RAI,0,14,Announced
1565790413-27,https://www.dream11.com/kabaddi/create-team/1092/15104,"K Selvamani",HAR,RAI,38,14,
1565790413-28,https://www.dream11.com/kabaddi/create-team/1092/15104,Surender-Singh,UP,RAI,4,14,
1565790413-29,https://www.dream11.com/kabaddi/create-team/1092/15104,Vinay,HAR,RAI,111,13,Announced
1565790413-3,https://www.dream11.com/kabaddi/create-team/1092/15104,Nitesh-Kumar,UP,DEF,91,14,Announced
1565790413-30,https://www.dream11.com/kabaddi/create-team/1092/15104,Azad-Singh,UP,RAI,11,13,
1565790413-31,https://www.dream11.com/kabaddi/create-team/1092/15104,Arun-Kumar,HAR,RAI,5,12.5,
1565790413-32,https://www.dream11.com/kabaddi/create-team/1092/15104,"M M Karim",UP,RAI,0,12.5,
1565790413-33,https://www.dream11.com/kabaddi/create-team/1092/15104,Surender-Gill,UP,RAI,40,12,
1565790413-34,https://www.dream11.com/kabaddi/create-team/1092/15104,Ankush,UP,RAI,0,12,
1565790413-35,https://www.dream11.com/kabaddi/create-team/1092/15104,"V Chhillar",HAR,RAI,0,11.5,
1565790413-36,https://www.dream11.com/kabaddi/create-team/1092/15104,Gulveer-Singh,UP,RAI,0,11.5,
1565790413-37,https://www.dream11.com/kabaddi/create-team/1092/15104,"A M Maleki",HAR,RAI,0,10,
1565790413-4,https://www.dream11.com/kabaddi/create-team/1092/15104,"V Kale",HAR,DEF,95,13.5,Announced
1565790413-5,https://www.dream11.com/kabaddi/create-team/1092/15104,Ravi-Kumar,HAR,DEF,36,13.5,Announced
1565790413-6,https://www.dream11.com/kabaddi/create-team/1092/15104,Amit,UP,DEF,75,13.5,Announced
1565790413-7,https://www.dream11.com/kabaddi/create-team/1092/15104,Sunil,HAR,DEF,76,13,Announced
1565790413-8,https://www.dream11.com/kabaddi/create-team/1092/15104,Sumit,UP,DEF,140,13,Announced
1565790413-9,https://www.dream11.com/kabaddi/create-team/1092/15104,Ashu-Singh,UP,DEF,83,12.5,Announced
