﻿web-scraper-order,web-scraper-start-url,name,rank,team_id,matches,points
1567251043-1,https://www.prokabaddi.com/stats/49-97-raid-points-statistics,"Bengal Warriors",1,/static-assets/images/teams/small/4.png?v=6.08,11,218
1567251043-10,https://www.prokabaddi.com/stats/49-97-raid-points-statistics,"Telugu Titans",10,/static-assets/images/teams/small/8.png?v=6.08,11,159
1567251043-11,https://www.prokabaddi.com/stats/49-97-raid-points-statistics,"U.P. Yoddha",11,/static-assets/images/teams/small/30.png?v=6.08,11,157
1567251043-12,https://www.prokabaddi.com/stats/49-97-raid-points-statistics,"Jaipur Pink Panthers",11,/static-assets/images/teams/small/3.png?v=6.08,11,157
1567251047-13,https://www.prokabaddi.com/stats/49-140-avg-points-scored-statistics,"Bengaluru Bulls",1,/static-assets/images/teams/small/1.png?v=6.08,11,29.72
1567251047-14,https://www.prokabaddi.com/stats/49-140-avg-points-scored-statistics,"Bengal Warriors",2,/static-assets/images/teams/small/4.png?v=6.08,11,29.27
1567251047-15,https://www.prokabaddi.com/stats/49-140-avg-points-scored-statistics,"Dabang Delhi K.C.",3,/static-assets/images/teams/small/2.png?v=6.08,11,28.72
1567251047-16,https://www.prokabaddi.com/stats/49-140-avg-points-scored-statistics,"Haryana Steelers",4,/static-assets/images/teams/small/28.png?v=6.08,11,27.54
1567251047-17,https://www.prokabaddi.com/stats/49-140-avg-points-scored-statistics,"Puneri Paltan",5,/static-assets/images/teams/small/7.png?v=6.08,11,27.18
1567251047-18,https://www.prokabaddi.com/stats/49-140-avg-points-scored-statistics,"Gujarat Fortunegiants",6,/static-assets/images/teams/small/31.png?v=6.08,11,25.9
1567251047-19,https://www.prokabaddi.com/stats/49-140-avg-points-scored-statistics,"Jaipur Pink Panthers",7,/static-assets/images/teams/small/3.png?v=6.08,11,25.81
1567251043-2,https://www.prokabaddi.com/stats/49-97-raid-points-statistics,"Bengaluru Bulls",2,/static-assets/images/teams/small/1.png?v=6.08,11,211
1567251047-20,https://www.prokabaddi.com/stats/49-140-avg-points-scored-statistics,"Telugu Titans",8,/static-assets/images/teams/small/8.png?v=6.08,11,25.36
1567251047-21,https://www.prokabaddi.com/stats/49-140-avg-points-scored-statistics,"Tamil Thalaivas",9,/static-assets/images/teams/small/29.png?v=6.08,11,25
1567251047-22,https://www.prokabaddi.com/stats/49-140-avg-points-scored-statistics,"Patna Pirates",9,/static-assets/images/teams/small/6.png?v=6.08,11,25
1567251047-23,https://www.prokabaddi.com/stats/49-140-avg-points-scored-statistics,"U Mumba",11,/static-assets/images/teams/small/5.png?v=6.08,11,24.45
1567251047-24,https://www.prokabaddi.com/stats/49-140-avg-points-scored-statistics,"U.P. Yoddha",12,/static-assets/images/teams/small/30.png?v=6.08,11,24
1567251051-25,https://www.prokabaddi.com/stats/49-134-super-raid-statistics,"Bengal Warriors",1,/static-assets/images/teams/small/4.png?v=6.08,11,7
1567251051-26,https://www.prokabaddi.com/stats/49-134-super-raid-statistics,"Haryana Steelers",1,/static-assets/images/teams/small/28.png?v=6.08,11,7
1567251051-27,https://www.prokabaddi.com/stats/49-134-super-raid-statistics,"Tamil Thalaivas",3,/static-assets/images/teams/small/29.png?v=6.08,11,4
1567251051-28,https://www.prokabaddi.com/stats/49-134-super-raid-statistics,"Patna Pirates",3,/static-assets/images/teams/small/6.png?v=6.08,11,4
1567251051-29,https://www.prokabaddi.com/stats/49-134-super-raid-statistics,"Bengaluru Bulls",3,/static-assets/images/teams/small/1.png?v=6.08,11,4
1567251043-3,https://www.prokabaddi.com/stats/49-97-raid-points-statistics,"Dabang Delhi K.C.",2,/static-assets/images/teams/small/2.png?v=6.08,11,211
1567251051-30,https://www.prokabaddi.com/stats/49-134-super-raid-statistics,"Dabang Delhi K.C.",6,/static-assets/images/teams/small/2.png?v=6.08,11,3
1567251051-31,https://www.prokabaddi.com/stats/49-134-super-raid-statistics,"U Mumba",6,/static-assets/images/teams/small/5.png?v=6.08,11,3
1567251051-32,https://www.prokabaddi.com/stats/49-134-super-raid-statistics,"Jaipur Pink Panthers",8,/static-assets/images/teams/small/3.png?v=6.08,11,2
1567251051-33,https://www.prokabaddi.com/stats/49-134-super-raid-statistics,"Puneri Paltan",8,/static-assets/images/teams/small/7.png?v=6.08,11,2
1567251051-34,https://www.prokabaddi.com/stats/49-134-super-raid-statistics,"Telugu Titans",8,/static-assets/images/teams/small/8.png?v=6.08,11,2
1567251051-35,https://www.prokabaddi.com/stats/49-134-super-raid-statistics,"Gujarat Fortunegiants",8,/static-assets/images/teams/small/31.png?v=6.08,11,2
1567251051-36,https://www.prokabaddi.com/stats/49-134-super-raid-statistics,"U.P. Yoddha",12,/static-assets/images/teams/small/30.png?v=6.08,11,1
1567251054-37,https://www.prokabaddi.com/stats/49-15-successful-tackles-statistics,"Jaipur Pink Panthers",1,/static-assets/images/teams/small/3.png?v=6.08,11,112
1567251054-38,https://www.prokabaddi.com/stats/49-15-successful-tackles-statistics,"Puneri Paltan",1,/static-assets/images/teams/small/7.png?v=6.08,11,112
1567251054-39,https://www.prokabaddi.com/stats/49-15-successful-tackles-statistics,"Telugu Titans",3,/static-assets/images/teams/small/8.png?v=6.08,11,105
1567251043-4,https://www.prokabaddi.com/stats/49-97-raid-points-statistics,"Haryana Steelers",4,/static-assets/images/teams/small/28.png?v=6.08,11,196
1567251054-40,https://www.prokabaddi.com/stats/49-15-successful-tackles-statistics,"Gujarat Fortunegiants",4,/static-assets/images/teams/small/31.png?v=6.08,11,102
1567251054-41,https://www.prokabaddi.com/stats/49-15-successful-tackles-statistics,"Bengaluru Bulls",5,/static-assets/images/teams/small/1.png?v=6.08,11,101
1567251054-42,https://www.prokabaddi.com/stats/49-15-successful-tackles-statistics,"Dabang Delhi K.C.",6,/static-assets/images/teams/small/2.png?v=6.08,11,100
1567251054-43,https://www.prokabaddi.com/stats/49-15-successful-tackles-statistics,"Haryana Steelers",6,/static-assets/images/teams/small/28.png?v=6.08,11,100
1567251054-44,https://www.prokabaddi.com/stats/49-15-successful-tackles-statistics,"U.P. Yoddha",6,/static-assets/images/teams/small/30.png?v=6.08,11,100
1567251054-45,https://www.prokabaddi.com/stats/49-15-successful-tackles-statistics,"Tamil Thalaivas",9,/static-assets/images/teams/small/29.png?v=6.08,11,99
1567251054-46,https://www.prokabaddi.com/stats/49-15-successful-tackles-statistics,"Bengal Warriors",10,/static-assets/images/teams/small/4.png?v=6.08,11,98
1567251054-47,https://www.prokabaddi.com/stats/49-15-successful-tackles-statistics,"Patna Pirates",11,/static-assets/images/teams/small/6.png?v=6.08,11,94
1567251054-48,https://www.prokabaddi.com/stats/49-15-successful-tackles-statistics,"U Mumba",12,/static-assets/images/teams/small/5.png?v=6.08,11,88
1567251058-49,https://www.prokabaddi.com/stats/49-99-avg-tackle-points-statistics,"Jaipur Pink Panthers",1,/static-assets/images/teams/small/3.png?v=6.08,11,11.55
1567251043-5,https://www.prokabaddi.com/stats/49-97-raid-points-statistics,"Puneri Paltan",5,/static-assets/images/teams/small/7.png?v=6.08,11,174
1567251058-50,https://www.prokabaddi.com/stats/49-99-avg-tackle-points-statistics,"Puneri Paltan",2,/static-assets/images/teams/small/7.png?v=6.08,11,11.36
1567251058-51,https://www.prokabaddi.com/stats/49-99-avg-tackle-points-statistics,"Telugu Titans",3,/static-assets/images/teams/small/8.png?v=6.08,11,10.91
1567251058-52,https://www.prokabaddi.com/stats/49-99-avg-tackle-points-statistics,"Bengaluru Bulls",4,/static-assets/images/teams/small/1.png?v=6.08,11,10.55
1567251058-53,https://www.prokabaddi.com/stats/49-99-avg-tackle-points-statistics,"Gujarat Fortunegiants",5,/static-assets/images/teams/small/31.png?v=6.08,11,10.27
1567251058-54,https://www.prokabaddi.com/stats/49-99-avg-tackle-points-statistics,"Patna Pirates",6,/static-assets/images/teams/small/6.png?v=6.08,11,9.73
1567251058-55,https://www.prokabaddi.com/stats/49-99-avg-tackle-points-statistics,"U.P. Yoddha",6,/static-assets/images/teams/small/30.png?v=6.08,11,9.73
1567251058-56,https://www.prokabaddi.com/stats/49-99-avg-tackle-points-statistics,"Haryana Steelers",6,/static-assets/images/teams/small/28.png?v=6.08,11,9.73
1567251058-57,https://www.prokabaddi.com/stats/49-99-avg-tackle-points-statistics,"Dabang Delhi K.C.",9,/static-assets/images/teams/small/2.png?v=6.08,11,9.55
1567251058-58,https://www.prokabaddi.com/stats/49-99-avg-tackle-points-statistics,"Bengal Warriors",10,/static-assets/images/teams/small/4.png?v=6.08,11,9.45
1567251058-59,https://www.prokabaddi.com/stats/49-99-avg-tackle-points-statistics,"Tamil Thalaivas",11,/static-assets/images/teams/small/29.png?v=6.08,11,9.36
1567251043-6,https://www.prokabaddi.com/stats/49-97-raid-points-statistics,"Tamil Thalaivas",6,/static-assets/images/teams/small/29.png?v=6.08,11,172
1567251058-60,https://www.prokabaddi.com/stats/49-99-avg-tackle-points-statistics,"U Mumba",12,/static-assets/images/teams/small/5.png?v=6.08,11,9.18
1567251043-7,https://www.prokabaddi.com/stats/49-97-raid-points-statistics,"Gujarat Fortunegiants",6,/static-assets/images/teams/small/31.png?v=6.08,11,172
1567251043-8,https://www.prokabaddi.com/stats/49-97-raid-points-statistics,"U Mumba",8,/static-assets/images/teams/small/5.png?v=6.08,11,168
1567251043-9,https://www.prokabaddi.com/stats/49-97-raid-points-statistics,"Patna Pirates",8,/static-assets/images/teams/small/6.png?v=6.08,11,168
1567251062-61,https://www.prokabaddi.com/stats/49-96-total-points-scored-statistics,"Bengal Warriors",1,/static-assets/images/teams/small/4.png?v=6.08,11,380
1567251062-70,https://www.prokabaddi.com/stats/49-96-total-points-scored-statistics,"U Mumba",10,/static-assets/images/teams/small/5.png?v=6.08,11,312
1567251062-71,https://www.prokabaddi.com/stats/49-96-total-points-scored-statistics,"Telugu Titans",11,/static-assets/images/teams/small/8.png?v=6.08,11,302
1567251062-72,https://www.prokabaddi.com/stats/49-96-total-points-scored-statistics,"U.P. Yoddha",12,/static-assets/images/teams/small/30.png?v=6.08,11,292
1567251067-73,https://www.prokabaddi.com/stats/49-133-total-points-conceded-statistics,"U.P. Yoddha",1,/static-assets/images/teams/small/30.png?v=6.08,11,363
1567251067-74,https://www.prokabaddi.com/stats/49-133-total-points-conceded-statistics,"Bengaluru Bulls",2,/static-assets/images/teams/small/1.png?v=6.08,11,351
1567251067-75,https://www.prokabaddi.com/stats/49-133-total-points-conceded-statistics,"Haryana Steelers",2,/static-assets/images/teams/small/28.png?v=6.08,11,351
1567251067-76,https://www.prokabaddi.com/stats/49-133-total-points-conceded-statistics,"Patna Pirates",4,/static-assets/images/teams/small/6.png?v=6.08,11,345
1567251067-77,https://www.prokabaddi.com/stats/49-133-total-points-conceded-statistics,"Puneri Paltan",5,/static-assets/images/teams/small/7.png?v=6.08,11,342
1567251067-78,https://www.prokabaddi.com/stats/49-133-total-points-conceded-statistics,"Telugu Titans",5,/static-assets/images/teams/small/8.png?v=6.08,11,342
1567251067-79,https://www.prokabaddi.com/stats/49-133-total-points-conceded-statistics,"U Mumba",7,/static-assets/images/teams/small/5.png?v=6.08,11,323
1567251062-62,https://www.prokabaddi.com/stats/49-96-total-points-scored-statistics,"Dabang Delhi K.C.",2,/static-assets/images/teams/small/2.png?v=6.08,11,375
1567251067-80,https://www.prokabaddi.com/stats/49-133-total-points-conceded-statistics,"Tamil Thalaivas",8,/static-assets/images/teams/small/29.png?v=6.08,11,319
1567251067-81,https://www.prokabaddi.com/stats/49-133-total-points-conceded-statistics,"Dabang Delhi K.C.",9,/static-assets/images/teams/small/2.png?v=6.08,11,315
1567251067-82,https://www.prokabaddi.com/stats/49-133-total-points-conceded-statistics,"Gujarat Fortunegiants",9,/static-assets/images/teams/small/31.png?v=6.08,11,315
1567251067-83,https://www.prokabaddi.com/stats/49-133-total-points-conceded-statistics,"Bengal Warriors",11,/static-assets/images/teams/small/4.png?v=6.08,11,313
1567251067-84,https://www.prokabaddi.com/stats/49-133-total-points-conceded-statistics,"Jaipur Pink Panthers",12,/static-assets/images/teams/small/3.png?v=6.08,11,291
1567251070-85,https://www.prokabaddi.com/stats/49-95-tackle-points-statistics,"Jaipur Pink Panthers",1,/static-assets/images/teams/small/3.png?v=6.08,11,127
1567251070-86,https://www.prokabaddi.com/stats/49-95-tackle-points-statistics,"Puneri Paltan",2,/static-assets/images/teams/small/7.png?v=6.08,11,125
1567251070-87,https://www.prokabaddi.com/stats/49-95-tackle-points-statistics,"Telugu Titans",3,/static-assets/images/teams/small/8.png?v=6.08,11,120
1567251070-88,https://www.prokabaddi.com/stats/49-95-tackle-points-statistics,"Bengaluru Bulls",4,/static-assets/images/teams/small/1.png?v=6.08,11,116
1567251070-89,https://www.prokabaddi.com/stats/49-95-tackle-points-statistics,"Gujarat Fortunegiants",5,/static-assets/images/teams/small/31.png?v=6.08,11,113
1567251062-63,https://www.prokabaddi.com/stats/49-96-total-points-scored-statistics,"Bengaluru Bulls",3,/static-assets/images/teams/small/1.png?v=6.08,11,368
1567251070-90,https://www.prokabaddi.com/stats/49-95-tackle-points-statistics,"Patna Pirates",6,/static-assets/images/teams/small/6.png?v=6.08,11,107
1567251070-91,https://www.prokabaddi.com/stats/49-95-tackle-points-statistics,"U.P. Yoddha",6,/static-assets/images/teams/small/30.png?v=6.08,11,107
1567251070-92,https://www.prokabaddi.com/stats/49-95-tackle-points-statistics,"Haryana Steelers",6,/static-assets/images/teams/small/28.png?v=6.08,11,107
1567251070-93,https://www.prokabaddi.com/stats/49-95-tackle-points-statistics,"Dabang Delhi K.C.",9,/static-assets/images/teams/small/2.png?v=6.08,11,105
1567251070-94,https://www.prokabaddi.com/stats/49-95-tackle-points-statistics,"Bengal Warriors",10,/static-assets/images/teams/small/4.png?v=6.08,11,104
1567251070-95,https://www.prokabaddi.com/stats/49-95-tackle-points-statistics,"Tamil Thalaivas",11,/static-assets/images/teams/small/29.png?v=6.08,11,103
1567251070-96,https://www.prokabaddi.com/stats/49-95-tackle-points-statistics,"U Mumba",12,/static-assets/images/teams/small/5.png?v=6.08,11,101
1567251074-97,https://www.prokabaddi.com/stats/49-136-all-outs-inflicted-statistics,"Bengal Warriors",1,/static-assets/images/teams/small/4.png?v=6.08,11,19
1567251074-98,https://www.prokabaddi.com/stats/49-136-all-outs-inflicted-statistics,"Dabang Delhi K.C.",2,/static-assets/images/teams/small/2.png?v=6.08,11,17
1567251074-99,https://www.prokabaddi.com/stats/49-136-all-outs-inflicted-statistics,"Patna Pirates",3,/static-assets/images/teams/small/6.png?v=6.08,11,13
1567251062-64,https://www.prokabaddi.com/stats/49-96-total-points-scored-statistics,"Haryana Steelers",4,/static-assets/images/teams/small/28.png?v=6.08,11,344
1567251074-100,https://www.prokabaddi.com/stats/49-136-all-outs-inflicted-statistics,"Haryana Steelers",3,/static-assets/images/teams/small/28.png?v=6.08,11,13
1567251074-101,https://www.prokabaddi.com/stats/49-136-all-outs-inflicted-statistics,"U Mumba",5,/static-assets/images/teams/small/5.png?v=6.08,11,12
1567251074-102,https://www.prokabaddi.com/stats/49-136-all-outs-inflicted-statistics,"Bengaluru Bulls",5,/static-assets/images/teams/small/1.png?v=6.08,11,12
1567251074-103,https://www.prokabaddi.com/stats/49-136-all-outs-inflicted-statistics,"Jaipur Pink Panthers",7,/static-assets/images/teams/small/3.png?v=6.08,11,11
1567251074-104,https://www.prokabaddi.com/stats/49-136-all-outs-inflicted-statistics,"Tamil Thalaivas",8,/static-assets/images/teams/small/29.png?v=6.08,11,10
1567251074-105,https://www.prokabaddi.com/stats/49-136-all-outs-inflicted-statistics,"Gujarat Fortunegiants",8,/static-assets/images/teams/small/31.png?v=6.08,11,10
1567251074-106,https://www.prokabaddi.com/stats/49-136-all-outs-inflicted-statistics,"U.P. Yoddha",10,/static-assets/images/teams/small/30.png?v=6.08,11,8
1567251074-107,https://www.prokabaddi.com/stats/49-136-all-outs-inflicted-statistics,"Puneri Paltan",11,/static-assets/images/teams/small/7.png?v=6.08,11,7
1567251074-108,https://www.prokabaddi.com/stats/49-136-all-outs-inflicted-statistics,"Telugu Titans",12,/static-assets/images/teams/small/8.png?v=6.08,11,4
1567251077-109,https://www.prokabaddi.com/stats/49-135-do-or-die-raid-points-statistics,"Jaipur Pink Panthers",1,/static-assets/images/teams/small/3.png?v=6.08,11,43
1567251062-65,https://www.prokabaddi.com/stats/49-96-total-points-scored-statistics,"Puneri Paltan",5,/static-assets/images/teams/small/7.png?v=6.08,11,325
1567251077-110,https://www.prokabaddi.com/stats/49-135-do-or-die-raid-points-statistics,"U Mumba",2,/static-assets/images/teams/small/5.png?v=6.08,11,42
1567251077-111,https://www.prokabaddi.com/stats/49-135-do-or-die-raid-points-statistics,"Puneri Paltan",2,/static-assets/images/teams/small/7.png?v=6.08,11,42
1567251077-112,https://www.prokabaddi.com/stats/49-135-do-or-die-raid-points-statistics,"Haryana Steelers",4,/static-assets/images/teams/small/28.png?v=6.08,11,39
1567251077-113,https://www.prokabaddi.com/stats/49-135-do-or-die-raid-points-statistics,"Tamil Thalaivas",5,/static-assets/images/teams/small/29.png?v=6.08,11,37
1567251077-114,https://www.prokabaddi.com/stats/49-135-do-or-die-raid-points-statistics,"U.P. Yoddha",6,/static-assets/images/teams/small/30.png?v=6.08,11,34
1567251077-115,https://www.prokabaddi.com/stats/49-135-do-or-die-raid-points-statistics,"Gujarat Fortunegiants",7,/static-assets/images/teams/small/31.png?v=6.08,11,33
1567251077-116,https://www.prokabaddi.com/stats/49-135-do-or-die-raid-points-statistics,"Patna Pirates",8,/static-assets/images/teams/small/6.png?v=6.08,11,31
1567251077-117,https://www.prokabaddi.com/stats/49-135-do-or-die-raid-points-statistics,"Dabang Delhi K.C.",9,/static-assets/images/teams/small/2.png?v=6.08,11,29
1567251077-118,https://www.prokabaddi.com/stats/49-135-do-or-die-raid-points-statistics,"Bengal Warriors",10,/static-assets/images/teams/small/4.png?v=6.08,11,26
1567251077-119,https://www.prokabaddi.com/stats/49-135-do-or-die-raid-points-statistics,"Telugu Titans",10,/static-assets/images/teams/small/8.png?v=6.08,11,26
1567251062-66,https://www.prokabaddi.com/stats/49-96-total-points-scored-statistics,"Jaipur Pink Panthers",6,/static-assets/images/teams/small/3.png?v=6.08,11,322
1567251077-120,https://www.prokabaddi.com/stats/49-135-do-or-die-raid-points-statistics,"Bengaluru Bulls",12,/static-assets/images/teams/small/1.png?v=6.08,11,20
1567251062-67,https://www.prokabaddi.com/stats/49-96-total-points-scored-statistics,"Gujarat Fortunegiants",7,/static-assets/images/teams/small/31.png?v=6.08,11,319
1567251062-68,https://www.prokabaddi.com/stats/49-96-total-points-scored-statistics,"Tamil Thalaivas",8,/static-assets/images/teams/small/29.png?v=6.08,11,316
1567251062-69,https://www.prokabaddi.com/stats/49-96-total-points-scored-statistics,"Patna Pirates",9,/static-assets/images/teams/small/6.png?v=6.08,11,315
1567251082-121,https://www.prokabaddi.com/stats/49-20-super-tackles-statistics,"Bengaluru Bulls",1,/static-assets/images/teams/small/1.png?v=6.08,11,16
1567251082-130,https://www.prokabaddi.com/stats/49-20-super-tackles-statistics,"Bengal Warriors",9,/static-assets/images/teams/small/4.png?v=6.08,11,7
1567251082-131,https://www.prokabaddi.com/stats/49-20-super-tackles-statistics,"Dabang Delhi K.C.",11,/static-assets/images/teams/small/2.png?v=6.08,11,6
1567251082-132,https://www.prokabaddi.com/stats/49-20-super-tackles-statistics,"Tamil Thalaivas",11,/static-assets/images/teams/small/29.png?v=6.08,11,6
1567251085-133,https://www.prokabaddi.com/stats/49-13-successful-raids-statistics,"Bengal Warriors",1,/static-assets/images/teams/small/4.png?v=6.08,11,180
1567251085-134,https://www.prokabaddi.com/stats/49-13-successful-raids-statistics,"Dabang Delhi K.C.",2,/static-assets/images/teams/small/2.png?v=6.08,11,178
1567251085-135,https://www.prokabaddi.com/stats/49-13-successful-raids-statistics,"Bengaluru Bulls",3,/static-assets/images/teams/small/1.png?v=6.08,11,172
1567251085-136,https://www.prokabaddi.com/stats/49-13-successful-raids-statistics,"Haryana Steelers",4,/static-assets/images/teams/small/28.png?v=6.08,11,156
1567251085-137,https://www.prokabaddi.com/stats/49-13-successful-raids-statistics,"Puneri Paltan",5,/static-assets/images/teams/small/7.png?v=6.08,11,145
1567251085-138,https://www.prokabaddi.com/stats/49-13-successful-raids-statistics,"Patna Pirates",6,/static-assets/images/teams/small/6.png?v=6.08,11,144
1567251085-139,https://www.prokabaddi.com/stats/49-13-successful-raids-statistics,"Gujarat Fortunegiants",7,/static-assets/images/teams/small/31.png?v=6.08,11,142
1567251082-122,https://www.prokabaddi.com/stats/49-20-super-tackles-statistics,"Telugu Titans",1,/static-assets/images/teams/small/8.png?v=6.08,11,16
1567251085-140,https://www.prokabaddi.com/stats/49-13-successful-raids-statistics,"Telugu Titans",8,/static-assets/images/teams/small/8.png?v=6.08,11,140
1567251085-141,https://www.prokabaddi.com/stats/49-13-successful-raids-statistics,"Tamil Thalaivas",9,/static-assets/images/teams/small/29.png?v=6.08,11,138
1567251085-142,https://www.prokabaddi.com/stats/49-13-successful-raids-statistics,"Jaipur Pink Panthers",10,/static-assets/images/teams/small/3.png?v=6.08,11,132
1567251085-143,https://www.prokabaddi.com/stats/49-13-successful-raids-statistics,"U Mumba",11,/static-assets/images/teams/small/5.png?v=6.08,11,127
1567251085-144,https://www.prokabaddi.com/stats/49-13-successful-raids-statistics,"U.P. Yoddha",12,/static-assets/images/teams/small/30.png?v=6.08,11,123
1567251090-145,https://www.prokabaddi.com/stats/49-98-avg-raid-points-statistics,"Bengal Warriors",1,/static-assets/images/teams/small/4.png?v=6.08,11,19.82
1567251090-146,https://www.prokabaddi.com/stats/49-98-avg-raid-points-statistics,"Bengaluru Bulls",2,/static-assets/images/teams/small/1.png?v=6.08,11,19.18
1567251090-147,https://www.prokabaddi.com/stats/49-98-avg-raid-points-statistics,"Dabang Delhi K.C.",2,/static-assets/images/teams/small/2.png?v=6.08,11,19.18
1567251090-148,https://www.prokabaddi.com/stats/49-98-avg-raid-points-statistics,"Haryana Steelers",4,/static-assets/images/teams/small/28.png?v=6.08,11,17.82
1567251090-149,https://www.prokabaddi.com/stats/49-98-avg-raid-points-statistics,"Puneri Paltan",5,/static-assets/images/teams/small/7.png?v=6.08,11,15.82
1567251082-123,https://www.prokabaddi.com/stats/49-20-super-tackles-statistics,"U Mumba",3,/static-assets/images/teams/small/5.png?v=6.08,11,15
1567251090-150,https://www.prokabaddi.com/stats/49-98-avg-raid-points-statistics,"Tamil Thalaivas",6,/static-assets/images/teams/small/29.png?v=6.08,11,15.64
1567251090-151,https://www.prokabaddi.com/stats/49-98-avg-raid-points-statistics,"Gujarat Fortunegiants",6,/static-assets/images/teams/small/31.png?v=6.08,11,15.64
1567251090-152,https://www.prokabaddi.com/stats/49-98-avg-raid-points-statistics,"U Mumba",8,/static-assets/images/teams/small/5.png?v=6.08,11,15.27
1567251090-153,https://www.prokabaddi.com/stats/49-98-avg-raid-points-statistics,"Patna Pirates",8,/static-assets/images/teams/small/6.png?v=6.08,11,15.27
1567251090-154,https://www.prokabaddi.com/stats/49-98-avg-raid-points-statistics,"Telugu Titans",10,/static-assets/images/teams/small/8.png?v=6.08,11,14.45
1567251090-155,https://www.prokabaddi.com/stats/49-98-avg-raid-points-statistics,"U.P. Yoddha",11,/static-assets/images/teams/small/30.png?v=6.08,11,14.27
1567251090-156,https://www.prokabaddi.com/stats/49-98-avg-raid-points-statistics,"Jaipur Pink Panthers",11,/static-assets/images/teams/small/3.png?v=6.08,11,14.27
1567251082-124,https://www.prokabaddi.com/stats/49-20-super-tackles-statistics,"Jaipur Pink Panthers",3,/static-assets/images/teams/small/3.png?v=6.08,11,15
1567251082-125,https://www.prokabaddi.com/stats/49-20-super-tackles-statistics,"Patna Pirates",5,/static-assets/images/teams/small/6.png?v=6.08,11,13
1567251082-126,https://www.prokabaddi.com/stats/49-20-super-tackles-statistics,"Puneri Paltan",5,/static-assets/images/teams/small/7.png?v=6.08,11,13
1567251082-127,https://www.prokabaddi.com/stats/49-20-super-tackles-statistics,"Gujarat Fortunegiants",7,/static-assets/images/teams/small/31.png?v=6.08,11,11
1567251082-128,https://www.prokabaddi.com/stats/49-20-super-tackles-statistics,"U.P. Yoddha",8,/static-assets/images/teams/small/30.png?v=6.08,11,8
1567251082-129,https://www.prokabaddi.com/stats/49-20-super-tackles-statistics,"Haryana Steelers",9,/static-assets/images/teams/small/28.png?v=6.08,11,7
