web-scraper-order,web-scraper-start-url,name,team,type,points,credits,announced
1566840232-1,https://www.dream11.com/kabaddi/create-team/1092/15125,Sumit,UP,DEF,205,14.5,Announced
1566840232-10,https://www.dream11.com/kabaddi/create-team/1092/15125,J B Shahaji,PUN,DEF,74,12.5,
1566840232-11,https://www.dream11.com/kabaddi/create-team/1092/15125,D Yadav,PUN,DEF,0,12.5,
1566840232-12,https://www.dream11.com/kabaddi/create-team/1092/15125,Satpal,PUN,DEF,0,12.5,
1566840232-13,https://www.dream11.com/kabaddi/create-team/1092/15125,S Sawant,PUN,DEF,48,11.5,
1566840232-14,https://www.dream11.com/kabaddi/create-team/1092/15125,Manjeet,PUN,ALL,187,14.5,Announced
1566840232-15,https://www.dream11.com/kabaddi/create-team/1092/15125,R Devadiga,UP,ALL,76,14,
1566840232-16,https://www.dream11.com/kabaddi/create-team/1092/15125,Sachin-Kumar,UP,ALL,12,13.5,
1566840232-17,https://www.dream11.com/kabaddi/create-team/1092/15125,M Maghsoudlou,UP,ALL,35,13.5,Announced
1566840232-18,https://www.dream11.com/kabaddi/create-team/1092/15125,Narender,UP,ALL,-4,13,
1566840232-19,https://www.dream11.com/kabaddi/create-team/1092/15125,S Krishna,PUN,ALL,28,13,Announced
1566840232-2,https://www.dream11.com/kabaddi/create-team/1092/15125,S Singh,PUN,DEF,156,14.5,Announced
1566840232-20,https://www.dream11.com/kabaddi/create-team/1092/15125,Sandeep-Jr.,PUN,ALL,0,12.5,
1566840232-21,https://www.dream11.com/kabaddi/create-team/1092/15125,Gurdeep,UP,ALL,0,11.5,
1566840232-22,https://www.dream11.com/kabaddi/create-team/1092/15125,Arkam-Shaikh,UP,ALL,0,11.5,
1566840232-23,https://www.dream11.com/kabaddi/create-team/1092/15125,Amit-Kumar-Jr,PUN,ALL,17,11.5,
1566840232-24,https://www.dream11.com/kabaddi/create-team/1092/15125,P Kumar-Kadian,PUN,RAI,80,15.5,
1566840232-25,https://www.dream11.com/kabaddi/create-team/1092/15125,S Jadhav,UP,RAI,143,15,Announced
1566840232-26,https://www.dream11.com/kabaddi/create-team/1092/15125,N Tomar,PUN,RAI,53,15,
1566840232-27,https://www.dream11.com/kabaddi/create-team/1092/15125,M Goyat,UP,RAI,150,14.5,
1566840232-28,https://www.dream11.com/kabaddi/create-team/1092/15125,Surender-Singh,UP,RAI,24,14,
1566840232-29,https://www.dream11.com/kabaddi/create-team/1092/15125,D Kadian,PUN,RAI,3,14,
1566840232-3,https://www.dream11.com/kabaddi/create-team/1092/15125,G M Ernak,PUN,DEF,110,14.5,Announced
1566840232-30,https://www.dream11.com/kabaddi/create-team/1092/15125,Surender-Gill,UP,RAI,76,13,Announced
1566840232-31,https://www.dream11.com/kabaddi/create-team/1092/15125,Azad-Singh,UP,RAI,11,13,
1566840232-32,https://www.dream11.com/kabaddi/create-team/1092/15125,A Kumar.Sr,PUN,RAI,105,13,Announced
1566840232-33,https://www.dream11.com/kabaddi/create-team/1092/15125,M M Karim,UP,RAI,0,12.5,
1566840232-34,https://www.dream11.com/kabaddi/create-team/1092/15125,R Sriram,PUN,RAI,-2,12.5,
1566840232-35,https://www.dream11.com/kabaddi/create-team/1092/15125,E Sedaghatnia,PUN,RAI,0,12.5,
1566840232-36,https://www.dream11.com/kabaddi/create-team/1092/15125,Ankush,UP,RAI,0,12,
1566840232-37,https://www.dream11.com/kabaddi/create-team/1092/15125,S Sail,PUN,RAI,22,12,
1566840232-38,https://www.dream11.com/kabaddi/create-team/1092/15125,Gulveer-Singh,UP,RAI,0,11.5,
1566840232-39,https://www.dream11.com/kabaddi/create-team/1092/15125,P Mohite,PUN,RAI,144,11.5,Announced
1566840232-4,https://www.dream11.com/kabaddi/create-team/1092/15125,Nitesh-Kumar,UP,DEF,136,14,Announced
1566840232-5,https://www.dream11.com/kabaddi/create-team/1092/15125,Amit,UP,DEF,104,13.5,Announced
1566840232-6,https://www.dream11.com/kabaddi/create-team/1092/15125,S Shinde,PUN,DEF,58,13,
1566840232-7,https://www.dream11.com/kabaddi/create-team/1092/15125,H Tajik,PUN,DEF,37,13,Announced
1566840232-8,https://www.dream11.com/kabaddi/create-team/1092/15125,Ashu-Singh,UP,DEF,108,12.5,Announced
1566840232-9,https://www.dream11.com/kabaddi/create-team/1092/15125,A Nagar,UP,DEF,0,12.5,