﻿web-scraper-order,web-scraper-start-url,name,team,type,points,credits,announced
1565793965-1,https://www.dream11.com/kabaddi/create-team/1092/15105,Sunil-Kumar,GUJ,DEF,125,15,Announced
1565793965-10,https://www.dream11.com/kabaddi/create-team/1092/15105,"S Gahlawat",GUJ,DEF,0,11.5,
1565793965-11,https://www.dream11.com/kabaddi/create-team/1092/15105,"N Narwal",BEN,DEF,18,11.5,
1565793965-12,https://www.dream11.com/kabaddi/create-team/1092/15105,Ankit-I,GUJ,DEF,86,11,Announced
1565793965-13,https://www.dream11.com/kabaddi/create-team/1092/15105,Amit-Kharb,GUJ,DEF,2,11,
1565793965-14,https://www.dream11.com/kabaddi/create-team/1092/15105,Adarsh-T,BEN,DEF,11,11,
1565793965-15,https://www.dream11.com/kabaddi/create-team/1092/15105,Amit-I,BEN,DEF,2,10.5,
1565793965-16,https://www.dream11.com/kabaddi/create-team/1092/15105,Dharmendra-Singh,BEN,DEF,0,10,
1565793965-17,https://www.dream11.com/kabaddi/create-team/1092/15105,"G More",GUJ,ALL,156,14.5,
1565793965-18,https://www.dream11.com/kabaddi/create-team/1092/15105,"R Gulia",GUJ,ALL,177,14.5,Announced
1565793965-19,https://www.dream11.com/kabaddi/create-team/1092/15105,"M Esmaeil-Nabibakhsh",BEN,ALL,195,14.5,Announced
1565793965-2,https://www.dream11.com/kabaddi/create-team/1092/15105,"P Bhainswal",GUJ,DEF,145,15,Announced
1565793965-20,https://www.dream11.com/kabaddi/create-team/1092/15105,Pankaj,GUJ,ALL,0,13,
1565793965-21,https://www.dream11.com/kabaddi/create-team/1092/15105,"V Kumar",GUJ,ALL,4,13,
1565793965-22,https://www.dream11.com/kabaddi/create-team/1092/15105,Avinash-AR,BEN,ALL,0,12,
1565793965-23,https://www.dream11.com/kabaddi/create-team/1092/15105,"S T Patil",BEN,ALL,0,11,
1565793965-24,https://www.dream11.com/kabaddi/create-team/1092/15105,"A S Dhumal",BEN,ALL,0,11,
1565793965-25,https://www.dream11.com/kabaddi/create-team/1092/15105,"M S Hossain",GUJ,ALL,0,10.5,
1565793965-26,https://www.dream11.com/kabaddi/create-team/1092/15105,"S M Dubile",BEN,ALL,0,10.5,
1565793965-27,https://www.dream11.com/kabaddi/create-team/1092/15105,Maninder-Singh,BEN,RAI,213,16,Announced
1565793965-28,https://www.dream11.com/kabaddi/create-team/1092/15105,"S Tanwar",GUJ,RAI,153,15.5,Announced
1565793965-29,https://www.dream11.com/kabaddi/create-team/1092/15105,"K Prapanjan",BEN,RAI,152,15,Announced
1565793965-3,https://www.dream11.com/kabaddi/create-team/1092/15105,Jeeva-Kumar,BEN,DEF,103,14.5,
1565793965-30,https://www.dream11.com/kabaddi/create-team/1092/15105,"A Maghsodlou",GUJ,RAI,8,14,
1565793965-31,https://www.dream11.com/kabaddi/create-team/1092/15105,"R Kumawat",BEN,RAI,0,14,
1565793965-32,https://www.dream11.com/kabaddi/create-team/1092/15105,"S Hegde",BEN,RAI,2,14,
1565793965-33,https://www.dream11.com/kabaddi/create-team/1092/15105,"S Jaglan",GUJ,RAI,63,13.5,Announced
1565793965-34,https://www.dream11.com/kabaddi/create-team/1092/15105,"G Singh-Sr",GUJ,RAI,8,13,
1565793965-35,https://www.dream11.com/kabaddi/create-team/1092/15105,"R Narwal",BEN,RAI,9,12,
1565793965-36,https://www.dream11.com/kabaddi/create-team/1092/15105,Lalit-Chaudhary,GUJ,RAI,0,11,
1565793965-37,https://www.dream11.com/kabaddi/create-team/1092/15105,"H Singh",GUJ,RAI,19,10,
1565793965-38,https://www.dream11.com/kabaddi/create-team/1092/15105,"M T P Mahali",BEN,RAI,10,9.5,
1565793965-4,https://www.dream11.com/kabaddi/create-team/1092/15105,Baldev-Singh,BEN,DEF,159,14,Announced
1565793965-5,https://www.dream11.com/kabaddi/create-team/1092/15105,"R Narwal",BEN,DEF,123,14,Announced
1565793965-6,https://www.dream11.com/kabaddi/create-team/1092/15105,"R Koravi",GUJ,DEF,23,13.5,
1565793965-7,https://www.dream11.com/kabaddi/create-team/1092/15105,"S Malik",GUJ,DEF,86,13,Announced
1565793965-8,https://www.dream11.com/kabaddi/create-team/1092/15105,"V Thangadurai",BEN,DEF,0,13,Announced
1565793965-9,https://www.dream11.com/kabaddi/create-team/1092/15105,"V Landge",BEN,DEF,47,12,Announced
