﻿web-scraper-order,web-scraper-start-url,name,rank,team_id,matches,points
1565350262-1,https://www.prokabaddi.com/stats/49-97-raid-points-statistics,"Bengaluru Bulls",1,/static-assets/images/teams/small/1.png?v=6.08,5,101
1565350262-10,https://www.prokabaddi.com/stats/49-97-raid-points-statistics,"Tamil Thalaivas",10,/static-assets/images/teams/small/29.png?v=6.08,5,74
1565350269-11,https://www.prokabaddi.com/stats/49-134-super-raid-statistics,"Bengal Warriors",1,/static-assets/images/teams/small/4.png?v=6.08,4,4
1565350269-12,https://www.prokabaddi.com/stats/49-134-super-raid-statistics,"Bengaluru Bulls",2,/static-assets/images/teams/small/1.png?v=6.08,5,3
1565350269-13,https://www.prokabaddi.com/stats/49-134-super-raid-statistics,"Dabang Delhi K.C.",3,/static-assets/images/teams/small/2.png?v=6.08,5,2
1565350269-14,https://www.prokabaddi.com/stats/49-134-super-raid-statistics,"Telugu Titans",3,/static-assets/images/teams/small/8.png?v=6.08,6,2
1565350269-15,https://www.prokabaddi.com/stats/49-134-super-raid-statistics,"Haryana Steelers",3,/static-assets/images/teams/small/28.png?v=6.08,5,2
1565350269-16,https://www.prokabaddi.com/stats/49-134-super-raid-statistics,"U Mumba",3,/static-assets/images/teams/small/5.png?v=6.08,6,2
1565350269-17,https://www.prokabaddi.com/stats/49-134-super-raid-statistics,"Patna Pirates",3,/static-assets/images/teams/small/6.png?v=6.08,6,2
1565350269-18,https://www.prokabaddi.com/stats/49-134-super-raid-statistics,"Gujarat Fortunegiants",3,/static-assets/images/teams/small/31.png?v=6.08,5,2
1565350269-19,https://www.prokabaddi.com/stats/49-134-super-raid-statistics,"Puneri Paltan",9,/static-assets/images/teams/small/7.png?v=6.08,5,1
1565350262-2,https://www.prokabaddi.com/stats/49-97-raid-points-statistics,"Dabang Delhi K.C.",2,/static-assets/images/teams/small/2.png?v=6.08,5,92
1565350269-20,https://www.prokabaddi.com/stats/49-134-super-raid-statistics,"Tamil Thalaivas",9,/static-assets/images/teams/small/29.png?v=6.08,5,1
1565350272-21,https://www.prokabaddi.com/stats/49-15-successful-tackles-statistics,"Gujarat Fortunegiants",1,/static-assets/images/teams/small/31.png?v=6.08,5,54
1565350272-22,https://www.prokabaddi.com/stats/49-15-successful-tackles-statistics,"Tamil Thalaivas",2,/static-assets/images/teams/small/29.png?v=6.08,5,53
1565350272-23,https://www.prokabaddi.com/stats/49-15-successful-tackles-statistics,"Jaipur Pink Panthers",2,/static-assets/images/teams/small/3.png?v=6.08,5,53
1565350272-24,https://www.prokabaddi.com/stats/49-15-successful-tackles-statistics,"Puneri Paltan",2,/static-assets/images/teams/small/7.png?v=6.08,5,53
1565350272-25,https://www.prokabaddi.com/stats/49-15-successful-tackles-statistics,"Patna Pirates",5,/static-assets/images/teams/small/6.png?v=6.08,6,52
1565350272-26,https://www.prokabaddi.com/stats/49-15-successful-tackles-statistics,"U Mumba",6,/static-assets/images/teams/small/5.png?v=6.08,6,47
1565350272-27,https://www.prokabaddi.com/stats/49-15-successful-tackles-statistics,"Telugu Titans",6,/static-assets/images/teams/small/8.png?v=6.08,6,47
1565350272-28,https://www.prokabaddi.com/stats/49-15-successful-tackles-statistics,"Haryana Steelers",8,/static-assets/images/teams/small/28.png?v=6.08,5,46
1565350272-29,https://www.prokabaddi.com/stats/49-15-successful-tackles-statistics,"U.P. Yoddha",9,/static-assets/images/teams/small/30.png?v=6.08,5,44
1565350262-3,https://www.prokabaddi.com/stats/49-97-raid-points-statistics,"Telugu Titans",2,/static-assets/images/teams/small/8.png?v=6.08,6,92
1565350272-30,https://www.prokabaddi.com/stats/49-15-successful-tackles-statistics,"Bengaluru Bulls",10,/static-assets/images/teams/small/1.png?v=6.08,5,41
1565350262-4,https://www.prokabaddi.com/stats/49-97-raid-points-statistics,"U Mumba",4,/static-assets/images/teams/small/5.png?v=6.08,6,89
1565350262-5,https://www.prokabaddi.com/stats/49-97-raid-points-statistics,"Bengal Warriors",5,/static-assets/images/teams/small/4.png?v=6.08,4,88
1565350262-6,https://www.prokabaddi.com/stats/49-97-raid-points-statistics,"Gujarat Fortunegiants",5,/static-assets/images/teams/small/31.png?v=6.08,5,88
1565350262-7,https://www.prokabaddi.com/stats/49-97-raid-points-statistics,"Jaipur Pink Panthers",7,/static-assets/images/teams/small/3.png?v=6.08,5,85
1565350262-8,https://www.prokabaddi.com/stats/49-97-raid-points-statistics,"Patna Pirates",8,/static-assets/images/teams/small/6.png?v=6.08,6,78
1565350262-9,https://www.prokabaddi.com/stats/49-97-raid-points-statistics,"Haryana Steelers",9,/static-assets/images/teams/small/28.png?v=6.08,5,77
1565350279-31,https://www.prokabaddi.com/stats/49-96-total-points-scored-statistics,"Bengaluru Bulls",1,/static-assets/images/teams/small/1.png?v=6.08,5,178
1565350279-40,https://www.prokabaddi.com/stats/49-96-total-points-scored-statistics,"Puneri Paltan",10,/static-assets/images/teams/small/7.png?v=6.08,5,144
1565350285-41,https://www.prokabaddi.com/stats/49-95-tackle-points-statistics,"Patna Pirates",1,/static-assets/images/teams/small/6.png?v=6.08,6,61
1565350285-42,https://www.prokabaddi.com/stats/49-95-tackle-points-statistics,"Puneri Paltan",2,/static-assets/images/teams/small/7.png?v=6.08,5,60
1565350285-43,https://www.prokabaddi.com/stats/49-95-tackle-points-statistics,"Gujarat Fortunegiants",3,/static-assets/images/teams/small/31.png?v=6.08,5,57
1565350285-44,https://www.prokabaddi.com/stats/49-95-tackle-points-statistics,"Tamil Thalaivas",4,/static-assets/images/teams/small/29.png?v=6.08,5,56
1565350285-45,https://www.prokabaddi.com/stats/49-95-tackle-points-statistics,"Bengaluru Bulls",5,/static-assets/images/teams/small/1.png?v=6.08,5,55
1565350285-46,https://www.prokabaddi.com/stats/49-95-tackle-points-statistics,"Jaipur Pink Panthers",5,/static-assets/images/teams/small/3.png?v=6.08,5,55
1565350285-47,https://www.prokabaddi.com/stats/49-95-tackle-points-statistics,"U Mumba",7,/static-assets/images/teams/small/5.png?v=6.08,6,54
1565350285-48,https://www.prokabaddi.com/stats/49-95-tackle-points-statistics,"Telugu Titans",8,/static-assets/images/teams/small/8.png?v=6.08,6,52
1565350285-49,https://www.prokabaddi.com/stats/49-95-tackle-points-statistics,"Haryana Steelers",9,/static-assets/images/teams/small/28.png?v=6.08,5,49
1565350279-32,https://www.prokabaddi.com/stats/49-96-total-points-scored-statistics,"U Mumba",2,/static-assets/images/teams/small/5.png?v=6.08,6,168
1565350285-50,https://www.prokabaddi.com/stats/49-95-tackle-points-statistics,"U.P. Yoddha",10,/static-assets/images/teams/small/30.png?v=6.08,5,48
1565350288-51,https://www.prokabaddi.com/stats/49-136-all-outs-inflicted-statistics,"Bengal Warriors",1,/static-assets/images/teams/small/4.png?v=6.08,4,9
1565350288-52,https://www.prokabaddi.com/stats/49-136-all-outs-inflicted-statistics,"Jaipur Pink Panthers",2,/static-assets/images/teams/small/3.png?v=6.08,5,8
1565350288-53,https://www.prokabaddi.com/stats/49-136-all-outs-inflicted-statistics,"Gujarat Fortunegiants",2,/static-assets/images/teams/small/31.png?v=6.08,5,8
1565350288-54,https://www.prokabaddi.com/stats/49-136-all-outs-inflicted-statistics,"Dabang Delhi K.C.",4,/static-assets/images/teams/small/2.png?v=6.08,5,7
1565350288-55,https://www.prokabaddi.com/stats/49-136-all-outs-inflicted-statistics,"U Mumba",4,/static-assets/images/teams/small/5.png?v=6.08,6,7
1565350288-56,https://www.prokabaddi.com/stats/49-136-all-outs-inflicted-statistics,"Bengaluru Bulls",6,/static-assets/images/teams/small/1.png?v=6.08,5,6
1565350288-57,https://www.prokabaddi.com/stats/49-136-all-outs-inflicted-statistics,"Tamil Thalaivas",6,/static-assets/images/teams/small/29.png?v=6.08,5,6
1565350288-58,https://www.prokabaddi.com/stats/49-136-all-outs-inflicted-statistics,"Haryana Steelers",8,/static-assets/images/teams/small/28.png?v=6.08,5,5
1565350288-59,https://www.prokabaddi.com/stats/49-136-all-outs-inflicted-statistics,"Patna Pirates",8,/static-assets/images/teams/small/6.png?v=6.08,6,5
1565350279-33,https://www.prokabaddi.com/stats/49-96-total-points-scored-statistics,"Gujarat Fortunegiants",2,/static-assets/images/teams/small/31.png?v=6.08,5,168
1565350288-60,https://www.prokabaddi.com/stats/49-136-all-outs-inflicted-statistics,"Puneri Paltan",10,/static-assets/images/teams/small/7.png?v=6.08,5,3
1565350291-61,https://www.prokabaddi.com/stats/49-135-do-or-die-raid-points-statistics,"U Mumba",1,/static-assets/images/teams/small/5.png?v=6.08,6,25
1565350291-62,https://www.prokabaddi.com/stats/49-135-do-or-die-raid-points-statistics,"Puneri Paltan",2,/static-assets/images/teams/small/7.png?v=6.08,5,23
1565350291-63,https://www.prokabaddi.com/stats/49-135-do-or-die-raid-points-statistics,"Jaipur Pink Panthers",3,/static-assets/images/teams/small/3.png?v=6.08,5,21
1565350291-64,https://www.prokabaddi.com/stats/49-135-do-or-die-raid-points-statistics,"Haryana Steelers",4,/static-assets/images/teams/small/28.png?v=6.08,5,19
1565350291-65,https://www.prokabaddi.com/stats/49-135-do-or-die-raid-points-statistics,"Gujarat Fortunegiants",4,/static-assets/images/teams/small/31.png?v=6.08,5,19
1565350291-66,https://www.prokabaddi.com/stats/49-135-do-or-die-raid-points-statistics,"Tamil Thalaivas",6,/static-assets/images/teams/small/29.png?v=6.08,5,15
1565350291-67,https://www.prokabaddi.com/stats/49-135-do-or-die-raid-points-statistics,"Patna Pirates",6,/static-assets/images/teams/small/6.png?v=6.08,6,15
1565350291-68,https://www.prokabaddi.com/stats/49-135-do-or-die-raid-points-statistics,"Dabang Delhi K.C.",8,/static-assets/images/teams/small/2.png?v=6.08,5,12
1565350291-69,https://www.prokabaddi.com/stats/49-135-do-or-die-raid-points-statistics,"Bengal Warriors",9,/static-assets/images/teams/small/4.png?v=6.08,4,11
1565350279-34,https://www.prokabaddi.com/stats/49-96-total-points-scored-statistics,"Dabang Delhi K.C.",4,/static-assets/images/teams/small/2.png?v=6.08,5,166
1565350291-70,https://www.prokabaddi.com/stats/49-135-do-or-die-raid-points-statistics,"Telugu Titans",10,/static-assets/images/teams/small/8.png?v=6.08,6,10
1565350279-35,https://www.prokabaddi.com/stats/49-96-total-points-scored-statistics,"Jaipur Pink Panthers",5,/static-assets/images/teams/small/3.png?v=6.08,5,164
1565350279-36,https://www.prokabaddi.com/stats/49-96-total-points-scored-statistics,"Bengal Warriors",6,/static-assets/images/teams/small/4.png?v=6.08,4,158
1565350279-37,https://www.prokabaddi.com/stats/49-96-total-points-scored-statistics,"Patna Pirates",7,/static-assets/images/teams/small/6.png?v=6.08,6,157
1565350279-38,https://www.prokabaddi.com/stats/49-96-total-points-scored-statistics,"Tamil Thalaivas",8,/static-assets/images/teams/small/29.png?v=6.08,5,154
1565350279-39,https://www.prokabaddi.com/stats/49-96-total-points-scored-statistics,"Telugu Titans",9,/static-assets/images/teams/small/8.png?v=6.08,6,152
1565350295-71,https://www.prokabaddi.com/stats/49-20-super-tackles-statistics,"Bengaluru Bulls",1,/static-assets/images/teams/small/1.png?v=6.08,5,15
1565350295-80,https://www.prokabaddi.com/stats/49-20-super-tackles-statistics,"Gujarat Fortunegiants",10,/static-assets/images/teams/small/31.png?v=6.08,5,3
1565350298-81,https://www.prokabaddi.com/stats/49-13-successful-raids-statistics,"Bengaluru Bulls",1,/static-assets/images/teams/small/1.png?v=6.08,5,79
1565350298-82,https://www.prokabaddi.com/stats/49-13-successful-raids-statistics,"Telugu Titans",1,/static-assets/images/teams/small/8.png?v=6.08,6,79
1565350298-83,https://www.prokabaddi.com/stats/49-13-successful-raids-statistics,"Dabang Delhi K.C.",3,/static-assets/images/teams/small/2.png?v=6.08,5,78
1565350298-84,https://www.prokabaddi.com/stats/49-13-successful-raids-statistics,"Gujarat Fortunegiants",4,/static-assets/images/teams/small/31.png?v=6.08,5,71
1565350298-85,https://www.prokabaddi.com/stats/49-13-successful-raids-statistics,"Bengal Warriors",5,/static-assets/images/teams/small/4.png?v=6.08,4,69
1565350298-86,https://www.prokabaddi.com/stats/49-13-successful-raids-statistics,"Patna Pirates",5,/static-assets/images/teams/small/6.png?v=6.08,6,69
1565350298-87,https://www.prokabaddi.com/stats/49-13-successful-raids-statistics,"U Mumba",7,/static-assets/images/teams/small/5.png?v=6.08,6,68
1565350298-88,https://www.prokabaddi.com/stats/49-13-successful-raids-statistics,"Jaipur Pink Panthers",7,/static-assets/images/teams/small/3.png?v=6.08,5,68
1565350298-89,https://www.prokabaddi.com/stats/49-13-successful-raids-statistics,"Tamil Thalaivas",9,/static-assets/images/teams/small/29.png?v=6.08,5,63
1565350295-72,https://www.prokabaddi.com/stats/49-20-super-tackles-statistics,"Patna Pirates",2,/static-assets/images/teams/small/6.png?v=6.08,6,9
1565350298-90,https://www.prokabaddi.com/stats/49-13-successful-raids-statistics,"Haryana Steelers",10,/static-assets/images/teams/small/28.png?v=6.08,5,59
1565350301-91,https://www.prokabaddi.com/stats/49-98-avg-raid-points-statistics,"Bengal Warriors",1,/static-assets/images/teams/small/4.png?v=6.08,4,22
1565350301-92,https://www.prokabaddi.com/stats/49-98-avg-raid-points-statistics,"Bengaluru Bulls",2,/static-assets/images/teams/small/1.png?v=6.08,5,20.2
1565350301-93,https://www.prokabaddi.com/stats/49-98-avg-raid-points-statistics,"Dabang Delhi K.C.",3,/static-assets/images/teams/small/2.png?v=6.08,5,18.4
1565350301-94,https://www.prokabaddi.com/stats/49-98-avg-raid-points-statistics,"Gujarat Fortunegiants",4,/static-assets/images/teams/small/31.png?v=6.08,5,17.6
1565350301-95,https://www.prokabaddi.com/stats/49-98-avg-raid-points-statistics,"Jaipur Pink Panthers",5,/static-assets/images/teams/small/3.png?v=6.08,5,17
1565350301-96,https://www.prokabaddi.com/stats/49-98-avg-raid-points-statistics,"Haryana Steelers",6,/static-assets/images/teams/small/28.png?v=6.08,5,15.4
1565350301-97,https://www.prokabaddi.com/stats/49-98-avg-raid-points-statistics,"Telugu Titans",7,/static-assets/images/teams/small/8.png?v=6.08,6,15.33
1565350301-98,https://www.prokabaddi.com/stats/49-98-avg-raid-points-statistics,"U Mumba",8,/static-assets/images/teams/small/5.png?v=6.08,6,14.83
1565350301-99,https://www.prokabaddi.com/stats/49-98-avg-raid-points-statistics,"Tamil Thalaivas",9,/static-assets/images/teams/small/29.png?v=6.08,5,14.8
1565350295-73,https://www.prokabaddi.com/stats/49-20-super-tackles-statistics,"U Mumba",3,/static-assets/images/teams/small/5.png?v=6.08,6,8
1565350301-100,https://www.prokabaddi.com/stats/49-98-avg-raid-points-statistics,"Puneri Paltan",10,/static-assets/images/teams/small/7.png?v=6.08,5,14.6
1565350295-74,https://www.prokabaddi.com/stats/49-20-super-tackles-statistics,"Puneri Paltan",4,/static-assets/images/teams/small/7.png?v=6.08,5,7
1565350295-75,https://www.prokabaddi.com/stats/49-20-super-tackles-statistics,"Telugu Titans",5,/static-assets/images/teams/small/8.png?v=6.08,6,6
1565350295-76,https://www.prokabaddi.com/stats/49-20-super-tackles-statistics,"Bengal Warriors",6,/static-assets/images/teams/small/4.png?v=6.08,4,5
1565350295-77,https://www.prokabaddi.com/stats/49-20-super-tackles-statistics,"Dabang Delhi K.C.",6,/static-assets/images/teams/small/2.png?v=6.08,5,5
1565350295-78,https://www.prokabaddi.com/stats/49-20-super-tackles-statistics,"Tamil Thalaivas",6,/static-assets/images/teams/small/29.png?v=6.08,5,5
1565350295-79,https://www.prokabaddi.com/stats/49-20-super-tackles-statistics,"U.P. Yoddha",9,/static-assets/images/teams/small/30.png?v=6.08,5,4
1565350344-1,https://www.prokabaddi.com/stats/49-140-avg-points-scored-statistics,"Bengal Warriors",1,/static-assets/images/teams/small/4.png?v=6.08,4,32.75
1565350344-10,https://www.prokabaddi.com/stats/49-140-avg-points-scored-statistics,"U Mumba",10,/static-assets/images/teams/small/5.png?v=6.08,6,23.83
1565350347-11,https://www.prokabaddi.com/stats/49-99-avg-tackle-points-statistics,"Puneri Paltan",1,/static-assets/images/teams/small/7.png?v=6.08,5,12
1565350347-12,https://www.prokabaddi.com/stats/49-99-avg-tackle-points-statistics,"Gujarat Fortunegiants",2,/static-assets/images/teams/small/31.png?v=6.08,5,11.4
1565350347-13,https://www.prokabaddi.com/stats/49-99-avg-tackle-points-statistics,"Tamil Thalaivas",3,/static-assets/images/teams/small/29.png?v=6.08,5,11.2
1565350347-14,https://www.prokabaddi.com/stats/49-99-avg-tackle-points-statistics,"Bengaluru Bulls",4,/static-assets/images/teams/small/1.png?v=6.08,5,11
1565350347-15,https://www.prokabaddi.com/stats/49-99-avg-tackle-points-statistics,"Jaipur Pink Panthers",4,/static-assets/images/teams/small/3.png?v=6.08,5,11
1565350347-16,https://www.prokabaddi.com/stats/49-99-avg-tackle-points-statistics,"Bengal Warriors",6,/static-assets/images/teams/small/4.png?v=6.08,4,10.75
1565350347-17,https://www.prokabaddi.com/stats/49-99-avg-tackle-points-statistics,"Patna Pirates",7,/static-assets/images/teams/small/6.png?v=6.08,6,10.17
1565350347-18,https://www.prokabaddi.com/stats/49-99-avg-tackle-points-statistics,"Haryana Steelers",8,/static-assets/images/teams/small/28.png?v=6.08,5,9.8
1565350347-19,https://www.prokabaddi.com/stats/49-99-avg-tackle-points-statistics,"U.P. Yoddha",9,/static-assets/images/teams/small/30.png?v=6.08,5,9.6
1565350344-2,https://www.prokabaddi.com/stats/49-140-avg-points-scored-statistics,"Bengaluru Bulls",2,/static-assets/images/teams/small/1.png?v=6.08,5,31.2
1565350347-20,https://www.prokabaddi.com/stats/49-99-avg-tackle-points-statistics,"U Mumba",10,/static-assets/images/teams/small/5.png?v=6.08,6,9
1565350344-3,https://www.prokabaddi.com/stats/49-140-avg-points-scored-statistics,"Gujarat Fortunegiants",3,/static-assets/images/teams/small/31.png?v=6.08,5,29
1565350344-4,https://www.prokabaddi.com/stats/49-140-avg-points-scored-statistics,"Jaipur Pink Panthers",4,/static-assets/images/teams/small/3.png?v=6.08,5,28
1565350344-5,https://www.prokabaddi.com/stats/49-140-avg-points-scored-statistics,"Dabang Delhi K.C.",5,/static-assets/images/teams/small/2.png?v=6.08,5,26.8
1565350344-6,https://www.prokabaddi.com/stats/49-140-avg-points-scored-statistics,"Puneri Paltan",6,/static-assets/images/teams/small/7.png?v=6.08,5,26.6
1565350344-7,https://www.prokabaddi.com/stats/49-140-avg-points-scored-statistics,"Tamil Thalaivas",7,/static-assets/images/teams/small/29.png?v=6.08,5,26
1565350344-8,https://www.prokabaddi.com/stats/49-140-avg-points-scored-statistics,"Haryana Steelers",8,/static-assets/images/teams/small/28.png?v=6.08,5,25.2
1565350344-9,https://www.prokabaddi.com/stats/49-140-avg-points-scored-statistics,"Telugu Titans",9,/static-assets/images/teams/small/8.png?v=6.08,6,24
