﻿web-scraper-order,web-scraper-start-url,name,team,type,points,credits,announced
1566049586-1,https://www.dream11.com/kabaddi/create-team/1092/15109,Mahender-Singh,BLR,DEF,134,14.5,
1566049586-10,https://www.dream11.com/kabaddi/create-team/1092/15109,Ankit,BLR,DEF,0,11.5,Announced
1566049586-11,https://www.dream11.com/kabaddi/create-team/1092/15109,Himanshu,TAM,DEF,0,11.5,
1566049586-12,https://www.dream11.com/kabaddi/create-team/1092/15109,"S Nandal",BLR,DEF,77,11,Announced
1566049586-13,https://www.dream11.com/kabaddi/create-team/1092/15109,Vijay-Kumar,BLR,DEF,35,11,Announced
1566049586-14,https://www.dream11.com/kabaddi/create-team/1092/15109,Sagar,TAM,DEF,4,11,
1566049586-15,https://www.dream11.com/kabaddi/create-team/1092/15109,Ajay,BLR,DEF,4,10.5,Announced
1566049586-16,https://www.dream11.com/kabaddi/create-team/1092/15109,"M Sheibak",TAM,DEF,2,10.5,
1566049586-17,https://www.dream11.com/kabaddi/create-team/1092/15109,Manjeet-Chhillar,TAM,ALL,165,15.5,Announced
1566049586-18,https://www.dream11.com/kabaddi/create-team/1092/15109,Ashish-Kumar,BLR,ALL,36,14.5,
1566049586-19,https://www.dream11.com/kabaddi/create-team/1092/15109,"R Singh",TAM,ALL,102,13.5,Announced
1566049586-2,https://www.dream11.com/kabaddi/create-team/1092/15109,Mohit-Chillar,TAM,DEF,122,14,Announced
1566049586-20,https://www.dream11.com/kabaddi/create-team/1092/15109,"V O Obiero",TAM,ALL,0,13,
1566049586-21,https://www.dream11.com/kabaddi/create-team/1092/15109,"H Chauhan",TAM,ALL,0,12.5,
1566049586-22,https://www.dream11.com/kabaddi/create-team/1092/15109,"S Shrestha",BLR,ALL,0,11.5,
1566049586-23,https://www.dream11.com/kabaddi/create-team/1092/15109,"M Sehrawat",BLR,ALL,48,10.5,
1566049586-24,https://www.dream11.com/kabaddi/create-team/1092/15109,"P Kumar-Sherawat",BLR,RAI,352,17,Announced
1566049586-25,https://www.dream11.com/kabaddi/create-team/1092/15109,"A Thakur",TAM,RAI,127,16.5,Announced
1566049586-26,https://www.dream11.com/kabaddi/create-team/1092/15109,Rohit-Kumar,BLR,RAI,121,16,Announced
1566049586-27,https://www.dream11.com/kabaddi/create-team/1092/15109,"R Chaudhari",TAM,RAI,192,16,Announced
1566049586-28,https://www.dream11.com/kabaddi/create-team/1092/15109,Sumit-Singh,BLR,RAI,48,13.5,
1566049586-29,https://www.dream11.com/kabaddi/create-team/1092/15109,"V Kumar-II",BLR,RAI,6,13,
1566049586-3,https://www.dream11.com/kabaddi/create-team/1092/15109,"A Sheoran",BLR,DEF,102,13.5,Announced
1566049586-30,https://www.dream11.com/kabaddi/create-team/1092/15109,"V Sharma",TAM,RAI,5,13,
1566049586-31,https://www.dream11.com/kabaddi/create-team/1092/15109,"S Bappu",TAM,RAI,83,13,Announced
1566049586-32,https://www.dream11.com/kabaddi/create-team/1092/15109,"V A Kumar",TAM,RAI,19,12,
1566049586-33,https://www.dream11.com/kabaddi/create-team/1092/15109,Banty,BLR,RAI,10,11.5,
1566049586-34,https://www.dream11.com/kabaddi/create-team/1092/15109,"L Mohar-Yadav",BLR,RAI,0,11.5,
1566049586-35,https://www.dream11.com/kabaddi/create-team/1092/15109,Anand,TAM,RAI,0,11.5,
1566049586-36,https://www.dream11.com/kabaddi/create-team/1092/15109,"Y Bishnoi",TAM,RAI,0,11.5,
1566049586-4,https://www.dream11.com/kabaddi/create-team/1092/15109,"R Lal-Choudhary",BLR,DEF,0,13,
1566049586-5,https://www.dream11.com/kabaddi/create-team/1092/15109,Sandeep,BLR,DEF,2,12.5,
1566049586-6,https://www.dream11.com/kabaddi/create-team/1092/15109,Ajeet,TAM,DEF,77,12.5,Announced
1566049586-7,https://www.dream11.com/kabaddi/create-team/1092/15109,"P Subramanian",TAM,DEF,2,12.5,
1566049586-8,https://www.dream11.com/kabaddi/create-team/1092/15109,"M Abishek",TAM,DEF,0,12,
1566049586-9,https://www.dream11.com/kabaddi/create-team/1092/15109,Aman,BLR,DEF,5,11.5,
