﻿web-scraper-order,web-scraper-start-url,name,team,type,points,credits,announced
1567608402-1,https://www.dream11.com/kabaddi/create-team/1092/15138,"S Nada",PAT,DEF,0,14.5,
1567608402-10,https://www.dream11.com/kabaddi/create-team/1092/15138,"J Dagar",PAT,DEF,16,12.5,Announced
1567608402-11,https://www.dream11.com/kabaddi/create-team/1092/15138,Sandeep,BLR,DEF,2,12.5,
1567608402-12,https://www.dream11.com/kabaddi/create-team/1092/15138,"B Narwal",PAT,DEF,0,12,
1567608402-13,https://www.dream11.com/kabaddi/create-team/1092/15138,"M Choudhary",PAT,DEF,0,12,
1567608402-14,https://www.dream11.com/kabaddi/create-team/1092/15138,Aman,BLR,DEF,5,11.5,
1567608402-15,https://www.dream11.com/kabaddi/create-team/1092/15138,Ashish-Kumar,BLR,ALL,41,14.5,
1567608402-16,https://www.dream11.com/kabaddi/create-team/1092/15138,"V Jaglan",PAT,ALL,122,13.5,Announced
1567608402-17,https://www.dream11.com/kabaddi/create-team/1092/15138,Monu,PAT,ALL,134,13.5,Announced
1567608402-18,https://www.dream11.com/kabaddi/create-team/1092/15138,Ravinder-I,PAT,ALL,16,13,
1567608402-19,https://www.dream11.com/kabaddi/create-team/1092/15138,Ankit,BLR,ALL,24,12.5,
1567608402-2,https://www.dream11.com/kabaddi/create-team/1092/15138,"A Sheoran",BLR,DEF,208,14.5,Announced
1567608402-20,https://www.dream11.com/kabaddi/create-team/1092/15138,Ajay,BLR,ALL,23,12,
1567608402-21,https://www.dream11.com/kabaddi/create-team/1092/15138,"M Sehrawat",BLR,ALL,95,11.5,Announced
1567608402-22,https://www.dream11.com/kabaddi/create-team/1092/15138,"S Shrestha",BLR,ALL,0,11.5,
1567608402-23,https://www.dream11.com/kabaddi/create-team/1092/15138,"S Mann",PAT,ALL,0,11,
1567608402-24,https://www.dream11.com/kabaddi/create-team/1092/15138,Amit-Kumar-II,PAT,ALL,0,10.5,
1567608402-25,https://www.dream11.com/kabaddi/create-team/1092/15138,"P Narwal",PAT,RAI,390,17,Announced
1567608402-26,https://www.dream11.com/kabaddi/create-team/1092/15138,"P Kumar-Sherawat",BLR,RAI,567,17,Announced
1567608402-27,https://www.dream11.com/kabaddi/create-team/1092/15138,Rohit-Kumar,BLR,RAI,243,16,Announced
1567608402-28,https://www.dream11.com/kabaddi/create-team/1092/15138,"J Kun-Lee",PAT,RAI,96,15,
1567608402-29,https://www.dream11.com/kabaddi/create-team/1092/15138,"M E M Mahalli",PAT,RAI,136,14,Announced
1567608402-3,https://www.dream11.com/kabaddi/create-team/1092/15138,Mahender-Singh,BLR,DEF,221,14.5,Announced
1567608402-30,https://www.dream11.com/kabaddi/create-team/1092/15138,Sumit-Singh,BLR,RAI,66,13.5,Announced
1567608402-31,https://www.dream11.com/kabaddi/create-team/1092/15138,"V Kumar-II",BLR,RAI,6,13,
1567608402-32,https://www.dream11.com/kabaddi/create-team/1092/15138,"P Singh",PAT,RAI,13,12,
1567608402-33,https://www.dream11.com/kabaddi/create-team/1092/15138,"R P Rao-Chavan",PAT,RAI,0,11.5,
1567608402-34,https://www.dream11.com/kabaddi/create-team/1092/15138,Mohit,PAT,RAI,0,11.5,
1567608402-35,https://www.dream11.com/kabaddi/create-team/1092/15138,Banty,BLR,RAI,57,11.5,
1567608402-36,https://www.dream11.com/kabaddi/create-team/1092/15138,"L Mohar-Yadav",BLR,RAI,0,11.5,
1567608402-37,https://www.dream11.com/kabaddi/create-team/1092/15138,Ashish,PAT,RAI,21,11,
1567608402-38,https://www.dream11.com/kabaddi/create-team/1092/15138,Naveen,PAT,RAI,0,11,
1567608402-4,https://www.dream11.com/kabaddi/create-team/1092/15138,Jaideep,PAT,DEF,203,14,
1567608402-5,https://www.dream11.com/kabaddi/create-team/1092/15138,"H Oshtorak",PAT,DEF,131,13.5,Announced
1567608402-6,https://www.dream11.com/kabaddi/create-team/1092/15138,Neeraj-Kumar,PAT,DEF,163,13,Announced
1567608402-7,https://www.dream11.com/kabaddi/create-team/1092/15138,"S Nandal",BLR,DEF,211,13,Announced
1567608402-8,https://www.dream11.com/kabaddi/create-team/1092/15138,"R Lal-Choudhary",BLR,DEF,0,13,
1567608402-9,https://www.dream11.com/kabaddi/create-team/1092/15138,Vijay-Kumar,BLR,DEF,54,13,
