﻿web-scraper-order,web-scraper-start-url,name,team,type,points,credits,announced
1566139558-1,https://www.dream11.com/kabaddi/create-team/1092/15112,"S Singh",PUN,DEF,80,14.5,Announced
1566139558-10,https://www.dream11.com/kabaddi/create-team/1092/15112,"P Subramanian",TAM,DEF,2,12.5,
1566139558-11,https://www.dream11.com/kabaddi/create-team/1092/15112,"M Abishek",TAM,DEF,0,12,
1566139558-12,https://www.dream11.com/kabaddi/create-team/1092/15112,"S Sawant",PUN,DEF,48,11.5,
1566139558-13,https://www.dream11.com/kabaddi/create-team/1092/15112,Himanshu,TAM,DEF,0,11.5,
1566139558-14,https://www.dream11.com/kabaddi/create-team/1092/15112,Sagar,TAM,DEF,4,11,
1566139558-15,https://www.dream11.com/kabaddi/create-team/1092/15112,"M Sheibak",TAM,DEF,2,10.5,
1566139558-16,https://www.dream11.com/kabaddi/create-team/1092/15112,Manjeet-Chhillar,TAM,ALL,166,15.5,
1566139558-17,https://www.dream11.com/kabaddi/create-team/1092/15112,Manjeet,PUN,ALL,131,14.5,Announced
1566139558-18,https://www.dream11.com/kabaddi/create-team/1092/15112,"R Singh",TAM,ALL,118,13.5,Announced
1566139558-19,https://www.dream11.com/kabaddi/create-team/1092/15112,"S Krishna",PUN,ALL,6,13,Announced
1566139558-2,https://www.dream11.com/kabaddi/create-team/1092/15112,"G M Ernak",PUN,DEF,100,14.5,Announced
1566139558-20,https://www.dream11.com/kabaddi/create-team/1092/15112,"V O Obiero",TAM,ALL,0,13,
1566139558-21,https://www.dream11.com/kabaddi/create-team/1092/15112,Sandeep-Jr.,PUN,ALL,0,12.5,
1566139558-22,https://www.dream11.com/kabaddi/create-team/1092/15112,"H Chauhan",TAM,ALL,0,12.5,
1566139558-23,https://www.dream11.com/kabaddi/create-team/1092/15112,Amit-Kumar-Jr,PUN,ALL,0,11.5,
1566139558-24,https://www.dream11.com/kabaddi/create-team/1092/15112,"A Thakur",TAM,RAI,139,16.5,Announced
1566139558-25,https://www.dream11.com/kabaddi/create-team/1092/15112,"R Chaudhari",TAM,RAI,197,16,Announced
1566139558-26,https://www.dream11.com/kabaddi/create-team/1092/15112,"P Kumar-Kadian",PUN,RAI,80,15.5,
1566139558-27,https://www.dream11.com/kabaddi/create-team/1092/15112,"N Tomar",PUN,RAI,24,15,Announced
1566139558-28,https://www.dream11.com/kabaddi/create-team/1092/15112,"D Kadian",PUN,RAI,2,14,
1566139558-29,https://www.dream11.com/kabaddi/create-team/1092/15112,"A Kumar.Sr",PUN,RAI,89,13,
1566139558-3,https://www.dream11.com/kabaddi/create-team/1092/15112,Mohit-Chillar,TAM,DEF,127,14,Announced
1566139558-30,https://www.dream11.com/kabaddi/create-team/1092/15112,"V Sharma",TAM,RAI,5,13,Announced
1566139558-31,https://www.dream11.com/kabaddi/create-team/1092/15112,"S Bappu",TAM,RAI,91,13,
1566139558-32,https://www.dream11.com/kabaddi/create-team/1092/15112,"R Sriram",PUN,RAI,-2,12.5,
1566139558-33,https://www.dream11.com/kabaddi/create-team/1092/15112,"E Sedaghatnia",PUN,RAI,0,12.5,
1566139558-34,https://www.dream11.com/kabaddi/create-team/1092/15112,"S Sail",PUN,RAI,19,12,
1566139558-35,https://www.dream11.com/kabaddi/create-team/1092/15112,"V A Kumar",TAM,RAI,36,12,Announced
1566139558-36,https://www.dream11.com/kabaddi/create-team/1092/15112,"P Mohite",PUN,RAI,118,11.5,Announced
1566139558-37,https://www.dream11.com/kabaddi/create-team/1092/15112,Anand,TAM,RAI,0,11.5,
1566139558-38,https://www.dream11.com/kabaddi/create-team/1092/15112,"Y Bishnoi",TAM,RAI,0,11.5,
1566139558-4,https://www.dream11.com/kabaddi/create-team/1092/15112,"S Shinde",PUN,DEF,51,13,
1566139558-5,https://www.dream11.com/kabaddi/create-team/1092/15112,"H Tajik",PUN,DEF,15,13,Announced
1566139558-6,https://www.dream11.com/kabaddi/create-team/1092/15112,"J B Shahaji",PUN,DEF,40,12.5,
1566139558-7,https://www.dream11.com/kabaddi/create-team/1092/15112,"D Yadav",PUN,DEF,0,12.5,
1566139558-8,https://www.dream11.com/kabaddi/create-team/1092/15112,Satpal,PUN,DEF,0,12.5,
1566139558-9,https://www.dream11.com/kabaddi/create-team/1092/15112,Ajeet,TAM,DEF,87,12.5,Announced
