﻿web-scraper-order,web-scraper-start-url,name,team,type,points,credits,announced
1565966744-1,https://www.dream11.com/kabaddi/create-team/1092/15108,Sunil-Kumar,GUJ,DEF,154,15,Announced
1565966744-10,https://www.dream11.com/kabaddi/create-team/1092/15108,Ankit-I,GUJ,DEF,88,11,
1565966744-11,https://www.dream11.com/kabaddi/create-team/1092/15108,Amit-Kharb,GUJ,DEF,2,11,
1565966744-12,https://www.dream11.com/kabaddi/create-team/1092/15108,"P R.",JAI,DEF,9,10,Announced
1565966744-13,https://www.dream11.com/kabaddi/create-team/1092/15108,Karamvir,JAI,DEF,0,10,
1565966744-14,https://www.dream11.com/kabaddi/create-team/1092/15108,"D N Hooda",JAI,ALL,247,15.5,Announced
1565966744-15,https://www.dream11.com/kabaddi/create-team/1092/15108,"G More",GUJ,ALL,156,14.5,
1565966744-16,https://www.dream11.com/kabaddi/create-team/1092/15108,"R Gulia",GUJ,ALL,178,14.5,Announced
1565966744-17,https://www.dream11.com/kabaddi/create-team/1092/15108,"N Rawal",JAI,ALL,66,14.5,Announced
1565966744-18,https://www.dream11.com/kabaddi/create-team/1092/15108,Pankaj,GUJ,ALL,0,13,Announced
1565966744-19,https://www.dream11.com/kabaddi/create-team/1092/15108,"V Kumar",GUJ,ALL,13,13,
1565966744-2,https://www.dream11.com/kabaddi/create-team/1092/15108,"P Bhainswal",GUJ,DEF,156,15,Announced
1565966744-20,https://www.dream11.com/kabaddi/create-team/1092/15108,Santhapanaselvam,JAI,ALL,0,13,
1565966744-21,https://www.dream11.com/kabaddi/create-team/1092/15108,Vishal,JAI,ALL,115,13,Announced
1565966744-22,https://www.dream11.com/kabaddi/create-team/1092/15108,"S Narwal",JAI,ALL,34,12.5,
1565966744-23,https://www.dream11.com/kabaddi/create-team/1092/15108,"M S Hossain",GUJ,ALL,0,10.5,
1565966744-24,https://www.dream11.com/kabaddi/create-team/1092/15108,"D Kim",JAI,ALL,0,10.5,
1565966744-25,https://www.dream11.com/kabaddi/create-team/1092/15108,"S Tanwar",GUJ,RAI,171,15.5,Announced
1565966744-26,https://www.dream11.com/kabaddi/create-team/1092/15108,"D Narwal",JAI,RAI,125,14.5,
1565966744-27,https://www.dream11.com/kabaddi/create-team/1092/15108,"A Maghsodlou",GUJ,RAI,8,14,
1565966744-28,https://www.dream11.com/kabaddi/create-team/1092/15108,"S Jaglan",GUJ,RAI,93,13.5,Announced
1565966744-29,https://www.dream11.com/kabaddi/create-team/1092/15108,"N Salunke",JAI,RAI,36,13.5,Announced
1565966744-3,https://www.dream11.com/kabaddi/create-team/1092/15108,"S K Dhull",JAI,DEF,184,14.5,Announced
1565966744-30,https://www.dream11.com/kabaddi/create-team/1092/15108,"G Singh-Sr",GUJ,RAI,8,13,
1565966744-31,https://www.dream11.com/kabaddi/create-team/1092/15108,"A Pawar",JAI,RAI,39,12.5,
1565966744-32,https://www.dream11.com/kabaddi/create-team/1092/15108,"S Gulia",JAI,RAI,0,12,
1565966744-33,https://www.dream11.com/kabaddi/create-team/1092/15108,"L Kaushik",JAI,RAI,0,12,
1565966744-34,https://www.dream11.com/kabaddi/create-team/1092/15108,"M Chathuranga",JAI,RAI,1,11.5,
1565966744-35,https://www.dream11.com/kabaddi/create-team/1092/15108,"G Singh",JAI,RAI,0,11.5,
1565966744-36,https://www.dream11.com/kabaddi/create-team/1092/15108,Lalit-Chaudhary,GUJ,RAI,0,11,
1565966744-37,https://www.dream11.com/kabaddi/create-team/1092/15108,"H Singh",GUJ,RAI,19,10,
1565966744-4,https://www.dream11.com/kabaddi/create-team/1092/15108,"A Hooda",JAI,DEF,144,14.5,Announced
1565966744-5,https://www.dream11.com/kabaddi/create-team/1092/15108,"R Koravi",GUJ,DEF,25,13.5,Announced
1565966744-6,https://www.dream11.com/kabaddi/create-team/1092/15108,"S Malik",GUJ,DEF,93,13,
1565966744-7,https://www.dream11.com/kabaddi/create-team/1092/15108,"S Siddhgavali",JAI,DEF,60,13,
1565966744-8,https://www.dream11.com/kabaddi/create-team/1092/15108,"S Gahlawat",GUJ,DEF,0,11.5,
1565966744-9,https://www.dream11.com/kabaddi/create-team/1092/15108,A.Elavarasan,JAI,DEF,0,11.5,
