﻿web-scraper-order,web-scraper-start-url,rank,name,matches,points,profile,team
1565263854-1,https://www.prokabaddi.com/stats/49-101-high-5s-statistics,1,"Sandeep Kumar Dhull",5,3,"Defender, left corner",/static-assets/images/teams/small/3.png?v=6.08
1565263854-10,https://www.prokabaddi.com/stats/49-101-high-5s-statistics,6,Sunil,3,1,"Defender, right corner",/static-assets/images/teams/small/28.png?v=6.08
1565263854-11,https://www.prokabaddi.com/stats/49-101-high-5s-statistics,6,"Saurabh Nandal",3,1,"Defender, left corner",/static-assets/images/teams/small/1.png?v=6.08
1565263854-12,https://www.prokabaddi.com/stats/49-101-high-5s-statistics,6,"Girish Maruti Ernak",5,1,"Defender, left corner",/static-assets/images/teams/small/7.png?v=6.08
1565263854-13,https://www.prokabaddi.com/stats/49-101-high-5s-statistics,6,"Parvesh Bhainswal",5,1,"Defender, left cover",/static-assets/images/teams/small/31.png?v=6.08
1565263854-14,https://www.prokabaddi.com/stats/49-101-high-5s-statistics,6,"Sunil Kumar",5,1,Defender,/static-assets/images/teams/small/31.png?v=6.08
1565263856-15,https://www.prokabaddi.com/stats/49-21-successful-raids-statistics,1,"Pawan Kumar Sehrawat",4,45,Raider,/static-assets/images/teams/small/1.png?v=6.08
1565263856-16,https://www.prokabaddi.com/stats/49-21-successful-raids-statistics,1,"Naveen Kumar",5,45,Raider,/static-assets/images/teams/small/2.png?v=6.08
1565263856-17,https://www.prokabaddi.com/stats/49-21-successful-raids-statistics,3,"Pardeep Narwal",6,42,Raider,/static-assets/images/teams/small/6.png?v=6.08
1565263856-18,https://www.prokabaddi.com/stats/49-21-successful-raids-statistics,4,"Rahul Chaudhari",5,33,Raider,/static-assets/images/teams/small/29.png?v=6.08
1565263856-19,https://www.prokabaddi.com/stats/49-21-successful-raids-statistics,5,"Deepak Niwas Hooda",5,32,"All Rounder",/static-assets/images/teams/small/3.png?v=6.08
1565263854-2,https://www.prokabaddi.com/stats/49-101-high-5s-statistics,2,"Manjeet Chhillar",5,2,"All Rounder",/static-assets/images/teams/small/29.png?v=6.08
1565263856-20,https://www.prokabaddi.com/stats/49-21-successful-raids-statistics,6,"Maninder Singh",4,31,Raider,/static-assets/images/teams/small/4.png?v=6.08
1565263856-21,https://www.prokabaddi.com/stats/49-21-successful-raids-statistics,7,"Abhishek Singh",6,30,Raider,/static-assets/images/teams/small/5.png?v=6.08
1565263856-22,https://www.prokabaddi.com/stats/49-21-successful-raids-statistics,8,Naveen,5,27,Raider,/static-assets/images/teams/small/28.png?v=6.08
1565263856-23,https://www.prokabaddi.com/stats/49-21-successful-raids-statistics,9,"Siddharth Sirish Desai",5,25,Raider,/static-assets/images/teams/small/8.png?v=6.08
1565263856-24,https://www.prokabaddi.com/stats/49-21-successful-raids-statistics,10,"Chandran Ranjit",5,22,Raider,/static-assets/images/teams/small/2.png?v=6.08
1565263856-25,https://www.prokabaddi.com/stats/49-21-successful-raids-statistics,11,"Rohit Gulia",5,21,"All Rounder",/static-assets/images/teams/small/31.png?v=6.08
1565263856-26,https://www.prokabaddi.com/stats/49-21-successful-raids-statistics,12,"Sachin Tanwar",5,20,Raider,/static-assets/images/teams/small/31.png?v=6.08
1565263856-27,https://www.prokabaddi.com/stats/49-21-successful-raids-statistics,12,"Deepak Narwal",5,20,Raider,/static-assets/images/teams/small/3.png?v=6.08
1565263856-28,https://www.prokabaddi.com/stats/49-21-successful-raids-statistics,14,"K. Prapanjan",4,18,Raider,/static-assets/images/teams/small/4.png?v=6.08
1565263856-29,https://www.prokabaddi.com/stats/49-21-successful-raids-statistics,14,"Pawan Kumar Kadian",5,18,Raider,/static-assets/images/teams/small/7.png?v=6.08
1565263854-3,https://www.prokabaddi.com/stats/49-101-high-5s-statistics,2,"Amit Hooda",5,2,"Defender, right corner",/static-assets/images/teams/small/3.png?v=6.08
1565263856-30,https://www.prokabaddi.com/stats/49-21-successful-raids-statistics,14,"Monu Goyat",5,18,Raider,/static-assets/images/teams/small/30.png?v=6.08
1565263856-31,https://www.prokabaddi.com/stats/49-21-successful-raids-statistics,17,"Mohammad Esmaeil Nabibakhsh",4,17,"All Rounder",/static-assets/images/teams/small/4.png?v=6.08
1565263856-32,https://www.prokabaddi.com/stats/49-21-successful-raids-statistics,18,"Suraj Desai",3,16,Raider,/static-assets/images/teams/small/8.png?v=6.08
1565263856-33,https://www.prokabaddi.com/stats/49-21-successful-raids-statistics,19,"Ajay Thakur",5,15,Raider,/static-assets/images/teams/small/29.png?v=6.08
1565263856-34,https://www.prokabaddi.com/stats/49-21-successful-raids-statistics,20,"More GB",5,14,Raider,/static-assets/images/teams/small/31.png?v=6.08
1565263859-35,https://www.prokabaddi.com/stats/49-138-avg-raid-points-statistics,1,"Pawan Kumar Sehrawat",4,14.25,Raider,/static-assets/images/teams/small/1.png?v=6.08
1565263859-36,https://www.prokabaddi.com/stats/49-138-avg-raid-points-statistics,2,"Naveen Kumar",5,10.6,Raider,/static-assets/images/teams/small/2.png?v=6.08
1565263859-37,https://www.prokabaddi.com/stats/49-138-avg-raid-points-statistics,3,"Maninder Singh",4,10,Raider,/static-assets/images/teams/small/4.png?v=6.08
1565263859-38,https://www.prokabaddi.com/stats/49-138-avg-raid-points-statistics,4,"Vikash Kandola",2,8.5,Raider,/static-assets/images/teams/small/28.png?v=6.08
1565263859-39,https://www.prokabaddi.com/stats/49-138-avg-raid-points-statistics,5,"Deepak Niwas Hooda",5,8.2,"All Rounder",/static-assets/images/teams/small/3.png?v=6.08
1565263854-4,https://www.prokabaddi.com/stats/49-101-high-5s-statistics,2,Jaideep,6,2,"Defender, left corner",/static-assets/images/teams/small/6.png?v=6.08
1565263859-40,https://www.prokabaddi.com/stats/49-138-avg-raid-points-statistics,6,"Pardeep Narwal",6,7.83,Raider,/static-assets/images/teams/small/6.png?v=6.08
1565263859-41,https://www.prokabaddi.com/stats/49-138-avg-raid-points-statistics,7,"Rahul Chaudhari",5,7.8,Raider,/static-assets/images/teams/small/29.png?v=6.08
1565263859-42,https://www.prokabaddi.com/stats/49-138-avg-raid-points-statistics,8,"Suraj Desai",3,7.33,Raider,/static-assets/images/teams/small/8.png?v=6.08
1565263859-43,https://www.prokabaddi.com/stats/49-138-avg-raid-points-statistics,9,Naveen,5,6.2,Raider,/static-assets/images/teams/small/28.png?v=6.08
1565263859-44,https://www.prokabaddi.com/stats/49-138-avg-raid-points-statistics,10,"Mohammad Esmaeil Nabibakhsh",4,6,"All Rounder",/static-assets/images/teams/small/4.png?v=6.08
1565263859-45,https://www.prokabaddi.com/stats/49-138-avg-raid-points-statistics,10,"K. Prapanjan",4,6,Raider,/static-assets/images/teams/small/4.png?v=6.08
1565263859-46,https://www.prokabaddi.com/stats/49-138-avg-raid-points-statistics,12,"Abhishek Singh",6,5.83,Raider,/static-assets/images/teams/small/5.png?v=6.08
1565263859-47,https://www.prokabaddi.com/stats/49-138-avg-raid-points-statistics,13,"Chandran Ranjit",5,5.8,Raider,/static-assets/images/teams/small/2.png?v=6.08
1565263859-48,https://www.prokabaddi.com/stats/49-138-avg-raid-points-statistics,14,"Pankaj Mohite",3,5.67,Raider,/static-assets/images/teams/small/7.png?v=6.08
1565263859-49,https://www.prokabaddi.com/stats/49-138-avg-raid-points-statistics,15,"Siddharth Sirish Desai",5,5.6,Raider,/static-assets/images/teams/small/8.png?v=6.08
1565263854-5,https://www.prokabaddi.com/stats/49-101-high-5s-statistics,2,"Baldev Singh",4,2,"Defender, right corner",/static-assets/images/teams/small/4.png?v=6.08
1565263859-50,https://www.prokabaddi.com/stats/49-138-avg-raid-points-statistics,15,"Rohit Gulia",5,5.6,"All Rounder",/static-assets/images/teams/small/31.png?v=6.08
1565263859-51,https://www.prokabaddi.com/stats/49-138-avg-raid-points-statistics,17,"Sachin Tanwar",5,5,Raider,/static-assets/images/teams/small/31.png?v=6.08
1565263859-52,https://www.prokabaddi.com/stats/49-138-avg-raid-points-statistics,17,"Nitin Rawal",1,5,"All Rounder",/static-assets/images/teams/small/3.png?v=6.08
1565263859-53,https://www.prokabaddi.com/stats/49-138-avg-raid-points-statistics,19,"Deepak Narwal",5,4.8,Raider,/static-assets/images/teams/small/3.png?v=6.08
1565263859-54,https://www.prokabaddi.com/stats/49-138-avg-raid-points-statistics,20,"Pawan Kumar Kadian",5,4.6,Raider,/static-assets/images/teams/small/7.png?v=6.08
1565263854-6,https://www.prokabaddi.com/stats/49-101-high-5s-statistics,6,"Surinder Singh",6,1,Defender,/static-assets/images/teams/small/5.png?v=6.08
1565263854-7,https://www.prokabaddi.com/stats/49-101-high-5s-statistics,6,"Amit Sheoran",4,1,Defender,/static-assets/images/teams/small/1.png?v=6.08
1565263854-8,https://www.prokabaddi.com/stats/49-101-high-5s-statistics,6,"Rinku Narwal",4,1,Defender,/static-assets/images/teams/small/4.png?v=6.08
1565263854-9,https://www.prokabaddi.com/stats/49-101-high-5s-statistics,6,Sumit,5,1,"Defender, left corner",/static-assets/images/teams/small/30.png?v=6.08
1565263861-55,https://www.prokabaddi.com/stats/49-100-super-10s-statistics,1,"Naveen Kumar",5,4,Raider,/static-assets/images/teams/small/2.png?v=6.08
1565263861-64,https://www.prokabaddi.com/stats/49-100-super-10s-statistics,7,"Vikash Kandola",2,1,Raider,/static-assets/images/teams/small/28.png?v=6.08
1565263861-65,https://www.prokabaddi.com/stats/49-100-super-10s-statistics,7,"Mohammad Esmaeil Nabibakhsh",4,1,"All Rounder",/static-assets/images/teams/small/4.png?v=6.08
1565263861-66,https://www.prokabaddi.com/stats/49-100-super-10s-statistics,7,"Rohit Gulia",5,1,"All Rounder",/static-assets/images/teams/small/31.png?v=6.08
1565263861-67,https://www.prokabaddi.com/stats/49-100-super-10s-statistics,7,"Abhishek Singh",6,1,Raider,/static-assets/images/teams/small/5.png?v=6.08
1565263861-68,https://www.prokabaddi.com/stats/49-100-super-10s-statistics,7,"Pawan Kumar Kadian",5,1,Raider,/static-assets/images/teams/small/7.png?v=6.08
1565263861-69,https://www.prokabaddi.com/stats/49-100-super-10s-statistics,7,"Suraj Desai",3,1,Raider,/static-assets/images/teams/small/8.png?v=6.08
1565263864-70,https://www.prokabaddi.com/stats/49-139-avg-tackle-points-statistics,1,"Sandeep Kumar Dhull",5,4.6,"Defender, left corner",/static-assets/images/teams/small/3.png?v=6.08
1565263864-71,https://www.prokabaddi.com/stats/49-139-avg-tackle-points-statistics,2,"Manjeet Chhillar",5,4.4,"All Rounder",/static-assets/images/teams/small/29.png?v=6.08
1565263864-72,https://www.prokabaddi.com/stats/49-139-avg-tackle-points-statistics,3,"Baldev Singh",4,4,"Defender, right corner",/static-assets/images/teams/small/4.png?v=6.08
1565263864-73,https://www.prokabaddi.com/stats/49-139-avg-tackle-points-statistics,3,Sunil,3,4,"Defender, right corner",/static-assets/images/teams/small/28.png?v=6.08
1565263861-56,https://www.prokabaddi.com/stats/49-100-super-10s-statistics,2,"Deepak Niwas Hooda",5,3,"All Rounder",/static-assets/images/teams/small/3.png?v=6.08
1565263864-74,https://www.prokabaddi.com/stats/49-139-avg-tackle-points-statistics,5,Jaideep,6,3.5,"Defender, left corner",/static-assets/images/teams/small/6.png?v=6.08
1565263864-75,https://www.prokabaddi.com/stats/49-139-avg-tackle-points-statistics,6,"Surinder Singh",6,3.33,Defender,/static-assets/images/teams/small/5.png?v=6.08
1565263864-76,https://www.prokabaddi.com/stats/49-139-avg-tackle-points-statistics,7,"Amit Hooda",5,3.2,"Defender, right corner",/static-assets/images/teams/small/3.png?v=6.08
1565263864-77,https://www.prokabaddi.com/stats/49-139-avg-tackle-points-statistics,8,"Mahender Singh",4,3,"Defender, left cover",/static-assets/images/teams/small/1.png?v=6.08
1565263864-78,https://www.prokabaddi.com/stats/49-139-avg-tackle-points-statistics,9,Sumit,5,2.8,"Defender, left corner",/static-assets/images/teams/small/30.png?v=6.08
1565263864-79,https://www.prokabaddi.com/stats/49-139-avg-tackle-points-statistics,9,"Girish Maruti Ernak",5,2.8,"Defender, left corner",/static-assets/images/teams/small/7.png?v=6.08
1565263864-80,https://www.prokabaddi.com/stats/49-139-avg-tackle-points-statistics,9,"Joginder Singh Narwal",5,2.8,"Defender, left corner",/static-assets/images/teams/small/2.png?v=6.08
1565263864-81,https://www.prokabaddi.com/stats/49-139-avg-tackle-points-statistics,12,"Rinku Narwal",4,2.75,Defender,/static-assets/images/teams/small/4.png?v=6.08
1565263864-82,https://www.prokabaddi.com/stats/49-139-avg-tackle-points-statistics,13,"Saurabh Nandal",3,2.67,"Defender, left corner",/static-assets/images/teams/small/1.png?v=6.08
1565263864-83,https://www.prokabaddi.com/stats/49-139-avg-tackle-points-statistics,14,"Nitesh Kumar",5,2.6,Defender,/static-assets/images/teams/small/30.png?v=6.08
1565263861-57,https://www.prokabaddi.com/stats/49-100-super-10s-statistics,3,"Rahul Chaudhari",5,2,Raider,/static-assets/images/teams/small/29.png?v=6.08
1565263864-84,https://www.prokabaddi.com/stats/49-139-avg-tackle-points-statistics,14,"Parvesh Bhainswal",5,2.6,"Defender, left cover",/static-assets/images/teams/small/31.png?v=6.08
1565263864-85,https://www.prokabaddi.com/stats/49-139-avg-tackle-points-statistics,16,"Fazel Atrachali",6,2.5,"Defender, left corner",/static-assets/images/teams/small/5.png?v=6.08
1565263864-86,https://www.prokabaddi.com/stats/49-139-avg-tackle-points-statistics,16,"Viraj Vishnu Landge",2,2.5,"Defender, left cover",/static-assets/images/teams/small/4.png?v=6.08
1565263864-87,https://www.prokabaddi.com/stats/49-139-avg-tackle-points-statistics,18,"More GB",5,2.4,Raider,/static-assets/images/teams/small/31.png?v=6.08
1565263864-88,https://www.prokabaddi.com/stats/49-139-avg-tackle-points-statistics,18,Manjeet,5,2.4,Raider,/static-assets/images/teams/small/7.png?v=6.08
1565263864-89,https://www.prokabaddi.com/stats/49-139-avg-tackle-points-statistics,18,"Mohit Chhillar",5,2.4,"Defender, right corner",/static-assets/images/teams/small/29.png?v=6.08
1565263867-90,https://www.prokabaddi.com/stats/49-22-raid-points-statistics,1,"Pawan Kumar Sehrawat",4,57,Raider,/static-assets/images/teams/small/1.png?v=6.08
1565263867-91,https://www.prokabaddi.com/stats/49-22-raid-points-statistics,2,"Naveen Kumar",5,53,Raider,/static-assets/images/teams/small/2.png?v=6.08
1565263867-92,https://www.prokabaddi.com/stats/49-22-raid-points-statistics,3,"Pardeep Narwal",6,47,Raider,/static-assets/images/teams/small/6.png?v=6.08
1565263867-93,https://www.prokabaddi.com/stats/49-22-raid-points-statistics,4,"Deepak Niwas Hooda",5,41,"All Rounder",/static-assets/images/teams/small/3.png?v=6.08
1565263861-58,https://www.prokabaddi.com/stats/49-100-super-10s-statistics,3,"Maninder Singh",4,2,Raider,/static-assets/images/teams/small/4.png?v=6.08
1565263867-94,https://www.prokabaddi.com/stats/49-22-raid-points-statistics,5,"Maninder Singh",4,40,Raider,/static-assets/images/teams/small/4.png?v=6.08
1565263867-95,https://www.prokabaddi.com/stats/49-22-raid-points-statistics,6,"Rahul Chaudhari",5,39,Raider,/static-assets/images/teams/small/29.png?v=6.08
1565263867-96,https://www.prokabaddi.com/stats/49-22-raid-points-statistics,7,"Abhishek Singh",6,35,Raider,/static-assets/images/teams/small/5.png?v=6.08
1565263867-97,https://www.prokabaddi.com/stats/49-22-raid-points-statistics,8,Naveen,5,31,Raider,/static-assets/images/teams/small/28.png?v=6.08
1565263867-98,https://www.prokabaddi.com/stats/49-22-raid-points-statistics,9,"Chandran Ranjit",5,29,Raider,/static-assets/images/teams/small/2.png?v=6.08
1565263867-99,https://www.prokabaddi.com/stats/49-22-raid-points-statistics,10,"Rohit Gulia",5,28,"All Rounder",/static-assets/images/teams/small/31.png?v=6.08
1565263867-100,https://www.prokabaddi.com/stats/49-22-raid-points-statistics,10,"Siddharth Sirish Desai",5,28,Raider,/static-assets/images/teams/small/8.png?v=6.08
1565263867-101,https://www.prokabaddi.com/stats/49-22-raid-points-statistics,12,"Sachin Tanwar",5,25,Raider,/static-assets/images/teams/small/31.png?v=6.08
1565263867-102,https://www.prokabaddi.com/stats/49-22-raid-points-statistics,13,"Mohammad Esmaeil Nabibakhsh",4,24,"All Rounder",/static-assets/images/teams/small/4.png?v=6.08
1565263867-103,https://www.prokabaddi.com/stats/49-22-raid-points-statistics,13,"K. Prapanjan",4,24,Raider,/static-assets/images/teams/small/4.png?v=6.08
1565263861-59,https://www.prokabaddi.com/stats/49-100-super-10s-statistics,3,"Pawan Kumar Sehrawat",4,2,Raider,/static-assets/images/teams/small/1.png?v=6.08
1565263867-104,https://www.prokabaddi.com/stats/49-22-raid-points-statistics,13,"Deepak Narwal",5,24,Raider,/static-assets/images/teams/small/3.png?v=6.08
1565263867-105,https://www.prokabaddi.com/stats/49-22-raid-points-statistics,16,"Pawan Kumar Kadian",5,23,Raider,/static-assets/images/teams/small/7.png?v=6.08
1565263867-106,https://www.prokabaddi.com/stats/49-22-raid-points-statistics,17,"Suraj Desai",3,22,Raider,/static-assets/images/teams/small/8.png?v=6.08
1565263867-107,https://www.prokabaddi.com/stats/49-22-raid-points-statistics,18,Vinay,5,20,Raider,/static-assets/images/teams/small/28.png?v=6.08
1565263867-108,https://www.prokabaddi.com/stats/49-22-raid-points-statistics,18,"Ajay Thakur",5,20,Raider,/static-assets/images/teams/small/29.png?v=6.08
1565263867-109,https://www.prokabaddi.com/stats/49-22-raid-points-statistics,20,"Rohit Baliyan",6,19,Raider,/static-assets/images/teams/small/5.png?v=6.08
1565263861-60,https://www.prokabaddi.com/stats/49-100-super-10s-statistics,3,"Pardeep Narwal",6,2,Raider,/static-assets/images/teams/small/6.png?v=6.08
1565263861-61,https://www.prokabaddi.com/stats/49-100-super-10s-statistics,7,"K. Prapanjan",4,1,Raider,/static-assets/images/teams/small/4.png?v=6.08
1565263861-62,https://www.prokabaddi.com/stats/49-100-super-10s-statistics,7,Naveen,5,1,Raider,/static-assets/images/teams/small/28.png?v=6.08
1565263861-63,https://www.prokabaddi.com/stats/49-100-super-10s-statistics,7,"Chandran Ranjit",5,1,Raider,/static-assets/images/teams/small/2.png?v=6.08
1565263870-110,https://www.prokabaddi.com/stats/49-132-do-or-die-raid-points-statistics,1,"Abhishek Singh",6,14,Raider,/static-assets/images/teams/small/5.png?v=6.08
1565263870-119,https://www.prokabaddi.com/stats/49-132-do-or-die-raid-points-statistics,7,Naveen,5,7,Raider,/static-assets/images/teams/small/28.png?v=6.08
1565263870-120,https://www.prokabaddi.com/stats/49-132-do-or-die-raid-points-statistics,11,"Amit Kumar",5,6,Raider,/static-assets/images/teams/small/7.png?v=6.08
1565263870-121,https://www.prokabaddi.com/stats/49-132-do-or-die-raid-points-statistics,12,"Ajinkya Ashok Pawar",5,5,Raider,/static-assets/images/teams/small/3.png?v=6.08
1565263870-122,https://www.prokabaddi.com/stats/49-132-do-or-die-raid-points-statistics,12,Vinay,5,5,Raider,/static-assets/images/teams/small/28.png?v=6.08
1565263870-123,https://www.prokabaddi.com/stats/49-132-do-or-die-raid-points-statistics,12,"Pawan Kumar Kadian",5,5,Raider,/static-assets/images/teams/small/7.png?v=6.08
1565263870-124,https://www.prokabaddi.com/stats/49-132-do-or-die-raid-points-statistics,12,"Deepak Niwas Hooda",5,5,"All Rounder",/static-assets/images/teams/small/3.png?v=6.08
1565263870-125,https://www.prokabaddi.com/stats/49-132-do-or-die-raid-points-statistics,16,"Rohit Baliyan",6,4,Raider,/static-assets/images/teams/small/5.png?v=6.08
1565263870-126,https://www.prokabaddi.com/stats/49-132-do-or-die-raid-points-statistics,16,"Dong Geon Lee",3,4,Raider,/static-assets/images/teams/small/5.png?v=6.08
1565263870-127,https://www.prokabaddi.com/stats/49-132-do-or-die-raid-points-statistics,16,"Rohit Gulia",5,4,"All Rounder",/static-assets/images/teams/small/31.png?v=6.08
1565263870-128,https://www.prokabaddi.com/stats/49-132-do-or-die-raid-points-statistics,16,Rajnish,3,4,Raider,/static-assets/images/teams/small/8.png?v=6.08
1565263870-111,https://www.prokabaddi.com/stats/49-132-do-or-die-raid-points-statistics,2,"Sachin Tanwar",5,10,Raider,/static-assets/images/teams/small/31.png?v=6.08
1565263870-129,https://www.prokabaddi.com/stats/49-132-do-or-die-raid-points-statistics,20,"Sachin Narwal",5,3,"All Rounder",/static-assets/images/teams/small/3.png?v=6.08
1565263872-130,https://www.prokabaddi.com/stats/49-104-super-raids-statistics,1,"Maninder Singh",4,2,Raider,/static-assets/images/teams/small/4.png?v=6.08
1565263872-131,https://www.prokabaddi.com/stats/49-104-super-raids-statistics,1,"Pardeep Narwal",6,2,Raider,/static-assets/images/teams/small/6.png?v=6.08
1565263872-132,https://www.prokabaddi.com/stats/49-104-super-raids-statistics,1,"Pawan Kumar Sehrawat",4,2,Raider,/static-assets/images/teams/small/1.png?v=6.08
1565263872-133,https://www.prokabaddi.com/stats/49-104-super-raids-statistics,1,"Mohammad Esmaeil Nabibakhsh",4,2,"All Rounder",/static-assets/images/teams/small/4.png?v=6.08
1565263872-134,https://www.prokabaddi.com/stats/49-104-super-raids-statistics,1,"Sonu Jaglan",5,2,Raider,/static-assets/images/teams/small/31.png?v=6.08
1565263872-135,https://www.prokabaddi.com/stats/49-104-super-raids-statistics,6,Vinay,5,1,Raider,/static-assets/images/teams/small/28.png?v=6.08
1565263872-136,https://www.prokabaddi.com/stats/49-104-super-raids-statistics,6,"Pankaj Mohite",3,1,Raider,/static-assets/images/teams/small/7.png?v=6.08
1565263872-137,https://www.prokabaddi.com/stats/49-104-super-raids-statistics,6,"Surinder Singh",6,1,Defender,/static-assets/images/teams/small/5.png?v=6.08
1565263872-138,https://www.prokabaddi.com/stats/49-104-super-raids-statistics,6,"Naveen Kumar",5,1,Raider,/static-assets/images/teams/small/2.png?v=6.08
1565263870-112,https://www.prokabaddi.com/stats/49-132-do-or-die-raid-points-statistics,2,"Rahul Chaudhari",5,10,Raider,/static-assets/images/teams/small/29.png?v=6.08
1565263872-139,https://www.prokabaddi.com/stats/49-104-super-raids-statistics,6,"Rohit Baliyan",6,1,Raider,/static-assets/images/teams/small/5.png?v=6.08
1565263872-140,https://www.prokabaddi.com/stats/49-104-super-raids-statistics,6,"Selvamani K",4,1,Raider,/static-assets/images/teams/small/28.png?v=6.08
1565263872-141,https://www.prokabaddi.com/stats/49-104-super-raids-statistics,6,"Ajay Thakur",5,1,Raider,/static-assets/images/teams/small/29.png?v=6.08
1565263872-142,https://www.prokabaddi.com/stats/49-104-super-raids-statistics,6,"Chandran Ranjit",5,1,Raider,/static-assets/images/teams/small/2.png?v=6.08
1565263872-143,https://www.prokabaddi.com/stats/49-104-super-raids-statistics,6,"Deepak Niwas Hooda",5,1,"All Rounder",/static-assets/images/teams/small/3.png?v=6.08
1565263872-144,https://www.prokabaddi.com/stats/49-104-super-raids-statistics,6,"Suraj Desai",3,1,Raider,/static-assets/images/teams/small/8.png?v=6.08
1565263875-145,https://www.prokabaddi.com/stats/49-103-tackle-points-statistics,1,"Sandeep Kumar Dhull",5,23,"Defender, left corner",/static-assets/images/teams/small/3.png?v=6.08
1565263875-146,https://www.prokabaddi.com/stats/49-103-tackle-points-statistics,2,"Manjeet Chhillar",5,22,"All Rounder",/static-assets/images/teams/small/29.png?v=6.08
1565263875-147,https://www.prokabaddi.com/stats/49-103-tackle-points-statistics,3,Jaideep,6,21,"Defender, left corner",/static-assets/images/teams/small/6.png?v=6.08
1565263875-148,https://www.prokabaddi.com/stats/49-103-tackle-points-statistics,4,"Surinder Singh",6,20,Defender,/static-assets/images/teams/small/5.png?v=6.08
1565263870-113,https://www.prokabaddi.com/stats/49-132-do-or-die-raid-points-statistics,4,"Pardeep Narwal",6,9,Raider,/static-assets/images/teams/small/6.png?v=6.08
1565263875-149,https://www.prokabaddi.com/stats/49-103-tackle-points-statistics,5,"Baldev Singh",4,16,"Defender, right corner",/static-assets/images/teams/small/4.png?v=6.08
1565263875-150,https://www.prokabaddi.com/stats/49-103-tackle-points-statistics,5,"Amit Hooda",5,16,"Defender, right corner",/static-assets/images/teams/small/3.png?v=6.08
1565263875-151,https://www.prokabaddi.com/stats/49-103-tackle-points-statistics,7,"Fazel Atrachali",6,15,"Defender, left corner",/static-assets/images/teams/small/5.png?v=6.08
1565263875-152,https://www.prokabaddi.com/stats/49-103-tackle-points-statistics,8,"Joginder Singh Narwal",5,14,"Defender, left corner",/static-assets/images/teams/small/2.png?v=6.08
1565263875-153,https://www.prokabaddi.com/stats/49-103-tackle-points-statistics,8,"Girish Maruti Ernak",5,14,"Defender, left corner",/static-assets/images/teams/small/7.png?v=6.08
1565263875-154,https://www.prokabaddi.com/stats/49-103-tackle-points-statistics,8,Sumit,5,14,"Defender, left corner",/static-assets/images/teams/small/30.png?v=6.08
1565263875-155,https://www.prokabaddi.com/stats/49-103-tackle-points-statistics,11,"Parvesh Bhainswal",5,13,"Defender, left cover",/static-assets/images/teams/small/31.png?v=6.08
1565263875-156,https://www.prokabaddi.com/stats/49-103-tackle-points-statistics,11,"Nitesh Kumar",5,13,Defender,/static-assets/images/teams/small/30.png?v=6.08
1565263875-157,https://www.prokabaddi.com/stats/49-103-tackle-points-statistics,13,Manjeet,5,12,Raider,/static-assets/images/teams/small/7.png?v=6.08
1565263875-158,https://www.prokabaddi.com/stats/49-103-tackle-points-statistics,13,"Mahender Singh",4,12,"Defender, left cover",/static-assets/images/teams/small/1.png?v=6.08
1565263870-114,https://www.prokabaddi.com/stats/49-132-do-or-die-raid-points-statistics,4,"Pankaj Mohite",3,9,Raider,/static-assets/images/teams/small/7.png?v=6.08
1565263875-159,https://www.prokabaddi.com/stats/49-103-tackle-points-statistics,13,"More GB",5,12,Raider,/static-assets/images/teams/small/31.png?v=6.08
1565263875-160,https://www.prokabaddi.com/stats/49-103-tackle-points-statistics,13,"Mohit Chhillar",5,12,"Defender, right corner",/static-assets/images/teams/small/29.png?v=6.08
1565263875-161,https://www.prokabaddi.com/stats/49-103-tackle-points-statistics,13,Sunil,3,12,"Defender, right corner",/static-assets/images/teams/small/28.png?v=6.08
1565263875-162,https://www.prokabaddi.com/stats/49-103-tackle-points-statistics,18,"Dharmaraj Cheralathan",5,11,"Defender, right and left corner",/static-assets/images/teams/small/28.png?v=6.08
1565263875-163,https://www.prokabaddi.com/stats/49-103-tackle-points-statistics,18,"Vishal Bhardwaj",5,11,Defender,/static-assets/images/teams/small/8.png?v=6.08
1565263875-164,https://www.prokabaddi.com/stats/49-103-tackle-points-statistics,18,Monu,6,11,Raider,/static-assets/images/teams/small/6.png?v=6.08
1565263870-115,https://www.prokabaddi.com/stats/49-132-do-or-die-raid-points-statistics,6,"Deepak Narwal",5,8,Raider,/static-assets/images/teams/small/3.png?v=6.08
1565263870-116,https://www.prokabaddi.com/stats/49-132-do-or-die-raid-points-statistics,7,"Maninder Singh",4,7,Raider,/static-assets/images/teams/small/4.png?v=6.08
1565263870-117,https://www.prokabaddi.com/stats/49-132-do-or-die-raid-points-statistics,7,"Vikash Kandola",2,7,Raider,/static-assets/images/teams/small/28.png?v=6.08
1565263870-118,https://www.prokabaddi.com/stats/49-132-do-or-die-raid-points-statistics,7,"Naveen Kumar",5,7,Raider,/static-assets/images/teams/small/2.png?v=6.08
1565263877-165,https://www.prokabaddi.com/stats/49-23-successful-tackles-statistics,1,"Sandeep Kumar Dhull",5,22,"Defender, left corner",/static-assets/images/teams/small/3.png?v=6.08
1565263877-174,https://www.prokabaddi.com/stats/49-23-successful-tackles-statistics,9,"More GB",5,12,Raider,/static-assets/images/teams/small/31.png?v=6.08
1565263877-175,https://www.prokabaddi.com/stats/49-23-successful-tackles-statistics,9,"Parvesh Bhainswal",5,12,"Defender, left cover",/static-assets/images/teams/small/31.png?v=6.08
1565263877-176,https://www.prokabaddi.com/stats/49-23-successful-tackles-statistics,9,"Mohit Chhillar",5,12,"Defender, right corner",/static-assets/images/teams/small/29.png?v=6.08
1565263877-177,https://www.prokabaddi.com/stats/49-23-successful-tackles-statistics,9,"Girish Maruti Ernak",5,12,"Defender, left corner",/static-assets/images/teams/small/7.png?v=6.08
1565263877-178,https://www.prokabaddi.com/stats/49-23-successful-tackles-statistics,9,Sunil,3,12,"Defender, right corner",/static-assets/images/teams/small/28.png?v=6.08
1565263877-179,https://www.prokabaddi.com/stats/49-23-successful-tackles-statistics,15,"Joginder Singh Narwal",5,11,"Defender, left corner",/static-assets/images/teams/small/2.png?v=6.08
1565263877-180,https://www.prokabaddi.com/stats/49-23-successful-tackles-statistics,15,"Rinku Narwal",4,11,Defender,/static-assets/images/teams/small/4.png?v=6.08
1565263877-181,https://www.prokabaddi.com/stats/49-23-successful-tackles-statistics,15,"Nitesh Kumar",5,11,Defender,/static-assets/images/teams/small/30.png?v=6.08
1565263877-182,https://www.prokabaddi.com/stats/49-23-successful-tackles-statistics,15,"Sunil Kumar",5,11,Defender,/static-assets/images/teams/small/31.png?v=6.08
1565263877-183,https://www.prokabaddi.com/stats/49-23-successful-tackles-statistics,19,"Neeraj Kumar",6,10,"Defender, right cover",/static-assets/images/teams/small/6.png?v=6.08
1565263877-166,https://www.prokabaddi.com/stats/49-23-successful-tackles-statistics,2,"Manjeet Chhillar",5,20,"All Rounder",/static-assets/images/teams/small/29.png?v=6.08
1565263877-184,https://www.prokabaddi.com/stats/49-23-successful-tackles-statistics,19,"Dharmaraj Cheralathan",5,10,"Defender, right and left corner",/static-assets/images/teams/small/28.png?v=6.08
1565263882-185,https://www.prokabaddi.com/stats/49-28-super-tackles-statistics,1,"Joginder Singh Narwal",5,3,"Defender, left corner",/static-assets/images/teams/small/2.png?v=6.08
1565263882-186,https://www.prokabaddi.com/stats/49-28-super-tackles-statistics,1,"Baldev Singh",4,3,"Defender, right corner",/static-assets/images/teams/small/4.png?v=6.08
1565263882-187,https://www.prokabaddi.com/stats/49-28-super-tackles-statistics,1,"Mahender Singh",4,3,"Defender, left cover",/static-assets/images/teams/small/1.png?v=6.08
1565263882-188,https://www.prokabaddi.com/stats/49-28-super-tackles-statistics,1,Monu,6,3,Raider,/static-assets/images/teams/small/6.png?v=6.08
1565263882-189,https://www.prokabaddi.com/stats/49-28-super-tackles-statistics,5,"Jadhav Balasaheb Shahaji",4,2,"Defender, right cover",/static-assets/images/teams/small/7.png?v=6.08
1565263882-190,https://www.prokabaddi.com/stats/49-28-super-tackles-statistics,5,Ankit,5,2,"Defender, right corner",/static-assets/images/teams/small/31.png?v=6.08
1565263882-191,https://www.prokabaddi.com/stats/49-28-super-tackles-statistics,5,"Nitesh Kumar",5,2,Defender,/static-assets/images/teams/small/30.png?v=6.08
1565263882-192,https://www.prokabaddi.com/stats/49-28-super-tackles-statistics,5,"Young Chang Ko",5,2,"Defender, left cover",/static-assets/images/teams/small/5.png?v=6.08
1565263882-193,https://www.prokabaddi.com/stats/49-28-super-tackles-statistics,5,"Ashish Kumar",4,2,"All Rounder",/static-assets/images/teams/small/1.png?v=6.08
1565263877-167,https://www.prokabaddi.com/stats/49-23-successful-tackles-statistics,3,Jaideep,6,19,"Defender, left corner",/static-assets/images/teams/small/6.png?v=6.08
1565263882-194,https://www.prokabaddi.com/stats/49-28-super-tackles-statistics,5,"Manjeet Chhillar",5,2,"All Rounder",/static-assets/images/teams/small/29.png?v=6.08
1565263882-195,https://www.prokabaddi.com/stats/49-28-super-tackles-statistics,5,"Sandeep Narwal",6,2,"All Rounder",/static-assets/images/teams/small/5.png?v=6.08
1565263882-196,https://www.prokabaddi.com/stats/49-28-super-tackles-statistics,5,"Girish Maruti Ernak",5,2,"Defender, left corner",/static-assets/images/teams/small/7.png?v=6.08
1565263882-197,https://www.prokabaddi.com/stats/49-28-super-tackles-statistics,5,"Hadi Oshtorak",6,2,"All Rounder",/static-assets/images/teams/small/6.png?v=6.08
1565263882-198,https://www.prokabaddi.com/stats/49-28-super-tackles-statistics,5,"PO Surjeet Singh",5,2,"Defender, right cover",/static-assets/images/teams/small/7.png?v=6.08
1565263882-199,https://www.prokabaddi.com/stats/49-28-super-tackles-statistics,5,"Vishal Bhardwaj",5,2,Defender,/static-assets/images/teams/small/8.png?v=6.08
1565263882-200,https://www.prokabaddi.com/stats/49-28-super-tackles-statistics,5,Jaideep,6,2,"Defender, left corner",/static-assets/images/teams/small/6.png?v=6.08
1565263882-201,https://www.prokabaddi.com/stats/49-28-super-tackles-statistics,17,"Sumit Singh",3,1,Raider,/static-assets/images/teams/small/1.png?v=6.08
1565263882-202,https://www.prokabaddi.com/stats/49-28-super-tackles-statistics,17,"Mohammad Esmaeil Nabibakhsh",4,1,"All Rounder",/static-assets/images/teams/small/4.png?v=6.08
1565263882-203,https://www.prokabaddi.com/stats/49-28-super-tackles-statistics,17,"Parvesh Bhainswal",5,1,"Defender, left cover",/static-assets/images/teams/small/31.png?v=6.08
1565263877-168,https://www.prokabaddi.com/stats/49-23-successful-tackles-statistics,3,"Surinder Singh",6,19,Defender,/static-assets/images/teams/small/5.png?v=6.08
1565263882-204,https://www.prokabaddi.com/stats/49-28-super-tackles-statistics,17,"Fazel Atrachali",6,1,"Defender, left corner",/static-assets/images/teams/small/5.png?v=6.08
1565263884-205,https://www.prokabaddi.com/stats/49-102-total-points-statistics,1,"Pawan Kumar Sehrawat",4,57,Raider,/static-assets/images/teams/small/1.png?v=6.08
1565263884-206,https://www.prokabaddi.com/stats/49-102-total-points-statistics,2,"Naveen Kumar",5,54,Raider,/static-assets/images/teams/small/2.png?v=6.08
1565263884-207,https://www.prokabaddi.com/stats/49-102-total-points-statistics,3,"Pardeep Narwal",6,47,Raider,/static-assets/images/teams/small/6.png?v=6.08
1565263884-208,https://www.prokabaddi.com/stats/49-102-total-points-statistics,4,"Deepak Niwas Hooda",5,43,"All Rounder",/static-assets/images/teams/small/3.png?v=6.08
1565263884-209,https://www.prokabaddi.com/stats/49-102-total-points-statistics,4,"Rahul Chaudhari",5,43,Raider,/static-assets/images/teams/small/29.png?v=6.08
1565263884-210,https://www.prokabaddi.com/stats/49-102-total-points-statistics,6,"Maninder Singh",4,40,Raider,/static-assets/images/teams/small/4.png?v=6.08
1565263884-211,https://www.prokabaddi.com/stats/49-102-total-points-statistics,7,"Abhishek Singh",6,36,Raider,/static-assets/images/teams/small/5.png?v=6.08
1565263884-212,https://www.prokabaddi.com/stats/49-102-total-points-statistics,8,Naveen,5,33,Raider,/static-assets/images/teams/small/28.png?v=6.08
1565263884-213,https://www.prokabaddi.com/stats/49-102-total-points-statistics,8,"Chandran Ranjit",5,33,Raider,/static-assets/images/teams/small/2.png?v=6.08
1565263877-169,https://www.prokabaddi.com/stats/49-23-successful-tackles-statistics,5,"Amit Hooda",5,15,"Defender, right corner",/static-assets/images/teams/small/3.png?v=6.08
1565263884-214,https://www.prokabaddi.com/stats/49-102-total-points-statistics,10,"Rohit Gulia",5,30,"All Rounder",/static-assets/images/teams/small/31.png?v=6.08
1565263884-215,https://www.prokabaddi.com/stats/49-102-total-points-statistics,10,"Siddharth Sirish Desai",5,30,Raider,/static-assets/images/teams/small/8.png?v=6.08
1565263884-216,https://www.prokabaddi.com/stats/49-102-total-points-statistics,12,"More GB",5,28,Raider,/static-assets/images/teams/small/31.png?v=6.08
1565263884-217,https://www.prokabaddi.com/stats/49-102-total-points-statistics,12,"Mohammad Esmaeil Nabibakhsh",4,28,"All Rounder",/static-assets/images/teams/small/4.png?v=6.08
1565263884-218,https://www.prokabaddi.com/stats/49-102-total-points-statistics,14,"Sachin Tanwar",5,26,Raider,/static-assets/images/teams/small/31.png?v=6.08
1565263884-219,https://www.prokabaddi.com/stats/49-102-total-points-statistics,15,"Deepak Narwal",5,25,Raider,/static-assets/images/teams/small/3.png?v=6.08
1565263884-220,https://www.prokabaddi.com/stats/49-102-total-points-statistics,16,"K. Prapanjan",4,24,Raider,/static-assets/images/teams/small/4.png?v=6.08
1565263884-221,https://www.prokabaddi.com/stats/49-102-total-points-statistics,16,"Surinder Singh",6,24,Defender,/static-assets/images/teams/small/5.png?v=6.08
1565263884-222,https://www.prokabaddi.com/stats/49-102-total-points-statistics,18,"Sandeep Kumar Dhull",5,23,"Defender, left corner",/static-assets/images/teams/small/3.png?v=6.08
1565263884-223,https://www.prokabaddi.com/stats/49-102-total-points-statistics,18,"Pawan Kumar Kadian",5,23,Raider,/static-assets/images/teams/small/7.png?v=6.08
1565263877-170,https://www.prokabaddi.com/stats/49-23-successful-tackles-statistics,6,"Fazel Atrachali",6,14,"Defender, left corner",/static-assets/images/teams/small/5.png?v=6.08
1565263884-224,https://www.prokabaddi.com/stats/49-102-total-points-statistics,20,"Suraj Desai",3,22,Raider,/static-assets/images/teams/small/8.png?v=6.08
1565263877-171,https://www.prokabaddi.com/stats/49-23-successful-tackles-statistics,6,Sumit,5,14,"Defender, left corner",/static-assets/images/teams/small/30.png?v=6.08
1565263877-172,https://www.prokabaddi.com/stats/49-23-successful-tackles-statistics,8,"Baldev Singh",4,13,"Defender, right corner",/static-assets/images/teams/small/4.png?v=6.08
1565263877-173,https://www.prokabaddi.com/stats/49-23-successful-tackles-statistics,9,Manjeet,5,12,Raider,/static-assets/images/teams/small/7.png?v=6.08
