﻿web-scraper-order,web-scraper-start-url,name,team,type,points,credits,announced
1567086323-1,https://www.dream11.com/kabaddi/create-team/1092/15128,Jeeva-Kumar,BEN,DEF,170,14.5,Announced
1567086323-10,https://www.dream11.com/kabaddi/create-team/1092/15128,Himanshu,TAM,DEF,0,11.5,
1567086323-11,https://www.dream11.com/kabaddi/create-team/1092/15128,"N Narwal",BEN,DEF,18,11.5,Announced
1567086323-12,https://www.dream11.com/kabaddi/create-team/1092/15128,Sagar,TAM,DEF,13,11,
1567086323-13,https://www.dream11.com/kabaddi/create-team/1092/15128,Adarsh-T,BEN,DEF,17,11,
1567086323-14,https://www.dream11.com/kabaddi/create-team/1092/15128,"M Sheibak",TAM,DEF,2,10.5,
1567086323-15,https://www.dream11.com/kabaddi/create-team/1092/15128,Amit-I,BEN,DEF,2,10.5,
1567086323-16,https://www.dream11.com/kabaddi/create-team/1092/15128,Dharmendra-Singh,BEN,DEF,0,10,
1567086323-17,https://www.dream11.com/kabaddi/create-team/1092/15128,Manjeet-Chhillar,TAM,ALL,166,15.5,Announced
1567086323-18,https://www.dream11.com/kabaddi/create-team/1092/15128,"M Esmaeil-Nabibakhsh",BEN,ALL,274,14.5,Announced
1567086323-19,https://www.dream11.com/kabaddi/create-team/1092/15128,"R Singh",TAM,ALL,162,13.5,Announced
1567086323-2,https://www.dream11.com/kabaddi/create-team/1092/15128,Mohit-Chillar,TAM,DEF,184,14,Announced
1567086323-20,https://www.dream11.com/kabaddi/create-team/1092/15128,"V O Obiero",TAM,ALL,0,13,
1567086323-21,https://www.dream11.com/kabaddi/create-team/1092/15128,"H Chauhan",TAM,ALL,2,12.5,
1567086323-22,https://www.dream11.com/kabaddi/create-team/1092/15128,Avinash-AR,BEN,ALL,0,12,
1567086323-23,https://www.dream11.com/kabaddi/create-team/1092/15128,"S T Patil",BEN,ALL,0,11,
1567086323-24,https://www.dream11.com/kabaddi/create-team/1092/15128,"A S Dhumal",BEN,ALL,0,11,
1567086323-25,https://www.dream11.com/kabaddi/create-team/1092/15128,"S M Dubile",BEN,ALL,0,10.5,
1567086323-26,https://www.dream11.com/kabaddi/create-team/1092/15128,"A Thakur",TAM,RAI,181,16.5,Announced
1567086323-27,https://www.dream11.com/kabaddi/create-team/1092/15128,"R Chaudhari",TAM,RAI,272,16,Announced
1567086323-28,https://www.dream11.com/kabaddi/create-team/1092/15128,Maninder-Singh,BEN,RAI,349,16,Announced
1567086323-29,https://www.dream11.com/kabaddi/create-team/1092/15128,"K Prapanjan",BEN,RAI,279,15,Announced
1567086323-3,https://www.dream11.com/kabaddi/create-team/1092/15128,Baldev-Singh,BEN,DEF,199,14,Announced
1567086323-30,https://www.dream11.com/kabaddi/create-team/1092/15128,"R Kumawat",BEN,RAI,0,14,
1567086323-31,https://www.dream11.com/kabaddi/create-team/1092/15128,"S Hegde",BEN,RAI,22,14,
1567086323-32,https://www.dream11.com/kabaddi/create-team/1092/15128,"V Sharma",TAM,RAI,51,13,
1567086323-33,https://www.dream11.com/kabaddi/create-team/1092/15128,"S Bappu",TAM,RAI,95,13,Announced
1567086323-34,https://www.dream11.com/kabaddi/create-team/1092/15128,"V A Kumar",TAM,RAI,98,12,
1567086323-35,https://www.dream11.com/kabaddi/create-team/1092/15128,"R Narwal",BEN,RAI,9,12,
1567086323-36,https://www.dream11.com/kabaddi/create-team/1092/15128,Anand,TAM,RAI,0,11.5,
1567086323-37,https://www.dream11.com/kabaddi/create-team/1092/15128,"Y Bishnoi",TAM,RAI,0,11.5,
1567086323-38,https://www.dream11.com/kabaddi/create-team/1092/15128,"M T P Mahali",BEN,RAI,12,9.5,
1567086323-4,https://www.dream11.com/kabaddi/create-team/1092/15128,"R Narwal",BEN,DEF,203,14,Announced
1567086323-5,https://www.dream11.com/kabaddi/create-team/1092/15128,"V Thangadurai",BEN,DEF,25,13,
1567086323-6,https://www.dream11.com/kabaddi/create-team/1092/15128,Ajeet,TAM,DEF,99,12.5,Announced
1567086323-7,https://www.dream11.com/kabaddi/create-team/1092/15128,"P Subramanian",TAM,DEF,13,12.5,
1567086323-8,https://www.dream11.com/kabaddi/create-team/1092/15128,"M Abishek",TAM,DEF,0,12,
1567086323-9,https://www.dream11.com/kabaddi/create-team/1092/15128,"V Landge",BEN,DEF,68,12,
