﻿web-scraper-order,web-scraper-start-url,name,rank,team_id,matches,points
1565263848-1,https://www.prokabaddi.com/stats/49-97-raid-points-statistics,"Dabang Delhi K.C.",1,/static-assets/images/teams/small/2.png?v=6.08,5,92
1565263848-10,https://www.prokabaddi.com/stats/49-97-raid-points-statistics,"Tamil Thalaivas",10,/static-assets/images/teams/small/29.png?v=6.08,5,74
1565263851-11,https://www.prokabaddi.com/stats/49-140-avg-points-scored-statistics,"Bengal Warriors",1,/static-assets/images/teams/small/4.png?v=6.08,4,32.75
1565263851-12,https://www.prokabaddi.com/stats/49-140-avg-points-scored-statistics,"Bengaluru Bulls",2,/static-assets/images/teams/small/1.png?v=6.08,4,29
1565263851-13,https://www.prokabaddi.com/stats/49-140-avg-points-scored-statistics,"Gujarat Fortunegiants",2,/static-assets/images/teams/small/31.png?v=6.08,5,29
1565263851-14,https://www.prokabaddi.com/stats/49-140-avg-points-scored-statistics,"Jaipur Pink Panthers",4,/static-assets/images/teams/small/3.png?v=6.08,5,28
1565263851-15,https://www.prokabaddi.com/stats/49-140-avg-points-scored-statistics,"Dabang Delhi K.C.",5,/static-assets/images/teams/small/2.png?v=6.08,5,26.8
1565263851-16,https://www.prokabaddi.com/stats/49-140-avg-points-scored-statistics,"Puneri Paltan",6,/static-assets/images/teams/small/7.png?v=6.08,5,26.6
1565263851-17,https://www.prokabaddi.com/stats/49-140-avg-points-scored-statistics,"Tamil Thalaivas",7,/static-assets/images/teams/small/29.png?v=6.08,5,26
1565263851-18,https://www.prokabaddi.com/stats/49-140-avg-points-scored-statistics,"Haryana Steelers",8,/static-assets/images/teams/small/28.png?v=6.08,5,25.2
1565263851-19,https://www.prokabaddi.com/stats/49-140-avg-points-scored-statistics,"U Mumba",9,/static-assets/images/teams/small/5.png?v=6.08,6,23.83
1565263848-2,https://www.prokabaddi.com/stats/49-97-raid-points-statistics,"U Mumba",2,/static-assets/images/teams/small/5.png?v=6.08,6,89
1565263851-20,https://www.prokabaddi.com/stats/49-140-avg-points-scored-statistics,"Telugu Titans",10,/static-assets/images/teams/small/8.png?v=6.08,5,23.6
1565263853-21,https://www.prokabaddi.com/stats/49-134-super-raid-statistics,"Bengal Warriors",1,/static-assets/images/teams/small/4.png?v=6.08,4,4
1565263853-22,https://www.prokabaddi.com/stats/49-134-super-raid-statistics,"U Mumba",2,/static-assets/images/teams/small/5.png?v=6.08,6,2
1565263853-23,https://www.prokabaddi.com/stats/49-134-super-raid-statistics,"Patna Pirates",2,/static-assets/images/teams/small/6.png?v=6.08,6,2
1565263853-24,https://www.prokabaddi.com/stats/49-134-super-raid-statistics,"Bengaluru Bulls",2,/static-assets/images/teams/small/1.png?v=6.08,4,2
1565263853-25,https://www.prokabaddi.com/stats/49-134-super-raid-statistics,"Dabang Delhi K.C.",2,/static-assets/images/teams/small/2.png?v=6.08,5,2
1565263853-26,https://www.prokabaddi.com/stats/49-134-super-raid-statistics,"Haryana Steelers",2,/static-assets/images/teams/small/28.png?v=6.08,5,2
1565263853-27,https://www.prokabaddi.com/stats/49-134-super-raid-statistics,"Gujarat Fortunegiants",2,/static-assets/images/teams/small/31.png?v=6.08,5,2
1565263853-28,https://www.prokabaddi.com/stats/49-134-super-raid-statistics,"Tamil Thalaivas",8,/static-assets/images/teams/small/29.png?v=6.08,5,1
1565263853-29,https://www.prokabaddi.com/stats/49-134-super-raid-statistics,"Jaipur Pink Panthers",8,/static-assets/images/teams/small/3.png?v=6.08,5,1
1565263848-3,https://www.prokabaddi.com/stats/49-97-raid-points-statistics,"Bengal Warriors",3,/static-assets/images/teams/small/4.png?v=6.08,4,88
1565263853-30,https://www.prokabaddi.com/stats/49-134-super-raid-statistics,"Puneri Paltan",8,/static-assets/images/teams/small/7.png?v=6.08,5,1
1565263855-31,https://www.prokabaddi.com/stats/49-15-successful-tackles-statistics,"Gujarat Fortunegiants",1,/static-assets/images/teams/small/31.png?v=6.08,5,54
1565263855-32,https://www.prokabaddi.com/stats/49-15-successful-tackles-statistics,"Tamil Thalaivas",2,/static-assets/images/teams/small/29.png?v=6.08,5,53
1565263855-33,https://www.prokabaddi.com/stats/49-15-successful-tackles-statistics,"Jaipur Pink Panthers",2,/static-assets/images/teams/small/3.png?v=6.08,5,53
1565263855-34,https://www.prokabaddi.com/stats/49-15-successful-tackles-statistics,"Puneri Paltan",2,/static-assets/images/teams/small/7.png?v=6.08,5,53
1565263855-35,https://www.prokabaddi.com/stats/49-15-successful-tackles-statistics,"Patna Pirates",5,/static-assets/images/teams/small/6.png?v=6.08,6,52
1565263855-36,https://www.prokabaddi.com/stats/49-15-successful-tackles-statistics,"U Mumba",6,/static-assets/images/teams/small/5.png?v=6.08,6,47
1565263855-37,https://www.prokabaddi.com/stats/49-15-successful-tackles-statistics,"Haryana Steelers",7,/static-assets/images/teams/small/28.png?v=6.08,5,46
1565263855-38,https://www.prokabaddi.com/stats/49-15-successful-tackles-statistics,"U.P. Yoddha",8,/static-assets/images/teams/small/30.png?v=6.08,5,44
1565263855-39,https://www.prokabaddi.com/stats/49-15-successful-tackles-statistics,"Bengal Warriors",9,/static-assets/images/teams/small/4.png?v=6.08,4,39
1565263848-4,https://www.prokabaddi.com/stats/49-97-raid-points-statistics,"Gujarat Fortunegiants",3,/static-assets/images/teams/small/31.png?v=6.08,5,88
1565263855-40,https://www.prokabaddi.com/stats/49-15-successful-tackles-statistics,"Dabang Delhi K.C.",10,/static-assets/images/teams/small/2.png?v=6.08,5,38
1565263857-41,https://www.prokabaddi.com/stats/49-99-avg-tackle-points-statistics,"Puneri Paltan",1,/static-assets/images/teams/small/7.png?v=6.08,5,12
1565263857-42,https://www.prokabaddi.com/stats/49-99-avg-tackle-points-statistics,"Gujarat Fortunegiants",2,/static-assets/images/teams/small/31.png?v=6.08,5,11.4
1565263857-43,https://www.prokabaddi.com/stats/49-99-avg-tackle-points-statistics,"Tamil Thalaivas",3,/static-assets/images/teams/small/29.png?v=6.08,5,11.2
1565263857-44,https://www.prokabaddi.com/stats/49-99-avg-tackle-points-statistics,"Jaipur Pink Panthers",4,/static-assets/images/teams/small/3.png?v=6.08,5,11
1565263857-45,https://www.prokabaddi.com/stats/49-99-avg-tackle-points-statistics,"Bengal Warriors",5,/static-assets/images/teams/small/4.png?v=6.08,4,10.75
1565263857-46,https://www.prokabaddi.com/stats/49-99-avg-tackle-points-statistics,"Patna Pirates",6,/static-assets/images/teams/small/6.png?v=6.08,6,10.17
1565263857-47,https://www.prokabaddi.com/stats/49-99-avg-tackle-points-statistics,"Haryana Steelers",7,/static-assets/images/teams/small/28.png?v=6.08,5,9.8
1565263857-48,https://www.prokabaddi.com/stats/49-99-avg-tackle-points-statistics,"U.P. Yoddha",8,/static-assets/images/teams/small/30.png?v=6.08,5,9.6
1565263857-49,https://www.prokabaddi.com/stats/49-99-avg-tackle-points-statistics,"U Mumba",9,/static-assets/images/teams/small/5.png?v=6.08,6,9
1565263848-5,https://www.prokabaddi.com/stats/49-97-raid-points-statistics,"Jaipur Pink Panthers",5,/static-assets/images/teams/small/3.png?v=6.08,5,85
1565263857-50,https://www.prokabaddi.com/stats/49-99-avg-tackle-points-statistics,"Bengaluru Bulls",9,/static-assets/images/teams/small/1.png?v=6.08,4,9
1565263848-6,https://www.prokabaddi.com/stats/49-97-raid-points-statistics,"Bengaluru Bulls",6,/static-assets/images/teams/small/1.png?v=6.08,4,80
1565263848-7,https://www.prokabaddi.com/stats/49-97-raid-points-statistics,"Patna Pirates",7,/static-assets/images/teams/small/6.png?v=6.08,6,78
1565263848-8,https://www.prokabaddi.com/stats/49-97-raid-points-statistics,"Haryana Steelers",8,/static-assets/images/teams/small/28.png?v=6.08,5,77
1565263848-9,https://www.prokabaddi.com/stats/49-97-raid-points-statistics,"Telugu Titans",9,/static-assets/images/teams/small/8.png?v=6.08,5,76
1565263860-51,https://www.prokabaddi.com/stats/49-96-total-points-scored-statistics,"U Mumba",1,/static-assets/images/teams/small/5.png?v=6.08,6,168
1565263860-60,https://www.prokabaddi.com/stats/49-96-total-points-scored-statistics,"Bengaluru Bulls",10,/static-assets/images/teams/small/1.png?v=6.08,4,131
1565263862-61,https://www.prokabaddi.com/stats/49-133-total-points-conceded-statistics,"Patna Pirates",1,/static-assets/images/teams/small/6.png?v=6.08,6,189
1565263862-62,https://www.prokabaddi.com/stats/49-133-total-points-conceded-statistics,"U Mumba",2,/static-assets/images/teams/small/5.png?v=6.08,6,167
1565263862-63,https://www.prokabaddi.com/stats/49-133-total-points-conceded-statistics,"U.P. Yoddha",3,/static-assets/images/teams/small/30.png?v=6.08,5,163
1565263862-64,https://www.prokabaddi.com/stats/49-133-total-points-conceded-statistics,"Haryana Steelers",3,/static-assets/images/teams/small/28.png?v=6.08,5,163
1565263862-65,https://www.prokabaddi.com/stats/49-133-total-points-conceded-statistics,"Puneri Paltan",5,/static-assets/images/teams/small/7.png?v=6.08,5,161
1565263862-66,https://www.prokabaddi.com/stats/49-133-total-points-conceded-statistics,"Telugu Titans",6,/static-assets/images/teams/small/8.png?v=6.08,5,158
1565263862-67,https://www.prokabaddi.com/stats/49-133-total-points-conceded-statistics,"Bengaluru Bulls",7,/static-assets/images/teams/small/1.png?v=6.08,4,142
1565263862-68,https://www.prokabaddi.com/stats/49-133-total-points-conceded-statistics,"Dabang Delhi K.C.",8,/static-assets/images/teams/small/2.png?v=6.08,5,138
1565263862-69,https://www.prokabaddi.com/stats/49-133-total-points-conceded-statistics,"Tamil Thalaivas",9,/static-assets/images/teams/small/29.png?v=6.08,5,136
1565263860-52,https://www.prokabaddi.com/stats/49-96-total-points-scored-statistics,"Gujarat Fortunegiants",1,/static-assets/images/teams/small/31.png?v=6.08,5,168
1565263862-70,https://www.prokabaddi.com/stats/49-133-total-points-conceded-statistics,"Gujarat Fortunegiants",10,/static-assets/images/teams/small/31.png?v=6.08,5,134
1565263865-71,https://www.prokabaddi.com/stats/49-95-tackle-points-statistics,"Patna Pirates",1,/static-assets/images/teams/small/6.png?v=6.08,6,61
1565263865-72,https://www.prokabaddi.com/stats/49-95-tackle-points-statistics,"Puneri Paltan",2,/static-assets/images/teams/small/7.png?v=6.08,5,60
1565263865-73,https://www.prokabaddi.com/stats/49-95-tackle-points-statistics,"Gujarat Fortunegiants",3,/static-assets/images/teams/small/31.png?v=6.08,5,57
1565263865-74,https://www.prokabaddi.com/stats/49-95-tackle-points-statistics,"Tamil Thalaivas",4,/static-assets/images/teams/small/29.png?v=6.08,5,56
1565263865-75,https://www.prokabaddi.com/stats/49-95-tackle-points-statistics,"Jaipur Pink Panthers",5,/static-assets/images/teams/small/3.png?v=6.08,5,55
1565263865-76,https://www.prokabaddi.com/stats/49-95-tackle-points-statistics,"U Mumba",6,/static-assets/images/teams/small/5.png?v=6.08,6,54
1565263865-77,https://www.prokabaddi.com/stats/49-95-tackle-points-statistics,"Haryana Steelers",7,/static-assets/images/teams/small/28.png?v=6.08,5,49
1565263865-78,https://www.prokabaddi.com/stats/49-95-tackle-points-statistics,"U.P. Yoddha",8,/static-assets/images/teams/small/30.png?v=6.08,5,48
1565263865-79,https://www.prokabaddi.com/stats/49-95-tackle-points-statistics,"Bengal Warriors",9,/static-assets/images/teams/small/4.png?v=6.08,4,43
1565263860-53,https://www.prokabaddi.com/stats/49-96-total-points-scored-statistics,"Dabang Delhi K.C.",3,/static-assets/images/teams/small/2.png?v=6.08,5,166
1565263865-80,https://www.prokabaddi.com/stats/49-95-tackle-points-statistics,"Dabang Delhi K.C.",10,/static-assets/images/teams/small/2.png?v=6.08,5,42
1565263867-81,https://www.prokabaddi.com/stats/49-136-all-outs-inflicted-statistics,"Bengal Warriors",1,/static-assets/images/teams/small/4.png?v=6.08,4,9
1565263867-82,https://www.prokabaddi.com/stats/49-136-all-outs-inflicted-statistics,"Jaipur Pink Panthers",2,/static-assets/images/teams/small/3.png?v=6.08,5,8
1565263867-83,https://www.prokabaddi.com/stats/49-136-all-outs-inflicted-statistics,"Gujarat Fortunegiants",2,/static-assets/images/teams/small/31.png?v=6.08,5,8
1565263867-84,https://www.prokabaddi.com/stats/49-136-all-outs-inflicted-statistics,"Dabang Delhi K.C.",4,/static-assets/images/teams/small/2.png?v=6.08,5,7
1565263867-85,https://www.prokabaddi.com/stats/49-136-all-outs-inflicted-statistics,"U Mumba",4,/static-assets/images/teams/small/5.png?v=6.08,6,7
1565263867-86,https://www.prokabaddi.com/stats/49-136-all-outs-inflicted-statistics,"Tamil Thalaivas",6,/static-assets/images/teams/small/29.png?v=6.08,5,6
1565263867-87,https://www.prokabaddi.com/stats/49-136-all-outs-inflicted-statistics,"Patna Pirates",7,/static-assets/images/teams/small/6.png?v=6.08,6,5
1565263867-88,https://www.prokabaddi.com/stats/49-136-all-outs-inflicted-statistics,"Haryana Steelers",7,/static-assets/images/teams/small/28.png?v=6.08,5,5
1565263867-89,https://www.prokabaddi.com/stats/49-136-all-outs-inflicted-statistics,"Bengaluru Bulls",9,/static-assets/images/teams/small/1.png?v=6.08,4,4
1565263860-54,https://www.prokabaddi.com/stats/49-96-total-points-scored-statistics,"Jaipur Pink Panthers",4,/static-assets/images/teams/small/3.png?v=6.08,5,164
1565263867-90,https://www.prokabaddi.com/stats/49-136-all-outs-inflicted-statistics,"Puneri Paltan",10,/static-assets/images/teams/small/7.png?v=6.08,5,3
1565263870-91,https://www.prokabaddi.com/stats/49-135-do-or-die-raid-points-statistics,"U Mumba",1,/static-assets/images/teams/small/5.png?v=6.08,6,25
1565263870-92,https://www.prokabaddi.com/stats/49-135-do-or-die-raid-points-statistics,"Puneri Paltan",2,/static-assets/images/teams/small/7.png?v=6.08,5,23
1565263870-93,https://www.prokabaddi.com/stats/49-135-do-or-die-raid-points-statistics,"Jaipur Pink Panthers",3,/static-assets/images/teams/small/3.png?v=6.08,5,21
1565263870-94,https://www.prokabaddi.com/stats/49-135-do-or-die-raid-points-statistics,"Haryana Steelers",4,/static-assets/images/teams/small/28.png?v=6.08,5,19
1565263870-95,https://www.prokabaddi.com/stats/49-135-do-or-die-raid-points-statistics,"Gujarat Fortunegiants",4,/static-assets/images/teams/small/31.png?v=6.08,5,19
1565263870-96,https://www.prokabaddi.com/stats/49-135-do-or-die-raid-points-statistics,"Tamil Thalaivas",6,/static-assets/images/teams/small/29.png?v=6.08,5,15
1565263870-97,https://www.prokabaddi.com/stats/49-135-do-or-die-raid-points-statistics,"Patna Pirates",6,/static-assets/images/teams/small/6.png?v=6.08,6,15
1565263870-98,https://www.prokabaddi.com/stats/49-135-do-or-die-raid-points-statistics,"Dabang Delhi K.C.",8,/static-assets/images/teams/small/2.png?v=6.08,5,12
1565263870-99,https://www.prokabaddi.com/stats/49-135-do-or-die-raid-points-statistics,"Bengal Warriors",9,/static-assets/images/teams/small/4.png?v=6.08,4,11
1565263860-55,https://www.prokabaddi.com/stats/49-96-total-points-scored-statistics,"Bengal Warriors",5,/static-assets/images/teams/small/4.png?v=6.08,4,158
1565263870-100,https://www.prokabaddi.com/stats/49-135-do-or-die-raid-points-statistics,"U.P. Yoddha",10,/static-assets/images/teams/small/30.png?v=6.08,5,10
1565263860-56,https://www.prokabaddi.com/stats/49-96-total-points-scored-statistics,"Patna Pirates",6,/static-assets/images/teams/small/6.png?v=6.08,6,157
1565263860-57,https://www.prokabaddi.com/stats/49-96-total-points-scored-statistics,"Tamil Thalaivas",7,/static-assets/images/teams/small/29.png?v=6.08,5,154
1565263860-58,https://www.prokabaddi.com/stats/49-96-total-points-scored-statistics,"Puneri Paltan",8,/static-assets/images/teams/small/7.png?v=6.08,5,144
1565263860-59,https://www.prokabaddi.com/stats/49-96-total-points-scored-statistics,"Haryana Steelers",9,/static-assets/images/teams/small/28.png?v=6.08,5,139
1565263872-101,https://www.prokabaddi.com/stats/49-20-super-tackles-statistics,"Bengaluru Bulls",1,/static-assets/images/teams/small/1.png?v=6.08,4,9
1565263872-110,https://www.prokabaddi.com/stats/49-20-super-tackles-statistics,"Gujarat Fortunegiants",10,/static-assets/images/teams/small/31.png?v=6.08,5,3
1565263874-111,https://www.prokabaddi.com/stats/49-13-successful-raids-statistics,"Dabang Delhi K.C.",1,/static-assets/images/teams/small/2.png?v=6.08,5,78
1565263874-112,https://www.prokabaddi.com/stats/49-13-successful-raids-statistics,"Gujarat Fortunegiants",2,/static-assets/images/teams/small/31.png?v=6.08,5,71
1565263874-113,https://www.prokabaddi.com/stats/49-13-successful-raids-statistics,"Bengal Warriors",3,/static-assets/images/teams/small/4.png?v=6.08,4,69
1565263874-114,https://www.prokabaddi.com/stats/49-13-successful-raids-statistics,"Patna Pirates",3,/static-assets/images/teams/small/6.png?v=6.08,6,69
1565263874-115,https://www.prokabaddi.com/stats/49-13-successful-raids-statistics,"U Mumba",5,/static-assets/images/teams/small/5.png?v=6.08,6,68
1565263874-116,https://www.prokabaddi.com/stats/49-13-successful-raids-statistics,"Jaipur Pink Panthers",5,/static-assets/images/teams/small/3.png?v=6.08,5,68
1565263874-117,https://www.prokabaddi.com/stats/49-13-successful-raids-statistics,"Telugu Titans",7,/static-assets/images/teams/small/8.png?v=6.08,5,67
1565263874-118,https://www.prokabaddi.com/stats/49-13-successful-raids-statistics,"Tamil Thalaivas",8,/static-assets/images/teams/small/29.png?v=6.08,5,63
1565263874-119,https://www.prokabaddi.com/stats/49-13-successful-raids-statistics,"Bengaluru Bulls",9,/static-assets/images/teams/small/1.png?v=6.08,4,61
1565263872-102,https://www.prokabaddi.com/stats/49-20-super-tackles-statistics,"Patna Pirates",1,/static-assets/images/teams/small/6.png?v=6.08,6,9
1565263874-120,https://www.prokabaddi.com/stats/49-13-successful-raids-statistics,"Haryana Steelers",10,/static-assets/images/teams/small/28.png?v=6.08,5,59
1565263876-121,https://www.prokabaddi.com/stats/49-98-avg-raid-points-statistics,"Bengal Warriors",1,/static-assets/images/teams/small/4.png?v=6.08,4,22
1565263876-122,https://www.prokabaddi.com/stats/49-98-avg-raid-points-statistics,"Bengaluru Bulls",2,/static-assets/images/teams/small/1.png?v=6.08,4,20
1565263876-123,https://www.prokabaddi.com/stats/49-98-avg-raid-points-statistics,"Dabang Delhi K.C.",3,/static-assets/images/teams/small/2.png?v=6.08,5,18.4
1565263876-124,https://www.prokabaddi.com/stats/49-98-avg-raid-points-statistics,"Gujarat Fortunegiants",4,/static-assets/images/teams/small/31.png?v=6.08,5,17.6
1565263876-125,https://www.prokabaddi.com/stats/49-98-avg-raid-points-statistics,"Jaipur Pink Panthers",5,/static-assets/images/teams/small/3.png?v=6.08,5,17
1565263876-126,https://www.prokabaddi.com/stats/49-98-avg-raid-points-statistics,"Haryana Steelers",6,/static-assets/images/teams/small/28.png?v=6.08,5,15.4
1565263876-127,https://www.prokabaddi.com/stats/49-98-avg-raid-points-statistics,"Telugu Titans",7,/static-assets/images/teams/small/8.png?v=6.08,5,15.2
1565263876-128,https://www.prokabaddi.com/stats/49-98-avg-raid-points-statistics,"U Mumba",8,/static-assets/images/teams/small/5.png?v=6.08,6,14.83
1565263876-129,https://www.prokabaddi.com/stats/49-98-avg-raid-points-statistics,"Tamil Thalaivas",9,/static-assets/images/teams/small/29.png?v=6.08,5,14.8
1565263872-103,https://www.prokabaddi.com/stats/49-20-super-tackles-statistics,"U Mumba",3,/static-assets/images/teams/small/5.png?v=6.08,6,8
1565263876-130,https://www.prokabaddi.com/stats/49-98-avg-raid-points-statistics,"Puneri Paltan",10,/static-assets/images/teams/small/7.png?v=6.08,5,14.6
1565263872-104,https://www.prokabaddi.com/stats/49-20-super-tackles-statistics,"Puneri Paltan",4,/static-assets/images/teams/small/7.png?v=6.08,5,7
1565263872-105,https://www.prokabaddi.com/stats/49-20-super-tackles-statistics,"Telugu Titans",5,/static-assets/images/teams/small/8.png?v=6.08,5,5
1565263872-106,https://www.prokabaddi.com/stats/49-20-super-tackles-statistics,"Bengal Warriors",5,/static-assets/images/teams/small/4.png?v=6.08,4,5
1565263872-107,https://www.prokabaddi.com/stats/49-20-super-tackles-statistics,"Dabang Delhi K.C.",5,/static-assets/images/teams/small/2.png?v=6.08,5,5
1565263872-108,https://www.prokabaddi.com/stats/49-20-super-tackles-statistics,"Tamil Thalaivas",5,/static-assets/images/teams/small/29.png?v=6.08,5,5
1565263872-109,https://www.prokabaddi.com/stats/49-20-super-tackles-statistics,"U.P. Yoddha",9,/static-assets/images/teams/small/30.png?v=6.08,5,4
