﻿web-scraper-order,web-scraper-start-url,name,team,type,points,credits,announced
1567000005-1,https://www.dream11.com/kabaddi/create-team/1092/15126,Sunil-Kumar,GUJ,DEF,188,15,Announced
1567000005-10,https://www.dream11.com/kabaddi/create-team/1092/15126,"S Gahlawat",GUJ,DEF,0,11.5,
1567000005-11,https://www.dream11.com/kabaddi/create-team/1092/15126,Ankit-I,GUJ,DEF,88,11,
1567000005-12,https://www.dream11.com/kabaddi/create-team/1092/15126,Amit-Kharb,GUJ,DEF,2,11,
1567000005-13,https://www.dream11.com/kabaddi/create-team/1092/15126,"S Narwal",HAR,DEF,0,11,
1567000005-14,https://www.dream11.com/kabaddi/create-team/1092/15126,"V Kandola",HAR,DEF,4,11,
1567000005-15,https://www.dream11.com/kabaddi/create-team/1092/15126,"C Singh",HAR,DEF,29,9.5,
1567000005-16,https://www.dream11.com/kabaddi/create-team/1092/15126,Naveen-I,HAR,ALL,166,15.5,
1567000005-17,https://www.dream11.com/kabaddi/create-team/1092/15126,"G More",GUJ,ALL,188,14.5,Announced
1567000005-18,https://www.dream11.com/kabaddi/create-team/1092/15126,"R Gulia",GUJ,ALL,224,14.5,Announced
1567000005-19,https://www.dream11.com/kabaddi/create-team/1092/15126,"K Singh",HAR,ALL,46,14.5,
1567000005-2,https://www.dream11.com/kabaddi/create-team/1092/15126,"P Bhainswal",GUJ,DEF,175,15,Announced
1567000005-20,https://www.dream11.com/kabaddi/create-team/1092/15126,Pankaj,GUJ,ALL,54,13,Announced
1567000005-21,https://www.dream11.com/kabaddi/create-team/1092/15126,"V Kumar",GUJ,ALL,13,13,
1567000005-22,https://www.dream11.com/kabaddi/create-team/1092/15126,"P Tin",HAR,ALL,0,12,
1567000005-23,https://www.dream11.com/kabaddi/create-team/1092/15126,"M S Hossain",GUJ,ALL,0,10.5,
1567000005-24,https://www.dream11.com/kabaddi/create-team/1092/15126,"S Tanwar",GUJ,RAI,185,15.5,
1567000005-25,https://www.dream11.com/kabaddi/create-team/1092/15126,"V Khandola",HAR,RAI,275,15.5,Announced
1567000005-26,https://www.dream11.com/kabaddi/create-team/1092/15126,"A Maghsodlou",GUJ,RAI,8,14,Announced
1567000005-27,https://www.dream11.com/kabaddi/create-team/1092/15126,"P Kumar-Rai",HAR,RAI,45,14,Announced
1567000005-28,https://www.dream11.com/kabaddi/create-team/1092/15126,"K Selvamani",HAR,RAI,48,14,
1567000005-29,https://www.dream11.com/kabaddi/create-team/1092/15126,"S Jaglan",GUJ,RAI,104,13.5,
1567000005-3,https://www.dream11.com/kabaddi/create-team/1092/15126,"D Cheralathan",HAR,DEF,151,15,Announced
1567000005-30,https://www.dream11.com/kabaddi/create-team/1092/15126,"G Singh-Sr",GUJ,RAI,8,13,
1567000005-31,https://www.dream11.com/kabaddi/create-team/1092/15126,Vinay,HAR,RAI,180,13,Announced
1567000005-32,https://www.dream11.com/kabaddi/create-team/1092/15126,Arun-Kumar,HAR,RAI,5,12.5,
1567000005-33,https://www.dream11.com/kabaddi/create-team/1092/15126,"V Chhillar",HAR,RAI,0,11.5,
1567000005-34,https://www.dream11.com/kabaddi/create-team/1092/15126,Lalit-Chaudhary,GUJ,RAI,1,11,
1567000005-35,https://www.dream11.com/kabaddi/create-team/1092/15126,"H Singh",GUJ,RAI,19,10,
1567000005-36,https://www.dream11.com/kabaddi/create-team/1092/15126,"A M Maleki",HAR,RAI,0,10,
1567000005-4,https://www.dream11.com/kabaddi/create-team/1092/15126,Parveen,HAR,DEF,39,14,
1567000005-5,https://www.dream11.com/kabaddi/create-team/1092/15126,"R Koravi",GUJ,DEF,44,13.5,Announced
1567000005-6,https://www.dream11.com/kabaddi/create-team/1092/15126,"V Kale",HAR,DEF,123,13.5,Announced
1567000005-7,https://www.dream11.com/kabaddi/create-team/1092/15126,Ravi-Kumar,HAR,DEF,83,13.5,Announced
1567000005-8,https://www.dream11.com/kabaddi/create-team/1092/15126,"S Malik",GUJ,DEF,95,13,
1567000005-9,https://www.dream11.com/kabaddi/create-team/1092/15126,Sunil,HAR,DEF,144,13,Announced
