﻿web-scraper-order,web-scraper-start-url,name,rank,team_id,matches,points
1567683036-1,https://www.prokabaddi.com/stats/49-97-raid-points-statistics,"Bengaluru Bulls",1,/static-assets/images/teams/small/1.png?v=6.08,14,266
1567683036-10,https://www.prokabaddi.com/stats/49-97-raid-points-statistics,"Gujarat Fortunegiants",10,/static-assets/images/teams/small/31.png?v=6.08,12,183
1567683036-11,https://www.prokabaddi.com/stats/49-97-raid-points-statistics,"Telugu Titans",11,/static-assets/images/teams/small/8.png?v=6.08,12,180
1567683036-12,https://www.prokabaddi.com/stats/49-97-raid-points-statistics,"U.P. Yoddha",12,/static-assets/images/teams/small/30.png?v=6.08,12,169
1567683040-13,https://www.prokabaddi.com/stats/49-140-avg-points-scored-statistics,"Bengaluru Bulls",1,/static-assets/images/teams/small/1.png?v=6.08,14,29.71
1567683040-14,https://www.prokabaddi.com/stats/49-140-avg-points-scored-statistics,"Dabang Delhi K.C.",2,/static-assets/images/teams/small/2.png?v=6.08,12,29.41
1567683040-15,https://www.prokabaddi.com/stats/49-140-avg-points-scored-statistics,"Bengal Warriors",3,/static-assets/images/teams/small/4.png?v=6.08,12,29
1567683040-16,https://www.prokabaddi.com/stats/49-140-avg-points-scored-statistics,"Haryana Steelers",4,/static-assets/images/teams/small/28.png?v=6.08,12,28.16
1567683040-17,https://www.prokabaddi.com/stats/49-140-avg-points-scored-statistics,"Puneri Paltan",5,/static-assets/images/teams/small/7.png?v=6.08,12,27.08
1567683040-18,https://www.prokabaddi.com/stats/49-140-avg-points-scored-statistics,"Jaipur Pink Panthers",6,/static-assets/images/teams/small/3.png?v=6.08,13,26.07
1567683040-19,https://www.prokabaddi.com/stats/49-140-avg-points-scored-statistics,"Patna Pirates",7,/static-assets/images/teams/small/6.png?v=6.08,12,25.91
1567683036-2,https://www.prokabaddi.com/stats/49-97-raid-points-statistics,"Dabang Delhi K.C.",2,/static-assets/images/teams/small/2.png?v=6.08,12,239
1567683040-20,https://www.prokabaddi.com/stats/49-140-avg-points-scored-statistics,"Gujarat Fortunegiants",8,/static-assets/images/teams/small/31.png?v=6.08,12,25.75
1567683040-21,https://www.prokabaddi.com/stats/49-140-avg-points-scored-statistics,"Telugu Titans",8,/static-assets/images/teams/small/8.png?v=6.08,12,25.75
1567683040-22,https://www.prokabaddi.com/stats/49-140-avg-points-scored-statistics,"U Mumba",10,/static-assets/images/teams/small/5.png?v=6.08,12,25.5
1567683040-23,https://www.prokabaddi.com/stats/49-140-avg-points-scored-statistics,"Tamil Thalaivas",11,/static-assets/images/teams/small/29.png?v=6.08,13,25.46
1567683040-24,https://www.prokabaddi.com/stats/49-140-avg-points-scored-statistics,"U.P. Yoddha",12,/static-assets/images/teams/small/30.png?v=6.08,12,24.33
1567683043-25,https://www.prokabaddi.com/stats/49-134-super-raid-statistics,"Bengal Warriors",1,/static-assets/images/teams/small/4.png?v=6.08,12,7
1567683043-26,https://www.prokabaddi.com/stats/49-134-super-raid-statistics,"Haryana Steelers",1,/static-assets/images/teams/small/28.png?v=6.08,12,7
1567683043-27,https://www.prokabaddi.com/stats/49-134-super-raid-statistics,"Patna Pirates",3,/static-assets/images/teams/small/6.png?v=6.08,12,6
1567683043-28,https://www.prokabaddi.com/stats/49-134-super-raid-statistics,"Dabang Delhi K.C.",4,/static-assets/images/teams/small/2.png?v=6.08,12,5
1567683043-29,https://www.prokabaddi.com/stats/49-134-super-raid-statistics,"Jaipur Pink Panthers",5,/static-assets/images/teams/small/3.png?v=6.08,13,4
1567683036-3,https://www.prokabaddi.com/stats/49-97-raid-points-statistics,"Bengal Warriors",3,/static-assets/images/teams/small/4.png?v=6.08,12,233
1567683043-30,https://www.prokabaddi.com/stats/49-134-super-raid-statistics,"U Mumba",5,/static-assets/images/teams/small/5.png?v=6.08,12,4
1567683043-31,https://www.prokabaddi.com/stats/49-134-super-raid-statistics,"Tamil Thalaivas",5,/static-assets/images/teams/small/29.png?v=6.08,13,4
1567683043-32,https://www.prokabaddi.com/stats/49-134-super-raid-statistics,"Bengaluru Bulls",5,/static-assets/images/teams/small/1.png?v=6.08,14,4
1567683043-33,https://www.prokabaddi.com/stats/49-134-super-raid-statistics,"Gujarat Fortunegiants",9,/static-assets/images/teams/small/31.png?v=6.08,12,2
1567683043-34,https://www.prokabaddi.com/stats/49-134-super-raid-statistics,"Puneri Paltan",9,/static-assets/images/teams/small/7.png?v=6.08,12,2
1567683043-35,https://www.prokabaddi.com/stats/49-134-super-raid-statistics,"Telugu Titans",9,/static-assets/images/teams/small/8.png?v=6.08,12,2
1567683043-36,https://www.prokabaddi.com/stats/49-134-super-raid-statistics,"U.P. Yoddha",12,/static-assets/images/teams/small/30.png?v=6.08,12,1
1567683046-37,https://www.prokabaddi.com/stats/49-15-successful-tackles-statistics,"Bengaluru Bulls",1,/static-assets/images/teams/small/1.png?v=6.08,14,128
1567683046-38,https://www.prokabaddi.com/stats/49-15-successful-tackles-statistics,"Jaipur Pink Panthers",2,/static-assets/images/teams/small/3.png?v=6.08,13,126
1567683046-39,https://www.prokabaddi.com/stats/49-15-successful-tackles-statistics,"Puneri Paltan",3,/static-assets/images/teams/small/7.png?v=6.08,12,119
1567683036-4,https://www.prokabaddi.com/stats/49-97-raid-points-statistics,"Haryana Steelers",4,/static-assets/images/teams/small/28.png?v=6.08,12,217
1567683046-40,https://www.prokabaddi.com/stats/49-15-successful-tackles-statistics,"Tamil Thalaivas",4,/static-assets/images/teams/small/29.png?v=6.08,13,116
1567683046-41,https://www.prokabaddi.com/stats/49-15-successful-tackles-statistics,"Gujarat Fortunegiants",5,/static-assets/images/teams/small/31.png?v=6.08,12,115
1567683046-42,https://www.prokabaddi.com/stats/49-15-successful-tackles-statistics,"U.P. Yoddha",6,/static-assets/images/teams/small/30.png?v=6.08,12,114
1567683046-43,https://www.prokabaddi.com/stats/49-15-successful-tackles-statistics,"Telugu Titans",7,/static-assets/images/teams/small/8.png?v=6.08,12,113
1567683046-44,https://www.prokabaddi.com/stats/49-15-successful-tackles-statistics,"Haryana Steelers",7,/static-assets/images/teams/small/28.png?v=6.08,12,113
1567683046-45,https://www.prokabaddi.com/stats/49-15-successful-tackles-statistics,"Dabang Delhi K.C.",9,/static-assets/images/teams/small/2.png?v=6.08,12,109
1567683046-46,https://www.prokabaddi.com/stats/49-15-successful-tackles-statistics,"Bengal Warriors",10,/static-assets/images/teams/small/4.png?v=6.08,12,107
1567683046-47,https://www.prokabaddi.com/stats/49-15-successful-tackles-statistics,"Patna Pirates",11,/static-assets/images/teams/small/6.png?v=6.08,12,105
1567683046-48,https://www.prokabaddi.com/stats/49-15-successful-tackles-statistics,"U Mumba",12,/static-assets/images/teams/small/5.png?v=6.08,12,103
1567683049-49,https://www.prokabaddi.com/stats/49-99-avg-tackle-points-statistics,"Jaipur Pink Panthers",1,/static-assets/images/teams/small/3.png?v=6.08,13,11.15
1567683036-5,https://www.prokabaddi.com/stats/49-97-raid-points-statistics,"Tamil Thalaivas",5,/static-assets/images/teams/small/29.png?v=6.08,13,208
1567683049-50,https://www.prokabaddi.com/stats/49-99-avg-tackle-points-statistics,"Puneri Paltan",2,/static-assets/images/teams/small/7.png?v=6.08,12,11.08
1567683049-51,https://www.prokabaddi.com/stats/49-99-avg-tackle-points-statistics,"Telugu Titans",3,/static-assets/images/teams/small/8.png?v=6.08,12,10.75
1567683049-52,https://www.prokabaddi.com/stats/49-99-avg-tackle-points-statistics,"Bengaluru Bulls",4,/static-assets/images/teams/small/1.png?v=6.08,14,10.71
1567683049-53,https://www.prokabaddi.com/stats/49-99-avg-tackle-points-statistics,"Gujarat Fortunegiants",5,/static-assets/images/teams/small/31.png?v=6.08,12,10.5
1567683049-54,https://www.prokabaddi.com/stats/49-99-avg-tackle-points-statistics,"U.P. Yoddha",6,/static-assets/images/teams/small/30.png?v=6.08,12,10.25
1567683049-55,https://www.prokabaddi.com/stats/49-99-avg-tackle-points-statistics,"Patna Pirates",7,/static-assets/images/teams/small/6.png?v=6.08,12,10.17
1567683049-56,https://www.prokabaddi.com/stats/49-99-avg-tackle-points-statistics,"Haryana Steelers",8,/static-assets/images/teams/small/28.png?v=6.08,12,10.08
1567683049-57,https://www.prokabaddi.com/stats/49-99-avg-tackle-points-statistics,"U Mumba",9,/static-assets/images/teams/small/5.png?v=6.08,12,9.67
1567683049-58,https://www.prokabaddi.com/stats/49-99-avg-tackle-points-statistics,"Bengal Warriors",10,/static-assets/images/teams/small/4.png?v=6.08,12,9.58
1567683049-59,https://www.prokabaddi.com/stats/49-99-avg-tackle-points-statistics,"Dabang Delhi K.C.",11,/static-assets/images/teams/small/2.png?v=6.08,12,9.5
1567683036-6,https://www.prokabaddi.com/stats/49-97-raid-points-statistics,"Jaipur Pink Panthers",6,/static-assets/images/teams/small/3.png?v=6.08,13,194
1567683049-60,https://www.prokabaddi.com/stats/49-99-avg-tackle-points-statistics,"Tamil Thalaivas",12,/static-assets/images/teams/small/29.png?v=6.08,13,9.46
1567683036-7,https://www.prokabaddi.com/stats/49-97-raid-points-statistics,"Puneri Paltan",7,/static-assets/images/teams/small/7.png?v=6.08,12,192
1567683036-8,https://www.prokabaddi.com/stats/49-97-raid-points-statistics,"U Mumba",8,/static-assets/images/teams/small/5.png?v=6.08,12,190
1567683036-9,https://www.prokabaddi.com/stats/49-97-raid-points-statistics,"Patna Pirates",9,/static-assets/images/teams/small/6.png?v=6.08,12,189
1567683052-61,https://www.prokabaddi.com/stats/49-96-total-points-scored-statistics,"Bengaluru Bulls",1,/static-assets/images/teams/small/1.png?v=6.08,14,464
1567683052-70,https://www.prokabaddi.com/stats/49-96-total-points-scored-statistics,"Gujarat Fortunegiants",10,/static-assets/images/teams/small/31.png?v=6.08,12,351
1567683052-71,https://www.prokabaddi.com/stats/49-96-total-points-scored-statistics,"Telugu Titans",11,/static-assets/images/teams/small/8.png?v=6.08,12,337
1567683052-72,https://www.prokabaddi.com/stats/49-96-total-points-scored-statistics,"U.P. Yoddha",12,/static-assets/images/teams/small/30.png?v=6.08,12,324
1567683055-73,https://www.prokabaddi.com/stats/49-133-total-points-conceded-statistics,"Bengaluru Bulls",1,/static-assets/images/teams/small/1.png?v=6.08,14,449
1567683055-74,https://www.prokabaddi.com/stats/49-133-total-points-conceded-statistics,"U.P. Yoddha",2,/static-assets/images/teams/small/30.png?v=6.08,12,392
1567683055-75,https://www.prokabaddi.com/stats/49-133-total-points-conceded-statistics,"Tamil Thalaivas",3,/static-assets/images/teams/small/29.png?v=6.08,13,387
1567683055-76,https://www.prokabaddi.com/stats/49-133-total-points-conceded-statistics,"Patna Pirates",4,/static-assets/images/teams/small/6.png?v=6.08,12,385
1567683055-77,https://www.prokabaddi.com/stats/49-133-total-points-conceded-statistics,"Jaipur Pink Panthers",5,/static-assets/images/teams/small/3.png?v=6.08,13,384
1567683055-78,https://www.prokabaddi.com/stats/49-133-total-points-conceded-statistics,"Puneri Paltan",6,/static-assets/images/teams/small/7.png?v=6.08,12,383
1567683055-79,https://www.prokabaddi.com/stats/49-133-total-points-conceded-statistics,"Haryana Steelers",7,/static-assets/images/teams/small/28.png?v=6.08,12,378
1567683052-62,https://www.prokabaddi.com/stats/49-96-total-points-scored-statistics,"Dabang Delhi K.C.",2,/static-assets/images/teams/small/2.png?v=6.08,12,421
1567683055-80,https://www.prokabaddi.com/stats/49-133-total-points-conceded-statistics,"Telugu Titans",8,/static-assets/images/teams/small/8.png?v=6.08,12,372
1567683055-81,https://www.prokabaddi.com/stats/49-133-total-points-conceded-statistics,"Dabang Delhi K.C.",9,/static-assets/images/teams/small/2.png?v=6.08,12,359
1567683055-82,https://www.prokabaddi.com/stats/49-133-total-points-conceded-statistics,"Bengal Warriors",10,/static-assets/images/teams/small/4.png?v=6.08,12,345
1567683055-83,https://www.prokabaddi.com/stats/49-133-total-points-conceded-statistics,"U Mumba",11,/static-assets/images/teams/small/5.png?v=6.08,12,344
1567683055-84,https://www.prokabaddi.com/stats/49-133-total-points-conceded-statistics,"Gujarat Fortunegiants",12,/static-assets/images/teams/small/31.png?v=6.08,12,338
1567683059-85,https://www.prokabaddi.com/stats/49-95-tackle-points-statistics,"Bengaluru Bulls",1,/static-assets/images/teams/small/1.png?v=6.08,14,150
1567683059-86,https://www.prokabaddi.com/stats/49-95-tackle-points-statistics,"Jaipur Pink Panthers",2,/static-assets/images/teams/small/3.png?v=6.08,13,145
1567683059-87,https://www.prokabaddi.com/stats/49-95-tackle-points-statistics,"Puneri Paltan",3,/static-assets/images/teams/small/7.png?v=6.08,12,133
1567683059-88,https://www.prokabaddi.com/stats/49-95-tackle-points-statistics,"Telugu Titans",4,/static-assets/images/teams/small/8.png?v=6.08,12,129
1567683059-89,https://www.prokabaddi.com/stats/49-95-tackle-points-statistics,"Gujarat Fortunegiants",5,/static-assets/images/teams/small/31.png?v=6.08,12,126
1567683052-63,https://www.prokabaddi.com/stats/49-96-total-points-scored-statistics,"Bengal Warriors",3,/static-assets/images/teams/small/4.png?v=6.08,12,409
1567683059-90,https://www.prokabaddi.com/stats/49-95-tackle-points-statistics,"Tamil Thalaivas",6,/static-assets/images/teams/small/29.png?v=6.08,13,123
1567683059-91,https://www.prokabaddi.com/stats/49-95-tackle-points-statistics,"U.P. Yoddha",6,/static-assets/images/teams/small/30.png?v=6.08,12,123
1567683059-92,https://www.prokabaddi.com/stats/49-95-tackle-points-statistics,"Patna Pirates",8,/static-assets/images/teams/small/6.png?v=6.08,12,122
1567683059-93,https://www.prokabaddi.com/stats/49-95-tackle-points-statistics,"Haryana Steelers",9,/static-assets/images/teams/small/28.png?v=6.08,12,121
1567683059-94,https://www.prokabaddi.com/stats/49-95-tackle-points-statistics,"U Mumba",10,/static-assets/images/teams/small/5.png?v=6.08,12,116
1567683059-95,https://www.prokabaddi.com/stats/49-95-tackle-points-statistics,"Bengal Warriors",11,/static-assets/images/teams/small/4.png?v=6.08,12,115
1567683059-96,https://www.prokabaddi.com/stats/49-95-tackle-points-statistics,"Dabang Delhi K.C.",12,/static-assets/images/teams/small/2.png?v=6.08,12,114
1567683062-97,https://www.prokabaddi.com/stats/49-136-all-outs-inflicted-statistics,"Bengal Warriors",1,/static-assets/images/teams/small/4.png?v=6.08,12,19
1567683062-98,https://www.prokabaddi.com/stats/49-136-all-outs-inflicted-statistics,"Dabang Delhi K.C.",1,/static-assets/images/teams/small/2.png?v=6.08,12,19
1567683062-99,https://www.prokabaddi.com/stats/49-136-all-outs-inflicted-statistics,"U Mumba",3,/static-assets/images/teams/small/5.png?v=6.08,12,16
1567683052-64,https://www.prokabaddi.com/stats/49-96-total-points-scored-statistics,"Jaipur Pink Panthers",4,/static-assets/images/teams/small/3.png?v=6.08,13,387
1567683062-100,https://www.prokabaddi.com/stats/49-136-all-outs-inflicted-statistics,"Haryana Steelers",4,/static-assets/images/teams/small/28.png?v=6.08,12,15
1567683062-101,https://www.prokabaddi.com/stats/49-136-all-outs-inflicted-statistics,"Patna Pirates",5,/static-assets/images/teams/small/6.png?v=6.08,12,14
1567683062-102,https://www.prokabaddi.com/stats/49-136-all-outs-inflicted-statistics,"Bengaluru Bulls",5,/static-assets/images/teams/small/1.png?v=6.08,14,14
1567683062-103,https://www.prokabaddi.com/stats/49-136-all-outs-inflicted-statistics,"Jaipur Pink Panthers",7,/static-assets/images/teams/small/3.png?v=6.08,13,13
1567683062-104,https://www.prokabaddi.com/stats/49-136-all-outs-inflicted-statistics,"Gujarat Fortunegiants",8,/static-assets/images/teams/small/31.png?v=6.08,12,12
1567683062-105,https://www.prokabaddi.com/stats/49-136-all-outs-inflicted-statistics,"Tamil Thalaivas",9,/static-assets/images/teams/small/29.png?v=6.08,13,10
1567683062-106,https://www.prokabaddi.com/stats/49-136-all-outs-inflicted-statistics,"U.P. Yoddha",10,/static-assets/images/teams/small/30.png?v=6.08,12,9
1567683062-107,https://www.prokabaddi.com/stats/49-136-all-outs-inflicted-statistics,"Puneri Paltan",11,/static-assets/images/teams/small/7.png?v=6.08,12,7
1567683062-108,https://www.prokabaddi.com/stats/49-136-all-outs-inflicted-statistics,"Telugu Titans",12,/static-assets/images/teams/small/8.png?v=6.08,12,5
1567683065-109,https://www.prokabaddi.com/stats/49-135-do-or-die-raid-points-statistics,"Jaipur Pink Panthers",1,/static-assets/images/teams/small/3.png?v=6.08,13,52
1567683052-65,https://www.prokabaddi.com/stats/49-96-total-points-scored-statistics,"Haryana Steelers",5,/static-assets/images/teams/small/28.png?v=6.08,12,385
1567683065-110,https://www.prokabaddi.com/stats/49-135-do-or-die-raid-points-statistics,"U Mumba",2,/static-assets/images/teams/small/5.png?v=6.08,12,47
1567683065-111,https://www.prokabaddi.com/stats/49-135-do-or-die-raid-points-statistics,"Puneri Paltan",3,/static-assets/images/teams/small/7.png?v=6.08,12,45
1567683065-112,https://www.prokabaddi.com/stats/49-135-do-or-die-raid-points-statistics,"Haryana Steelers",4,/static-assets/images/teams/small/28.png?v=6.08,12,41
1567683065-113,https://www.prokabaddi.com/stats/49-135-do-or-die-raid-points-statistics,"Tamil Thalaivas",5,/static-assets/images/teams/small/29.png?v=6.08,13,39
1567683065-114,https://www.prokabaddi.com/stats/49-135-do-or-die-raid-points-statistics,"U.P. Yoddha",6,/static-assets/images/teams/small/30.png?v=6.08,12,38
1567683065-115,https://www.prokabaddi.com/stats/49-135-do-or-die-raid-points-statistics,"Gujarat Fortunegiants",6,/static-assets/images/teams/small/31.png?v=6.08,12,38
1567683065-116,https://www.prokabaddi.com/stats/49-135-do-or-die-raid-points-statistics,"Patna Pirates",8,/static-assets/images/teams/small/6.png?v=6.08,12,34
1567683065-117,https://www.prokabaddi.com/stats/49-135-do-or-die-raid-points-statistics,"Telugu Titans",9,/static-assets/images/teams/small/8.png?v=6.08,12,30
1567683065-118,https://www.prokabaddi.com/stats/49-135-do-or-die-raid-points-statistics,"Dabang Delhi K.C.",9,/static-assets/images/teams/small/2.png?v=6.08,12,30
1567683065-119,https://www.prokabaddi.com/stats/49-135-do-or-die-raid-points-statistics,"Bengaluru Bulls",11,/static-assets/images/teams/small/1.png?v=6.08,14,27
1567683052-66,https://www.prokabaddi.com/stats/49-96-total-points-scored-statistics,"Tamil Thalaivas",6,/static-assets/images/teams/small/29.png?v=6.08,13,373
1567683065-120,https://www.prokabaddi.com/stats/49-135-do-or-die-raid-points-statistics,"Bengal Warriors",11,/static-assets/images/teams/small/4.png?v=6.08,12,27
1567683052-67,https://www.prokabaddi.com/stats/49-96-total-points-scored-statistics,"U Mumba",7,/static-assets/images/teams/small/5.png?v=6.08,12,359
1567683052-68,https://www.prokabaddi.com/stats/49-96-total-points-scored-statistics,"Patna Pirates",8,/static-assets/images/teams/small/6.png?v=6.08,12,354
1567683052-69,https://www.prokabaddi.com/stats/49-96-total-points-scored-statistics,"Puneri Paltan",9,/static-assets/images/teams/small/7.png?v=6.08,12,352
1567683068-121,https://www.prokabaddi.com/stats/49-20-super-tackles-statistics,"Bengaluru Bulls",1,/static-assets/images/teams/small/1.png?v=6.08,14,23
1567683068-130,https://www.prokabaddi.com/stats/49-20-super-tackles-statistics,"Tamil Thalaivas",10,/static-assets/images/teams/small/29.png?v=6.08,13,9
1567683068-131,https://www.prokabaddi.com/stats/49-20-super-tackles-statistics,"Haryana Steelers",11,/static-assets/images/teams/small/28.png?v=6.08,12,8
1567683068-132,https://www.prokabaddi.com/stats/49-20-super-tackles-statistics,"Dabang Delhi K.C.",12,/static-assets/images/teams/small/2.png?v=6.08,12,7
1567683070-133,https://www.prokabaddi.com/stats/49-13-successful-raids-statistics,"Bengaluru Bulls",1,/static-assets/images/teams/small/1.png?v=6.08,14,219
1567683070-134,https://www.prokabaddi.com/stats/49-13-successful-raids-statistics,"Dabang Delhi K.C.",2,/static-assets/images/teams/small/2.png?v=6.08,12,198
1567683070-135,https://www.prokabaddi.com/stats/49-13-successful-raids-statistics,"Bengal Warriors",3,/static-assets/images/teams/small/4.png?v=6.08,12,192
1567683070-136,https://www.prokabaddi.com/stats/49-13-successful-raids-statistics,"Haryana Steelers",4,/static-assets/images/teams/small/28.png?v=6.08,12,174
1567683070-137,https://www.prokabaddi.com/stats/49-13-successful-raids-statistics,"Tamil Thalaivas",5,/static-assets/images/teams/small/29.png?v=6.08,13,167
1567683070-138,https://www.prokabaddi.com/stats/49-13-successful-raids-statistics,"Telugu Titans",6,/static-assets/images/teams/small/8.png?v=6.08,12,160
1567683070-139,https://www.prokabaddi.com/stats/49-13-successful-raids-statistics,"Puneri Paltan",7,/static-assets/images/teams/small/7.png?v=6.08,12,159
1567683068-122,https://www.prokabaddi.com/stats/49-20-super-tackles-statistics,"Jaipur Pink Panthers",2,/static-assets/images/teams/small/3.png?v=6.08,13,20
1567683070-140,https://www.prokabaddi.com/stats/49-13-successful-raids-statistics,"Patna Pirates",8,/static-assets/images/teams/small/6.png?v=6.08,12,158
1567683070-141,https://www.prokabaddi.com/stats/49-13-successful-raids-statistics,"Jaipur Pink Panthers",9,/static-assets/images/teams/small/3.png?v=6.08,13,156
1567683070-142,https://www.prokabaddi.com/stats/49-13-successful-raids-statistics,"Gujarat Fortunegiants",10,/static-assets/images/teams/small/31.png?v=6.08,12,152
1567683070-143,https://www.prokabaddi.com/stats/49-13-successful-raids-statistics,"U Mumba",11,/static-assets/images/teams/small/5.png?v=6.08,12,144
1567683070-144,https://www.prokabaddi.com/stats/49-13-successful-raids-statistics,"U.P. Yoddha",12,/static-assets/images/teams/small/30.png?v=6.08,12,134
1567683073-145,https://www.prokabaddi.com/stats/49-98-avg-raid-points-statistics,"Dabang Delhi K.C.",1,/static-assets/images/teams/small/2.png?v=6.08,12,19.92
1567683073-146,https://www.prokabaddi.com/stats/49-98-avg-raid-points-statistics,"Bengal Warriors",2,/static-assets/images/teams/small/4.png?v=6.08,12,19.42
1567683073-147,https://www.prokabaddi.com/stats/49-98-avg-raid-points-statistics,"Bengaluru Bulls",3,/static-assets/images/teams/small/1.png?v=6.08,14,19
1567683073-148,https://www.prokabaddi.com/stats/49-98-avg-raid-points-statistics,"Haryana Steelers",4,/static-assets/images/teams/small/28.png?v=6.08,12,18.08
1567683073-149,https://www.prokabaddi.com/stats/49-98-avg-raid-points-statistics,"Tamil Thalaivas",5,/static-assets/images/teams/small/29.png?v=6.08,13,16
1567683068-123,https://www.prokabaddi.com/stats/49-20-super-tackles-statistics,"Patna Pirates",3,/static-assets/images/teams/small/6.png?v=6.08,12,17
1567683073-150,https://www.prokabaddi.com/stats/49-98-avg-raid-points-statistics,"Puneri Paltan",5,/static-assets/images/teams/small/7.png?v=6.08,12,16
1567683073-151,https://www.prokabaddi.com/stats/49-98-avg-raid-points-statistics,"U Mumba",7,/static-assets/images/teams/small/5.png?v=6.08,12,15.83
1567683073-152,https://www.prokabaddi.com/stats/49-98-avg-raid-points-statistics,"Patna Pirates",8,/static-assets/images/teams/small/6.png?v=6.08,12,15.75
1567683073-153,https://www.prokabaddi.com/stats/49-98-avg-raid-points-statistics,"Gujarat Fortunegiants",9,/static-assets/images/teams/small/31.png?v=6.08,12,15.25
1567683073-154,https://www.prokabaddi.com/stats/49-98-avg-raid-points-statistics,"Telugu Titans",10,/static-assets/images/teams/small/8.png?v=6.08,12,15
1567683073-155,https://www.prokabaddi.com/stats/49-98-avg-raid-points-statistics,"Jaipur Pink Panthers",11,/static-assets/images/teams/small/3.png?v=6.08,13,14.92
1567683073-156,https://www.prokabaddi.com/stats/49-98-avg-raid-points-statistics,"U.P. Yoddha",12,/static-assets/images/teams/small/30.png?v=6.08,12,14.08
1567683068-124,https://www.prokabaddi.com/stats/49-20-super-tackles-statistics,"Telugu Titans",3,/static-assets/images/teams/small/8.png?v=6.08,12,17
1567683068-125,https://www.prokabaddi.com/stats/49-20-super-tackles-statistics,"U Mumba",5,/static-assets/images/teams/small/5.png?v=6.08,12,15
1567683068-126,https://www.prokabaddi.com/stats/49-20-super-tackles-statistics,"Puneri Paltan",6,/static-assets/images/teams/small/7.png?v=6.08,12,14
1567683068-127,https://www.prokabaddi.com/stats/49-20-super-tackles-statistics,"Gujarat Fortunegiants",7,/static-assets/images/teams/small/31.png?v=6.08,12,11
1567683068-128,https://www.prokabaddi.com/stats/49-20-super-tackles-statistics,"U.P. Yoddha",8,/static-assets/images/teams/small/30.png?v=6.08,12,10
1567683068-129,https://www.prokabaddi.com/stats/49-20-super-tackles-statistics,"Bengal Warriors",8,/static-assets/images/teams/small/4.png?v=6.08,12,10
