﻿web-scraper-order,web-scraper-start-url,rank,name,matches,points,profile,team
1565436643-1,https://www.prokabaddi.com/stats/49-101-high-5s-statistics,1,"Sandeep Kumar Dhull",5,3,"Defender, left corner",/static-assets/images/teams/small/3.png?v=6.08
1565436643-10,https://www.prokabaddi.com/stats/49-101-high-5s-statistics,6,"Neeraj Kumar",7,1,"Defender, right cover",/static-assets/images/teams/small/6.png?v=6.08
1565436643-11,https://www.prokabaddi.com/stats/49-101-high-5s-statistics,6,"Surinder Singh",7,1,Defender,/static-assets/images/teams/small/5.png?v=6.08
1565436643-12,https://www.prokabaddi.com/stats/49-101-high-5s-statistics,6,"Mahender Singh",5,1,"Defender, left cover",/static-assets/images/teams/small/1.png?v=6.08
1565436643-13,https://www.prokabaddi.com/stats/49-101-high-5s-statistics,6,"Amit Sheoran",5,1,Defender,/static-assets/images/teams/small/1.png?v=6.08
1565436643-14,https://www.prokabaddi.com/stats/49-101-high-5s-statistics,6,"Rinku Narwal",5,1,Defender,/static-assets/images/teams/small/4.png?v=6.08
1565436643-15,https://www.prokabaddi.com/stats/49-101-high-5s-statistics,6,Sumit,6,1,"Defender, left corner",/static-assets/images/teams/small/30.png?v=6.08
1565436643-16,https://www.prokabaddi.com/stats/49-101-high-5s-statistics,6,Sunil,3,1,"Defender, right corner",/static-assets/images/teams/small/28.png?v=6.08
1565436643-17,https://www.prokabaddi.com/stats/49-101-high-5s-statistics,6,"Saurabh Nandal",4,1,"Defender, left corner",/static-assets/images/teams/small/1.png?v=6.08
1565436647-18,https://www.prokabaddi.com/stats/49-21-successful-raids-statistics,1,"Pawan Kumar Sehrawat",5,54,Raider,/static-assets/images/teams/small/1.png?v=6.08
1565436647-19,https://www.prokabaddi.com/stats/49-21-successful-raids-statistics,2,"Pardeep Narwal",7,53,Raider,/static-assets/images/teams/small/6.png?v=6.08
1565436643-2,https://www.prokabaddi.com/stats/49-101-high-5s-statistics,1,"Baldev Singh",5,3,"Defender, right corner",/static-assets/images/teams/small/4.png?v=6.08
1565436647-20,https://www.prokabaddi.com/stats/49-21-successful-raids-statistics,3,"Naveen Kumar",5,45,Raider,/static-assets/images/teams/small/2.png?v=6.08
1565436647-21,https://www.prokabaddi.com/stats/49-21-successful-raids-statistics,4,"Maninder Singh",5,36,Raider,/static-assets/images/teams/small/4.png?v=6.08
1565436647-22,https://www.prokabaddi.com/stats/49-21-successful-raids-statistics,5,"Siddharth Sirish Desai",6,34,Raider,/static-assets/images/teams/small/8.png?v=6.08
1565436647-23,https://www.prokabaddi.com/stats/49-21-successful-raids-statistics,6,"Rahul Chaudhari",5,33,Raider,/static-assets/images/teams/small/29.png?v=6.08
1565436647-24,https://www.prokabaddi.com/stats/49-21-successful-raids-statistics,7,"Deepak Niwas Hooda",5,32,"All Rounder",/static-assets/images/teams/small/3.png?v=6.08
1565436647-25,https://www.prokabaddi.com/stats/49-21-successful-raids-statistics,8,"Abhishek Singh",6,30,Raider,/static-assets/images/teams/small/5.png?v=6.08
1565436647-26,https://www.prokabaddi.com/stats/49-21-successful-raids-statistics,9,Naveen,5,27,Raider,/static-assets/images/teams/small/28.png?v=6.08
1565436647-27,https://www.prokabaddi.com/stats/49-21-successful-raids-statistics,10,"Chandran Ranjit",5,22,Raider,/static-assets/images/teams/small/2.png?v=6.08
1565436647-28,https://www.prokabaddi.com/stats/49-21-successful-raids-statistics,10,"K. Prapanjan",5,22,Raider,/static-assets/images/teams/small/4.png?v=6.08
1565436647-29,https://www.prokabaddi.com/stats/49-21-successful-raids-statistics,12,"Monu Goyat",6,21,Raider,/static-assets/images/teams/small/30.png?v=6.08
1565436643-3,https://www.prokabaddi.com/stats/49-101-high-5s-statistics,3,"Manjeet Chhillar",5,2,"All Rounder",/static-assets/images/teams/small/29.png?v=6.08
1565436647-30,https://www.prokabaddi.com/stats/49-21-successful-raids-statistics,12,"Rohit Gulia",5,21,"All Rounder",/static-assets/images/teams/small/31.png?v=6.08
1565436647-31,https://www.prokabaddi.com/stats/49-21-successful-raids-statistics,14,"Sachin Tanwar",5,20,Raider,/static-assets/images/teams/small/31.png?v=6.08
1565436647-32,https://www.prokabaddi.com/stats/49-21-successful-raids-statistics,14,"Mohammad Esmaeil Nabibakhsh",5,20,"All Rounder",/static-assets/images/teams/small/4.png?v=6.08
1565436647-33,https://www.prokabaddi.com/stats/49-21-successful-raids-statistics,14,"Deepak Narwal",5,20,Raider,/static-assets/images/teams/small/3.png?v=6.08
1565436647-34,https://www.prokabaddi.com/stats/49-21-successful-raids-statistics,17,"Pawan Kumar Kadian",5,18,Raider,/static-assets/images/teams/small/7.png?v=6.08
1565436647-35,https://www.prokabaddi.com/stats/49-21-successful-raids-statistics,17,"Arjun Deshwal",6,18,Raider,/static-assets/images/teams/small/5.png?v=6.08
1565436647-36,https://www.prokabaddi.com/stats/49-21-successful-raids-statistics,19,"Suraj Desai",4,16,Raider,/static-assets/images/teams/small/8.png?v=6.08
1565436647-37,https://www.prokabaddi.com/stats/49-21-successful-raids-statistics,20,"Ajay Thakur",5,15,Raider,/static-assets/images/teams/small/29.png?v=6.08
1565436650-38,https://www.prokabaddi.com/stats/49-138-avg-raid-points-statistics,1,"Pawan Kumar Sehrawat",5,14,Raider,/static-assets/images/teams/small/1.png?v=6.08
1565436650-39,https://www.prokabaddi.com/stats/49-138-avg-raid-points-statistics,2,"Naveen Kumar",5,10.6,Raider,/static-assets/images/teams/small/2.png?v=6.08
1565436643-4,https://www.prokabaddi.com/stats/49-101-high-5s-statistics,3,"Amit Hooda",5,2,"Defender, right corner",/static-assets/images/teams/small/3.png?v=6.08
1565436650-40,https://www.prokabaddi.com/stats/49-138-avg-raid-points-statistics,3,"Maninder Singh",5,9,Raider,/static-assets/images/teams/small/4.png?v=6.08
1565436650-41,https://www.prokabaddi.com/stats/49-138-avg-raid-points-statistics,4,"Vikash Kandola",2,8.5,Raider,/static-assets/images/teams/small/28.png?v=6.08
1565436650-42,https://www.prokabaddi.com/stats/49-138-avg-raid-points-statistics,5,"Pardeep Narwal",7,8.43,Raider,/static-assets/images/teams/small/6.png?v=6.08
1565436650-43,https://www.prokabaddi.com/stats/49-138-avg-raid-points-statistics,6,"Deepak Niwas Hooda",5,8.2,"All Rounder",/static-assets/images/teams/small/3.png?v=6.08
1565436650-44,https://www.prokabaddi.com/stats/49-138-avg-raid-points-statistics,7,"Rahul Chaudhari",5,7.8,Raider,/static-assets/images/teams/small/29.png?v=6.08
1565436650-45,https://www.prokabaddi.com/stats/49-138-avg-raid-points-statistics,8,"Suraj Desai",4,7.33,Raider,/static-assets/images/teams/small/8.png?v=6.08
1565436650-46,https://www.prokabaddi.com/stats/49-138-avg-raid-points-statistics,9,"Siddharth Sirish Desai",6,6.5,Raider,/static-assets/images/teams/small/8.png?v=6.08
1565436650-47,https://www.prokabaddi.com/stats/49-138-avg-raid-points-statistics,10,Naveen,5,6.2,Raider,/static-assets/images/teams/small/28.png?v=6.08
1565436650-48,https://www.prokabaddi.com/stats/49-138-avg-raid-points-statistics,11,"K. Prapanjan",5,6,Raider,/static-assets/images/teams/small/4.png?v=6.08
1565436650-49,https://www.prokabaddi.com/stats/49-138-avg-raid-points-statistics,12,"Abhishek Singh",6,5.83,Raider,/static-assets/images/teams/small/5.png?v=6.08
1565436643-5,https://www.prokabaddi.com/stats/49-101-high-5s-statistics,3,Jaideep,7,2,"Defender, left corner",/static-assets/images/teams/small/6.png?v=6.08
1565436650-50,https://www.prokabaddi.com/stats/49-138-avg-raid-points-statistics,13,"Chandran Ranjit",5,5.8,Raider,/static-assets/images/teams/small/2.png?v=6.08
1565436650-51,https://www.prokabaddi.com/stats/49-138-avg-raid-points-statistics,14,"Pankaj Mohite",3,5.67,Raider,/static-assets/images/teams/small/7.png?v=6.08
1565436650-52,https://www.prokabaddi.com/stats/49-138-avg-raid-points-statistics,15,"Rohit Gulia",5,5.6,"All Rounder",/static-assets/images/teams/small/31.png?v=6.08
1565436650-53,https://www.prokabaddi.com/stats/49-138-avg-raid-points-statistics,16,"Mohammad Esmaeil Nabibakhsh",5,5.4,"All Rounder",/static-assets/images/teams/small/4.png?v=6.08
1565436650-54,https://www.prokabaddi.com/stats/49-138-avg-raid-points-statistics,17,"Sachin Tanwar",5,5,Raider,/static-assets/images/teams/small/31.png?v=6.08
1565436650-55,https://www.prokabaddi.com/stats/49-138-avg-raid-points-statistics,17,"Nitin Rawal",1,5,"All Rounder",/static-assets/images/teams/small/3.png?v=6.08
1565436650-56,https://www.prokabaddi.com/stats/49-138-avg-raid-points-statistics,19,"Deepak Narwal",5,4.8,Raider,/static-assets/images/teams/small/3.png?v=6.08
1565436650-57,https://www.prokabaddi.com/stats/49-138-avg-raid-points-statistics,20,"Pawan Kumar Kadian",5,4.6,Raider,/static-assets/images/teams/small/7.png?v=6.08
1565436643-6,https://www.prokabaddi.com/stats/49-101-high-5s-statistics,6,"Girish Maruti Ernak",5,1,"Defender, left corner",/static-assets/images/teams/small/7.png?v=6.08
1565436643-7,https://www.prokabaddi.com/stats/49-101-high-5s-statistics,6,"Parvesh Bhainswal",5,1,"Defender, left cover",/static-assets/images/teams/small/31.png?v=6.08
1565436643-8,https://www.prokabaddi.com/stats/49-101-high-5s-statistics,6,"Vishal Bhardwaj",6,1,Defender,/static-assets/images/teams/small/8.png?v=6.08
1565436643-9,https://www.prokabaddi.com/stats/49-101-high-5s-statistics,6,"Sunil Kumar",5,1,Defender,/static-assets/images/teams/small/31.png?v=6.08
1565436652-58,https://www.prokabaddi.com/stats/49-100-super-10s-statistics,1,"Naveen Kumar",5,4,Raider,/static-assets/images/teams/small/2.png?v=6.08
1565436652-67,https://www.prokabaddi.com/stats/49-100-super-10s-statistics,7,"Mohammad Esmaeil Nabibakhsh",5,1,"All Rounder",/static-assets/images/teams/small/4.png?v=6.08
1565436652-68,https://www.prokabaddi.com/stats/49-100-super-10s-statistics,7,"Rohit Gulia",5,1,"All Rounder",/static-assets/images/teams/small/31.png?v=6.08
1565436652-69,https://www.prokabaddi.com/stats/49-100-super-10s-statistics,7,"Arjun Deshwal",6,1,Raider,/static-assets/images/teams/small/5.png?v=6.08
1565436652-70,https://www.prokabaddi.com/stats/49-100-super-10s-statistics,7,"Siddharth Sirish Desai",6,1,Raider,/static-assets/images/teams/small/8.png?v=6.08
1565436652-71,https://www.prokabaddi.com/stats/49-100-super-10s-statistics,7,"Abhishek Singh",6,1,Raider,/static-assets/images/teams/small/5.png?v=6.08
1565436652-72,https://www.prokabaddi.com/stats/49-100-super-10s-statistics,7,"K. Prapanjan",5,1,Raider,/static-assets/images/teams/small/4.png?v=6.08
1565436652-73,https://www.prokabaddi.com/stats/49-100-super-10s-statistics,7,Naveen,5,1,Raider,/static-assets/images/teams/small/28.png?v=6.08
1565436652-74,https://www.prokabaddi.com/stats/49-100-super-10s-statistics,7,"Chandran Ranjit",5,1,Raider,/static-assets/images/teams/small/2.png?v=6.08
1565436655-75,https://www.prokabaddi.com/stats/49-139-avg-tackle-points-statistics,1,"Sandeep Kumar Dhull",5,4.6,"Defender, left corner",/static-assets/images/teams/small/3.png?v=6.08
1565436655-76,https://www.prokabaddi.com/stats/49-139-avg-tackle-points-statistics,2,"Manjeet Chhillar",5,4.4,"All Rounder",/static-assets/images/teams/small/29.png?v=6.08
1565436652-59,https://www.prokabaddi.com/stats/49-100-super-10s-statistics,2,"Pardeep Narwal",7,3,Raider,/static-assets/images/teams/small/6.png?v=6.08
1565436655-77,https://www.prokabaddi.com/stats/49-139-avg-tackle-points-statistics,3,"Baldev Singh",5,4.2,"Defender, right corner",/static-assets/images/teams/small/4.png?v=6.08
1565436655-78,https://www.prokabaddi.com/stats/49-139-avg-tackle-points-statistics,4,Sunil,3,4,"Defender, right corner",/static-assets/images/teams/small/28.png?v=6.08
1565436655-79,https://www.prokabaddi.com/stats/49-139-avg-tackle-points-statistics,5,"Mahender Singh",5,3.8,"Defender, left cover",/static-assets/images/teams/small/1.png?v=6.08
1565436655-80,https://www.prokabaddi.com/stats/49-139-avg-tackle-points-statistics,6,Jaideep,7,3.43,"Defender, left corner",/static-assets/images/teams/small/6.png?v=6.08
1565436655-81,https://www.prokabaddi.com/stats/49-139-avg-tackle-points-statistics,6,"Surinder Singh",7,3.43,Defender,/static-assets/images/teams/small/5.png?v=6.08
1565436655-82,https://www.prokabaddi.com/stats/49-139-avg-tackle-points-statistics,8,"Amit Hooda",5,3.2,"Defender, right corner",/static-assets/images/teams/small/3.png?v=6.08
1565436655-83,https://www.prokabaddi.com/stats/49-139-avg-tackle-points-statistics,9,"Vishal Bhardwaj",6,2.83,Defender,/static-assets/images/teams/small/8.png?v=6.08
1565436655-84,https://www.prokabaddi.com/stats/49-139-avg-tackle-points-statistics,9,Sumit,6,2.83,"Defender, left corner",/static-assets/images/teams/small/30.png?v=6.08
1565436655-85,https://www.prokabaddi.com/stats/49-139-avg-tackle-points-statistics,11,"Joginder Singh Narwal",5,2.8,"Defender, left corner",/static-assets/images/teams/small/2.png?v=6.08
1565436655-86,https://www.prokabaddi.com/stats/49-139-avg-tackle-points-statistics,11,"Girish Maruti Ernak",5,2.8,"Defender, left corner",/static-assets/images/teams/small/7.png?v=6.08
1565436652-60,https://www.prokabaddi.com/stats/49-100-super-10s-statistics,2,"Deepak Niwas Hooda",5,3,"All Rounder",/static-assets/images/teams/small/3.png?v=6.08
1565436655-87,https://www.prokabaddi.com/stats/49-139-avg-tackle-points-statistics,13,"Neeraj Kumar",7,2.71,"Defender, right cover",/static-assets/images/teams/small/6.png?v=6.08
1565436655-88,https://www.prokabaddi.com/stats/49-139-avg-tackle-points-statistics,14,"Parvesh Bhainswal",5,2.6,"Defender, left cover",/static-assets/images/teams/small/31.png?v=6.08
1565436655-89,https://www.prokabaddi.com/stats/49-139-avg-tackle-points-statistics,15,"Viraj Vishnu Landge",2,2.5,"Defender, left cover",/static-assets/images/teams/small/4.png?v=6.08
1565436655-90,https://www.prokabaddi.com/stats/49-139-avg-tackle-points-statistics,16,"Fazel Atrachali",7,2.43,"Defender, left corner",/static-assets/images/teams/small/5.png?v=6.08
1565436655-91,https://www.prokabaddi.com/stats/49-139-avg-tackle-points-statistics,17,"Mohit Chhillar",5,2.4,"Defender, right corner",/static-assets/images/teams/small/29.png?v=6.08
1565436655-92,https://www.prokabaddi.com/stats/49-139-avg-tackle-points-statistics,17,"Rinku Narwal",5,2.4,Defender,/static-assets/images/teams/small/4.png?v=6.08
1565436655-93,https://www.prokabaddi.com/stats/49-139-avg-tackle-points-statistics,17,"More GB",5,2.4,Raider,/static-assets/images/teams/small/31.png?v=6.08
1565436655-94,https://www.prokabaddi.com/stats/49-139-avg-tackle-points-statistics,17,Manjeet,5,2.4,Raider,/static-assets/images/teams/small/7.png?v=6.08
1565436659-95,https://www.prokabaddi.com/stats/49-22-raid-points-statistics,1,"Pawan Kumar Sehrawat",5,70,Raider,/static-assets/images/teams/small/1.png?v=6.08
1565436659-96,https://www.prokabaddi.com/stats/49-22-raid-points-statistics,2,"Pardeep Narwal",7,59,Raider,/static-assets/images/teams/small/6.png?v=6.08
1565436652-61,https://www.prokabaddi.com/stats/49-100-super-10s-statistics,2,"Pawan Kumar Sehrawat",5,3,Raider,/static-assets/images/teams/small/1.png?v=6.08
1565436659-97,https://www.prokabaddi.com/stats/49-22-raid-points-statistics,3,"Naveen Kumar",5,53,Raider,/static-assets/images/teams/small/2.png?v=6.08
1565436659-98,https://www.prokabaddi.com/stats/49-22-raid-points-statistics,4,"Maninder Singh",5,45,Raider,/static-assets/images/teams/small/4.png?v=6.08
1565436659-99,https://www.prokabaddi.com/stats/49-22-raid-points-statistics,5,"Deepak Niwas Hooda",5,41,"All Rounder",/static-assets/images/teams/small/3.png?v=6.08
1565436659-100,https://www.prokabaddi.com/stats/49-22-raid-points-statistics,6,"Rahul Chaudhari",5,39,Raider,/static-assets/images/teams/small/29.png?v=6.08
1565436659-101,https://www.prokabaddi.com/stats/49-22-raid-points-statistics,6,"Siddharth Sirish Desai",6,39,Raider,/static-assets/images/teams/small/8.png?v=6.08
1565436659-102,https://www.prokabaddi.com/stats/49-22-raid-points-statistics,8,"Abhishek Singh",6,35,Raider,/static-assets/images/teams/small/5.png?v=6.08
1565436659-103,https://www.prokabaddi.com/stats/49-22-raid-points-statistics,9,Naveen,5,31,Raider,/static-assets/images/teams/small/28.png?v=6.08
1565436659-104,https://www.prokabaddi.com/stats/49-22-raid-points-statistics,10,"K. Prapanjan",5,30,Raider,/static-assets/images/teams/small/4.png?v=6.08
1565436659-105,https://www.prokabaddi.com/stats/49-22-raid-points-statistics,11,"Chandran Ranjit",5,29,Raider,/static-assets/images/teams/small/2.png?v=6.08
1565436659-106,https://www.prokabaddi.com/stats/49-22-raid-points-statistics,12,"Rohit Gulia",5,28,"All Rounder",/static-assets/images/teams/small/31.png?v=6.08
1565436652-62,https://www.prokabaddi.com/stats/49-100-super-10s-statistics,5,"Rahul Chaudhari",5,2,Raider,/static-assets/images/teams/small/29.png?v=6.08
1565436659-107,https://www.prokabaddi.com/stats/49-22-raid-points-statistics,13,"Mohammad Esmaeil Nabibakhsh",5,27,"All Rounder",/static-assets/images/teams/small/4.png?v=6.08
1565436659-108,https://www.prokabaddi.com/stats/49-22-raid-points-statistics,14,"Sachin Tanwar",5,25,Raider,/static-assets/images/teams/small/31.png?v=6.08
1565436659-109,https://www.prokabaddi.com/stats/49-22-raid-points-statistics,15,"Deepak Narwal",5,24,Raider,/static-assets/images/teams/small/3.png?v=6.08
1565436659-110,https://www.prokabaddi.com/stats/49-22-raid-points-statistics,16,"Pawan Kumar Kadian",5,23,Raider,/static-assets/images/teams/small/7.png?v=6.08
1565436659-111,https://www.prokabaddi.com/stats/49-22-raid-points-statistics,17,"Suraj Desai",4,22,Raider,/static-assets/images/teams/small/8.png?v=6.08
1565436659-112,https://www.prokabaddi.com/stats/49-22-raid-points-statistics,17,"Arjun Deshwal",6,22,Raider,/static-assets/images/teams/small/5.png?v=6.08
1565436659-113,https://www.prokabaddi.com/stats/49-22-raid-points-statistics,17,"Monu Goyat",6,22,Raider,/static-assets/images/teams/small/30.png?v=6.08
1565436659-114,https://www.prokabaddi.com/stats/49-22-raid-points-statistics,20,Vinay,5,20,Raider,/static-assets/images/teams/small/28.png?v=6.08
1565436652-63,https://www.prokabaddi.com/stats/49-100-super-10s-statistics,5,"Maninder Singh",5,2,Raider,/static-assets/images/teams/small/4.png?v=6.08
1565436652-64,https://www.prokabaddi.com/stats/49-100-super-10s-statistics,7,"Pawan Kumar Kadian",5,1,Raider,/static-assets/images/teams/small/7.png?v=6.08
1565436652-65,https://www.prokabaddi.com/stats/49-100-super-10s-statistics,7,"Suraj Desai",4,1,Raider,/static-assets/images/teams/small/8.png?v=6.08
1565436652-66,https://www.prokabaddi.com/stats/49-100-super-10s-statistics,7,"Vikash Kandola",2,1,Raider,/static-assets/images/teams/small/28.png?v=6.08
1565436661-115,https://www.prokabaddi.com/stats/49-132-do-or-die-raid-points-statistics,1,"Abhishek Singh",6,14,Raider,/static-assets/images/teams/small/5.png?v=6.08
1565436661-124,https://www.prokabaddi.com/stats/49-132-do-or-die-raid-points-statistics,7,Naveen,5,7,Raider,/static-assets/images/teams/small/28.png?v=6.08
1565436661-125,https://www.prokabaddi.com/stats/49-132-do-or-die-raid-points-statistics,11,"Amit Kumar",5,6,Raider,/static-assets/images/teams/small/7.png?v=6.08
1565436661-126,https://www.prokabaddi.com/stats/49-132-do-or-die-raid-points-statistics,11,"Jang Kun Lee",7,6,Raider,/static-assets/images/teams/small/6.png?v=6.08
1565436661-127,https://www.prokabaddi.com/stats/49-132-do-or-die-raid-points-statistics,13,"Deepak Niwas Hooda",5,5,"All Rounder",/static-assets/images/teams/small/3.png?v=6.08
1565436661-128,https://www.prokabaddi.com/stats/49-132-do-or-die-raid-points-statistics,13,"Pawan Kumar Kadian",5,5,Raider,/static-assets/images/teams/small/7.png?v=6.08
1565436661-129,https://www.prokabaddi.com/stats/49-132-do-or-die-raid-points-statistics,13,"Rohit Baliyan",7,5,Raider,/static-assets/images/teams/small/5.png?v=6.08
1565436661-130,https://www.prokabaddi.com/stats/49-132-do-or-die-raid-points-statistics,13,Vinay,5,5,Raider,/static-assets/images/teams/small/28.png?v=6.08
1565436661-131,https://www.prokabaddi.com/stats/49-132-do-or-die-raid-points-statistics,17,"Rohit Gulia",5,4,"All Rounder",/static-assets/images/teams/small/31.png?v=6.08
1565436661-132,https://www.prokabaddi.com/stats/49-132-do-or-die-raid-points-statistics,17,Rajnish,3,4,Raider,/static-assets/images/teams/small/8.png?v=6.08
1565436661-133,https://www.prokabaddi.com/stats/49-132-do-or-die-raid-points-statistics,17,"Dong Geon Lee",4,4,Raider,/static-assets/images/teams/small/5.png?v=6.08
1565436661-116,https://www.prokabaddi.com/stats/49-132-do-or-die-raid-points-statistics,2,"Pardeep Narwal",7,13,Raider,/static-assets/images/teams/small/6.png?v=6.08
1565436661-134,https://www.prokabaddi.com/stats/49-132-do-or-die-raid-points-statistics,17,"Arjun Deshwal",6,4,Raider,/static-assets/images/teams/small/5.png?v=6.08
1565436664-135,https://www.prokabaddi.com/stats/49-104-super-raids-statistics,1,"Pawan Kumar Sehrawat",5,3,Raider,/static-assets/images/teams/small/1.png?v=6.08
1565436664-136,https://www.prokabaddi.com/stats/49-104-super-raids-statistics,2,"Mohammad Esmaeil Nabibakhsh",5,2,"All Rounder",/static-assets/images/teams/small/4.png?v=6.08
1565436664-137,https://www.prokabaddi.com/stats/49-104-super-raids-statistics,2,"Sonu Jaglan",5,2,Raider,/static-assets/images/teams/small/31.png?v=6.08
1565436664-138,https://www.prokabaddi.com/stats/49-104-super-raids-statistics,2,"Maninder Singh",5,2,Raider,/static-assets/images/teams/small/4.png?v=6.08
1565436664-139,https://www.prokabaddi.com/stats/49-104-super-raids-statistics,2,"Pardeep Narwal",7,2,Raider,/static-assets/images/teams/small/6.png?v=6.08
1565436664-140,https://www.prokabaddi.com/stats/49-104-super-raids-statistics,6,"K. Prapanjan",5,1,Raider,/static-assets/images/teams/small/4.png?v=6.08
1565436664-141,https://www.prokabaddi.com/stats/49-104-super-raids-statistics,6,"Rohit Baliyan",7,1,Raider,/static-assets/images/teams/small/5.png?v=6.08
1565436664-142,https://www.prokabaddi.com/stats/49-104-super-raids-statistics,6,"Selvamani K",4,1,Raider,/static-assets/images/teams/small/28.png?v=6.08
1565436664-143,https://www.prokabaddi.com/stats/49-104-super-raids-statistics,6,"Ajay Thakur",5,1,Raider,/static-assets/images/teams/small/29.png?v=6.08
1565436661-117,https://www.prokabaddi.com/stats/49-132-do-or-die-raid-points-statistics,3,"Rahul Chaudhari",5,10,Raider,/static-assets/images/teams/small/29.png?v=6.08
1565436664-144,https://www.prokabaddi.com/stats/49-104-super-raids-statistics,6,"Chandran Ranjit",5,1,Raider,/static-assets/images/teams/small/2.png?v=6.08
1565436664-145,https://www.prokabaddi.com/stats/49-104-super-raids-statistics,6,"Deepak Niwas Hooda",5,1,"All Rounder",/static-assets/images/teams/small/3.png?v=6.08
1565436664-146,https://www.prokabaddi.com/stats/49-104-super-raids-statistics,6,"Suraj Desai",4,1,Raider,/static-assets/images/teams/small/8.png?v=6.08
1565436664-147,https://www.prokabaddi.com/stats/49-104-super-raids-statistics,6,Vinay,5,1,Raider,/static-assets/images/teams/small/28.png?v=6.08
1565436664-148,https://www.prokabaddi.com/stats/49-104-super-raids-statistics,6,"Pankaj Mohite",3,1,Raider,/static-assets/images/teams/small/7.png?v=6.08
1565436664-149,https://www.prokabaddi.com/stats/49-104-super-raids-statistics,6,"Surinder Singh",7,1,Defender,/static-assets/images/teams/small/5.png?v=6.08
1565436664-150,https://www.prokabaddi.com/stats/49-104-super-raids-statistics,6,"Naveen Kumar",5,1,Raider,/static-assets/images/teams/small/2.png?v=6.08
1565436664-151,https://www.prokabaddi.com/stats/49-104-super-raids-statistics,6,Armaan,2,1,"All Rounder",/static-assets/images/teams/small/8.png?v=6.08
1565436667-152,https://www.prokabaddi.com/stats/49-103-tackle-points-statistics,1,Jaideep,7,24,"Defender, left corner",/static-assets/images/teams/small/6.png?v=6.08
1565436667-153,https://www.prokabaddi.com/stats/49-103-tackle-points-statistics,1,"Surinder Singh",7,24,Defender,/static-assets/images/teams/small/5.png?v=6.08
1565436661-118,https://www.prokabaddi.com/stats/49-132-do-or-die-raid-points-statistics,3,"Sachin Tanwar",5,10,Raider,/static-assets/images/teams/small/31.png?v=6.08
1565436667-154,https://www.prokabaddi.com/stats/49-103-tackle-points-statistics,3,"Sandeep Kumar Dhull",5,23,"Defender, left corner",/static-assets/images/teams/small/3.png?v=6.08
1565436667-155,https://www.prokabaddi.com/stats/49-103-tackle-points-statistics,4,"Manjeet Chhillar",5,22,"All Rounder",/static-assets/images/teams/small/29.png?v=6.08
1565436667-156,https://www.prokabaddi.com/stats/49-103-tackle-points-statistics,5,"Baldev Singh",5,21,"Defender, right corner",/static-assets/images/teams/small/4.png?v=6.08
1565436667-157,https://www.prokabaddi.com/stats/49-103-tackle-points-statistics,6,"Neeraj Kumar",7,19,"Defender, right cover",/static-assets/images/teams/small/6.png?v=6.08
1565436667-158,https://www.prokabaddi.com/stats/49-103-tackle-points-statistics,6,"Mahender Singh",5,19,"Defender, left cover",/static-assets/images/teams/small/1.png?v=6.08
1565436667-159,https://www.prokabaddi.com/stats/49-103-tackle-points-statistics,8,"Vishal Bhardwaj",6,17,Defender,/static-assets/images/teams/small/8.png?v=6.08
1565436667-160,https://www.prokabaddi.com/stats/49-103-tackle-points-statistics,8,"Fazel Atrachali",7,17,"Defender, left corner",/static-assets/images/teams/small/5.png?v=6.08
1565436667-161,https://www.prokabaddi.com/stats/49-103-tackle-points-statistics,8,Sumit,6,17,"Defender, left corner",/static-assets/images/teams/small/30.png?v=6.08
1565436667-162,https://www.prokabaddi.com/stats/49-103-tackle-points-statistics,11,"Amit Hooda",5,16,"Defender, right corner",/static-assets/images/teams/small/3.png?v=6.08
1565436667-163,https://www.prokabaddi.com/stats/49-103-tackle-points-statistics,12,"Girish Maruti Ernak",5,14,"Defender, left corner",/static-assets/images/teams/small/7.png?v=6.08
1565436661-119,https://www.prokabaddi.com/stats/49-132-do-or-die-raid-points-statistics,5,"Pankaj Mohite",3,9,Raider,/static-assets/images/teams/small/7.png?v=6.08
1565436667-164,https://www.prokabaddi.com/stats/49-103-tackle-points-statistics,12,"Joginder Singh Narwal",5,14,"Defender, left corner",/static-assets/images/teams/small/2.png?v=6.08
1565436667-165,https://www.prokabaddi.com/stats/49-103-tackle-points-statistics,14,"Sandeep Narwal",7,13,"All Rounder",/static-assets/images/teams/small/5.png?v=6.08
1565436667-166,https://www.prokabaddi.com/stats/49-103-tackle-points-statistics,14,"Parvesh Bhainswal",5,13,"Defender, left cover",/static-assets/images/teams/small/31.png?v=6.08
1565436667-167,https://www.prokabaddi.com/stats/49-103-tackle-points-statistics,14,Monu,7,13,Raider,/static-assets/images/teams/small/6.png?v=6.08
1565436667-168,https://www.prokabaddi.com/stats/49-103-tackle-points-statistics,14,"Nitesh Kumar",6,13,Defender,/static-assets/images/teams/small/30.png?v=6.08
1565436667-169,https://www.prokabaddi.com/stats/49-103-tackle-points-statistics,18,Manjeet,5,12,Raider,/static-assets/images/teams/small/7.png?v=6.08
1565436667-170,https://www.prokabaddi.com/stats/49-103-tackle-points-statistics,18,"Rinku Narwal",5,12,Defender,/static-assets/images/teams/small/4.png?v=6.08
1565436667-171,https://www.prokabaddi.com/stats/49-103-tackle-points-statistics,18,"More GB",5,12,Raider,/static-assets/images/teams/small/31.png?v=6.08
1565436661-120,https://www.prokabaddi.com/stats/49-132-do-or-die-raid-points-statistics,6,"Deepak Narwal",5,8,Raider,/static-assets/images/teams/small/3.png?v=6.08
1565436661-121,https://www.prokabaddi.com/stats/49-132-do-or-die-raid-points-statistics,7,"Maninder Singh",5,7,Raider,/static-assets/images/teams/small/4.png?v=6.08
1565436661-122,https://www.prokabaddi.com/stats/49-132-do-or-die-raid-points-statistics,7,"Vikash Kandola",2,7,Raider,/static-assets/images/teams/small/28.png?v=6.08
1565436661-123,https://www.prokabaddi.com/stats/49-132-do-or-die-raid-points-statistics,7,"Naveen Kumar",5,7,Raider,/static-assets/images/teams/small/2.png?v=6.08
1565436670-172,https://www.prokabaddi.com/stats/49-23-successful-tackles-statistics,1,"Surinder Singh",7,23,Defender,/static-assets/images/teams/small/5.png?v=6.08
1565436670-181,https://www.prokabaddi.com/stats/49-23-successful-tackles-statistics,10,"Vishal Bhardwaj",6,14,Defender,/static-assets/images/teams/small/8.png?v=6.08
1565436670-182,https://www.prokabaddi.com/stats/49-23-successful-tackles-statistics,10,"Mahender Singh",5,14,"Defender, left cover",/static-assets/images/teams/small/1.png?v=6.08
1565436670-183,https://www.prokabaddi.com/stats/49-23-successful-tackles-statistics,12,"More GB",5,12,Raider,/static-assets/images/teams/small/31.png?v=6.08
1565436670-184,https://www.prokabaddi.com/stats/49-23-successful-tackles-statistics,12,Manjeet,5,12,Raider,/static-assets/images/teams/small/7.png?v=6.08
1565436670-185,https://www.prokabaddi.com/stats/49-23-successful-tackles-statistics,12,"Rinku Narwal",5,12,Defender,/static-assets/images/teams/small/4.png?v=6.08
1565436670-186,https://www.prokabaddi.com/stats/49-23-successful-tackles-statistics,12,"Parvesh Bhainswal",5,12,"Defender, left cover",/static-assets/images/teams/small/31.png?v=6.08
1565436670-187,https://www.prokabaddi.com/stats/49-23-successful-tackles-statistics,12,"Girish Maruti Ernak",5,12,"Defender, left corner",/static-assets/images/teams/small/7.png?v=6.08
1565436670-188,https://www.prokabaddi.com/stats/49-23-successful-tackles-statistics,12,"Mohit Chhillar",5,12,"Defender, right corner",/static-assets/images/teams/small/29.png?v=6.08
1565436670-189,https://www.prokabaddi.com/stats/49-23-successful-tackles-statistics,12,Sunil,3,12,"Defender, right corner",/static-assets/images/teams/small/28.png?v=6.08
1565436670-190,https://www.prokabaddi.com/stats/49-23-successful-tackles-statistics,19,"Sandeep Narwal",7,11,"All Rounder",/static-assets/images/teams/small/5.png?v=6.08
1565436670-173,https://www.prokabaddi.com/stats/49-23-successful-tackles-statistics,2,Jaideep,7,22,"Defender, left corner",/static-assets/images/teams/small/6.png?v=6.08
1565436670-191,https://www.prokabaddi.com/stats/49-23-successful-tackles-statistics,19,"Joginder Singh Narwal",5,11,"Defender, left corner",/static-assets/images/teams/small/2.png?v=6.08
1565436672-192,https://www.prokabaddi.com/stats/49-28-super-tackles-statistics,1,"Mahender Singh",5,5,"Defender, left cover",/static-assets/images/teams/small/1.png?v=6.08
1565436672-193,https://www.prokabaddi.com/stats/49-28-super-tackles-statistics,2,Monu,7,4,Raider,/static-assets/images/teams/small/6.png?v=6.08
1565436672-194,https://www.prokabaddi.com/stats/49-28-super-tackles-statistics,3,"Baldev Singh",5,3,"Defender, right corner",/static-assets/images/teams/small/4.png?v=6.08
1565436672-195,https://www.prokabaddi.com/stats/49-28-super-tackles-statistics,3,"Joginder Singh Narwal",5,3,"Defender, left corner",/static-assets/images/teams/small/2.png?v=6.08
1565436672-196,https://www.prokabaddi.com/stats/49-28-super-tackles-statistics,3,"Vishal Bhardwaj",6,3,Defender,/static-assets/images/teams/small/8.png?v=6.08
1565436672-197,https://www.prokabaddi.com/stats/49-28-super-tackles-statistics,6,"PO Surjeet Singh",5,2,"Defender, right cover",/static-assets/images/teams/small/7.png?v=6.08
1565436672-198,https://www.prokabaddi.com/stats/49-28-super-tackles-statistics,6,"Hadi Oshtorak",7,2,"All Rounder",/static-assets/images/teams/small/6.png?v=6.08
1565436672-199,https://www.prokabaddi.com/stats/49-28-super-tackles-statistics,6,"Ashish Kumar",4,2,"All Rounder",/static-assets/images/teams/small/1.png?v=6.08
1565436672-200,https://www.prokabaddi.com/stats/49-28-super-tackles-statistics,6,"Manjeet Chhillar",5,2,"All Rounder",/static-assets/images/teams/small/29.png?v=6.08
1565436670-174,https://www.prokabaddi.com/stats/49-23-successful-tackles-statistics,2,"Sandeep Kumar Dhull",5,22,"Defender, left corner",/static-assets/images/teams/small/3.png?v=6.08
1565436672-201,https://www.prokabaddi.com/stats/49-28-super-tackles-statistics,6,"Sandeep Narwal",7,2,"All Rounder",/static-assets/images/teams/small/5.png?v=6.08
1565436672-202,https://www.prokabaddi.com/stats/49-28-super-tackles-statistics,6,"Girish Maruti Ernak",5,2,"Defender, left corner",/static-assets/images/teams/small/7.png?v=6.08
1565436672-203,https://www.prokabaddi.com/stats/49-28-super-tackles-statistics,6,"Young Chang Ko",6,2,"Defender, left cover",/static-assets/images/teams/small/5.png?v=6.08
1565436672-204,https://www.prokabaddi.com/stats/49-28-super-tackles-statistics,6,"Amit Sheoran",5,2,Defender,/static-assets/images/teams/small/1.png?v=6.08
1565436672-205,https://www.prokabaddi.com/stats/49-28-super-tackles-statistics,6,"Nitesh Kumar",6,2,Defender,/static-assets/images/teams/small/30.png?v=6.08
1565436672-206,https://www.prokabaddi.com/stats/49-28-super-tackles-statistics,6,"Jadhav Balasaheb Shahaji",4,2,"Defender, right cover",/static-assets/images/teams/small/7.png?v=6.08
1565436672-207,https://www.prokabaddi.com/stats/49-28-super-tackles-statistics,6,Ankit,5,2,"Defender, right corner",/static-assets/images/teams/small/31.png?v=6.08
1565436672-208,https://www.prokabaddi.com/stats/49-28-super-tackles-statistics,6,Jaideep,7,2,"Defender, left corner",/static-assets/images/teams/small/6.png?v=6.08
1565436672-209,https://www.prokabaddi.com/stats/49-28-super-tackles-statistics,18,"Saurabh Nandal",4,1,"Defender, left corner",/static-assets/images/teams/small/1.png?v=6.08
1565436672-210,https://www.prokabaddi.com/stats/49-28-super-tackles-statistics,18,"Mohit Sehrawat",3,1,"Defender, right cover",/static-assets/images/teams/small/1.png?v=6.08
1565436670-175,https://www.prokabaddi.com/stats/49-23-successful-tackles-statistics,4,"Manjeet Chhillar",5,20,"All Rounder",/static-assets/images/teams/small/29.png?v=6.08
1565436672-211,https://www.prokabaddi.com/stats/49-28-super-tackles-statistics,18,Ajeet,5,1,"Defender, right cover",/static-assets/images/teams/small/29.png?v=6.08
1565436675-212,https://www.prokabaddi.com/stats/49-102-total-points-statistics,1,"Pawan Kumar Sehrawat",5,74,Raider,/static-assets/images/teams/small/1.png?v=6.08
1565436675-213,https://www.prokabaddi.com/stats/49-102-total-points-statistics,2,"Pardeep Narwal",7,59,Raider,/static-assets/images/teams/small/6.png?v=6.08
1565436675-214,https://www.prokabaddi.com/stats/49-102-total-points-statistics,3,"Naveen Kumar",5,54,Raider,/static-assets/images/teams/small/2.png?v=6.08
1565436675-215,https://www.prokabaddi.com/stats/49-102-total-points-statistics,4,"Maninder Singh",5,45,Raider,/static-assets/images/teams/small/4.png?v=6.08
1565436675-216,https://www.prokabaddi.com/stats/49-102-total-points-statistics,5,"Deepak Niwas Hooda",5,43,"All Rounder",/static-assets/images/teams/small/3.png?v=6.08
1565436675-217,https://www.prokabaddi.com/stats/49-102-total-points-statistics,5,"Rahul Chaudhari",5,43,Raider,/static-assets/images/teams/small/29.png?v=6.08
1565436675-218,https://www.prokabaddi.com/stats/49-102-total-points-statistics,7,"Siddharth Sirish Desai",6,41,Raider,/static-assets/images/teams/small/8.png?v=6.08
1565436675-219,https://www.prokabaddi.com/stats/49-102-total-points-statistics,8,"Abhishek Singh",6,36,Raider,/static-assets/images/teams/small/5.png?v=6.08
1565436675-220,https://www.prokabaddi.com/stats/49-102-total-points-statistics,9,Naveen,5,33,Raider,/static-assets/images/teams/small/28.png?v=6.08
1565436670-176,https://www.prokabaddi.com/stats/49-23-successful-tackles-statistics,5,"Baldev Singh",5,18,"Defender, right corner",/static-assets/images/teams/small/4.png?v=6.08
1565436675-221,https://www.prokabaddi.com/stats/49-102-total-points-statistics,9,"Chandran Ranjit",5,33,Raider,/static-assets/images/teams/small/2.png?v=6.08
1565436675-222,https://www.prokabaddi.com/stats/49-102-total-points-statistics,11,"Mohammad Esmaeil Nabibakhsh",5,31,"All Rounder",/static-assets/images/teams/small/4.png?v=6.08
1565436675-223,https://www.prokabaddi.com/stats/49-102-total-points-statistics,12,"Rohit Gulia",5,30,"All Rounder",/static-assets/images/teams/small/31.png?v=6.08
1565436675-224,https://www.prokabaddi.com/stats/49-102-total-points-statistics,12,"K. Prapanjan",5,30,Raider,/static-assets/images/teams/small/4.png?v=6.08
1565436675-225,https://www.prokabaddi.com/stats/49-102-total-points-statistics,14,"Surinder Singh",7,28,Defender,/static-assets/images/teams/small/5.png?v=6.08
1565436675-226,https://www.prokabaddi.com/stats/49-102-total-points-statistics,14,"More GB",5,28,Raider,/static-assets/images/teams/small/31.png?v=6.08
1565436675-227,https://www.prokabaddi.com/stats/49-102-total-points-statistics,16,"Sachin Tanwar",5,26,Raider,/static-assets/images/teams/small/31.png?v=6.08
1565436675-228,https://www.prokabaddi.com/stats/49-102-total-points-statistics,17,"Deepak Narwal",5,25,Raider,/static-assets/images/teams/small/3.png?v=6.08
1565436675-229,https://www.prokabaddi.com/stats/49-102-total-points-statistics,18,Jaideep,7,24,"Defender, left corner",/static-assets/images/teams/small/6.png?v=6.08
1565436675-230,https://www.prokabaddi.com/stats/49-102-total-points-statistics,19,"Monu Goyat",6,23,Raider,/static-assets/images/teams/small/30.png?v=6.08
1565436670-177,https://www.prokabaddi.com/stats/49-23-successful-tackles-statistics,5,"Neeraj Kumar",7,18,"Defender, right cover",/static-assets/images/teams/small/6.png?v=6.08
1565436675-231,https://www.prokabaddi.com/stats/49-102-total-points-statistics,19,"Sandeep Kumar Dhull",5,23,"Defender, left corner",/static-assets/images/teams/small/3.png?v=6.08
1565436670-178,https://www.prokabaddi.com/stats/49-23-successful-tackles-statistics,7,Sumit,6,17,"Defender, left corner",/static-assets/images/teams/small/30.png?v=6.08
1565436670-179,https://www.prokabaddi.com/stats/49-23-successful-tackles-statistics,8,"Fazel Atrachali",7,16,"Defender, left corner",/static-assets/images/teams/small/5.png?v=6.08
1565436670-180,https://www.prokabaddi.com/stats/49-23-successful-tackles-statistics,9,"Amit Hooda",5,15,"Defender, right corner",/static-assets/images/teams/small/3.png?v=6.08
