web-scraper-order,web-scraper-start-url,name,team,type,points,credits,announced
1566232758-1,https://www.dream11.com/kabaddi/create-team/1092/15114,S K Dhull,JAI,DEF,203,14.5,Announced
1566232758-10,https://www.dream11.com/kabaddi/create-team/1092/15114,P R.,JAI,DEF,23,10,Announced
1566232758-11,https://www.dream11.com/kabaddi/create-team/1092/15114,Karamvir,JAI,DEF,0,10,
1566232758-12,https://www.dream11.com/kabaddi/create-team/1092/15114,D N Hooda,JAI,ALL,278,15.5,Announced
1566232758-13,https://www.dream11.com/kabaddi/create-team/1092/15114,N Rawal,JAI,ALL,74,14.5,Announced
1566232758-14,https://www.dream11.com/kabaddi/create-team/1092/15114,Sachin-Kumar,UP,ALL,8,13.5,
1566232758-15,https://www.dream11.com/kabaddi/create-team/1092/15114,M Maghsoudlou,UP,ALL,22,13.5,
1566232758-16,https://www.dream11.com/kabaddi/create-team/1092/15114,Narender,UP,ALL,-6,13,
1566232758-17,https://www.dream11.com/kabaddi/create-team/1092/15114,Santhapanaselvam,JAI,ALL,0,13,
1566232758-18,https://www.dream11.com/kabaddi/create-team/1092/15114,Vishal,JAI,ALL,134,13,Announced
1566232758-19,https://www.dream11.com/kabaddi/create-team/1092/15114,S Narwal,JAI,ALL,36,12.5,
1566232758-2,https://www.dream11.com/kabaddi/create-team/1092/15114,A Hooda,JAI,DEF,158,14.5,Announced
1566232758-20,https://www.dream11.com/kabaddi/create-team/1092/15114,Gurdeep,UP,ALL,0,11.5,
1566232758-21,https://www.dream11.com/kabaddi/create-team/1092/15114,Arkam-Shaikh,UP,ALL,0,11.5,
1566232758-22,https://www.dream11.com/kabaddi/create-team/1092/15114,D Kim,JAI,ALL,0,10.5,
1566232758-23,https://www.dream11.com/kabaddi/create-team/1092/15114,M Goyat,UP,RAI,119,16,
1566232758-24,https://www.dream11.com/kabaddi/create-team/1092/15114,R Devadiga,UP,RAI,37,15,Announced
1566232758-25,https://www.dream11.com/kabaddi/create-team/1092/15114,S Jadhav,UP,RAI,111,14.5,Announced
1566232758-26,https://www.dream11.com/kabaddi/create-team/1092/15114,D Narwal,JAI,RAI,128,14.5,Announced
1566232758-27,https://www.dream11.com/kabaddi/create-team/1092/15114,Surender-Singh,UP,RAI,18,14,
1566232758-28,https://www.dream11.com/kabaddi/create-team/1092/15114,N Salunke,JAI,RAI,41,13.5,
1566232758-29,https://www.dream11.com/kabaddi/create-team/1092/15114,Azad-Singh,UP,RAI,11,13,
1566232758-3,https://www.dream11.com/kabaddi/create-team/1092/15114,Nitesh-Kumar,UP,DEF,109,14,Announced
1566232758-30,https://www.dream11.com/kabaddi/create-team/1092/15114,M M Karim,UP,RAI,0,12.5,
1566232758-31,https://www.dream11.com/kabaddi/create-team/1092/15114,A Pawar,JAI,RAI,40,12.5,
1566232758-32,https://www.dream11.com/kabaddi/create-team/1092/15114,Surender-Gill,UP,RAI,40,12,Announced
1566232758-33,https://www.dream11.com/kabaddi/create-team/1092/15114,Ankush,UP,RAI,0,12,
1566232758-34,https://www.dream11.com/kabaddi/create-team/1092/15114,S Gulia,JAI,RAI,0,12,
1566232758-35,https://www.dream11.com/kabaddi/create-team/1092/15114,L Kaushik,JAI,RAI,0,12,
1566232758-36,https://www.dream11.com/kabaddi/create-team/1092/15114,Gulveer-Singh,UP,RAI,0,11.5,
1566232758-37,https://www.dream11.com/kabaddi/create-team/1092/15114,M Chathuranga,JAI,RAI,1,11.5,
1566232758-38,https://www.dream11.com/kabaddi/create-team/1092/15114,G Singh,JAI,RAI,0,11.5,
1566232758-4,https://www.dream11.com/kabaddi/create-team/1092/15114,Amit,UP,DEF,83,13.5,Announced
1566232758-5,https://www.dream11.com/kabaddi/create-team/1092/15114,Sumit,UP,DEF,163,13,Announced
1566232758-6,https://www.dream11.com/kabaddi/create-team/1092/15114,S Siddhgavali,JAI,DEF,60,13,
1566232758-7,https://www.dream11.com/kabaddi/create-team/1092/15114,Ashu-Singh,UP,DEF,91,11.5,Announced
1566232758-8,https://www.dream11.com/kabaddi/create-team/1092/15114,A Nagar,UP,DEF,0,12.5,
1566232758-9,https://www.dream11.com/kabaddi/create-team/1092/15114,A.Elavarasan,JAI,DEF,0,11.5,