﻿web-scraper-order,web-scraper-start-url,name,team,type,points,credits,announced
1567003537-1,https://www.dream11.com/kabaddi/create-team/1092/15127,"F Atrachali",MUM,DEF,190,16,Announced
1567003537-10,https://www.dream11.com/kabaddi/create-team/1092/15127,"H Kumar",MUM,DEF,63,12.5,Announced
1567003537-11,https://www.dream11.com/kabaddi/create-team/1092/15127,Anil,MUM,DEF,0,12.5,
1567003537-12,https://www.dream11.com/kabaddi/create-team/1092/15127,"Y Chang-Ko",MUM,DEF,57,12.5,
1567003537-13,https://www.dream11.com/kabaddi/create-team/1092/15127,"H Vardhan",MUM,DEF,4,11,
1567003537-14,https://www.dream11.com/kabaddi/create-team/1092/15127,"P Patil",DEL,DEF,0,10.5,
1567003537-15,https://www.dream11.com/kabaddi/create-team/1092/15127,Mohit-I,DEL,DEF,0,10,
1567003537-16,https://www.dream11.com/kabaddi/create-team/1092/15127,Satywan,DEL,DEF,0,9.5,
1567003537-17,https://www.dream11.com/kabaddi/create-team/1092/15127,"S Narwal",MUM,ALL,184,14.5,Announced
1567003537-18,https://www.dream11.com/kabaddi/create-team/1092/15127,"M Sheykh",DEL,ALL,75,14,
1567003537-19,https://www.dream11.com/kabaddi/create-team/1092/15127,Vijay,DEL,ALL,64,13,Announced
1567003537-2,https://www.dream11.com/kabaddi/create-team/1092/15127,"J Narwal",DEL,DEF,175,14.5,Announced
1567003537-20,https://www.dream11.com/kabaddi/create-team/1092/15127,"A R Kapre",MUM,ALL,4,12.5,
1567003537-21,https://www.dream11.com/kabaddi/create-team/1092/15127,"M Balyan",MUM,ALL,0,12,
1567003537-22,https://www.dream11.com/kabaddi/create-team/1092/15127,Balram,DEL,ALL,0,9.5,
1567003537-23,https://www.dream11.com/kabaddi/create-team/1092/15127,Naveen-Kumar,DEL,RAI,430,16.5,Announced
1567003537-24,https://www.dream11.com/kabaddi/create-team/1092/15127,Abhishek-Singh,MUM,RAI,195,15,Announced
1567003537-25,https://www.dream11.com/kabaddi/create-team/1092/15127,"R Baliyan",MUM,RAI,146,14.5,
1567003537-26,https://www.dream11.com/kabaddi/create-team/1092/15127,"C Ranjit",DEL,RAI,218,14,Announced
1567003537-27,https://www.dream11.com/kabaddi/create-team/1092/15127,"M Athul",MUM,RAI,101,13.5,Announced
1567003537-28,https://www.dream11.com/kabaddi/create-team/1092/15127,"D Geon-Lee",MUM,RAI,37,13.5,
1567003537-29,https://www.dream11.com/kabaddi/create-team/1092/15127,Vinoth-Kumar,MUM,RAI,4,13,
1567003537-3,https://www.dream11.com/kabaddi/create-team/1092/15127,"R Pahal",DEL,DEF,172,14.5,Announced
1567003537-30,https://www.dream11.com/kabaddi/create-team/1092/15127,Gaurav-Kumar,MUM,RAI,0,12.5,
1567003537-31,https://www.dream11.com/kabaddi/create-team/1092/15127,"A Deshwal",MUM,RAI,143,12.5,Announced
1567003537-32,https://www.dream11.com/kabaddi/create-team/1092/15127,Navneet,MUM,RAI,0,12,
1567003537-33,https://www.dream11.com/kabaddi/create-team/1092/15127,"S Kumar",DEL,RAI,0,11.5,
1567003537-34,https://www.dream11.com/kabaddi/create-team/1092/15127,"N Narwal",DEL,RAI,1,11,
1567003537-35,https://www.dream11.com/kabaddi/create-team/1092/15127,"A Kadian",DEL,RAI,6,10.5,
1567003537-4,https://www.dream11.com/kabaddi/create-team/1092/15127,Surinder-Singh,MUM,DEF,202,14.5,Announced
1567003537-5,https://www.dream11.com/kabaddi/create-team/1092/15127,"V Mane",DEL,DEF,124,14,Announced
1567003537-6,https://www.dream11.com/kabaddi/create-team/1092/15127,"R Subramanian",MUM,DEF,14,13.5,
1567003537-7,https://www.dream11.com/kabaddi/create-team/1092/15127,Sombir,DEL,DEF,12,13,
1567003537-8,https://www.dream11.com/kabaddi/create-team/1092/15127,Anil-Kumar-I,DEL,DEF,33,13,Announced
1567003537-9,https://www.dream11.com/kabaddi/create-team/1092/15127,"S Ghaffari",DEL,DEF,94,12.5,
