﻿web-scraper-order,web-scraper-start-url,name,rank,team_id,matches,points
1567510256-1,https://www.prokabaddi.com/stats/49-97-raid-points-statistics,"Bengaluru Bulls",1,/static-assets/images/teams/small/1.png?v=6.08,13,242
1567510256-10,https://www.prokabaddi.com/stats/49-97-raid-points-statistics,"Jaipur Pink Panthers",10,/static-assets/images/teams/small/3.png?v=6.08,12,172
1567510256-11,https://www.prokabaddi.com/stats/49-97-raid-points-statistics,"U.P. Yoddha",11,/static-assets/images/teams/small/30.png?v=6.08,12,169
1567510256-12,https://www.prokabaddi.com/stats/49-97-raid-points-statistics,"Patna Pirates",12,/static-assets/images/teams/small/6.png?v=6.08,11,168
1567510260-13,https://www.prokabaddi.com/stats/49-140-avg-points-scored-statistics,"Bengaluru Bulls",1,/static-assets/images/teams/small/1.png?v=6.08,13,29.15
1567510260-14,https://www.prokabaddi.com/stats/49-140-avg-points-scored-statistics,"Bengal Warriors",2,/static-assets/images/teams/small/4.png?v=6.08,12,29
1567510260-15,https://www.prokabaddi.com/stats/49-140-avg-points-scored-statistics,"Dabang Delhi K.C.",3,/static-assets/images/teams/small/2.png?v=6.08,11,28.72
1567510260-16,https://www.prokabaddi.com/stats/49-140-avg-points-scored-statistics,"Haryana Steelers",4,/static-assets/images/teams/small/28.png?v=6.08,12,28.16
1567510260-17,https://www.prokabaddi.com/stats/49-140-avg-points-scored-statistics,"Puneri Paltan",5,/static-assets/images/teams/small/7.png?v=6.08,12,27.08
1567510260-18,https://www.prokabaddi.com/stats/49-140-avg-points-scored-statistics,"Telugu Titans",6,/static-assets/images/teams/small/8.png?v=6.08,12,25.75
1567510260-19,https://www.prokabaddi.com/stats/49-140-avg-points-scored-statistics,"Gujarat Fortunegiants",6,/static-assets/images/teams/small/31.png?v=6.08,12,25.75
1567510256-2,https://www.prokabaddi.com/stats/49-97-raid-points-statistics,"Bengal Warriors",2,/static-assets/images/teams/small/4.png?v=6.08,12,233
1567510260-20,https://www.prokabaddi.com/stats/49-140-avg-points-scored-statistics,"U Mumba",8,/static-assets/images/teams/small/5.png?v=6.08,12,25.5
1567510260-21,https://www.prokabaddi.com/stats/49-140-avg-points-scored-statistics,"Tamil Thalaivas",9,/static-assets/images/teams/small/29.png?v=6.08,13,25.46
1567510260-22,https://www.prokabaddi.com/stats/49-140-avg-points-scored-statistics,"Jaipur Pink Panthers",10,/static-assets/images/teams/small/3.png?v=6.08,12,25.33
1567510260-23,https://www.prokabaddi.com/stats/49-140-avg-points-scored-statistics,"Patna Pirates",11,/static-assets/images/teams/small/6.png?v=6.08,11,25
1567510260-24,https://www.prokabaddi.com/stats/49-140-avg-points-scored-statistics,"U.P. Yoddha",12,/static-assets/images/teams/small/30.png?v=6.08,12,24.33
1567510265-25,https://www.prokabaddi.com/stats/49-134-super-raid-statistics,"Bengal Warriors",1,/static-assets/images/teams/small/4.png?v=6.08,12,7
1567510265-26,https://www.prokabaddi.com/stats/49-134-super-raid-statistics,"Haryana Steelers",1,/static-assets/images/teams/small/28.png?v=6.08,12,7
1567510265-27,https://www.prokabaddi.com/stats/49-134-super-raid-statistics,"Tamil Thalaivas",3,/static-assets/images/teams/small/29.png?v=6.08,13,4
1567510265-28,https://www.prokabaddi.com/stats/49-134-super-raid-statistics,"Bengaluru Bulls",3,/static-assets/images/teams/small/1.png?v=6.08,13,4
1567510265-29,https://www.prokabaddi.com/stats/49-134-super-raid-statistics,"U Mumba",3,/static-assets/images/teams/small/5.png?v=6.08,12,4
1567510256-3,https://www.prokabaddi.com/stats/49-97-raid-points-statistics,"Haryana Steelers",3,/static-assets/images/teams/small/28.png?v=6.08,12,217
1567510265-30,https://www.prokabaddi.com/stats/49-134-super-raid-statistics,"Patna Pirates",3,/static-assets/images/teams/small/6.png?v=6.08,11,4
1567510265-31,https://www.prokabaddi.com/stats/49-134-super-raid-statistics,"Dabang Delhi K.C.",7,/static-assets/images/teams/small/2.png?v=6.08,11,3
1567510265-32,https://www.prokabaddi.com/stats/49-134-super-raid-statistics,"Jaipur Pink Panthers",8,/static-assets/images/teams/small/3.png?v=6.08,12,2
1567510265-33,https://www.prokabaddi.com/stats/49-134-super-raid-statistics,"Puneri Paltan",8,/static-assets/images/teams/small/7.png?v=6.08,12,2
1567510265-34,https://www.prokabaddi.com/stats/49-134-super-raid-statistics,"Telugu Titans",8,/static-assets/images/teams/small/8.png?v=6.08,12,2
1567510265-35,https://www.prokabaddi.com/stats/49-134-super-raid-statistics,"Gujarat Fortunegiants",8,/static-assets/images/teams/small/31.png?v=6.08,12,2
1567510265-36,https://www.prokabaddi.com/stats/49-134-super-raid-statistics,"U.P. Yoddha",12,/static-assets/images/teams/small/30.png?v=6.08,12,1
1567510268-37,https://www.prokabaddi.com/stats/49-15-successful-tackles-statistics,"Puneri Paltan",1,/static-assets/images/teams/small/7.png?v=6.08,12,119
1567510268-38,https://www.prokabaddi.com/stats/49-15-successful-tackles-statistics,"Bengaluru Bulls",2,/static-assets/images/teams/small/1.png?v=6.08,13,118
1567510268-39,https://www.prokabaddi.com/stats/49-15-successful-tackles-statistics,"Tamil Thalaivas",3,/static-assets/images/teams/small/29.png?v=6.08,13,116
1567510256-4,https://www.prokabaddi.com/stats/49-97-raid-points-statistics,"Dabang Delhi K.C.",4,/static-assets/images/teams/small/2.png?v=6.08,11,211
1567510268-40,https://www.prokabaddi.com/stats/49-15-successful-tackles-statistics,"Gujarat Fortunegiants",4,/static-assets/images/teams/small/31.png?v=6.08,12,115
1567510268-41,https://www.prokabaddi.com/stats/49-15-successful-tackles-statistics,"Jaipur Pink Panthers",4,/static-assets/images/teams/small/3.png?v=6.08,12,115
1567510268-42,https://www.prokabaddi.com/stats/49-15-successful-tackles-statistics,"U.P. Yoddha",6,/static-assets/images/teams/small/30.png?v=6.08,12,114
1567510268-43,https://www.prokabaddi.com/stats/49-15-successful-tackles-statistics,"Telugu Titans",7,/static-assets/images/teams/small/8.png?v=6.08,12,113
1567510268-44,https://www.prokabaddi.com/stats/49-15-successful-tackles-statistics,"Haryana Steelers",7,/static-assets/images/teams/small/28.png?v=6.08,12,113
1567510268-45,https://www.prokabaddi.com/stats/49-15-successful-tackles-statistics,"Bengal Warriors",9,/static-assets/images/teams/small/4.png?v=6.08,12,107
1567510268-46,https://www.prokabaddi.com/stats/49-15-successful-tackles-statistics,"U Mumba",10,/static-assets/images/teams/small/5.png?v=6.08,12,103
1567510268-47,https://www.prokabaddi.com/stats/49-15-successful-tackles-statistics,"Dabang Delhi K.C.",11,/static-assets/images/teams/small/2.png?v=6.08,11,100
1567510268-48,https://www.prokabaddi.com/stats/49-15-successful-tackles-statistics,"Patna Pirates",12,/static-assets/images/teams/small/6.png?v=6.08,11,94
1567510272-49,https://www.prokabaddi.com/stats/49-99-avg-tackle-points-statistics,"Puneri Paltan",1,/static-assets/images/teams/small/7.png?v=6.08,12,11.08
1567510256-5,https://www.prokabaddi.com/stats/49-97-raid-points-statistics,"Tamil Thalaivas",5,/static-assets/images/teams/small/29.png?v=6.08,13,208
1567510272-50,https://www.prokabaddi.com/stats/49-99-avg-tackle-points-statistics,"Jaipur Pink Panthers",2,/static-assets/images/teams/small/3.png?v=6.08,12,11
1567510272-51,https://www.prokabaddi.com/stats/49-99-avg-tackle-points-statistics,"Telugu Titans",3,/static-assets/images/teams/small/8.png?v=6.08,12,10.75
1567510272-52,https://www.prokabaddi.com/stats/49-99-avg-tackle-points-statistics,"Bengaluru Bulls",4,/static-assets/images/teams/small/1.png?v=6.08,13,10.54
1567510272-53,https://www.prokabaddi.com/stats/49-99-avg-tackle-points-statistics,"Gujarat Fortunegiants",5,/static-assets/images/teams/small/31.png?v=6.08,12,10.5
1567510272-54,https://www.prokabaddi.com/stats/49-99-avg-tackle-points-statistics,"U.P. Yoddha",6,/static-assets/images/teams/small/30.png?v=6.08,12,10.25
1567510272-55,https://www.prokabaddi.com/stats/49-99-avg-tackle-points-statistics,"Haryana Steelers",7,/static-assets/images/teams/small/28.png?v=6.08,12,10.08
1567510272-56,https://www.prokabaddi.com/stats/49-99-avg-tackle-points-statistics,"Patna Pirates",8,/static-assets/images/teams/small/6.png?v=6.08,11,9.73
1567510272-57,https://www.prokabaddi.com/stats/49-99-avg-tackle-points-statistics,"U Mumba",9,/static-assets/images/teams/small/5.png?v=6.08,12,9.67
1567510272-58,https://www.prokabaddi.com/stats/49-99-avg-tackle-points-statistics,"Bengal Warriors",10,/static-assets/images/teams/small/4.png?v=6.08,12,9.58
1567510272-59,https://www.prokabaddi.com/stats/49-99-avg-tackle-points-statistics,"Dabang Delhi K.C.",11,/static-assets/images/teams/small/2.png?v=6.08,11,9.55
1567510256-6,https://www.prokabaddi.com/stats/49-97-raid-points-statistics,"Puneri Paltan",6,/static-assets/images/teams/small/7.png?v=6.08,12,192
1567510272-60,https://www.prokabaddi.com/stats/49-99-avg-tackle-points-statistics,"Tamil Thalaivas",12,/static-assets/images/teams/small/29.png?v=6.08,13,9.46
1567510256-7,https://www.prokabaddi.com/stats/49-97-raid-points-statistics,"U Mumba",7,/static-assets/images/teams/small/5.png?v=6.08,12,190
1567510256-8,https://www.prokabaddi.com/stats/49-97-raid-points-statistics,"Gujarat Fortunegiants",8,/static-assets/images/teams/small/31.png?v=6.08,12,183
1567510256-9,https://www.prokabaddi.com/stats/49-97-raid-points-statistics,"Telugu Titans",9,/static-assets/images/teams/small/8.png?v=6.08,12,180
1567510275-61,https://www.prokabaddi.com/stats/49-96-total-points-scored-statistics,"Bengaluru Bulls",1,/static-assets/images/teams/small/1.png?v=6.08,13,424
1567510275-70,https://www.prokabaddi.com/stats/49-96-total-points-scored-statistics,"Telugu Titans",10,/static-assets/images/teams/small/8.png?v=6.08,12,337
1567510275-71,https://www.prokabaddi.com/stats/49-96-total-points-scored-statistics,"U.P. Yoddha",11,/static-assets/images/teams/small/30.png?v=6.08,12,324
1567510275-72,https://www.prokabaddi.com/stats/49-96-total-points-scored-statistics,"Patna Pirates",12,/static-assets/images/teams/small/6.png?v=6.08,11,315
1567510278-73,https://www.prokabaddi.com/stats/49-133-total-points-conceded-statistics,"Bengaluru Bulls",1,/static-assets/images/teams/small/1.png?v=6.08,13,410
1567510278-74,https://www.prokabaddi.com/stats/49-133-total-points-conceded-statistics,"U.P. Yoddha",2,/static-assets/images/teams/small/30.png?v=6.08,12,392
1567510278-75,https://www.prokabaddi.com/stats/49-133-total-points-conceded-statistics,"Tamil Thalaivas",3,/static-assets/images/teams/small/29.png?v=6.08,13,387
1567510278-76,https://www.prokabaddi.com/stats/49-133-total-points-conceded-statistics,"Puneri Paltan",4,/static-assets/images/teams/small/7.png?v=6.08,12,383
1567510278-77,https://www.prokabaddi.com/stats/49-133-total-points-conceded-statistics,"Haryana Steelers",5,/static-assets/images/teams/small/28.png?v=6.08,12,378
1567510278-78,https://www.prokabaddi.com/stats/49-133-total-points-conceded-statistics,"Telugu Titans",6,/static-assets/images/teams/small/8.png?v=6.08,12,372
1567510278-79,https://www.prokabaddi.com/stats/49-133-total-points-conceded-statistics,"Patna Pirates",7,/static-assets/images/teams/small/6.png?v=6.08,11,345
1567510275-62,https://www.prokabaddi.com/stats/49-96-total-points-scored-statistics,"Bengal Warriors",2,/static-assets/images/teams/small/4.png?v=6.08,12,409
1567510278-80,https://www.prokabaddi.com/stats/49-133-total-points-conceded-statistics,"Bengal Warriors",7,/static-assets/images/teams/small/4.png?v=6.08,12,345
1567510278-81,https://www.prokabaddi.com/stats/49-133-total-points-conceded-statistics,"U Mumba",9,/static-assets/images/teams/small/5.png?v=6.08,12,344
1567510278-82,https://www.prokabaddi.com/stats/49-133-total-points-conceded-statistics,"Jaipur Pink Panthers",10,/static-assets/images/teams/small/3.png?v=6.08,12,338
1567510278-83,https://www.prokabaddi.com/stats/49-133-total-points-conceded-statistics,"Gujarat Fortunegiants",10,/static-assets/images/teams/small/31.png?v=6.08,12,338
1567510278-84,https://www.prokabaddi.com/stats/49-133-total-points-conceded-statistics,"Dabang Delhi K.C.",12,/static-assets/images/teams/small/2.png?v=6.08,11,315
1567510282-85,https://www.prokabaddi.com/stats/49-95-tackle-points-statistics,"Bengaluru Bulls",1,/static-assets/images/teams/small/1.png?v=6.08,13,137
1567510282-86,https://www.prokabaddi.com/stats/49-95-tackle-points-statistics,"Puneri Paltan",2,/static-assets/images/teams/small/7.png?v=6.08,12,133
1567510282-87,https://www.prokabaddi.com/stats/49-95-tackle-points-statistics,"Jaipur Pink Panthers",3,/static-assets/images/teams/small/3.png?v=6.08,12,132
1567510282-88,https://www.prokabaddi.com/stats/49-95-tackle-points-statistics,"Telugu Titans",4,/static-assets/images/teams/small/8.png?v=6.08,12,129
1567510282-89,https://www.prokabaddi.com/stats/49-95-tackle-points-statistics,"Gujarat Fortunegiants",5,/static-assets/images/teams/small/31.png?v=6.08,12,126
1567510275-63,https://www.prokabaddi.com/stats/49-96-total-points-scored-statistics,"Haryana Steelers",3,/static-assets/images/teams/small/28.png?v=6.08,12,385
1567510282-90,https://www.prokabaddi.com/stats/49-95-tackle-points-statistics,"Tamil Thalaivas",6,/static-assets/images/teams/small/29.png?v=6.08,13,123
1567510282-91,https://www.prokabaddi.com/stats/49-95-tackle-points-statistics,"U.P. Yoddha",6,/static-assets/images/teams/small/30.png?v=6.08,12,123
1567510282-92,https://www.prokabaddi.com/stats/49-95-tackle-points-statistics,"Haryana Steelers",8,/static-assets/images/teams/small/28.png?v=6.08,12,121
1567510282-93,https://www.prokabaddi.com/stats/49-95-tackle-points-statistics,"U Mumba",9,/static-assets/images/teams/small/5.png?v=6.08,12,116
1567510282-94,https://www.prokabaddi.com/stats/49-95-tackle-points-statistics,"Bengal Warriors",10,/static-assets/images/teams/small/4.png?v=6.08,12,115
1567510282-95,https://www.prokabaddi.com/stats/49-95-tackle-points-statistics,"Patna Pirates",11,/static-assets/images/teams/small/6.png?v=6.08,11,107
1567510282-96,https://www.prokabaddi.com/stats/49-95-tackle-points-statistics,"Dabang Delhi K.C.",12,/static-assets/images/teams/small/2.png?v=6.08,11,105
1567510286-97,https://www.prokabaddi.com/stats/49-136-all-outs-inflicted-statistics,"Bengal Warriors",1,/static-assets/images/teams/small/4.png?v=6.08,12,19
1567510286-98,https://www.prokabaddi.com/stats/49-136-all-outs-inflicted-statistics,"Dabang Delhi K.C.",2,/static-assets/images/teams/small/2.png?v=6.08,11,17
1567510286-99,https://www.prokabaddi.com/stats/49-136-all-outs-inflicted-statistics,"U Mumba",3,/static-assets/images/teams/small/5.png?v=6.08,12,16
1567510275-64,https://www.prokabaddi.com/stats/49-96-total-points-scored-statistics,"Dabang Delhi K.C.",4,/static-assets/images/teams/small/2.png?v=6.08,11,375
1567510286-100,https://www.prokabaddi.com/stats/49-136-all-outs-inflicted-statistics,"Haryana Steelers",4,/static-assets/images/teams/small/28.png?v=6.08,12,15
1567510286-101,https://www.prokabaddi.com/stats/49-136-all-outs-inflicted-statistics,"Patna Pirates",5,/static-assets/images/teams/small/6.png?v=6.08,11,13
1567510286-102,https://www.prokabaddi.com/stats/49-136-all-outs-inflicted-statistics,"Bengaluru Bulls",5,/static-assets/images/teams/small/1.png?v=6.08,13,13
1567510286-103,https://www.prokabaddi.com/stats/49-136-all-outs-inflicted-statistics,"Gujarat Fortunegiants",7,/static-assets/images/teams/small/31.png?v=6.08,12,12
1567510286-104,https://www.prokabaddi.com/stats/49-136-all-outs-inflicted-statistics,"Jaipur Pink Panthers",8,/static-assets/images/teams/small/3.png?v=6.08,12,11
1567510286-105,https://www.prokabaddi.com/stats/49-136-all-outs-inflicted-statistics,"Tamil Thalaivas",9,/static-assets/images/teams/small/29.png?v=6.08,13,10
1567510286-106,https://www.prokabaddi.com/stats/49-136-all-outs-inflicted-statistics,"U.P. Yoddha",10,/static-assets/images/teams/small/30.png?v=6.08,12,9
1567510286-107,https://www.prokabaddi.com/stats/49-136-all-outs-inflicted-statistics,"Puneri Paltan",11,/static-assets/images/teams/small/7.png?v=6.08,12,7
1567510286-108,https://www.prokabaddi.com/stats/49-136-all-outs-inflicted-statistics,"Telugu Titans",12,/static-assets/images/teams/small/8.png?v=6.08,12,5
1567510290-109,https://www.prokabaddi.com/stats/49-135-do-or-die-raid-points-statistics,"U Mumba",1,/static-assets/images/teams/small/5.png?v=6.08,12,47
1567510275-65,https://www.prokabaddi.com/stats/49-96-total-points-scored-statistics,"Tamil Thalaivas",5,/static-assets/images/teams/small/29.png?v=6.08,13,373
1567510290-110,https://www.prokabaddi.com/stats/49-135-do-or-die-raid-points-statistics,"Jaipur Pink Panthers",2,/static-assets/images/teams/small/3.png?v=6.08,12,46
1567510290-111,https://www.prokabaddi.com/stats/49-135-do-or-die-raid-points-statistics,"Puneri Paltan",3,/static-assets/images/teams/small/7.png?v=6.08,12,45
1567510290-112,https://www.prokabaddi.com/stats/49-135-do-or-die-raid-points-statistics,"Haryana Steelers",4,/static-assets/images/teams/small/28.png?v=6.08,12,41
1567510290-113,https://www.prokabaddi.com/stats/49-135-do-or-die-raid-points-statistics,"Tamil Thalaivas",5,/static-assets/images/teams/small/29.png?v=6.08,13,39
1567510290-114,https://www.prokabaddi.com/stats/49-135-do-or-die-raid-points-statistics,"U.P. Yoddha",6,/static-assets/images/teams/small/30.png?v=6.08,12,38
1567510290-115,https://www.prokabaddi.com/stats/49-135-do-or-die-raid-points-statistics,"Gujarat Fortunegiants",6,/static-assets/images/teams/small/31.png?v=6.08,12,38
1567510290-116,https://www.prokabaddi.com/stats/49-135-do-or-die-raid-points-statistics,"Patna Pirates",8,/static-assets/images/teams/small/6.png?v=6.08,11,31
1567510290-117,https://www.prokabaddi.com/stats/49-135-do-or-die-raid-points-statistics,"Telugu Titans",9,/static-assets/images/teams/small/8.png?v=6.08,12,30
1567510290-118,https://www.prokabaddi.com/stats/49-135-do-or-die-raid-points-statistics,"Dabang Delhi K.C.",10,/static-assets/images/teams/small/2.png?v=6.08,11,29
1567510290-119,https://www.prokabaddi.com/stats/49-135-do-or-die-raid-points-statistics,"Bengal Warriors",11,/static-assets/images/teams/small/4.png?v=6.08,12,27
1567510275-66,https://www.prokabaddi.com/stats/49-96-total-points-scored-statistics,"U Mumba",6,/static-assets/images/teams/small/5.png?v=6.08,12,359
1567510290-120,https://www.prokabaddi.com/stats/49-135-do-or-die-raid-points-statistics,"Bengaluru Bulls",12,/static-assets/images/teams/small/1.png?v=6.08,13,24
1567510275-67,https://www.prokabaddi.com/stats/49-96-total-points-scored-statistics,"Puneri Paltan",7,/static-assets/images/teams/small/7.png?v=6.08,12,352
1567510275-68,https://www.prokabaddi.com/stats/49-96-total-points-scored-statistics,"Gujarat Fortunegiants",8,/static-assets/images/teams/small/31.png?v=6.08,12,351
1567510275-69,https://www.prokabaddi.com/stats/49-96-total-points-scored-statistics,"Jaipur Pink Panthers",9,/static-assets/images/teams/small/3.png?v=6.08,12,343
1567510293-121,https://www.prokabaddi.com/stats/49-20-super-tackles-statistics,"Bengaluru Bulls",1,/static-assets/images/teams/small/1.png?v=6.08,13,20
1567510293-130,https://www.prokabaddi.com/stats/49-20-super-tackles-statistics,"Tamil Thalaivas",10,/static-assets/images/teams/small/29.png?v=6.08,13,9
1567510293-131,https://www.prokabaddi.com/stats/49-20-super-tackles-statistics,"Haryana Steelers",11,/static-assets/images/teams/small/28.png?v=6.08,12,8
1567510293-132,https://www.prokabaddi.com/stats/49-20-super-tackles-statistics,"Dabang Delhi K.C.",12,/static-assets/images/teams/small/2.png?v=6.08,11,6
1567510297-133,https://www.prokabaddi.com/stats/49-13-successful-raids-statistics,"Bengaluru Bulls",1,/static-assets/images/teams/small/1.png?v=6.08,13,198
1567510297-134,https://www.prokabaddi.com/stats/49-13-successful-raids-statistics,"Bengal Warriors",2,/static-assets/images/teams/small/4.png?v=6.08,12,192
1567510297-135,https://www.prokabaddi.com/stats/49-13-successful-raids-statistics,"Dabang Delhi K.C.",3,/static-assets/images/teams/small/2.png?v=6.08,11,178
1567510297-136,https://www.prokabaddi.com/stats/49-13-successful-raids-statistics,"Haryana Steelers",4,/static-assets/images/teams/small/28.png?v=6.08,12,174
1567510297-137,https://www.prokabaddi.com/stats/49-13-successful-raids-statistics,"Tamil Thalaivas",5,/static-assets/images/teams/small/29.png?v=6.08,13,167
1567510297-138,https://www.prokabaddi.com/stats/49-13-successful-raids-statistics,"Telugu Titans",6,/static-assets/images/teams/small/8.png?v=6.08,12,160
1567510297-139,https://www.prokabaddi.com/stats/49-13-successful-raids-statistics,"Puneri Paltan",7,/static-assets/images/teams/small/7.png?v=6.08,12,159
1567510293-122,https://www.prokabaddi.com/stats/49-20-super-tackles-statistics,"Jaipur Pink Panthers",2,/static-assets/images/teams/small/3.png?v=6.08,12,17
1567510297-140,https://www.prokabaddi.com/stats/49-13-successful-raids-statistics,"Gujarat Fortunegiants",8,/static-assets/images/teams/small/31.png?v=6.08,12,152
1567510297-141,https://www.prokabaddi.com/stats/49-13-successful-raids-statistics,"U Mumba",9,/static-assets/images/teams/small/5.png?v=6.08,12,144
1567510297-142,https://www.prokabaddi.com/stats/49-13-successful-raids-statistics,"Patna Pirates",9,/static-assets/images/teams/small/6.png?v=6.08,11,144
1567510297-143,https://www.prokabaddi.com/stats/49-13-successful-raids-statistics,"Jaipur Pink Panthers",11,/static-assets/images/teams/small/3.png?v=6.08,12,142
1567510297-144,https://www.prokabaddi.com/stats/49-13-successful-raids-statistics,"U.P. Yoddha",12,/static-assets/images/teams/small/30.png?v=6.08,12,134
1567510301-145,https://www.prokabaddi.com/stats/49-98-avg-raid-points-statistics,"Bengal Warriors",1,/static-assets/images/teams/small/4.png?v=6.08,12,19.42
1567510301-146,https://www.prokabaddi.com/stats/49-98-avg-raid-points-statistics,"Dabang Delhi K.C.",2,/static-assets/images/teams/small/2.png?v=6.08,11,19.18
1567510301-147,https://www.prokabaddi.com/stats/49-98-avg-raid-points-statistics,"Bengaluru Bulls",3,/static-assets/images/teams/small/1.png?v=6.08,13,18.62
1567510301-148,https://www.prokabaddi.com/stats/49-98-avg-raid-points-statistics,"Haryana Steelers",4,/static-assets/images/teams/small/28.png?v=6.08,12,18.08
1567510301-149,https://www.prokabaddi.com/stats/49-98-avg-raid-points-statistics,"Tamil Thalaivas",5,/static-assets/images/teams/small/29.png?v=6.08,13,16
1567510293-123,https://www.prokabaddi.com/stats/49-20-super-tackles-statistics,"Telugu Titans",2,/static-assets/images/teams/small/8.png?v=6.08,12,17
1567510301-150,https://www.prokabaddi.com/stats/49-98-avg-raid-points-statistics,"Puneri Paltan",5,/static-assets/images/teams/small/7.png?v=6.08,12,16
1567510301-151,https://www.prokabaddi.com/stats/49-98-avg-raid-points-statistics,"U Mumba",7,/static-assets/images/teams/small/5.png?v=6.08,12,15.83
1567510301-152,https://www.prokabaddi.com/stats/49-98-avg-raid-points-statistics,"Patna Pirates",8,/static-assets/images/teams/small/6.png?v=6.08,11,15.27
1567510301-153,https://www.prokabaddi.com/stats/49-98-avg-raid-points-statistics,"Gujarat Fortunegiants",9,/static-assets/images/teams/small/31.png?v=6.08,12,15.25
1567510301-154,https://www.prokabaddi.com/stats/49-98-avg-raid-points-statistics,"Telugu Titans",10,/static-assets/images/teams/small/8.png?v=6.08,12,15
1567510301-155,https://www.prokabaddi.com/stats/49-98-avg-raid-points-statistics,"Jaipur Pink Panthers",11,/static-assets/images/teams/small/3.png?v=6.08,12,14.33
1567510301-156,https://www.prokabaddi.com/stats/49-98-avg-raid-points-statistics,"U.P. Yoddha",12,/static-assets/images/teams/small/30.png?v=6.08,12,14.08
1567510293-124,https://www.prokabaddi.com/stats/49-20-super-tackles-statistics,"U Mumba",4,/static-assets/images/teams/small/5.png?v=6.08,12,15
1567510293-125,https://www.prokabaddi.com/stats/49-20-super-tackles-statistics,"Puneri Paltan",5,/static-assets/images/teams/small/7.png?v=6.08,12,14
1567510293-126,https://www.prokabaddi.com/stats/49-20-super-tackles-statistics,"Patna Pirates",6,/static-assets/images/teams/small/6.png?v=6.08,11,13
1567510293-127,https://www.prokabaddi.com/stats/49-20-super-tackles-statistics,"Gujarat Fortunegiants",7,/static-assets/images/teams/small/31.png?v=6.08,12,11
1567510293-128,https://www.prokabaddi.com/stats/49-20-super-tackles-statistics,"U.P. Yoddha",8,/static-assets/images/teams/small/30.png?v=6.08,12,10
1567510293-129,https://www.prokabaddi.com/stats/49-20-super-tackles-statistics,"Bengal Warriors",8,/static-assets/images/teams/small/4.png?v=6.08,12,10
