﻿web-scraper-order,web-scraper-start-url,rank,name,matches,points,profile,team
1565523052-1,https://www.prokabaddi.com/stats/49-101-high-5s-statistics,1,"Baldev Singh",5,3,"Defender, right corner",/static-assets/images/teams/small/4.png?v=6.08
1565523052-10,https://www.prokabaddi.com/stats/49-101-high-5s-statistics,7,"Vishal Bhardwaj",6,1,Defender,/static-assets/images/teams/small/8.png?v=6.08
1565523052-11,https://www.prokabaddi.com/stats/49-101-high-5s-statistics,7,"Neeraj Kumar",7,1,"Defender, right cover",/static-assets/images/teams/small/6.png?v=6.08
1565523052-12,https://www.prokabaddi.com/stats/49-101-high-5s-statistics,7,"Surinder Singh",7,1,Defender,/static-assets/images/teams/small/5.png?v=6.08
1565523052-13,https://www.prokabaddi.com/stats/49-101-high-5s-statistics,7,"Mahender Singh",5,1,"Defender, left cover",/static-assets/images/teams/small/1.png?v=6.08
1565523052-14,https://www.prokabaddi.com/stats/49-101-high-5s-statistics,7,"Amit Sheoran",5,1,Defender,/static-assets/images/teams/small/1.png?v=6.08
1565523052-15,https://www.prokabaddi.com/stats/49-101-high-5s-statistics,7,"Rinku Narwal",5,1,Defender,/static-assets/images/teams/small/4.png?v=6.08
1565523052-16,https://www.prokabaddi.com/stats/49-101-high-5s-statistics,7,Sumit,6,1,"Defender, left corner",/static-assets/images/teams/small/30.png?v=6.08
1565523052-17,https://www.prokabaddi.com/stats/49-101-high-5s-statistics,7,Sunil,3,1,"Defender, right corner",/static-assets/images/teams/small/28.png?v=6.08
1565523052-18,https://www.prokabaddi.com/stats/49-101-high-5s-statistics,7,"Saurabh Nandal",4,1,"Defender, left corner",/static-assets/images/teams/small/1.png?v=6.08
1565523055-19,https://www.prokabaddi.com/stats/49-21-successful-raids-statistics,1,"Naveen Kumar",6,56,Raider,/static-assets/images/teams/small/2.png?v=6.08
1565523052-2,https://www.prokabaddi.com/stats/49-101-high-5s-statistics,1,"Sandeep Kumar Dhull",5,3,"Defender, left corner",/static-assets/images/teams/small/3.png?v=6.08
1565523055-20,https://www.prokabaddi.com/stats/49-21-successful-raids-statistics,2,"Pawan Kumar Sehrawat",5,54,Raider,/static-assets/images/teams/small/1.png?v=6.08
1565523055-21,https://www.prokabaddi.com/stats/49-21-successful-raids-statistics,3,"Pardeep Narwal",7,53,Raider,/static-assets/images/teams/small/6.png?v=6.08
1565523055-22,https://www.prokabaddi.com/stats/49-21-successful-raids-statistics,4,"Maninder Singh",5,36,Raider,/static-assets/images/teams/small/4.png?v=6.08
1565523055-23,https://www.prokabaddi.com/stats/49-21-successful-raids-statistics,5,"Rahul Chaudhari",6,35,Raider,/static-assets/images/teams/small/29.png?v=6.08
1565523055-24,https://www.prokabaddi.com/stats/49-21-successful-raids-statistics,6,"Siddharth Sirish Desai",6,34,Raider,/static-assets/images/teams/small/8.png?v=6.08
1565523055-25,https://www.prokabaddi.com/stats/49-21-successful-raids-statistics,7,"Deepak Niwas Hooda",5,32,"All Rounder",/static-assets/images/teams/small/3.png?v=6.08
1565523055-26,https://www.prokabaddi.com/stats/49-21-successful-raids-statistics,8,"Abhishek Singh",6,30,Raider,/static-assets/images/teams/small/5.png?v=6.08
1565523055-27,https://www.prokabaddi.com/stats/49-21-successful-raids-statistics,9,"Chandran Ranjit",6,29,Raider,/static-assets/images/teams/small/2.png?v=6.08
1565523055-28,https://www.prokabaddi.com/stats/49-21-successful-raids-statistics,10,Naveen,5,27,Raider,/static-assets/images/teams/small/28.png?v=6.08
1565523055-29,https://www.prokabaddi.com/stats/49-21-successful-raids-statistics,10,"Rohit Gulia",6,27,"All Rounder",/static-assets/images/teams/small/31.png?v=6.08
1565523052-3,https://www.prokabaddi.com/stats/49-101-high-5s-statistics,3,"Manjeet Chhillar",6,2,"All Rounder",/static-assets/images/teams/small/29.png?v=6.08
1565523055-30,https://www.prokabaddi.com/stats/49-21-successful-raids-statistics,12,"Sachin Tanwar",6,24,Raider,/static-assets/images/teams/small/31.png?v=6.08
1565523055-31,https://www.prokabaddi.com/stats/49-21-successful-raids-statistics,13,"K. Prapanjan",5,22,Raider,/static-assets/images/teams/small/4.png?v=6.08
1565523055-32,https://www.prokabaddi.com/stats/49-21-successful-raids-statistics,14,"Monu Goyat",6,21,Raider,/static-assets/images/teams/small/30.png?v=6.08
1565523055-33,https://www.prokabaddi.com/stats/49-21-successful-raids-statistics,15,"Ajay Thakur",6,20,Raider,/static-assets/images/teams/small/29.png?v=6.08
1565523055-34,https://www.prokabaddi.com/stats/49-21-successful-raids-statistics,15,"Deepak Narwal",5,20,Raider,/static-assets/images/teams/small/3.png?v=6.08
1565523055-35,https://www.prokabaddi.com/stats/49-21-successful-raids-statistics,15,"Mohammad Esmaeil Nabibakhsh",5,20,"All Rounder",/static-assets/images/teams/small/4.png?v=6.08
1565523055-36,https://www.prokabaddi.com/stats/49-21-successful-raids-statistics,18,"Arjun Deshwal",6,18,Raider,/static-assets/images/teams/small/5.png?v=6.08
1565523055-37,https://www.prokabaddi.com/stats/49-21-successful-raids-statistics,18,"Pawan Kumar Kadian",5,18,Raider,/static-assets/images/teams/small/7.png?v=6.08
1565523055-38,https://www.prokabaddi.com/stats/49-21-successful-raids-statistics,20,"Pankaj Mohite",4,17,Raider,/static-assets/images/teams/small/7.png?v=6.08
1565523059-39,https://www.prokabaddi.com/stats/49-138-avg-raid-points-statistics,1,"Pawan Kumar Sehrawat",5,14,Raider,/static-assets/images/teams/small/1.png?v=6.08
1565523052-4,https://www.prokabaddi.com/stats/49-101-high-5s-statistics,3,"Sunil Kumar",6,2,Defender,/static-assets/images/teams/small/31.png?v=6.08
1565523059-40,https://www.prokabaddi.com/stats/49-138-avg-raid-points-statistics,2,"Naveen Kumar",6,10.67,Raider,/static-assets/images/teams/small/2.png?v=6.08
1565523059-41,https://www.prokabaddi.com/stats/49-138-avg-raid-points-statistics,3,"Maninder Singh",5,9,Raider,/static-assets/images/teams/small/4.png?v=6.08
1565523059-42,https://www.prokabaddi.com/stats/49-138-avg-raid-points-statistics,4,"Vikash Kandola",2,8.5,Raider,/static-assets/images/teams/small/28.png?v=6.08
1565523059-43,https://www.prokabaddi.com/stats/49-138-avg-raid-points-statistics,5,"Pardeep Narwal",7,8.43,Raider,/static-assets/images/teams/small/6.png?v=6.08
1565523059-44,https://www.prokabaddi.com/stats/49-138-avg-raid-points-statistics,6,"Deepak Niwas Hooda",5,8.2,"All Rounder",/static-assets/images/teams/small/3.png?v=6.08
1565523059-45,https://www.prokabaddi.com/stats/49-138-avg-raid-points-statistics,7,"Nitin Tomar",1,8,Raider,/static-assets/images/teams/small/7.png?v=6.08
1565523059-46,https://www.prokabaddi.com/stats/49-138-avg-raid-points-statistics,8,"Suraj Desai",4,7.33,Raider,/static-assets/images/teams/small/8.png?v=6.08
1565523059-47,https://www.prokabaddi.com/stats/49-138-avg-raid-points-statistics,9,"Rahul Chaudhari",6,7,Raider,/static-assets/images/teams/small/29.png?v=6.08
1565523059-48,https://www.prokabaddi.com/stats/49-138-avg-raid-points-statistics,10,"Siddharth Sirish Desai",6,6.5,Raider,/static-assets/images/teams/small/8.png?v=6.08
1565523059-49,https://www.prokabaddi.com/stats/49-138-avg-raid-points-statistics,11,Naveen,5,6.2,Raider,/static-assets/images/teams/small/28.png?v=6.08
1565523052-5,https://www.prokabaddi.com/stats/49-101-high-5s-statistics,3,Jaideep,7,2,"Defender, left corner",/static-assets/images/teams/small/6.png?v=6.08
1565523059-50,https://www.prokabaddi.com/stats/49-138-avg-raid-points-statistics,12,"Rohit Gulia",6,6.17,"All Rounder",/static-assets/images/teams/small/31.png?v=6.08
1565523059-51,https://www.prokabaddi.com/stats/49-138-avg-raid-points-statistics,12,"Chandran Ranjit",6,6.17,Raider,/static-assets/images/teams/small/2.png?v=6.08
1565523059-52,https://www.prokabaddi.com/stats/49-138-avg-raid-points-statistics,14,"K. Prapanjan",5,6,Raider,/static-assets/images/teams/small/4.png?v=6.08
1565523059-53,https://www.prokabaddi.com/stats/49-138-avg-raid-points-statistics,15,"Abhishek Singh",6,5.83,Raider,/static-assets/images/teams/small/5.png?v=6.08
1565523059-54,https://www.prokabaddi.com/stats/49-138-avg-raid-points-statistics,16,"Pankaj Mohite",4,5.75,Raider,/static-assets/images/teams/small/7.png?v=6.08
1565523059-55,https://www.prokabaddi.com/stats/49-138-avg-raid-points-statistics,17,"Mohammad Esmaeil Nabibakhsh",5,5.4,"All Rounder",/static-assets/images/teams/small/4.png?v=6.08
1565523059-56,https://www.prokabaddi.com/stats/49-138-avg-raid-points-statistics,18,"Sachin Tanwar",6,5,Raider,/static-assets/images/teams/small/31.png?v=6.08
1565523059-57,https://www.prokabaddi.com/stats/49-138-avg-raid-points-statistics,18,"Nitin Rawal",1,5,"All Rounder",/static-assets/images/teams/small/3.png?v=6.08
1565523059-58,https://www.prokabaddi.com/stats/49-138-avg-raid-points-statistics,20,"Ajay Thakur",6,4.83,Raider,/static-assets/images/teams/small/29.png?v=6.08
1565523052-6,https://www.prokabaddi.com/stats/49-101-high-5s-statistics,3,"Amit Hooda",5,2,"Defender, right corner",/static-assets/images/teams/small/3.png?v=6.08
1565523052-7,https://www.prokabaddi.com/stats/49-101-high-5s-statistics,7,"Mohit Chhillar",6,1,"Defender, right corner",/static-assets/images/teams/small/29.png?v=6.08
1565523052-8,https://www.prokabaddi.com/stats/49-101-high-5s-statistics,7,"Girish Maruti Ernak",6,1,"Defender, left corner",/static-assets/images/teams/small/7.png?v=6.08
1565523052-9,https://www.prokabaddi.com/stats/49-101-high-5s-statistics,7,"Parvesh Bhainswal",6,1,"Defender, left cover",/static-assets/images/teams/small/31.png?v=6.08
1565523063-59,https://www.prokabaddi.com/stats/49-100-super-10s-statistics,1,"Naveen Kumar",6,5,Raider,/static-assets/images/teams/small/2.png?v=6.08
1565523063-68,https://www.prokabaddi.com/stats/49-100-super-10s-statistics,7,"Mohammad Esmaeil Nabibakhsh",5,1,"All Rounder",/static-assets/images/teams/small/4.png?v=6.08
1565523063-69,https://www.prokabaddi.com/stats/49-100-super-10s-statistics,7,"Rohit Gulia",6,1,"All Rounder",/static-assets/images/teams/small/31.png?v=6.08
1565523063-70,https://www.prokabaddi.com/stats/49-100-super-10s-statistics,7,"Arjun Deshwal",6,1,Raider,/static-assets/images/teams/small/5.png?v=6.08
1565523063-71,https://www.prokabaddi.com/stats/49-100-super-10s-statistics,7,"Siddharth Sirish Desai",6,1,Raider,/static-assets/images/teams/small/8.png?v=6.08
1565523063-72,https://www.prokabaddi.com/stats/49-100-super-10s-statistics,7,"Abhishek Singh",6,1,Raider,/static-assets/images/teams/small/5.png?v=6.08
1565523063-73,https://www.prokabaddi.com/stats/49-100-super-10s-statistics,7,"K. Prapanjan",5,1,Raider,/static-assets/images/teams/small/4.png?v=6.08
1565523063-74,https://www.prokabaddi.com/stats/49-100-super-10s-statistics,7,Naveen,5,1,Raider,/static-assets/images/teams/small/28.png?v=6.08
1565523063-75,https://www.prokabaddi.com/stats/49-100-super-10s-statistics,7,"Chandran Ranjit",6,1,Raider,/static-assets/images/teams/small/2.png?v=6.08
1565523065-76,https://www.prokabaddi.com/stats/49-139-avg-tackle-points-statistics,1,"Sandeep Kumar Dhull",5,4.6,"Defender, left corner",/static-assets/images/teams/small/3.png?v=6.08
1565523065-77,https://www.prokabaddi.com/stats/49-139-avg-tackle-points-statistics,2,"Manjeet Chhillar",6,4.33,"All Rounder",/static-assets/images/teams/small/29.png?v=6.08
1565523063-60,https://www.prokabaddi.com/stats/49-100-super-10s-statistics,2,"Pardeep Narwal",7,3,Raider,/static-assets/images/teams/small/6.png?v=6.08
1565523065-78,https://www.prokabaddi.com/stats/49-139-avg-tackle-points-statistics,3,"Baldev Singh",5,4.2,"Defender, right corner",/static-assets/images/teams/small/4.png?v=6.08
1565523065-79,https://www.prokabaddi.com/stats/49-139-avg-tackle-points-statistics,4,Sunil,3,4,"Defender, right corner",/static-assets/images/teams/small/28.png?v=6.08
1565523065-80,https://www.prokabaddi.com/stats/49-139-avg-tackle-points-statistics,5,"Mahender Singh",5,3.8,"Defender, left cover",/static-assets/images/teams/small/1.png?v=6.08
1565523065-81,https://www.prokabaddi.com/stats/49-139-avg-tackle-points-statistics,6,"Surinder Singh",7,3.43,Defender,/static-assets/images/teams/small/5.png?v=6.08
1565523065-82,https://www.prokabaddi.com/stats/49-139-avg-tackle-points-statistics,6,Jaideep,7,3.43,"Defender, left corner",/static-assets/images/teams/small/6.png?v=6.08
1565523065-83,https://www.prokabaddi.com/stats/49-139-avg-tackle-points-statistics,8,"Amit Hooda",5,3.2,"Defender, right corner",/static-assets/images/teams/small/3.png?v=6.08
1565523065-84,https://www.prokabaddi.com/stats/49-139-avg-tackle-points-statistics,9,"Girish Maruti Ernak",6,3,"Defender, left corner",/static-assets/images/teams/small/7.png?v=6.08
1565523065-85,https://www.prokabaddi.com/stats/49-139-avg-tackle-points-statistics,10,"Mohit Chhillar",6,2.83,"Defender, right corner",/static-assets/images/teams/small/29.png?v=6.08
1565523065-86,https://www.prokabaddi.com/stats/49-139-avg-tackle-points-statistics,10,"Vishal Bhardwaj",6,2.83,Defender,/static-assets/images/teams/small/8.png?v=6.08
1565523065-87,https://www.prokabaddi.com/stats/49-139-avg-tackle-points-statistics,10,"Sunil Kumar",6,2.83,Defender,/static-assets/images/teams/small/31.png?v=6.08
1565523063-61,https://www.prokabaddi.com/stats/49-100-super-10s-statistics,2,"Deepak Niwas Hooda",5,3,"All Rounder",/static-assets/images/teams/small/3.png?v=6.08
1565523065-88,https://www.prokabaddi.com/stats/49-139-avg-tackle-points-statistics,10,Sumit,6,2.83,"Defender, left corner",/static-assets/images/teams/small/30.png?v=6.08
1565523065-89,https://www.prokabaddi.com/stats/49-139-avg-tackle-points-statistics,14,"Neeraj Kumar",7,2.71,"Defender, right cover",/static-assets/images/teams/small/6.png?v=6.08
1565523065-90,https://www.prokabaddi.com/stats/49-139-avg-tackle-points-statistics,15,"Viraj Vishnu Landge",2,2.5,"Defender, left cover",/static-assets/images/teams/small/4.png?v=6.08
1565523065-91,https://www.prokabaddi.com/stats/49-139-avg-tackle-points-statistics,15,"Joginder Singh Narwal",6,2.5,"Defender, left corner",/static-assets/images/teams/small/2.png?v=6.08
1565523065-92,https://www.prokabaddi.com/stats/49-139-avg-tackle-points-statistics,17,"Fazel Atrachali",7,2.43,"Defender, left corner",/static-assets/images/teams/small/5.png?v=6.08
1565523065-93,https://www.prokabaddi.com/stats/49-139-avg-tackle-points-statistics,18,"Rinku Narwal",5,2.4,Defender,/static-assets/images/teams/small/4.png?v=6.08
1565523065-94,https://www.prokabaddi.com/stats/49-139-avg-tackle-points-statistics,19,"Parvesh Bhainswal",6,2.33,"Defender, left cover",/static-assets/images/teams/small/31.png?v=6.08
1565523065-95,https://www.prokabaddi.com/stats/49-139-avg-tackle-points-statistics,20,"Dharmaraj Cheralathan",5,2.2,"Defender, right and left corner",/static-assets/images/teams/small/28.png?v=6.08
1565523069-96,https://www.prokabaddi.com/stats/49-22-raid-points-statistics,1,"Pawan Kumar Sehrawat",5,70,Raider,/static-assets/images/teams/small/1.png?v=6.08
1565523069-97,https://www.prokabaddi.com/stats/49-22-raid-points-statistics,2,"Naveen Kumar",6,64,Raider,/static-assets/images/teams/small/2.png?v=6.08
1565523063-62,https://www.prokabaddi.com/stats/49-100-super-10s-statistics,2,"Pawan Kumar Sehrawat",5,3,Raider,/static-assets/images/teams/small/1.png?v=6.08
1565523069-98,https://www.prokabaddi.com/stats/49-22-raid-points-statistics,3,"Pardeep Narwal",7,59,Raider,/static-assets/images/teams/small/6.png?v=6.08
1565523069-99,https://www.prokabaddi.com/stats/49-22-raid-points-statistics,4,"Maninder Singh",5,45,Raider,/static-assets/images/teams/small/4.png?v=6.08
1565523069-100,https://www.prokabaddi.com/stats/49-22-raid-points-statistics,5,"Rahul Chaudhari",6,42,Raider,/static-assets/images/teams/small/29.png?v=6.08
1565523069-101,https://www.prokabaddi.com/stats/49-22-raid-points-statistics,6,"Deepak Niwas Hooda",5,41,"All Rounder",/static-assets/images/teams/small/3.png?v=6.08
1565523069-102,https://www.prokabaddi.com/stats/49-22-raid-points-statistics,7,"Siddharth Sirish Desai",6,39,Raider,/static-assets/images/teams/small/8.png?v=6.08
1565523069-103,https://www.prokabaddi.com/stats/49-22-raid-points-statistics,8,"Rohit Gulia",6,37,"All Rounder",/static-assets/images/teams/small/31.png?v=6.08
1565523069-104,https://www.prokabaddi.com/stats/49-22-raid-points-statistics,8,"Chandran Ranjit",6,37,Raider,/static-assets/images/teams/small/2.png?v=6.08
1565523069-105,https://www.prokabaddi.com/stats/49-22-raid-points-statistics,10,"Abhishek Singh",6,35,Raider,/static-assets/images/teams/small/5.png?v=6.08
1565523069-106,https://www.prokabaddi.com/stats/49-22-raid-points-statistics,11,Naveen,5,31,Raider,/static-assets/images/teams/small/28.png?v=6.08
1565523069-107,https://www.prokabaddi.com/stats/49-22-raid-points-statistics,12,"K. Prapanjan",5,30,Raider,/static-assets/images/teams/small/4.png?v=6.08
1565523063-63,https://www.prokabaddi.com/stats/49-100-super-10s-statistics,5,"Rahul Chaudhari",6,2,Raider,/static-assets/images/teams/small/29.png?v=6.08
1565523069-108,https://www.prokabaddi.com/stats/49-22-raid-points-statistics,12,"Sachin Tanwar",6,30,Raider,/static-assets/images/teams/small/31.png?v=6.08
1565523069-109,https://www.prokabaddi.com/stats/49-22-raid-points-statistics,14,"Ajay Thakur",6,29,Raider,/static-assets/images/teams/small/29.png?v=6.08
1565523069-110,https://www.prokabaddi.com/stats/49-22-raid-points-statistics,15,"Mohammad Esmaeil Nabibakhsh",5,27,"All Rounder",/static-assets/images/teams/small/4.png?v=6.08
1565523069-111,https://www.prokabaddi.com/stats/49-22-raid-points-statistics,16,"Deepak Narwal",5,24,Raider,/static-assets/images/teams/small/3.png?v=6.08
1565523069-112,https://www.prokabaddi.com/stats/49-22-raid-points-statistics,17,"Pankaj Mohite",4,23,Raider,/static-assets/images/teams/small/7.png?v=6.08
1565523069-113,https://www.prokabaddi.com/stats/49-22-raid-points-statistics,17,"Pawan Kumar Kadian",5,23,Raider,/static-assets/images/teams/small/7.png?v=6.08
1565523069-114,https://www.prokabaddi.com/stats/49-22-raid-points-statistics,19,"Suraj Desai",4,22,Raider,/static-assets/images/teams/small/8.png?v=6.08
1565523069-115,https://www.prokabaddi.com/stats/49-22-raid-points-statistics,19,"Arjun Deshwal",6,22,Raider,/static-assets/images/teams/small/5.png?v=6.08
1565523063-64,https://www.prokabaddi.com/stats/49-100-super-10s-statistics,5,"Maninder Singh",5,2,Raider,/static-assets/images/teams/small/4.png?v=6.08
1565523063-65,https://www.prokabaddi.com/stats/49-100-super-10s-statistics,7,"Pawan Kumar Kadian",5,1,Raider,/static-assets/images/teams/small/7.png?v=6.08
1565523063-66,https://www.prokabaddi.com/stats/49-100-super-10s-statistics,7,"Suraj Desai",4,1,Raider,/static-assets/images/teams/small/8.png?v=6.08
1565523063-67,https://www.prokabaddi.com/stats/49-100-super-10s-statistics,7,"Vikash Kandola",2,1,Raider,/static-assets/images/teams/small/28.png?v=6.08
1565523072-116,https://www.prokabaddi.com/stats/49-132-do-or-die-raid-points-statistics,1,"Abhishek Singh",6,14,Raider,/static-assets/images/teams/small/5.png?v=6.08
1565523072-125,https://www.prokabaddi.com/stats/49-132-do-or-die-raid-points-statistics,8,"Rohit Gulia",6,7,"All Rounder",/static-assets/images/teams/small/31.png?v=6.08
1565523072-126,https://www.prokabaddi.com/stats/49-132-do-or-die-raid-points-statistics,8,Naveen,5,7,Raider,/static-assets/images/teams/small/28.png?v=6.08
1565523072-127,https://www.prokabaddi.com/stats/49-132-do-or-die-raid-points-statistics,12,"Amit Kumar",6,6,Raider,/static-assets/images/teams/small/7.png?v=6.08
1565523072-128,https://www.prokabaddi.com/stats/49-132-do-or-die-raid-points-statistics,12,"Jang Kun Lee",7,6,Raider,/static-assets/images/teams/small/6.png?v=6.08
1565523072-129,https://www.prokabaddi.com/stats/49-132-do-or-die-raid-points-statistics,14,"Ajay Thakur",6,5,Raider,/static-assets/images/teams/small/29.png?v=6.08
1565523072-130,https://www.prokabaddi.com/stats/49-132-do-or-die-raid-points-statistics,14,"Pawan Kumar Kadian",5,5,Raider,/static-assets/images/teams/small/7.png?v=6.08
1565523072-131,https://www.prokabaddi.com/stats/49-132-do-or-die-raid-points-statistics,14,"Rohit Baliyan",7,5,Raider,/static-assets/images/teams/small/5.png?v=6.08
1565523072-132,https://www.prokabaddi.com/stats/49-132-do-or-die-raid-points-statistics,14,"Deepak Niwas Hooda",5,5,"All Rounder",/static-assets/images/teams/small/3.png?v=6.08
1565523072-133,https://www.prokabaddi.com/stats/49-132-do-or-die-raid-points-statistics,14,Vinay,5,5,Raider,/static-assets/images/teams/small/28.png?v=6.08
1565523072-134,https://www.prokabaddi.com/stats/49-132-do-or-die-raid-points-statistics,19,Rajnish,3,4,Raider,/static-assets/images/teams/small/8.png?v=6.08
1565523072-117,https://www.prokabaddi.com/stats/49-132-do-or-die-raid-points-statistics,2,"Pardeep Narwal",7,13,Raider,/static-assets/images/teams/small/6.png?v=6.08
1565523072-135,https://www.prokabaddi.com/stats/49-132-do-or-die-raid-points-statistics,19,"Dong Geon Lee",4,4,Raider,/static-assets/images/teams/small/5.png?v=6.08
1565523075-136,https://www.prokabaddi.com/stats/49-104-super-raids-statistics,1,"Pawan Kumar Sehrawat",5,3,Raider,/static-assets/images/teams/small/1.png?v=6.08
1565523075-137,https://www.prokabaddi.com/stats/49-104-super-raids-statistics,2,"Mohammad Esmaeil Nabibakhsh",5,2,"All Rounder",/static-assets/images/teams/small/4.png?v=6.08
1565523075-138,https://www.prokabaddi.com/stats/49-104-super-raids-statistics,2,"Sonu Jaglan",6,2,Raider,/static-assets/images/teams/small/31.png?v=6.08
1565523075-139,https://www.prokabaddi.com/stats/49-104-super-raids-statistics,2,"Ajay Thakur",6,2,Raider,/static-assets/images/teams/small/29.png?v=6.08
1565523075-140,https://www.prokabaddi.com/stats/49-104-super-raids-statistics,2,"Maninder Singh",5,2,Raider,/static-assets/images/teams/small/4.png?v=6.08
1565523075-141,https://www.prokabaddi.com/stats/49-104-super-raids-statistics,2,"Pardeep Narwal",7,2,Raider,/static-assets/images/teams/small/6.png?v=6.08
1565523075-142,https://www.prokabaddi.com/stats/49-104-super-raids-statistics,7,"K. Prapanjan",5,1,Raider,/static-assets/images/teams/small/4.png?v=6.08
1565523075-143,https://www.prokabaddi.com/stats/49-104-super-raids-statistics,7,"Rohit Baliyan",7,1,Raider,/static-assets/images/teams/small/5.png?v=6.08
1565523075-144,https://www.prokabaddi.com/stats/49-104-super-raids-statistics,7,"Selvamani K",4,1,Raider,/static-assets/images/teams/small/28.png?v=6.08
1565523072-118,https://www.prokabaddi.com/stats/49-132-do-or-die-raid-points-statistics,3,"Rahul Chaudhari",6,12,Raider,/static-assets/images/teams/small/29.png?v=6.08
1565523075-145,https://www.prokabaddi.com/stats/49-104-super-raids-statistics,7,"Chandran Ranjit",6,1,Raider,/static-assets/images/teams/small/2.png?v=6.08
1565523075-146,https://www.prokabaddi.com/stats/49-104-super-raids-statistics,7,"Deepak Niwas Hooda",5,1,"All Rounder",/static-assets/images/teams/small/3.png?v=6.08
1565523075-147,https://www.prokabaddi.com/stats/49-104-super-raids-statistics,7,"Suraj Desai",4,1,Raider,/static-assets/images/teams/small/8.png?v=6.08
1565523075-148,https://www.prokabaddi.com/stats/49-104-super-raids-statistics,7,Vinay,5,1,Raider,/static-assets/images/teams/small/28.png?v=6.08
1565523075-149,https://www.prokabaddi.com/stats/49-104-super-raids-statistics,7,"Pankaj Mohite",4,1,Raider,/static-assets/images/teams/small/7.png?v=6.08
1565523075-150,https://www.prokabaddi.com/stats/49-104-super-raids-statistics,7,"Surinder Singh",7,1,Defender,/static-assets/images/teams/small/5.png?v=6.08
1565523075-151,https://www.prokabaddi.com/stats/49-104-super-raids-statistics,7,"Naveen Kumar",6,1,Raider,/static-assets/images/teams/small/2.png?v=6.08
1565523075-152,https://www.prokabaddi.com/stats/49-104-super-raids-statistics,7,Armaan,2,1,"All Rounder",/static-assets/images/teams/small/8.png?v=6.08
1565523079-153,https://www.prokabaddi.com/stats/49-103-tackle-points-statistics,1,"Manjeet Chhillar",6,26,"All Rounder",/static-assets/images/teams/small/29.png?v=6.08
1565523079-154,https://www.prokabaddi.com/stats/49-103-tackle-points-statistics,2,Jaideep,7,24,"Defender, left corner",/static-assets/images/teams/small/6.png?v=6.08
1565523072-119,https://www.prokabaddi.com/stats/49-132-do-or-die-raid-points-statistics,4,"Sachin Tanwar",6,10,Raider,/static-assets/images/teams/small/31.png?v=6.08
1565523079-155,https://www.prokabaddi.com/stats/49-103-tackle-points-statistics,2,"Surinder Singh",7,24,Defender,/static-assets/images/teams/small/5.png?v=6.08
1565523079-156,https://www.prokabaddi.com/stats/49-103-tackle-points-statistics,4,"Sandeep Kumar Dhull",5,23,"Defender, left corner",/static-assets/images/teams/small/3.png?v=6.08
1565523079-157,https://www.prokabaddi.com/stats/49-103-tackle-points-statistics,5,"Baldev Singh",5,21,"Defender, right corner",/static-assets/images/teams/small/4.png?v=6.08
1565523079-158,https://www.prokabaddi.com/stats/49-103-tackle-points-statistics,6,"Neeraj Kumar",7,19,"Defender, right cover",/static-assets/images/teams/small/6.png?v=6.08
1565523079-159,https://www.prokabaddi.com/stats/49-103-tackle-points-statistics,6,"Mahender Singh",5,19,"Defender, left cover",/static-assets/images/teams/small/1.png?v=6.08
1565523079-160,https://www.prokabaddi.com/stats/49-103-tackle-points-statistics,8,"Girish Maruti Ernak",6,18,"Defender, left corner",/static-assets/images/teams/small/7.png?v=6.08
1565523079-161,https://www.prokabaddi.com/stats/49-103-tackle-points-statistics,9,"Mohit Chhillar",6,17,"Defender, right corner",/static-assets/images/teams/small/29.png?v=6.08
1565523079-162,https://www.prokabaddi.com/stats/49-103-tackle-points-statistics,9,"Fazel Atrachali",7,17,"Defender, left corner",/static-assets/images/teams/small/5.png?v=6.08
1565523079-163,https://www.prokabaddi.com/stats/49-103-tackle-points-statistics,9,"Vishal Bhardwaj",6,17,Defender,/static-assets/images/teams/small/8.png?v=6.08
1565523079-164,https://www.prokabaddi.com/stats/49-103-tackle-points-statistics,9,"Sunil Kumar",6,17,Defender,/static-assets/images/teams/small/31.png?v=6.08
1565523072-120,https://www.prokabaddi.com/stats/49-132-do-or-die-raid-points-statistics,5,"Pankaj Mohite",4,9,Raider,/static-assets/images/teams/small/7.png?v=6.08
1565523079-165,https://www.prokabaddi.com/stats/49-103-tackle-points-statistics,9,Sumit,6,17,"Defender, left corner",/static-assets/images/teams/small/30.png?v=6.08
1565523079-166,https://www.prokabaddi.com/stats/49-103-tackle-points-statistics,14,"Amit Hooda",5,16,"Defender, right corner",/static-assets/images/teams/small/3.png?v=6.08
1565523079-167,https://www.prokabaddi.com/stats/49-103-tackle-points-statistics,15,"Joginder Singh Narwal",6,15,"Defender, left corner",/static-assets/images/teams/small/2.png?v=6.08
1565523079-168,https://www.prokabaddi.com/stats/49-103-tackle-points-statistics,16,"Parvesh Bhainswal",6,14,"Defender, left cover",/static-assets/images/teams/small/31.png?v=6.08
1565523079-169,https://www.prokabaddi.com/stats/49-103-tackle-points-statistics,17,"Sandeep Narwal",7,13,"All Rounder",/static-assets/images/teams/small/5.png?v=6.08
1565523079-170,https://www.prokabaddi.com/stats/49-103-tackle-points-statistics,17,Monu,7,13,Raider,/static-assets/images/teams/small/6.png?v=6.08
1565523079-171,https://www.prokabaddi.com/stats/49-103-tackle-points-statistics,17,"Nitesh Kumar",6,13,Defender,/static-assets/images/teams/small/30.png?v=6.08
1565523079-172,https://www.prokabaddi.com/stats/49-103-tackle-points-statistics,20,Manjeet,6,12,Raider,/static-assets/images/teams/small/7.png?v=6.08
1565523072-121,https://www.prokabaddi.com/stats/49-132-do-or-die-raid-points-statistics,6,"Naveen Kumar",6,8,Raider,/static-assets/images/teams/small/2.png?v=6.08
1565523072-122,https://www.prokabaddi.com/stats/49-132-do-or-die-raid-points-statistics,6,"Deepak Narwal",5,8,Raider,/static-assets/images/teams/small/3.png?v=6.08
1565523072-123,https://www.prokabaddi.com/stats/49-132-do-or-die-raid-points-statistics,8,"Maninder Singh",5,7,Raider,/static-assets/images/teams/small/4.png?v=6.08
1565523072-124,https://www.prokabaddi.com/stats/49-132-do-or-die-raid-points-statistics,8,"Vikash Kandola",2,7,Raider,/static-assets/images/teams/small/28.png?v=6.08
1565523084-173,https://www.prokabaddi.com/stats/49-23-successful-tackles-statistics,1,"Manjeet Chhillar",6,24,"All Rounder",/static-assets/images/teams/small/29.png?v=6.08
1565523084-182,https://www.prokabaddi.com/stats/49-23-successful-tackles-statistics,8,"Mohit Chhillar",6,16,"Defender, right corner",/static-assets/images/teams/small/29.png?v=6.08
1565523084-183,https://www.prokabaddi.com/stats/49-23-successful-tackles-statistics,11,"Girish Maruti Ernak",6,15,"Defender, left corner",/static-assets/images/teams/small/7.png?v=6.08
1565523084-184,https://www.prokabaddi.com/stats/49-23-successful-tackles-statistics,11,"Amit Hooda",5,15,"Defender, right corner",/static-assets/images/teams/small/3.png?v=6.08
1565523084-185,https://www.prokabaddi.com/stats/49-23-successful-tackles-statistics,13,"Vishal Bhardwaj",6,14,Defender,/static-assets/images/teams/small/8.png?v=6.08
1565523084-186,https://www.prokabaddi.com/stats/49-23-successful-tackles-statistics,13,"Mahender Singh",5,14,"Defender, left cover",/static-assets/images/teams/small/1.png?v=6.08
1565523084-187,https://www.prokabaddi.com/stats/49-23-successful-tackles-statistics,15,"Parvesh Bhainswal",6,13,"Defender, left cover",/static-assets/images/teams/small/31.png?v=6.08
1565523084-188,https://www.prokabaddi.com/stats/49-23-successful-tackles-statistics,16,"Joginder Singh Narwal",6,12,"Defender, left corner",/static-assets/images/teams/small/2.png?v=6.08
1565523084-189,https://www.prokabaddi.com/stats/49-23-successful-tackles-statistics,16,"More GB",6,12,Raider,/static-assets/images/teams/small/31.png?v=6.08
1565523084-190,https://www.prokabaddi.com/stats/49-23-successful-tackles-statistics,16,Manjeet,6,12,Raider,/static-assets/images/teams/small/7.png?v=6.08
1565523084-191,https://www.prokabaddi.com/stats/49-23-successful-tackles-statistics,16,"Rinku Narwal",5,12,Defender,/static-assets/images/teams/small/4.png?v=6.08
1565523084-174,https://www.prokabaddi.com/stats/49-23-successful-tackles-statistics,2,"Surinder Singh",7,23,Defender,/static-assets/images/teams/small/5.png?v=6.08
1565523084-192,https://www.prokabaddi.com/stats/49-23-successful-tackles-statistics,16,Sunil,3,12,"Defender, right corner",/static-assets/images/teams/small/28.png?v=6.08
1565523089-193,https://www.prokabaddi.com/stats/49-28-super-tackles-statistics,1,"Mahender Singh",5,5,"Defender, left cover",/static-assets/images/teams/small/1.png?v=6.08
1565523089-194,https://www.prokabaddi.com/stats/49-28-super-tackles-statistics,2,Monu,7,4,Raider,/static-assets/images/teams/small/6.png?v=6.08
1565523089-195,https://www.prokabaddi.com/stats/49-28-super-tackles-statistics,3,"Baldev Singh",5,3,"Defender, right corner",/static-assets/images/teams/small/4.png?v=6.08
1565523089-196,https://www.prokabaddi.com/stats/49-28-super-tackles-statistics,3,"Girish Maruti Ernak",6,3,"Defender, left corner",/static-assets/images/teams/small/7.png?v=6.08
1565523089-197,https://www.prokabaddi.com/stats/49-28-super-tackles-statistics,3,"Joginder Singh Narwal",6,3,"Defender, left corner",/static-assets/images/teams/small/2.png?v=6.08
1565523089-198,https://www.prokabaddi.com/stats/49-28-super-tackles-statistics,3,"Vishal Bhardwaj",6,3,Defender,/static-assets/images/teams/small/8.png?v=6.08
1565523089-199,https://www.prokabaddi.com/stats/49-28-super-tackles-statistics,7,"Hadi Oshtorak",7,2,"All Rounder",/static-assets/images/teams/small/6.png?v=6.08
1565523089-200,https://www.prokabaddi.com/stats/49-28-super-tackles-statistics,7,"Ashish Kumar",4,2,"All Rounder",/static-assets/images/teams/small/1.png?v=6.08
1565523089-201,https://www.prokabaddi.com/stats/49-28-super-tackles-statistics,7,"Manjeet Chhillar",6,2,"All Rounder",/static-assets/images/teams/small/29.png?v=6.08
1565523084-175,https://www.prokabaddi.com/stats/49-23-successful-tackles-statistics,3,Jaideep,7,22,"Defender, left corner",/static-assets/images/teams/small/6.png?v=6.08
1565523089-202,https://www.prokabaddi.com/stats/49-28-super-tackles-statistics,7,"Sandeep Narwal",7,2,"All Rounder",/static-assets/images/teams/small/5.png?v=6.08
1565523089-203,https://www.prokabaddi.com/stats/49-28-super-tackles-statistics,7,Jaideep,7,2,"Defender, left corner",/static-assets/images/teams/small/6.png?v=6.08
1565523089-204,https://www.prokabaddi.com/stats/49-28-super-tackles-statistics,7,"PO Surjeet Singh",6,2,"Defender, right cover",/static-assets/images/teams/small/7.png?v=6.08
1565523089-205,https://www.prokabaddi.com/stats/49-28-super-tackles-statistics,7,"Young Chang Ko",6,2,"Defender, left cover",/static-assets/images/teams/small/5.png?v=6.08
1565523089-206,https://www.prokabaddi.com/stats/49-28-super-tackles-statistics,7,"Amit Sheoran",5,2,Defender,/static-assets/images/teams/small/1.png?v=6.08
1565523089-207,https://www.prokabaddi.com/stats/49-28-super-tackles-statistics,7,"Nitesh Kumar",6,2,Defender,/static-assets/images/teams/small/30.png?v=6.08
1565523089-208,https://www.prokabaddi.com/stats/49-28-super-tackles-statistics,7,"Jadhav Balasaheb Shahaji",4,2,"Defender, right cover",/static-assets/images/teams/small/7.png?v=6.08
1565523089-209,https://www.prokabaddi.com/stats/49-28-super-tackles-statistics,7,Ankit,6,2,"Defender, right corner",/static-assets/images/teams/small/31.png?v=6.08
1565523089-210,https://www.prokabaddi.com/stats/49-28-super-tackles-statistics,18,"Saurabh Nandal",4,1,"Defender, left corner",/static-assets/images/teams/small/1.png?v=6.08
1565523089-211,https://www.prokabaddi.com/stats/49-28-super-tackles-statistics,18,"Mohit Sehrawat",3,1,"Defender, right cover",/static-assets/images/teams/small/1.png?v=6.08
1565523084-176,https://www.prokabaddi.com/stats/49-23-successful-tackles-statistics,3,"Sandeep Kumar Dhull",5,22,"Defender, left corner",/static-assets/images/teams/small/3.png?v=6.08
1565523089-212,https://www.prokabaddi.com/stats/49-28-super-tackles-statistics,18,Ajeet,6,1,"Defender, right cover",/static-assets/images/teams/small/29.png?v=6.08
1565523094-213,https://www.prokabaddi.com/stats/49-102-total-points-statistics,1,"Pawan Kumar Sehrawat",5,74,Raider,/static-assets/images/teams/small/1.png?v=6.08
1565523094-214,https://www.prokabaddi.com/stats/49-102-total-points-statistics,2,"Naveen Kumar",6,65,Raider,/static-assets/images/teams/small/2.png?v=6.08
1565523094-215,https://www.prokabaddi.com/stats/49-102-total-points-statistics,3,"Pardeep Narwal",7,59,Raider,/static-assets/images/teams/small/6.png?v=6.08
1565523094-216,https://www.prokabaddi.com/stats/49-102-total-points-statistics,4,"Rahul Chaudhari",6,47,Raider,/static-assets/images/teams/small/29.png?v=6.08
1565523094-217,https://www.prokabaddi.com/stats/49-102-total-points-statistics,5,"Maninder Singh",5,45,Raider,/static-assets/images/teams/small/4.png?v=6.08
1565523094-218,https://www.prokabaddi.com/stats/49-102-total-points-statistics,6,"Deepak Niwas Hooda",5,43,"All Rounder",/static-assets/images/teams/small/3.png?v=6.08
1565523094-219,https://www.prokabaddi.com/stats/49-102-total-points-statistics,7,"Chandran Ranjit",6,41,Raider,/static-assets/images/teams/small/2.png?v=6.08
1565523094-220,https://www.prokabaddi.com/stats/49-102-total-points-statistics,7,"Siddharth Sirish Desai",6,41,Raider,/static-assets/images/teams/small/8.png?v=6.08
1565523094-221,https://www.prokabaddi.com/stats/49-102-total-points-statistics,9,"Rohit Gulia",6,39,"All Rounder",/static-assets/images/teams/small/31.png?v=6.08
1565523084-177,https://www.prokabaddi.com/stats/49-23-successful-tackles-statistics,5,"Baldev Singh",5,18,"Defender, right corner",/static-assets/images/teams/small/4.png?v=6.08
1565523094-222,https://www.prokabaddi.com/stats/49-102-total-points-statistics,10,"Abhishek Singh",6,36,Raider,/static-assets/images/teams/small/5.png?v=6.08
1565523094-223,https://www.prokabaddi.com/stats/49-102-total-points-statistics,11,Naveen,5,33,Raider,/static-assets/images/teams/small/28.png?v=6.08
1565523094-224,https://www.prokabaddi.com/stats/49-102-total-points-statistics,12,"Sachin Tanwar",6,31,Raider,/static-assets/images/teams/small/31.png?v=6.08
1565523094-225,https://www.prokabaddi.com/stats/49-102-total-points-statistics,12,"Mohammad Esmaeil Nabibakhsh",5,31,"All Rounder",/static-assets/images/teams/small/4.png?v=6.08
1565523094-226,https://www.prokabaddi.com/stats/49-102-total-points-statistics,14,"K. Prapanjan",5,30,Raider,/static-assets/images/teams/small/4.png?v=6.08
1565523094-227,https://www.prokabaddi.com/stats/49-102-total-points-statistics,15,"Ajay Thakur",6,29,Raider,/static-assets/images/teams/small/29.png?v=6.08
1565523094-228,https://www.prokabaddi.com/stats/49-102-total-points-statistics,16,"Surinder Singh",7,28,Defender,/static-assets/images/teams/small/5.png?v=6.08
1565523094-229,https://www.prokabaddi.com/stats/49-102-total-points-statistics,16,Manjeet,6,28,Raider,/static-assets/images/teams/small/7.png?v=6.08
1565523094-230,https://www.prokabaddi.com/stats/49-102-total-points-statistics,16,"More GB",6,28,Raider,/static-assets/images/teams/small/31.png?v=6.08
1565523094-231,https://www.prokabaddi.com/stats/49-102-total-points-statistics,19,"Manjeet Chhillar",6,26,"All Rounder",/static-assets/images/teams/small/29.png?v=6.08
1565523084-178,https://www.prokabaddi.com/stats/49-23-successful-tackles-statistics,5,"Neeraj Kumar",7,18,"Defender, right cover",/static-assets/images/teams/small/6.png?v=6.08
1565523094-232,https://www.prokabaddi.com/stats/49-102-total-points-statistics,20,"Deepak Narwal",5,25,Raider,/static-assets/images/teams/small/3.png?v=6.08
1565523084-179,https://www.prokabaddi.com/stats/49-23-successful-tackles-statistics,7,Sumit,6,17,"Defender, left corner",/static-assets/images/teams/small/30.png?v=6.08
1565523084-180,https://www.prokabaddi.com/stats/49-23-successful-tackles-statistics,8,"Sunil Kumar",6,16,Defender,/static-assets/images/teams/small/31.png?v=6.08
1565523084-181,https://www.prokabaddi.com/stats/49-23-successful-tackles-statistics,8,"Fazel Atrachali",7,16,"Defender, left corner",/static-assets/images/teams/small/5.png?v=6.08
