﻿web-scraper-order,web-scraper-start-url,name,team,type,points,credits,announced
1566395238-1,https://www.dream11.com/kabaddi/create-team/1092/15115,Mahender-Singh,BLR,DEF,134,14.5,
1566395238-10,https://www.dream11.com/kabaddi/create-team/1092/15115,"D Yadav",PUN,DEF,0,12.5,
1566395238-11,https://www.dream11.com/kabaddi/create-team/1092/15115,Satpal,PUN,DEF,0,12.5,
1566395238-12,https://www.dream11.com/kabaddi/create-team/1092/15115,Aman,BLR,DEF,5,11.5,
1566395238-13,https://www.dream11.com/kabaddi/create-team/1092/15115,Ankit,BLR,DEF,20,11.5,Announced
1566395238-14,https://www.dream11.com/kabaddi/create-team/1092/15115,"S Sawant",PUN,DEF,48,11.5,
1566395238-15,https://www.dream11.com/kabaddi/create-team/1092/15115,"S Nandal",BLR,DEF,111,11,Announced
1566395238-16,https://www.dream11.com/kabaddi/create-team/1092/15115,Vijay-Kumar,BLR,DEF,50,11,Announced
1566395238-17,https://www.dream11.com/kabaddi/create-team/1092/15115,Ajay,BLR,DEF,19,10.5,Announced
1566395238-18,https://www.dream11.com/kabaddi/create-team/1092/15115,Ashish-Kumar,BLR,ALL,36,14.5,
1566395238-19,https://www.dream11.com/kabaddi/create-team/1092/15115,Manjeet,PUN,ALL,153,14.5,Announced
1566395238-2,https://www.dream11.com/kabaddi/create-team/1092/15115,"S Singh",PUN,DEF,119,14.5,Announced
1566395238-20,https://www.dream11.com/kabaddi/create-team/1092/15115,"S Krishna",PUN,ALL,16,13,Announced
1566395238-21,https://www.dream11.com/kabaddi/create-team/1092/15115,Sandeep-Jr.,PUN,ALL,0,12.5,
1566395238-22,https://www.dream11.com/kabaddi/create-team/1092/15115,"S Shrestha",BLR,ALL,0,11.5,
1566395238-23,https://www.dream11.com/kabaddi/create-team/1092/15115,Amit-Kumar-Jr,PUN,ALL,0,11.5,
1566395238-24,https://www.dream11.com/kabaddi/create-team/1092/15115,"M Sehrawat",BLR,ALL,48,10.5,
1566395238-25,https://www.dream11.com/kabaddi/create-team/1092/15115,"P Kumar-Sherawat",BLR,RAI,399,17,Announced
1566395238-26,https://www.dream11.com/kabaddi/create-team/1092/15115,Rohit-Kumar,BLR,RAI,138,16,Announced
1566395238-27,https://www.dream11.com/kabaddi/create-team/1092/15115,"P Kumar-Kadian",PUN,RAI,80,15.5,
1566395238-28,https://www.dream11.com/kabaddi/create-team/1092/15115,"N Tomar",PUN,RAI,44,15,Announced
1566395238-29,https://www.dream11.com/kabaddi/create-team/1092/15115,"D Kadian",PUN,RAI,3,14,
1566395238-3,https://www.dream11.com/kabaddi/create-team/1092/15115,"G M Ernak",PUN,DEF,110,14.5,
1566395238-30,https://www.dream11.com/kabaddi/create-team/1092/15115,Sumit-Singh,BLR,RAI,48,13.5,
1566395238-31,https://www.dream11.com/kabaddi/create-team/1092/15115,"V Kumar-II",BLR,RAI,6,13,
1566395238-32,https://www.dream11.com/kabaddi/create-team/1092/15115,"A Kumar.Sr",PUN,RAI,89,13,Announced
1566395238-33,https://www.dream11.com/kabaddi/create-team/1092/15115,"R Sriram",PUN,RAI,-2,12.5,
1566395238-34,https://www.dream11.com/kabaddi/create-team/1092/15115,"E Sedaghatnia",PUN,RAI,0,12.5,
1566395238-35,https://www.dream11.com/kabaddi/create-team/1092/15115,"S Sail",PUN,RAI,22,12,
1566395238-36,https://www.dream11.com/kabaddi/create-team/1092/15115,Banty,BLR,RAI,18,11.5,
1566395238-37,https://www.dream11.com/kabaddi/create-team/1092/15115,"L Mohar-Yadav",BLR,RAI,0,11.5,
1566395238-38,https://www.dream11.com/kabaddi/create-team/1092/15115,"P Mohite",PUN,RAI,144,11.5,
1566395238-4,https://www.dream11.com/kabaddi/create-team/1092/15115,"A Sheoran",BLR,DEF,117,13.5,Announced
1566395238-5,https://www.dream11.com/kabaddi/create-team/1092/15115,"R Lal-Choudhary",BLR,DEF,0,13,
1566395238-6,https://www.dream11.com/kabaddi/create-team/1092/15115,"S Shinde",PUN,DEF,51,13,
1566395238-7,https://www.dream11.com/kabaddi/create-team/1092/15115,"H Tajik",PUN,DEF,25,13,Announced
1566395238-8,https://www.dream11.com/kabaddi/create-team/1092/15115,Sandeep,BLR,DEF,2,12.5,
1566395238-9,https://www.dream11.com/kabaddi/create-team/1092/15115,"J B Shahaji",PUN,DEF,42,12.5,Announced
