﻿web-scraper-order,web-scraper-start-url,rank,name,matches,points,profile,team
1565782269-1,https://www.prokabaddi.com/stats/49-101-high-5s-statistics,1,"Sandeep Kumar Dhull",5,3,"Defender, left corner",/static-assets/images/teams/small/3.png?v=6.08
1565782269-10,https://www.prokabaddi.com/stats/49-101-high-5s-statistics,10,"Mohit Chhillar",6,1,"Defender, right corner",/static-assets/images/teams/small/29.png?v=6.08
1565782269-11,https://www.prokabaddi.com/stats/49-101-high-5s-statistics,10,"Girish Maruti Ernak",6,1,"Defender, left corner",/static-assets/images/teams/small/7.png?v=6.08
1565782269-12,https://www.prokabaddi.com/stats/49-101-high-5s-statistics,10,"Vikas Kale",6,1,"Defender, right cover",/static-assets/images/teams/small/28.png?v=6.08
1565782269-13,https://www.prokabaddi.com/stats/49-101-high-5s-statistics,10,Sunil,4,1,"Defender, right corner",/static-assets/images/teams/small/28.png?v=6.08
1565782269-14,https://www.prokabaddi.com/stats/49-101-high-5s-statistics,10,"Saurabh Nandal",6,1,"Defender, left corner",/static-assets/images/teams/small/1.png?v=6.08
1565782269-15,https://www.prokabaddi.com/stats/49-101-high-5s-statistics,10,"Neeraj Kumar",7,1,"Defender, right cover",/static-assets/images/teams/small/6.png?v=6.08
1565782269-16,https://www.prokabaddi.com/stats/49-101-high-5s-statistics,10,"Surinder Singh",7,1,Defender,/static-assets/images/teams/small/5.png?v=6.08
1565782269-17,https://www.prokabaddi.com/stats/49-101-high-5s-statistics,10,"Mahender Singh",7,1,"Defender, left cover",/static-assets/images/teams/small/1.png?v=6.08
1565782269-18,https://www.prokabaddi.com/stats/49-101-high-5s-statistics,10,"Amit Sheoran",7,1,Defender,/static-assets/images/teams/small/1.png?v=6.08
1565782269-19,https://www.prokabaddi.com/stats/49-101-high-5s-statistics,10,"Rinku Narwal",6,1,Defender,/static-assets/images/teams/small/4.png?v=6.08
1565782269-2,https://www.prokabaddi.com/stats/49-101-high-5s-statistics,1,"Baldev Singh",6,3,"Defender, right corner",/static-assets/images/teams/small/4.png?v=6.08
1565782272-20,https://www.prokabaddi.com/stats/49-21-successful-raids-statistics,1,"Pawan Kumar Sehrawat",7,68,Raider,/static-assets/images/teams/small/1.png?v=6.08
1565782272-21,https://www.prokabaddi.com/stats/49-21-successful-raids-statistics,2,"Naveen Kumar",6,56,Raider,/static-assets/images/teams/small/2.png?v=6.08
1565782272-22,https://www.prokabaddi.com/stats/49-21-successful-raids-statistics,3,"Pardeep Narwal",7,53,Raider,/static-assets/images/teams/small/6.png?v=6.08
1565782272-23,https://www.prokabaddi.com/stats/49-21-successful-raids-statistics,4,"Siddharth Sirish Desai",8,45,Raider,/static-assets/images/teams/small/8.png?v=6.08
1565782272-24,https://www.prokabaddi.com/stats/49-21-successful-raids-statistics,5,"Maninder Singh",6,41,Raider,/static-assets/images/teams/small/4.png?v=6.08
1565782272-25,https://www.prokabaddi.com/stats/49-21-successful-raids-statistics,6,"Rahul Chaudhari",6,35,Raider,/static-assets/images/teams/small/29.png?v=6.08
1565782272-26,https://www.prokabaddi.com/stats/49-21-successful-raids-statistics,7,"Deepak Niwas Hooda",5,32,"All Rounder",/static-assets/images/teams/small/3.png?v=6.08
1565782272-27,https://www.prokabaddi.com/stats/49-21-successful-raids-statistics,8,"Rohit Gulia",7,31,"All Rounder",/static-assets/images/teams/small/31.png?v=6.08
1565782272-28,https://www.prokabaddi.com/stats/49-21-successful-raids-statistics,9,"Abhishek Singh",6,30,Raider,/static-assets/images/teams/small/5.png?v=6.08
1565782272-29,https://www.prokabaddi.com/stats/49-21-successful-raids-statistics,10,"Chandran Ranjit",6,29,Raider,/static-assets/images/teams/small/2.png?v=6.08
1565782269-3,https://www.prokabaddi.com/stats/49-101-high-5s-statistics,3,Sumit,7,2,"Defender, left corner",/static-assets/images/teams/small/30.png?v=6.08
1565782272-30,https://www.prokabaddi.com/stats/49-21-successful-raids-statistics,11,Naveen,6,28,Raider,/static-assets/images/teams/small/28.png?v=6.08
1565782272-31,https://www.prokabaddi.com/stats/49-21-successful-raids-statistics,12,"Sachin Tanwar",7,27,Raider,/static-assets/images/teams/small/31.png?v=6.08
1565782272-32,https://www.prokabaddi.com/stats/49-21-successful-raids-statistics,13,"Monu Goyat",7,26,Raider,/static-assets/images/teams/small/30.png?v=6.08
1565782272-33,https://www.prokabaddi.com/stats/49-21-successful-raids-statistics,14,"Mohammad Esmaeil Nabibakhsh",6,24,"All Rounder",/static-assets/images/teams/small/4.png?v=6.08
1565782272-34,https://www.prokabaddi.com/stats/49-21-successful-raids-statistics,14,"Rohit Kumar",7,24,Raider,/static-assets/images/teams/small/1.png?v=6.08
1565782272-35,https://www.prokabaddi.com/stats/49-21-successful-raids-statistics,14,"K. Prapanjan",6,24,Raider,/static-assets/images/teams/small/4.png?v=6.08
1565782272-36,https://www.prokabaddi.com/stats/49-21-successful-raids-statistics,17,"Suraj Desai",6,23,Raider,/static-assets/images/teams/small/8.png?v=6.08
1565782272-37,https://www.prokabaddi.com/stats/49-21-successful-raids-statistics,18,"Vikash Kandola",3,21,Raider,/static-assets/images/teams/small/28.png?v=6.08
1565782272-38,https://www.prokabaddi.com/stats/49-21-successful-raids-statistics,19,"Deepak Narwal",5,20,Raider,/static-assets/images/teams/small/3.png?v=6.08
1565782272-39,https://www.prokabaddi.com/stats/49-21-successful-raids-statistics,19,"Ajay Thakur",6,20,Raider,/static-assets/images/teams/small/29.png?v=6.08
1565782269-4,https://www.prokabaddi.com/stats/49-101-high-5s-statistics,3,"Amit Hooda",5,2,"Defender, right corner",/static-assets/images/teams/small/3.png?v=6.08
1565782274-40,https://www.prokabaddi.com/stats/49-138-avg-raid-points-statistics,1,"Pawan Kumar Sehrawat",7,12.43,Raider,/static-assets/images/teams/small/1.png?v=6.08
1565782274-41,https://www.prokabaddi.com/stats/49-138-avg-raid-points-statistics,2,"Naveen Kumar",6,10.67,Raider,/static-assets/images/teams/small/2.png?v=6.08
1565782274-42,https://www.prokabaddi.com/stats/49-138-avg-raid-points-statistics,3,"Vikash Kandola",3,9.33,Raider,/static-assets/images/teams/small/28.png?v=6.08
1565782274-43,https://www.prokabaddi.com/stats/49-138-avg-raid-points-statistics,4,"Pardeep Narwal",7,8.43,Raider,/static-assets/images/teams/small/6.png?v=6.08
1565782274-44,https://www.prokabaddi.com/stats/49-138-avg-raid-points-statistics,5,"Maninder Singh",6,8.33,Raider,/static-assets/images/teams/small/4.png?v=6.08
1565782274-45,https://www.prokabaddi.com/stats/49-138-avg-raid-points-statistics,6,"Deepak Niwas Hooda",5,8.2,"All Rounder",/static-assets/images/teams/small/3.png?v=6.08
1565782274-46,https://www.prokabaddi.com/stats/49-138-avg-raid-points-statistics,7,"Nitin Tomar",1,8,Raider,/static-assets/images/teams/small/7.png?v=6.08
1565782274-47,https://www.prokabaddi.com/stats/49-138-avg-raid-points-statistics,8,"Rahul Chaudhari",6,7,Raider,/static-assets/images/teams/small/29.png?v=6.08
1565782274-48,https://www.prokabaddi.com/stats/49-138-avg-raid-points-statistics,9,"Siddharth Sirish Desai",8,6.25,Raider,/static-assets/images/teams/small/8.png?v=6.08
1565782274-49,https://www.prokabaddi.com/stats/49-138-avg-raid-points-statistics,10,"Suraj Desai",6,6.2,Raider,/static-assets/images/teams/small/8.png?v=6.08
1565782269-5,https://www.prokabaddi.com/stats/49-101-high-5s-statistics,3,"Parvesh Bhainswal",7,2,"Defender, left cover",/static-assets/images/teams/small/31.png?v=6.08
1565782274-50,https://www.prokabaddi.com/stats/49-138-avg-raid-points-statistics,11,"Chandran Ranjit",6,6.17,Raider,/static-assets/images/teams/small/2.png?v=6.08
1565782274-51,https://www.prokabaddi.com/stats/49-138-avg-raid-points-statistics,12,"Rohit Gulia",7,6,"All Rounder",/static-assets/images/teams/small/31.png?v=6.08
1565782274-52,https://www.prokabaddi.com/stats/49-138-avg-raid-points-statistics,13,"Abhishek Singh",6,5.83,Raider,/static-assets/images/teams/small/5.png?v=6.08
1565782274-53,https://www.prokabaddi.com/stats/49-138-avg-raid-points-statistics,14,"Pankaj Mohite",4,5.75,Raider,/static-assets/images/teams/small/7.png?v=6.08
1565782274-54,https://www.prokabaddi.com/stats/49-138-avg-raid-points-statistics,15,Naveen,6,5.5,Raider,/static-assets/images/teams/small/28.png?v=6.08
1565782274-55,https://www.prokabaddi.com/stats/49-138-avg-raid-points-statistics,15,"K. Prapanjan",6,5.5,Raider,/static-assets/images/teams/small/4.png?v=6.08
1565782274-56,https://www.prokabaddi.com/stats/49-138-avg-raid-points-statistics,17,"Mohammad Esmaeil Nabibakhsh",6,5.33,"All Rounder",/static-assets/images/teams/small/4.png?v=6.08
1565782274-57,https://www.prokabaddi.com/stats/49-138-avg-raid-points-statistics,18,"Nitin Rawal",1,5,"All Rounder",/static-assets/images/teams/small/3.png?v=6.08
1565782274-58,https://www.prokabaddi.com/stats/49-138-avg-raid-points-statistics,19,"Sachin Tanwar",7,4.86,Raider,/static-assets/images/teams/small/31.png?v=6.08
1565782274-59,https://www.prokabaddi.com/stats/49-138-avg-raid-points-statistics,20,"Ajay Thakur",6,4.83,Raider,/static-assets/images/teams/small/29.png?v=6.08
1565782269-6,https://www.prokabaddi.com/stats/49-101-high-5s-statistics,3,"Vishal Bhardwaj",8,2,Defender,/static-assets/images/teams/small/8.png?v=6.08
1565782269-7,https://www.prokabaddi.com/stats/49-101-high-5s-statistics,3,"Sunil Kumar",7,2,Defender,/static-assets/images/teams/small/31.png?v=6.08
1565782269-8,https://www.prokabaddi.com/stats/49-101-high-5s-statistics,3,Jaideep,7,2,"Defender, left corner",/static-assets/images/teams/small/6.png?v=6.08
1565782269-9,https://www.prokabaddi.com/stats/49-101-high-5s-statistics,3,"Manjeet Chhillar",6,2,"All Rounder",/static-assets/images/teams/small/29.png?v=6.08
1565782277-60,https://www.prokabaddi.com/stats/49-100-super-10s-statistics,1,"Naveen Kumar",6,5,Raider,/static-assets/images/teams/small/2.png?v=6.08
1565782277-69,https://www.prokabaddi.com/stats/49-100-super-10s-statistics,8,"Arjun Deshwal",6,1,Raider,/static-assets/images/teams/small/5.png?v=6.08
1565782277-70,https://www.prokabaddi.com/stats/49-100-super-10s-statistics,8,"Siddharth Sirish Desai",8,1,Raider,/static-assets/images/teams/small/8.png?v=6.08
1565782277-71,https://www.prokabaddi.com/stats/49-100-super-10s-statistics,8,"Abhishek Singh",6,1,Raider,/static-assets/images/teams/small/5.png?v=6.08
1565782277-72,https://www.prokabaddi.com/stats/49-100-super-10s-statistics,8,Naveen,6,1,Raider,/static-assets/images/teams/small/28.png?v=6.08
1565782277-73,https://www.prokabaddi.com/stats/49-100-super-10s-statistics,8,"Chandran Ranjit",6,1,Raider,/static-assets/images/teams/small/2.png?v=6.08
1565782277-74,https://www.prokabaddi.com/stats/49-100-super-10s-statistics,8,"Pawan Kumar Kadian",5,1,Raider,/static-assets/images/teams/small/7.png?v=6.08
1565782277-75,https://www.prokabaddi.com/stats/49-100-super-10s-statistics,8,"Suraj Desai",6,1,Raider,/static-assets/images/teams/small/8.png?v=6.08
1565782277-76,https://www.prokabaddi.com/stats/49-100-super-10s-statistics,8,"K. Prapanjan",6,1,Raider,/static-assets/images/teams/small/4.png?v=6.08
1565782277-77,https://www.prokabaddi.com/stats/49-100-super-10s-statistics,8,"Rohit Kumar",7,1,Raider,/static-assets/images/teams/small/1.png?v=6.08
1565782280-78,https://www.prokabaddi.com/stats/49-139-avg-tackle-points-statistics,1,"Sandeep Kumar Dhull",5,4.6,"Defender, left corner",/static-assets/images/teams/small/3.png?v=6.08
1565782277-61,https://www.prokabaddi.com/stats/49-100-super-10s-statistics,2,"Pawan Kumar Sehrawat",7,4,Raider,/static-assets/images/teams/small/1.png?v=6.08
1565782280-79,https://www.prokabaddi.com/stats/49-139-avg-tackle-points-statistics,2,"Manjeet Chhillar",6,4.33,"All Rounder",/static-assets/images/teams/small/29.png?v=6.08
1565782280-80,https://www.prokabaddi.com/stats/49-139-avg-tackle-points-statistics,3,"Baldev Singh",6,3.83,"Defender, right corner",/static-assets/images/teams/small/4.png?v=6.08
1565782280-81,https://www.prokabaddi.com/stats/49-139-avg-tackle-points-statistics,4,"Surinder Singh",7,3.43,Defender,/static-assets/images/teams/small/5.png?v=6.08
1565782280-82,https://www.prokabaddi.com/stats/49-139-avg-tackle-points-statistics,4,Jaideep,7,3.43,"Defender, left corner",/static-assets/images/teams/small/6.png?v=6.08
1565782280-83,https://www.prokabaddi.com/stats/49-139-avg-tackle-points-statistics,6,"Vishal Bhardwaj",8,3.25,Defender,/static-assets/images/teams/small/8.png?v=6.08
1565782280-84,https://www.prokabaddi.com/stats/49-139-avg-tackle-points-statistics,7,"Amit Hooda",5,3.2,"Defender, right corner",/static-assets/images/teams/small/3.png?v=6.08
1565782280-85,https://www.prokabaddi.com/stats/49-139-avg-tackle-points-statistics,8,"Mahender Singh",7,3.14,"Defender, left cover",/static-assets/images/teams/small/1.png?v=6.08
1565782280-86,https://www.prokabaddi.com/stats/49-139-avg-tackle-points-statistics,8,Sumit,7,3.14,"Defender, left corner",/static-assets/images/teams/small/30.png?v=6.08
1565782280-87,https://www.prokabaddi.com/stats/49-139-avg-tackle-points-statistics,10,Sunil,4,3,"Defender, right corner",/static-assets/images/teams/small/28.png?v=6.08
1565782280-88,https://www.prokabaddi.com/stats/49-139-avg-tackle-points-statistics,10,"Parvesh Bhainswal",7,3,"Defender, left cover",/static-assets/images/teams/small/31.png?v=6.08
1565782277-62,https://www.prokabaddi.com/stats/49-100-super-10s-statistics,3,"Pardeep Narwal",7,3,Raider,/static-assets/images/teams/small/6.png?v=6.08
1565782280-89,https://www.prokabaddi.com/stats/49-139-avg-tackle-points-statistics,10,"Girish Maruti Ernak",6,3,"Defender, left corner",/static-assets/images/teams/small/7.png?v=6.08
1565782280-90,https://www.prokabaddi.com/stats/49-139-avg-tackle-points-statistics,13,"Mohit Chhillar",6,2.83,"Defender, right corner",/static-assets/images/teams/small/29.png?v=6.08
1565782280-91,https://www.prokabaddi.com/stats/49-139-avg-tackle-points-statistics,14,"Neeraj Kumar",7,2.71,"Defender, right cover",/static-assets/images/teams/small/6.png?v=6.08
1565782280-92,https://www.prokabaddi.com/stats/49-139-avg-tackle-points-statistics,15,"Rinku Narwal",6,2.5,Defender,/static-assets/images/teams/small/4.png?v=6.08
1565782280-93,https://www.prokabaddi.com/stats/49-139-avg-tackle-points-statistics,15,"Joginder Singh Narwal",6,2.5,"Defender, left corner",/static-assets/images/teams/small/2.png?v=6.08
1565782280-94,https://www.prokabaddi.com/stats/49-139-avg-tackle-points-statistics,17,"Fazel Atrachali",7,2.43,"Defender, left corner",/static-assets/images/teams/small/5.png?v=6.08
1565782280-95,https://www.prokabaddi.com/stats/49-139-avg-tackle-points-statistics,17,"Sunil Kumar",7,2.43,Defender,/static-assets/images/teams/small/31.png?v=6.08
1565782280-96,https://www.prokabaddi.com/stats/49-139-avg-tackle-points-statistics,19,"Dharmaraj Cheralathan",6,2.33,"Defender, right and left corner",/static-assets/images/teams/small/28.png?v=6.08
1565782280-97,https://www.prokabaddi.com/stats/49-139-avg-tackle-points-statistics,19,"Vikas Kale",6,2.33,"Defender, right cover",/static-assets/images/teams/small/28.png?v=6.08
1565782283-98,https://www.prokabaddi.com/stats/49-22-raid-points-statistics,1,"Pawan Kumar Sehrawat",7,87,Raider,/static-assets/images/teams/small/1.png?v=6.08
1565782277-63,https://www.prokabaddi.com/stats/49-100-super-10s-statistics,3,"Deepak Niwas Hooda",5,3,"All Rounder",/static-assets/images/teams/small/3.png?v=6.08
1565782283-99,https://www.prokabaddi.com/stats/49-22-raid-points-statistics,2,"Naveen Kumar",6,64,Raider,/static-assets/images/teams/small/2.png?v=6.08
1565782283-100,https://www.prokabaddi.com/stats/49-22-raid-points-statistics,3,"Pardeep Narwal",7,59,Raider,/static-assets/images/teams/small/6.png?v=6.08
1565782283-101,https://www.prokabaddi.com/stats/49-22-raid-points-statistics,4,"Maninder Singh",6,50,Raider,/static-assets/images/teams/small/4.png?v=6.08
1565782283-102,https://www.prokabaddi.com/stats/49-22-raid-points-statistics,4,"Siddharth Sirish Desai",8,50,Raider,/static-assets/images/teams/small/8.png?v=6.08
1565782283-103,https://www.prokabaddi.com/stats/49-22-raid-points-statistics,6,"Rohit Gulia",7,42,"All Rounder",/static-assets/images/teams/small/31.png?v=6.08
1565782283-104,https://www.prokabaddi.com/stats/49-22-raid-points-statistics,6,"Rahul Chaudhari",6,42,Raider,/static-assets/images/teams/small/29.png?v=6.08
1565782283-105,https://www.prokabaddi.com/stats/49-22-raid-points-statistics,8,"Deepak Niwas Hooda",5,41,"All Rounder",/static-assets/images/teams/small/3.png?v=6.08
1565782283-106,https://www.prokabaddi.com/stats/49-22-raid-points-statistics,9,"Chandran Ranjit",6,37,Raider,/static-assets/images/teams/small/2.png?v=6.08
1565782283-107,https://www.prokabaddi.com/stats/49-22-raid-points-statistics,10,"Abhishek Singh",6,35,Raider,/static-assets/images/teams/small/5.png?v=6.08
1565782283-108,https://www.prokabaddi.com/stats/49-22-raid-points-statistics,11,"Sachin Tanwar",7,34,Raider,/static-assets/images/teams/small/31.png?v=6.08
1565782277-64,https://www.prokabaddi.com/stats/49-100-super-10s-statistics,5,"Rahul Chaudhari",6,2,Raider,/static-assets/images/teams/small/29.png?v=6.08
1565782283-109,https://www.prokabaddi.com/stats/49-22-raid-points-statistics,12,"K. Prapanjan",6,33,Raider,/static-assets/images/teams/small/4.png?v=6.08
1565782283-110,https://www.prokabaddi.com/stats/49-22-raid-points-statistics,12,Naveen,6,33,Raider,/static-assets/images/teams/small/28.png?v=6.08
1565782283-111,https://www.prokabaddi.com/stats/49-22-raid-points-statistics,14,"Mohammad Esmaeil Nabibakhsh",6,32,"All Rounder",/static-assets/images/teams/small/4.png?v=6.08
1565782283-112,https://www.prokabaddi.com/stats/49-22-raid-points-statistics,15,"Suraj Desai",6,31,Raider,/static-assets/images/teams/small/8.png?v=6.08
1565782283-113,https://www.prokabaddi.com/stats/49-22-raid-points-statistics,15,"Rohit Kumar",7,31,Raider,/static-assets/images/teams/small/1.png?v=6.08
1565782283-114,https://www.prokabaddi.com/stats/49-22-raid-points-statistics,17,"Ajay Thakur",6,29,Raider,/static-assets/images/teams/small/29.png?v=6.08
1565782283-115,https://www.prokabaddi.com/stats/49-22-raid-points-statistics,18,"Vikash Kandola",3,28,Raider,/static-assets/images/teams/small/28.png?v=6.08
1565782283-116,https://www.prokabaddi.com/stats/49-22-raid-points-statistics,18,"Monu Goyat",7,28,Raider,/static-assets/images/teams/small/30.png?v=6.08
1565782283-117,https://www.prokabaddi.com/stats/49-22-raid-points-statistics,20,Vinay,6,25,Raider,/static-assets/images/teams/small/28.png?v=6.08
1565782277-65,https://www.prokabaddi.com/stats/49-100-super-10s-statistics,5,"Maninder Singh",6,2,Raider,/static-assets/images/teams/small/4.png?v=6.08
1565782277-66,https://www.prokabaddi.com/stats/49-100-super-10s-statistics,5,"Vikash Kandola",3,2,Raider,/static-assets/images/teams/small/28.png?v=6.08
1565782277-67,https://www.prokabaddi.com/stats/49-100-super-10s-statistics,8,"Mohammad Esmaeil Nabibakhsh",6,1,"All Rounder",/static-assets/images/teams/small/4.png?v=6.08
1565782277-68,https://www.prokabaddi.com/stats/49-100-super-10s-statistics,8,"Rohit Gulia",7,1,"All Rounder",/static-assets/images/teams/small/31.png?v=6.08
1565782286-118,https://www.prokabaddi.com/stats/49-132-do-or-die-raid-points-statistics,1,"Abhishek Singh",6,14,Raider,/static-assets/images/teams/small/5.png?v=6.08
1565782286-127,https://www.prokabaddi.com/stats/49-132-do-or-die-raid-points-statistics,10,Naveen,6,7,Raider,/static-assets/images/teams/small/28.png?v=6.08
1565782286-128,https://www.prokabaddi.com/stats/49-132-do-or-die-raid-points-statistics,10,"Rohit Gulia",7,7,"All Rounder",/static-assets/images/teams/small/31.png?v=6.08
1565782286-129,https://www.prokabaddi.com/stats/49-132-do-or-die-raid-points-statistics,12,"Amit Kumar",6,6,Raider,/static-assets/images/teams/small/7.png?v=6.08
1565782286-130,https://www.prokabaddi.com/stats/49-132-do-or-die-raid-points-statistics,12,"Jang Kun Lee",7,6,Raider,/static-assets/images/teams/small/6.png?v=6.08
1565782286-131,https://www.prokabaddi.com/stats/49-132-do-or-die-raid-points-statistics,14,"Ajay Thakur",6,5,Raider,/static-assets/images/teams/small/29.png?v=6.08
1565782286-132,https://www.prokabaddi.com/stats/49-132-do-or-die-raid-points-statistics,14,"Deepak Niwas Hooda",5,5,"All Rounder",/static-assets/images/teams/small/3.png?v=6.08
1565782286-133,https://www.prokabaddi.com/stats/49-132-do-or-die-raid-points-statistics,14,"Shrikant Jadhav",7,5,Raider,/static-assets/images/teams/small/30.png?v=6.08
1565782286-134,https://www.prokabaddi.com/stats/49-132-do-or-die-raid-points-statistics,14,"Pawan Kumar Kadian",5,5,Raider,/static-assets/images/teams/small/7.png?v=6.08
1565782286-135,https://www.prokabaddi.com/stats/49-132-do-or-die-raid-points-statistics,14,"Rohit Baliyan",7,5,Raider,/static-assets/images/teams/small/5.png?v=6.08
1565782286-136,https://www.prokabaddi.com/stats/49-132-do-or-die-raid-points-statistics,14,Vinay,6,5,Raider,/static-assets/images/teams/small/28.png?v=6.08
1565782286-119,https://www.prokabaddi.com/stats/49-132-do-or-die-raid-points-statistics,2,"Pardeep Narwal",7,13,Raider,/static-assets/images/teams/small/6.png?v=6.08
1565782286-137,https://www.prokabaddi.com/stats/49-132-do-or-die-raid-points-statistics,20,Rajnish,3,4,Raider,/static-assets/images/teams/small/8.png?v=6.08
1565782288-138,https://www.prokabaddi.com/stats/49-104-super-raids-statistics,1,"Pawan Kumar Sehrawat",7,3,Raider,/static-assets/images/teams/small/1.png?v=6.08
1565782288-139,https://www.prokabaddi.com/stats/49-104-super-raids-statistics,2,"Mohammad Esmaeil Nabibakhsh",6,2,"All Rounder",/static-assets/images/teams/small/4.png?v=6.08
1565782288-140,https://www.prokabaddi.com/stats/49-104-super-raids-statistics,2,"Sonu Jaglan",6,2,Raider,/static-assets/images/teams/small/31.png?v=6.08
1565782288-141,https://www.prokabaddi.com/stats/49-104-super-raids-statistics,2,"Ajay Thakur",6,2,Raider,/static-assets/images/teams/small/29.png?v=6.08
1565782288-142,https://www.prokabaddi.com/stats/49-104-super-raids-statistics,2,"Maninder Singh",6,2,Raider,/static-assets/images/teams/small/4.png?v=6.08
1565782288-143,https://www.prokabaddi.com/stats/49-104-super-raids-statistics,2,"Pardeep Narwal",7,2,Raider,/static-assets/images/teams/small/6.png?v=6.08
1565782288-144,https://www.prokabaddi.com/stats/49-104-super-raids-statistics,7,"K. Prapanjan",6,1,Raider,/static-assets/images/teams/small/4.png?v=6.08
1565782288-145,https://www.prokabaddi.com/stats/49-104-super-raids-statistics,7,"Rohit Baliyan",7,1,Raider,/static-assets/images/teams/small/5.png?v=6.08
1565782288-146,https://www.prokabaddi.com/stats/49-104-super-raids-statistics,7,"Selvamani K",4,1,Raider,/static-assets/images/teams/small/28.png?v=6.08
1565782286-120,https://www.prokabaddi.com/stats/49-132-do-or-die-raid-points-statistics,3,"Rahul Chaudhari",6,12,Raider,/static-assets/images/teams/small/29.png?v=6.08
1565782288-147,https://www.prokabaddi.com/stats/49-104-super-raids-statistics,7,"Chandran Ranjit",6,1,Raider,/static-assets/images/teams/small/2.png?v=6.08
1565782288-148,https://www.prokabaddi.com/stats/49-104-super-raids-statistics,7,"Deepak Niwas Hooda",5,1,"All Rounder",/static-assets/images/teams/small/3.png?v=6.08
1565782288-149,https://www.prokabaddi.com/stats/49-104-super-raids-statistics,7,"Suraj Desai",6,1,Raider,/static-assets/images/teams/small/8.png?v=6.08
1565782288-150,https://www.prokabaddi.com/stats/49-104-super-raids-statistics,7,Vinay,6,1,Raider,/static-assets/images/teams/small/28.png?v=6.08
1565782288-151,https://www.prokabaddi.com/stats/49-104-super-raids-statistics,7,"Pankaj Mohite",4,1,Raider,/static-assets/images/teams/small/7.png?v=6.08
1565782288-152,https://www.prokabaddi.com/stats/49-104-super-raids-statistics,7,"Surinder Singh",7,1,Defender,/static-assets/images/teams/small/5.png?v=6.08
1565782288-153,https://www.prokabaddi.com/stats/49-104-super-raids-statistics,7,"Naveen Kumar",6,1,Raider,/static-assets/images/teams/small/2.png?v=6.08
1565782288-154,https://www.prokabaddi.com/stats/49-104-super-raids-statistics,7,Armaan,4,1,"All Rounder",/static-assets/images/teams/small/8.png?v=6.08
1565782291-155,https://www.prokabaddi.com/stats/49-103-tackle-points-statistics,1,"Manjeet Chhillar",6,26,"All Rounder",/static-assets/images/teams/small/29.png?v=6.08
1565782291-156,https://www.prokabaddi.com/stats/49-103-tackle-points-statistics,1,"Vishal Bhardwaj",8,26,Defender,/static-assets/images/teams/small/8.png?v=6.08
1565782286-121,https://www.prokabaddi.com/stats/49-132-do-or-die-raid-points-statistics,4,"Sachin Tanwar",7,10,Raider,/static-assets/images/teams/small/31.png?v=6.08
1565782291-157,https://www.prokabaddi.com/stats/49-103-tackle-points-statistics,3,Jaideep,7,24,"Defender, left corner",/static-assets/images/teams/small/6.png?v=6.08
1565782291-158,https://www.prokabaddi.com/stats/49-103-tackle-points-statistics,3,"Surinder Singh",7,24,Defender,/static-assets/images/teams/small/5.png?v=6.08
1565782291-159,https://www.prokabaddi.com/stats/49-103-tackle-points-statistics,5,"Baldev Singh",6,23,"Defender, right corner",/static-assets/images/teams/small/4.png?v=6.08
1565782291-160,https://www.prokabaddi.com/stats/49-103-tackle-points-statistics,5,"Sandeep Kumar Dhull",5,23,"Defender, left corner",/static-assets/images/teams/small/3.png?v=6.08
1565782291-161,https://www.prokabaddi.com/stats/49-103-tackle-points-statistics,7,"Mahender Singh",7,22,"Defender, left cover",/static-assets/images/teams/small/1.png?v=6.08
1565782291-162,https://www.prokabaddi.com/stats/49-103-tackle-points-statistics,7,Sumit,7,22,"Defender, left corner",/static-assets/images/teams/small/30.png?v=6.08
1565782291-163,https://www.prokabaddi.com/stats/49-103-tackle-points-statistics,9,"Parvesh Bhainswal",7,21,"Defender, left cover",/static-assets/images/teams/small/31.png?v=6.08
1565782291-164,https://www.prokabaddi.com/stats/49-103-tackle-points-statistics,10,"Neeraj Kumar",7,19,"Defender, right cover",/static-assets/images/teams/small/6.png?v=6.08
1565782291-165,https://www.prokabaddi.com/stats/49-103-tackle-points-statistics,11,"Girish Maruti Ernak",6,18,"Defender, left corner",/static-assets/images/teams/small/7.png?v=6.08
1565782291-166,https://www.prokabaddi.com/stats/49-103-tackle-points-statistics,12,"Mohit Chhillar",6,17,"Defender, right corner",/static-assets/images/teams/small/29.png?v=6.08
1565782286-122,https://www.prokabaddi.com/stats/49-132-do-or-die-raid-points-statistics,5,"Vikash Kandola",3,9,Raider,/static-assets/images/teams/small/28.png?v=6.08
1565782291-167,https://www.prokabaddi.com/stats/49-103-tackle-points-statistics,12,"Fazel Atrachali",7,17,"Defender, left corner",/static-assets/images/teams/small/5.png?v=6.08
1565782291-168,https://www.prokabaddi.com/stats/49-103-tackle-points-statistics,12,"Sunil Kumar",7,17,Defender,/static-assets/images/teams/small/31.png?v=6.08
1565782291-169,https://www.prokabaddi.com/stats/49-103-tackle-points-statistics,15,"Amit Hooda",5,16,"Defender, right corner",/static-assets/images/teams/small/3.png?v=6.08
1565782291-170,https://www.prokabaddi.com/stats/49-103-tackle-points-statistics,16,"Joginder Singh Narwal",6,15,"Defender, left corner",/static-assets/images/teams/small/2.png?v=6.08
1565782291-171,https://www.prokabaddi.com/stats/49-103-tackle-points-statistics,16,"Nitesh Kumar",7,15,Defender,/static-assets/images/teams/small/30.png?v=6.08
1565782291-172,https://www.prokabaddi.com/stats/49-103-tackle-points-statistics,16,"Rinku Narwal",6,15,Defender,/static-assets/images/teams/small/4.png?v=6.08
1565782291-173,https://www.prokabaddi.com/stats/49-103-tackle-points-statistics,16,"Amit Sheoran",7,15,Defender,/static-assets/images/teams/small/1.png?v=6.08
1565782291-174,https://www.prokabaddi.com/stats/49-103-tackle-points-statistics,20,"Farhad Rahimi Milaghardan",8,14,"All Rounder",/static-assets/images/teams/small/8.png?v=6.08
1565782286-123,https://www.prokabaddi.com/stats/49-132-do-or-die-raid-points-statistics,5,"Pankaj Mohite",4,9,Raider,/static-assets/images/teams/small/7.png?v=6.08
1565782286-124,https://www.prokabaddi.com/stats/49-132-do-or-die-raid-points-statistics,7,"Naveen Kumar",6,8,Raider,/static-assets/images/teams/small/2.png?v=6.08
1565782286-125,https://www.prokabaddi.com/stats/49-132-do-or-die-raid-points-statistics,7,"Deepak Narwal",5,8,Raider,/static-assets/images/teams/small/3.png?v=6.08
1565782286-126,https://www.prokabaddi.com/stats/49-132-do-or-die-raid-points-statistics,7,"Maninder Singh",6,8,Raider,/static-assets/images/teams/small/4.png?v=6.08
1565782296-175,https://www.prokabaddi.com/stats/49-23-successful-tackles-statistics,1,"Manjeet Chhillar",6,24,"All Rounder",/static-assets/images/teams/small/29.png?v=6.08
1565782296-184,https://www.prokabaddi.com/stats/49-23-successful-tackles-statistics,10,"Mahender Singh",7,17,"Defender, left cover",/static-assets/images/teams/small/1.png?v=6.08
1565782296-185,https://www.prokabaddi.com/stats/49-23-successful-tackles-statistics,11,"Sunil Kumar",7,16,Defender,/static-assets/images/teams/small/31.png?v=6.08
1565782296-186,https://www.prokabaddi.com/stats/49-23-successful-tackles-statistics,11,"Fazel Atrachali",7,16,"Defender, left corner",/static-assets/images/teams/small/5.png?v=6.08
1565782296-187,https://www.prokabaddi.com/stats/49-23-successful-tackles-statistics,11,"Mohit Chhillar",6,16,"Defender, right corner",/static-assets/images/teams/small/29.png?v=6.08
1565782296-188,https://www.prokabaddi.com/stats/49-23-successful-tackles-statistics,14,"Girish Maruti Ernak",6,15,"Defender, left corner",/static-assets/images/teams/small/7.png?v=6.08
1565782296-189,https://www.prokabaddi.com/stats/49-23-successful-tackles-statistics,14,"Amit Hooda",5,15,"Defender, right corner",/static-assets/images/teams/small/3.png?v=6.08
1565782296-190,https://www.prokabaddi.com/stats/49-23-successful-tackles-statistics,14,"Rinku Narwal",6,15,Defender,/static-assets/images/teams/small/4.png?v=6.08
1565782296-191,https://www.prokabaddi.com/stats/49-23-successful-tackles-statistics,17,"Vikas Kale",6,14,"Defender, right cover",/static-assets/images/teams/small/28.png?v=6.08
1565782296-192,https://www.prokabaddi.com/stats/49-23-successful-tackles-statistics,17,"Farhad Rahimi Milaghardan",8,14,"All Rounder",/static-assets/images/teams/small/8.png?v=6.08
1565782296-193,https://www.prokabaddi.com/stats/49-23-successful-tackles-statistics,19,"Abozar Mohajermighani",8,13,Defender,/static-assets/images/teams/small/8.png?v=6.08
1565782296-176,https://www.prokabaddi.com/stats/49-23-successful-tackles-statistics,2,"Vishal Bhardwaj",8,23,Defender,/static-assets/images/teams/small/8.png?v=6.08
1565782296-194,https://www.prokabaddi.com/stats/49-23-successful-tackles-statistics,19,"Amit Sheoran",7,13,Defender,/static-assets/images/teams/small/1.png?v=6.08
1565782298-195,https://www.prokabaddi.com/stats/49-28-super-tackles-statistics,1,"Mahender Singh",7,5,"Defender, left cover",/static-assets/images/teams/small/1.png?v=6.08
1565782298-196,https://www.prokabaddi.com/stats/49-28-super-tackles-statistics,2,Monu,7,4,Raider,/static-assets/images/teams/small/6.png?v=6.08
1565782298-197,https://www.prokabaddi.com/stats/49-28-super-tackles-statistics,3,"Baldev Singh",6,3,"Defender, right corner",/static-assets/images/teams/small/4.png?v=6.08
1565782298-198,https://www.prokabaddi.com/stats/49-28-super-tackles-statistics,3,"Girish Maruti Ernak",6,3,"Defender, left corner",/static-assets/images/teams/small/7.png?v=6.08
1565782298-199,https://www.prokabaddi.com/stats/49-28-super-tackles-statistics,3,"Joginder Singh Narwal",6,3,"Defender, left corner",/static-assets/images/teams/small/2.png?v=6.08
1565782298-200,https://www.prokabaddi.com/stats/49-28-super-tackles-statistics,3,"Vishal Bhardwaj",8,3,Defender,/static-assets/images/teams/small/8.png?v=6.08
1565782298-201,https://www.prokabaddi.com/stats/49-28-super-tackles-statistics,7,"Hadi Oshtorak",7,2,"All Rounder",/static-assets/images/teams/small/6.png?v=6.08
1565782298-202,https://www.prokabaddi.com/stats/49-28-super-tackles-statistics,7,"Ashish Kumar",5,2,"All Rounder",/static-assets/images/teams/small/1.png?v=6.08
1565782298-203,https://www.prokabaddi.com/stats/49-28-super-tackles-statistics,7,"Dharmaraj Cheralathan",6,2,"Defender, right and left corner",/static-assets/images/teams/small/28.png?v=6.08
1565782296-177,https://www.prokabaddi.com/stats/49-23-successful-tackles-statistics,2,"Surinder Singh",7,23,Defender,/static-assets/images/teams/small/5.png?v=6.08
1565782298-204,https://www.prokabaddi.com/stats/49-28-super-tackles-statistics,7,"Manjeet Chhillar",6,2,"All Rounder",/static-assets/images/teams/small/29.png?v=6.08
1565782298-205,https://www.prokabaddi.com/stats/49-28-super-tackles-statistics,7,"Sandeep Narwal",7,2,"All Rounder",/static-assets/images/teams/small/5.png?v=6.08
1565782298-206,https://www.prokabaddi.com/stats/49-28-super-tackles-statistics,7,"Nitesh Kumar",7,2,Defender,/static-assets/images/teams/small/30.png?v=6.08
1565782298-207,https://www.prokabaddi.com/stats/49-28-super-tackles-statistics,7,"PO Surjeet Singh",6,2,"Defender, right cover",/static-assets/images/teams/small/7.png?v=6.08
1565782298-208,https://www.prokabaddi.com/stats/49-28-super-tackles-statistics,7,"Mohammad Esmaeil Nabibakhsh",6,2,"All Rounder",/static-assets/images/teams/small/4.png?v=6.08
1565782298-209,https://www.prokabaddi.com/stats/49-28-super-tackles-statistics,7,"Young Chang Ko",6,2,"Defender, left cover",/static-assets/images/teams/small/5.png?v=6.08
1565782298-210,https://www.prokabaddi.com/stats/49-28-super-tackles-statistics,7,"Amit Sheoran",7,2,Defender,/static-assets/images/teams/small/1.png?v=6.08
1565782298-211,https://www.prokabaddi.com/stats/49-28-super-tackles-statistics,7,"Jadhav Balasaheb Shahaji",4,2,"Defender, right cover",/static-assets/images/teams/small/7.png?v=6.08
1565782298-212,https://www.prokabaddi.com/stats/49-28-super-tackles-statistics,7,Ankit,7,2,"Defender, right corner",/static-assets/images/teams/small/31.png?v=6.08
1565782298-213,https://www.prokabaddi.com/stats/49-28-super-tackles-statistics,7,Jaideep,7,2,"Defender, left corner",/static-assets/images/teams/small/6.png?v=6.08
1565782296-178,https://www.prokabaddi.com/stats/49-23-successful-tackles-statistics,4,Jaideep,7,22,"Defender, left corner",/static-assets/images/teams/small/6.png?v=6.08
1565782298-214,https://www.prokabaddi.com/stats/49-28-super-tackles-statistics,20,"Saurabh Nandal",6,1,"Defender, left corner",/static-assets/images/teams/small/1.png?v=6.08
1565782301-215,https://www.prokabaddi.com/stats/49-102-total-points-statistics,1,"Pawan Kumar Sehrawat",7,96,Raider,/static-assets/images/teams/small/1.png?v=6.08
1565782301-216,https://www.prokabaddi.com/stats/49-102-total-points-statistics,2,"Naveen Kumar",6,65,Raider,/static-assets/images/teams/small/2.png?v=6.08
1565782301-217,https://www.prokabaddi.com/stats/49-102-total-points-statistics,3,"Pardeep Narwal",7,59,Raider,/static-assets/images/teams/small/6.png?v=6.08
1565782301-218,https://www.prokabaddi.com/stats/49-102-total-points-statistics,4,"Siddharth Sirish Desai",8,52,Raider,/static-assets/images/teams/small/8.png?v=6.08
1565782301-219,https://www.prokabaddi.com/stats/49-102-total-points-statistics,5,"Maninder Singh",6,50,Raider,/static-assets/images/teams/small/4.png?v=6.08
1565782301-220,https://www.prokabaddi.com/stats/49-102-total-points-statistics,6,"Rahul Chaudhari",6,47,Raider,/static-assets/images/teams/small/29.png?v=6.08
1565782301-221,https://www.prokabaddi.com/stats/49-102-total-points-statistics,7,"Rohit Gulia",7,44,"All Rounder",/static-assets/images/teams/small/31.png?v=6.08
1565782301-222,https://www.prokabaddi.com/stats/49-102-total-points-statistics,8,"Deepak Niwas Hooda",5,43,"All Rounder",/static-assets/images/teams/small/3.png?v=6.08
1565782301-223,https://www.prokabaddi.com/stats/49-102-total-points-statistics,9,"Chandran Ranjit",6,41,Raider,/static-assets/images/teams/small/2.png?v=6.08
1565782296-179,https://www.prokabaddi.com/stats/49-23-successful-tackles-statistics,4,"Sandeep Kumar Dhull",5,22,"Defender, left corner",/static-assets/images/teams/small/3.png?v=6.08
1565782301-224,https://www.prokabaddi.com/stats/49-102-total-points-statistics,10,"Mohammad Esmaeil Nabibakhsh",6,39,"All Rounder",/static-assets/images/teams/small/4.png?v=6.08
1565782301-225,https://www.prokabaddi.com/stats/49-102-total-points-statistics,11,"Abhishek Singh",6,36,Raider,/static-assets/images/teams/small/5.png?v=6.08
1565782301-226,https://www.prokabaddi.com/stats/49-102-total-points-statistics,12,"Sachin Tanwar",7,35,Raider,/static-assets/images/teams/small/31.png?v=6.08
1565782301-227,https://www.prokabaddi.com/stats/49-102-total-points-statistics,12,Naveen,6,35,Raider,/static-assets/images/teams/small/28.png?v=6.08
1565782301-228,https://www.prokabaddi.com/stats/49-102-total-points-statistics,14,"Rohit Kumar",7,34,Raider,/static-assets/images/teams/small/1.png?v=6.08
1565782301-229,https://www.prokabaddi.com/stats/49-102-total-points-statistics,14,"K. Prapanjan",6,34,Raider,/static-assets/images/teams/small/4.png?v=6.08
1565782301-230,https://www.prokabaddi.com/stats/49-102-total-points-statistics,16,"Suraj Desai",6,32,Raider,/static-assets/images/teams/small/8.png?v=6.08
1565782301-231,https://www.prokabaddi.com/stats/49-102-total-points-statistics,17,"Monu Goyat",7,31,Raider,/static-assets/images/teams/small/30.png?v=6.08
1565782301-232,https://www.prokabaddi.com/stats/49-102-total-points-statistics,17,"More GB",7,31,Raider,/static-assets/images/teams/small/31.png?v=6.08
1565782301-233,https://www.prokabaddi.com/stats/49-102-total-points-statistics,19,"Vikash Kandola",3,30,Raider,/static-assets/images/teams/small/28.png?v=6.08
1565782296-180,https://www.prokabaddi.com/stats/49-23-successful-tackles-statistics,4,Sumit,7,22,"Defender, left corner",/static-assets/images/teams/small/30.png?v=6.08
1565782301-234,https://www.prokabaddi.com/stats/49-102-total-points-statistics,20,"Ajay Thakur",6,29,Raider,/static-assets/images/teams/small/29.png?v=6.08
1565782296-181,https://www.prokabaddi.com/stats/49-23-successful-tackles-statistics,7,"Parvesh Bhainswal",7,20,"Defender, left cover",/static-assets/images/teams/small/31.png?v=6.08
1565782296-182,https://www.prokabaddi.com/stats/49-23-successful-tackles-statistics,7,"Baldev Singh",6,20,"Defender, right corner",/static-assets/images/teams/small/4.png?v=6.08
1565782296-183,https://www.prokabaddi.com/stats/49-23-successful-tackles-statistics,9,"Neeraj Kumar",7,18,"Defender, right cover",/static-assets/images/teams/small/6.png?v=6.08
