﻿web-scraper-order,web-scraper-start-url,name,rank,team_id,matches,points
1566646252-1,https://www.prokabaddi.com/stats/49-97-raid-points-statistics,"Bengal Warriors",1,/static-assets/images/teams/small/4.png?v=6.08,9,173
1566646252-10,https://www.prokabaddi.com/stats/49-97-raid-points-statistics,"Jaipur Pink Panthers",10,/static-assets/images/teams/small/3.png?v=6.08,9,138
1566646252-11,https://www.prokabaddi.com/stats/49-97-raid-points-statistics,"Dabang Delhi K.C.",11,/static-assets/images/teams/small/2.png?v=6.08,7,129
1566646252-12,https://www.prokabaddi.com/stats/49-97-raid-points-statistics,"U.P. Yoddha",12,/static-assets/images/teams/small/30.png?v=6.08,9,119
1566646257-13,https://www.prokabaddi.com/stats/49-140-avg-points-scored-statistics,"Bengal Warriors",1,/static-assets/images/teams/small/4.png?v=6.08,9,29.11
1566646257-14,https://www.prokabaddi.com/stats/49-140-avg-points-scored-statistics,"Bengaluru Bulls",2,/static-assets/images/teams/small/1.png?v=6.08,9,29
1566646257-15,https://www.prokabaddi.com/stats/49-140-avg-points-scored-statistics,"Puneri Paltan",3,/static-assets/images/teams/small/7.png?v=6.08,9,27
1566646257-16,https://www.prokabaddi.com/stats/49-140-avg-points-scored-statistics,"Dabang Delhi K.C.",4,/static-assets/images/teams/small/2.png?v=6.08,7,26.71
1566646257-17,https://www.prokabaddi.com/stats/49-140-avg-points-scored-statistics,"Jaipur Pink Panthers",5,/static-assets/images/teams/small/3.png?v=6.08,9,26.55
1566646257-18,https://www.prokabaddi.com/stats/49-140-avg-points-scored-statistics,"Haryana Steelers",6,/static-assets/images/teams/small/28.png?v=6.08,9,26.44
1566646257-19,https://www.prokabaddi.com/stats/49-140-avg-points-scored-statistics,"Gujarat Fortunegiants",7,/static-assets/images/teams/small/31.png?v=6.08,10,26.1
1566646252-2,https://www.prokabaddi.com/stats/49-97-raid-points-statistics,"Bengaluru Bulls",2,/static-assets/images/teams/small/1.png?v=6.08,9,171
1566646257-20,https://www.prokabaddi.com/stats/49-140-avg-points-scored-statistics,"Telugu Titans",8,/static-assets/images/teams/small/8.png?v=6.08,9,25.33
1566646257-21,https://www.prokabaddi.com/stats/49-140-avg-points-scored-statistics,"Tamil Thalaivas",9,/static-assets/images/teams/small/29.png?v=6.08,10,24.9
1566646257-22,https://www.prokabaddi.com/stats/49-140-avg-points-scored-statistics,"U Mumba",10,/static-assets/images/teams/small/5.png?v=6.08,10,24.5
1566646257-23,https://www.prokabaddi.com/stats/49-140-avg-points-scored-statistics,"Patna Pirates",11,/static-assets/images/teams/small/6.png?v=6.08,10,24.4
1566646257-24,https://www.prokabaddi.com/stats/49-140-avg-points-scored-statistics,"U.P. Yoddha",12,/static-assets/images/teams/small/30.png?v=6.08,9,23
1566646260-25,https://www.prokabaddi.com/stats/49-134-super-raid-statistics,"Bengal Warriors",1,/static-assets/images/teams/small/4.png?v=6.08,9,6
1566646260-26,https://www.prokabaddi.com/stats/49-134-super-raid-statistics,"Haryana Steelers",2,/static-assets/images/teams/small/28.png?v=6.08,9,4
1566646260-27,https://www.prokabaddi.com/stats/49-134-super-raid-statistics,"Tamil Thalaivas",3,/static-assets/images/teams/small/29.png?v=6.08,10,3
1566646260-28,https://www.prokabaddi.com/stats/49-134-super-raid-statistics,"Bengaluru Bulls",3,/static-assets/images/teams/small/1.png?v=6.08,9,3
1566646260-29,https://www.prokabaddi.com/stats/49-134-super-raid-statistics,"Dabang Delhi K.C.",3,/static-assets/images/teams/small/2.png?v=6.08,7,3
1566646252-3,https://www.prokabaddi.com/stats/49-97-raid-points-statistics,"Gujarat Fortunegiants",3,/static-assets/images/teams/small/31.png?v=6.08,10,156
1566646260-30,https://www.prokabaddi.com/stats/49-134-super-raid-statistics,"U Mumba",3,/static-assets/images/teams/small/5.png?v=6.08,10,3
1566646260-31,https://www.prokabaddi.com/stats/49-134-super-raid-statistics,"Patna Pirates",3,/static-assets/images/teams/small/6.png?v=6.08,10,3
1566646260-32,https://www.prokabaddi.com/stats/49-134-super-raid-statistics,"Jaipur Pink Panthers",8,/static-assets/images/teams/small/3.png?v=6.08,9,2
1566646260-33,https://www.prokabaddi.com/stats/49-134-super-raid-statistics,"Gujarat Fortunegiants",8,/static-assets/images/teams/small/31.png?v=6.08,10,2
1566646260-34,https://www.prokabaddi.com/stats/49-134-super-raid-statistics,"Telugu Titans",8,/static-assets/images/teams/small/8.png?v=6.08,9,2
1566646260-35,https://www.prokabaddi.com/stats/49-134-super-raid-statistics,"Puneri Paltan",11,/static-assets/images/teams/small/7.png?v=6.08,9,1
1566646264-36,https://www.prokabaddi.com/stats/49-15-successful-tackles-statistics,"Gujarat Fortunegiants",1,/static-assets/images/teams/small/31.png?v=6.08,10,96
1566646264-37,https://www.prokabaddi.com/stats/49-15-successful-tackles-statistics,"Jaipur Pink Panthers",2,/static-assets/images/teams/small/3.png?v=6.08,9,93
1566646264-38,https://www.prokabaddi.com/stats/49-15-successful-tackles-statistics,"Tamil Thalaivas",2,/static-assets/images/teams/small/29.png?v=6.08,10,93
1566646264-39,https://www.prokabaddi.com/stats/49-15-successful-tackles-statistics,"Puneri Paltan",4,/static-assets/images/teams/small/7.png?v=6.08,9,91
1566646252-4,https://www.prokabaddi.com/stats/49-97-raid-points-statistics,"U Mumba",4,/static-assets/images/teams/small/5.png?v=6.08,10,154
1566646264-40,https://www.prokabaddi.com/stats/49-15-successful-tackles-statistics,"Patna Pirates",5,/static-assets/images/teams/small/6.png?v=6.08,10,87
1566646264-41,https://www.prokabaddi.com/stats/49-15-successful-tackles-statistics,"Telugu Titans",6,/static-assets/images/teams/small/8.png?v=6.08,9,83
1566646264-42,https://www.prokabaddi.com/stats/49-15-successful-tackles-statistics,"Bengal Warriors",6,/static-assets/images/teams/small/4.png?v=6.08,9,83
1566646264-43,https://www.prokabaddi.com/stats/49-15-successful-tackles-statistics,"U.P. Yoddha",8,/static-assets/images/teams/small/30.png?v=6.08,9,82
1566646264-44,https://www.prokabaddi.com/stats/49-15-successful-tackles-statistics,"U Mumba",9,/static-assets/images/teams/small/5.png?v=6.08,10,80
1566646264-45,https://www.prokabaddi.com/stats/49-15-successful-tackles-statistics,"Haryana Steelers",10,/static-assets/images/teams/small/28.png?v=6.08,9,79
1566646264-46,https://www.prokabaddi.com/stats/49-15-successful-tackles-statistics,"Bengaluru Bulls",11,/static-assets/images/teams/small/1.png?v=6.08,9,75
1566646264-47,https://www.prokabaddi.com/stats/49-15-successful-tackles-statistics,"Dabang Delhi K.C.",12,/static-assets/images/teams/small/2.png?v=6.08,7,53
1566646268-48,https://www.prokabaddi.com/stats/49-99-avg-tackle-points-statistics,"Puneri Paltan",1,/static-assets/images/teams/small/7.png?v=6.08,9,11.44
1566646268-49,https://www.prokabaddi.com/stats/49-99-avg-tackle-points-statistics,"Jaipur Pink Panthers",2,/static-assets/images/teams/small/3.png?v=6.08,9,11.22
1566646252-5,https://www.prokabaddi.com/stats/49-97-raid-points-statistics,"Haryana Steelers",5,/static-assets/images/teams/small/28.png?v=6.08,9,153
1566646268-50,https://www.prokabaddi.com/stats/49-99-avg-tackle-points-statistics,"Gujarat Fortunegiants",3,/static-assets/images/teams/small/31.png?v=6.08,10,10.5
1566646268-51,https://www.prokabaddi.com/stats/49-99-avg-tackle-points-statistics,"Bengaluru Bulls",4,/static-assets/images/teams/small/1.png?v=6.08,9,10
1566646268-52,https://www.prokabaddi.com/stats/49-99-avg-tackle-points-statistics,"Patna Pirates",4,/static-assets/images/teams/small/6.png?v=6.08,10,10
1566646268-53,https://www.prokabaddi.com/stats/49-99-avg-tackle-points-statistics,"Bengal Warriors",6,/static-assets/images/teams/small/4.png?v=6.08,9,9.89
1566646268-54,https://www.prokabaddi.com/stats/49-99-avg-tackle-points-statistics,"Telugu Titans",7,/static-assets/images/teams/small/8.png?v=6.08,9,9.78
1566646268-55,https://www.prokabaddi.com/stats/49-99-avg-tackle-points-statistics,"U.P. Yoddha",7,/static-assets/images/teams/small/30.png?v=6.08,9,9.78
1566646268-56,https://www.prokabaddi.com/stats/49-99-avg-tackle-points-statistics,"Tamil Thalaivas",9,/static-assets/images/teams/small/29.png?v=6.08,10,9.7
1566646268-57,https://www.prokabaddi.com/stats/49-99-avg-tackle-points-statistics,"Haryana Steelers",10,/static-assets/images/teams/small/28.png?v=6.08,9,9.44
1566646268-58,https://www.prokabaddi.com/stats/49-99-avg-tackle-points-statistics,"U Mumba",11,/static-assets/images/teams/small/5.png?v=6.08,10,9.1
1566646268-59,https://www.prokabaddi.com/stats/49-99-avg-tackle-points-statistics,"Dabang Delhi K.C.",12,/static-assets/images/teams/small/2.png?v=6.08,7,8.29
1566646252-6,https://www.prokabaddi.com/stats/49-97-raid-points-statistics,"Tamil Thalaivas",6,/static-assets/images/teams/small/29.png?v=6.08,10,152
1566646252-7,https://www.prokabaddi.com/stats/49-97-raid-points-statistics,"Patna Pirates",7,/static-assets/images/teams/small/6.png?v=6.08,10,144
1566646252-8,https://www.prokabaddi.com/stats/49-97-raid-points-statistics,"Puneri Paltan",8,/static-assets/images/teams/small/7.png?v=6.08,9,140
1566646252-9,https://www.prokabaddi.com/stats/49-97-raid-points-statistics,"Telugu Titans",8,/static-assets/images/teams/small/8.png?v=6.08,9,140
1566646272-60,https://www.prokabaddi.com/stats/49-96-total-points-scored-statistics,"Bengal Warriors",1,/static-assets/images/teams/small/4.png?v=6.08,9,312
1566646272-69,https://www.prokabaddi.com/stats/49-96-total-points-scored-statistics,"Telugu Titans",10,/static-assets/images/teams/small/8.png?v=6.08,9,251
1566646272-70,https://www.prokabaddi.com/stats/49-96-total-points-scored-statistics,"U.P. Yoddha",11,/static-assets/images/teams/small/30.png?v=6.08,9,230
1566646272-71,https://www.prokabaddi.com/stats/49-96-total-points-scored-statistics,"Dabang Delhi K.C.",12,/static-assets/images/teams/small/2.png?v=6.08,7,228
1566646275-72,https://www.prokabaddi.com/stats/49-133-total-points-conceded-statistics,"Patna Pirates",1,/static-assets/images/teams/small/6.png?v=6.08,10,307
1566646275-73,https://www.prokabaddi.com/stats/49-133-total-points-conceded-statistics,"U.P. Yoddha",2,/static-assets/images/teams/small/30.png?v=6.08,9,297
1566646275-74,https://www.prokabaddi.com/stats/49-133-total-points-conceded-statistics,"Haryana Steelers",3,/static-assets/images/teams/small/28.png?v=6.08,9,293
1566646275-75,https://www.prokabaddi.com/stats/49-133-total-points-conceded-statistics,"Bengaluru Bulls",4,/static-assets/images/teams/small/1.png?v=6.08,9,288
1566646275-76,https://www.prokabaddi.com/stats/49-133-total-points-conceded-statistics,"Telugu Titans",5,/static-assets/images/teams/small/8.png?v=6.08,9,287
1566646275-77,https://www.prokabaddi.com/stats/49-133-total-points-conceded-statistics,"Tamil Thalaivas",6,/static-assets/images/teams/small/29.png?v=6.08,10,284
1566646275-78,https://www.prokabaddi.com/stats/49-133-total-points-conceded-statistics,"U Mumba",7,/static-assets/images/teams/small/5.png?v=6.08,10,283
1566646272-61,https://www.prokabaddi.com/stats/49-96-total-points-scored-statistics,"Bengaluru Bulls",2,/static-assets/images/teams/small/1.png?v=6.08,9,296
1566646275-79,https://www.prokabaddi.com/stats/49-133-total-points-conceded-statistics,"Puneri Paltan",8,/static-assets/images/teams/small/7.png?v=6.08,9,280
1566646275-80,https://www.prokabaddi.com/stats/49-133-total-points-conceded-statistics,"Gujarat Fortunegiants",9,/static-assets/images/teams/small/31.png?v=6.08,10,274
1566646275-81,https://www.prokabaddi.com/stats/49-133-total-points-conceded-statistics,"Bengal Warriors",10,/static-assets/images/teams/small/4.png?v=6.08,9,251
1566646275-82,https://www.prokabaddi.com/stats/49-133-total-points-conceded-statistics,"Jaipur Pink Panthers",11,/static-assets/images/teams/small/3.png?v=6.08,9,226
1566646275-83,https://www.prokabaddi.com/stats/49-133-total-points-conceded-statistics,"Dabang Delhi K.C.",12,/static-assets/images/teams/small/2.png?v=6.08,7,198
1566646278-84,https://www.prokabaddi.com/stats/49-95-tackle-points-statistics,"Gujarat Fortunegiants",1,/static-assets/images/teams/small/31.png?v=6.08,10,105
1566646278-85,https://www.prokabaddi.com/stats/49-95-tackle-points-statistics,"Puneri Paltan",2,/static-assets/images/teams/small/7.png?v=6.08,9,103
1566646278-86,https://www.prokabaddi.com/stats/49-95-tackle-points-statistics,"Jaipur Pink Panthers",3,/static-assets/images/teams/small/3.png?v=6.08,9,101
1566646278-87,https://www.prokabaddi.com/stats/49-95-tackle-points-statistics,"Patna Pirates",4,/static-assets/images/teams/small/6.png?v=6.08,10,100
1566646278-88,https://www.prokabaddi.com/stats/49-95-tackle-points-statistics,"Tamil Thalaivas",5,/static-assets/images/teams/small/29.png?v=6.08,10,97
1566646272-62,https://www.prokabaddi.com/stats/49-96-total-points-scored-statistics,"Gujarat Fortunegiants",3,/static-assets/images/teams/small/31.png?v=6.08,10,294
1566646278-89,https://www.prokabaddi.com/stats/49-95-tackle-points-statistics,"U Mumba",6,/static-assets/images/teams/small/5.png?v=6.08,10,91
1566646278-90,https://www.prokabaddi.com/stats/49-95-tackle-points-statistics,"Bengaluru Bulls",7,/static-assets/images/teams/small/1.png?v=6.08,9,90
1566646278-91,https://www.prokabaddi.com/stats/49-95-tackle-points-statistics,"Bengal Warriors",8,/static-assets/images/teams/small/4.png?v=6.08,9,89
1566646278-92,https://www.prokabaddi.com/stats/49-95-tackle-points-statistics,"Telugu Titans",9,/static-assets/images/teams/small/8.png?v=6.08,9,88
1566646278-93,https://www.prokabaddi.com/stats/49-95-tackle-points-statistics,"U.P. Yoddha",9,/static-assets/images/teams/small/30.png?v=6.08,9,88
1566646278-94,https://www.prokabaddi.com/stats/49-95-tackle-points-statistics,"Haryana Steelers",11,/static-assets/images/teams/small/28.png?v=6.08,9,85
1566646278-95,https://www.prokabaddi.com/stats/49-95-tackle-points-statistics,"Dabang Delhi K.C.",12,/static-assets/images/teams/small/2.png?v=6.08,7,58
1566646283-96,https://www.prokabaddi.com/stats/49-136-all-outs-inflicted-statistics,"Bengal Warriors",1,/static-assets/images/teams/small/4.png?v=6.08,9,16
1566646283-97,https://www.prokabaddi.com/stats/49-136-all-outs-inflicted-statistics,"U Mumba",2,/static-assets/images/teams/small/5.png?v=6.08,10,12
1566646283-98,https://www.prokabaddi.com/stats/49-136-all-outs-inflicted-statistics,"Patna Pirates",3,/static-assets/images/teams/small/6.png?v=6.08,10,11
1566646272-63,https://www.prokabaddi.com/stats/49-96-total-points-scored-statistics,"Tamil Thalaivas",4,/static-assets/images/teams/small/29.png?v=6.08,10,290
1566646283-99,https://www.prokabaddi.com/stats/49-136-all-outs-inflicted-statistics,"Jaipur Pink Panthers",4,/static-assets/images/teams/small/3.png?v=6.08,9,10
1566646283-100,https://www.prokabaddi.com/stats/49-136-all-outs-inflicted-statistics,"Tamil Thalaivas",4,/static-assets/images/teams/small/29.png?v=6.08,10,10
1566646283-101,https://www.prokabaddi.com/stats/49-136-all-outs-inflicted-statistics,"Gujarat Fortunegiants",4,/static-assets/images/teams/small/31.png?v=6.08,10,10
1566646283-102,https://www.prokabaddi.com/stats/49-136-all-outs-inflicted-statistics,"Haryana Steelers",7,/static-assets/images/teams/small/28.png?v=6.08,9,9
1566646283-103,https://www.prokabaddi.com/stats/49-136-all-outs-inflicted-statistics,"Bengaluru Bulls",7,/static-assets/images/teams/small/1.png?v=6.08,9,9
1566646283-104,https://www.prokabaddi.com/stats/49-136-all-outs-inflicted-statistics,"Dabang Delhi K.C.",7,/static-assets/images/teams/small/2.png?v=6.08,7,9
1566646283-105,https://www.prokabaddi.com/stats/49-136-all-outs-inflicted-statistics,"U.P. Yoddha",10,/static-assets/images/teams/small/30.png?v=6.08,9,6
1566646283-106,https://www.prokabaddi.com/stats/49-136-all-outs-inflicted-statistics,"Puneri Paltan",11,/static-assets/images/teams/small/7.png?v=6.08,9,5
1566646283-107,https://www.prokabaddi.com/stats/49-136-all-outs-inflicted-statistics,"Telugu Titans",12,/static-assets/images/teams/small/8.png?v=6.08,9,4
1566646286-108,https://www.prokabaddi.com/stats/49-135-do-or-die-raid-points-statistics,"U Mumba",1,/static-assets/images/teams/small/5.png?v=6.08,10,41
1566646272-64,https://www.prokabaddi.com/stats/49-96-total-points-scored-statistics,"U Mumba",5,/static-assets/images/teams/small/5.png?v=6.08,10,288
1566646286-109,https://www.prokabaddi.com/stats/49-135-do-or-die-raid-points-statistics,"Puneri Paltan",2,/static-assets/images/teams/small/7.png?v=6.08,9,38
1566646286-110,https://www.prokabaddi.com/stats/49-135-do-or-die-raid-points-statistics,"Jaipur Pink Panthers",3,/static-assets/images/teams/small/3.png?v=6.08,9,35
1566646286-111,https://www.prokabaddi.com/stats/49-135-do-or-die-raid-points-statistics,"Gujarat Fortunegiants",4,/static-assets/images/teams/small/31.png?v=6.08,10,33
1566646286-112,https://www.prokabaddi.com/stats/49-135-do-or-die-raid-points-statistics,"Tamil Thalaivas",5,/static-assets/images/teams/small/29.png?v=6.08,10,31
1566646286-113,https://www.prokabaddi.com/stats/49-135-do-or-die-raid-points-statistics,"Haryana Steelers",6,/static-assets/images/teams/small/28.png?v=6.08,9,29
1566646286-114,https://www.prokabaddi.com/stats/49-135-do-or-die-raid-points-statistics,"Patna Pirates",6,/static-assets/images/teams/small/6.png?v=6.08,10,29
1566646286-115,https://www.prokabaddi.com/stats/49-135-do-or-die-raid-points-statistics,"U.P. Yoddha",8,/static-assets/images/teams/small/30.png?v=6.08,9,28
1566646286-116,https://www.prokabaddi.com/stats/49-135-do-or-die-raid-points-statistics,"Bengal Warriors",9,/static-assets/images/teams/small/4.png?v=6.08,9,24
1566646286-117,https://www.prokabaddi.com/stats/49-135-do-or-die-raid-points-statistics,"Telugu Titans",10,/static-assets/images/teams/small/8.png?v=6.08,9,21
1566646286-118,https://www.prokabaddi.com/stats/49-135-do-or-die-raid-points-statistics,"Bengaluru Bulls",11,/static-assets/images/teams/small/1.png?v=6.08,9,16
1566646272-65,https://www.prokabaddi.com/stats/49-96-total-points-scored-statistics,"Patna Pirates",6,/static-assets/images/teams/small/6.png?v=6.08,10,280
1566646286-119,https://www.prokabaddi.com/stats/49-135-do-or-die-raid-points-statistics,"Dabang Delhi K.C.",11,/static-assets/images/teams/small/2.png?v=6.08,7,16
1566646272-66,https://www.prokabaddi.com/stats/49-96-total-points-scored-statistics,"Jaipur Pink Panthers",7,/static-assets/images/teams/small/3.png?v=6.08,9,271
1566646272-67,https://www.prokabaddi.com/stats/49-96-total-points-scored-statistics,"Haryana Steelers",8,/static-assets/images/teams/small/28.png?v=6.08,9,267
1566646272-68,https://www.prokabaddi.com/stats/49-96-total-points-scored-statistics,"Puneri Paltan",9,/static-assets/images/teams/small/7.png?v=6.08,9,261
1566646289-120,https://www.prokabaddi.com/stats/49-20-super-tackles-statistics,"Bengaluru Bulls",1,/static-assets/images/teams/small/1.png?v=6.08,9,16
1566646289-129,https://www.prokabaddi.com/stats/49-20-super-tackles-statistics,"Telugu Titans",9,/static-assets/images/teams/small/8.png?v=6.08,9,6
1566646289-130,https://www.prokabaddi.com/stats/49-20-super-tackles-statistics,"Haryana Steelers",9,/static-assets/images/teams/small/28.png?v=6.08,9,6
1566646289-131,https://www.prokabaddi.com/stats/49-20-super-tackles-statistics,"Tamil Thalaivas",9,/static-assets/images/teams/small/29.png?v=6.08,10,6
1566646292-132,https://www.prokabaddi.com/stats/49-13-successful-raids-statistics,"Bengal Warriors",1,/static-assets/images/teams/small/4.png?v=6.08,9,141
1566646292-133,https://www.prokabaddi.com/stats/49-13-successful-raids-statistics,"Bengaluru Bulls",2,/static-assets/images/teams/small/1.png?v=6.08,9,140
1566646292-134,https://www.prokabaddi.com/stats/49-13-successful-raids-statistics,"Patna Pirates",3,/static-assets/images/teams/small/6.png?v=6.08,10,127
1566646292-135,https://www.prokabaddi.com/stats/49-13-successful-raids-statistics,"Gujarat Fortunegiants",3,/static-assets/images/teams/small/31.png?v=6.08,10,127
1566646292-136,https://www.prokabaddi.com/stats/49-13-successful-raids-statistics,"Tamil Thalaivas",5,/static-assets/images/teams/small/29.png?v=6.08,10,124
1566646292-137,https://www.prokabaddi.com/stats/49-13-successful-raids-statistics,"Haryana Steelers",6,/static-assets/images/teams/small/28.png?v=6.08,9,123
1566646292-138,https://www.prokabaddi.com/stats/49-13-successful-raids-statistics,"Telugu Titans",7,/static-assets/images/teams/small/8.png?v=6.08,9,122
1566646289-121,https://www.prokabaddi.com/stats/49-20-super-tackles-statistics,"U Mumba",2,/static-assets/images/teams/small/5.png?v=6.08,10,13
1566646292-139,https://www.prokabaddi.com/stats/49-13-successful-raids-statistics,"U Mumba",8,/static-assets/images/teams/small/5.png?v=6.08,10,117
1566646292-140,https://www.prokabaddi.com/stats/49-13-successful-raids-statistics,"Jaipur Pink Panthers",9,/static-assets/images/teams/small/3.png?v=6.08,9,116
1566646292-141,https://www.prokabaddi.com/stats/49-13-successful-raids-statistics,"Puneri Paltan",9,/static-assets/images/teams/small/7.png?v=6.08,9,116
1566646292-142,https://www.prokabaddi.com/stats/49-13-successful-raids-statistics,"Dabang Delhi K.C.",11,/static-assets/images/teams/small/2.png?v=6.08,7,113
1566646292-143,https://www.prokabaddi.com/stats/49-13-successful-raids-statistics,"U.P. Yoddha",12,/static-assets/images/teams/small/30.png?v=6.08,9,94
1566646296-144,https://www.prokabaddi.com/stats/49-98-avg-raid-points-statistics,"Bengal Warriors",1,/static-assets/images/teams/small/4.png?v=6.08,9,19.22
1566646296-145,https://www.prokabaddi.com/stats/49-98-avg-raid-points-statistics,"Bengaluru Bulls",2,/static-assets/images/teams/small/1.png?v=6.08,9,19
1566646296-146,https://www.prokabaddi.com/stats/49-98-avg-raid-points-statistics,"Dabang Delhi K.C.",3,/static-assets/images/teams/small/2.png?v=6.08,7,18.43
1566646296-147,https://www.prokabaddi.com/stats/49-98-avg-raid-points-statistics,"Haryana Steelers",4,/static-assets/images/teams/small/28.png?v=6.08,9,17
1566646296-148,https://www.prokabaddi.com/stats/49-98-avg-raid-points-statistics,"Gujarat Fortunegiants",5,/static-assets/images/teams/small/31.png?v=6.08,10,15.6
1566646289-122,https://www.prokabaddi.com/stats/49-20-super-tackles-statistics,"Patna Pirates",2,/static-assets/images/teams/small/6.png?v=6.08,10,13
1566646296-149,https://www.prokabaddi.com/stats/49-98-avg-raid-points-statistics,"Puneri Paltan",6,/static-assets/images/teams/small/7.png?v=6.08,9,15.56
1566646296-150,https://www.prokabaddi.com/stats/49-98-avg-raid-points-statistics,"Telugu Titans",6,/static-assets/images/teams/small/8.png?v=6.08,9,15.56
1566646296-151,https://www.prokabaddi.com/stats/49-98-avg-raid-points-statistics,"U Mumba",8,/static-assets/images/teams/small/5.png?v=6.08,10,15.4
1566646296-152,https://www.prokabaddi.com/stats/49-98-avg-raid-points-statistics,"Jaipur Pink Panthers",9,/static-assets/images/teams/small/3.png?v=6.08,9,15.33
1566646296-153,https://www.prokabaddi.com/stats/49-98-avg-raid-points-statistics,"Tamil Thalaivas",10,/static-assets/images/teams/small/29.png?v=6.08,10,15.2
1566646296-154,https://www.prokabaddi.com/stats/49-98-avg-raid-points-statistics,"Patna Pirates",11,/static-assets/images/teams/small/6.png?v=6.08,10,14.4
1566646296-155,https://www.prokabaddi.com/stats/49-98-avg-raid-points-statistics,"U.P. Yoddha",12,/static-assets/images/teams/small/30.png?v=6.08,9,13.22
1566646289-123,https://www.prokabaddi.com/stats/49-20-super-tackles-statistics,"Puneri Paltan",4,/static-assets/images/teams/small/7.png?v=6.08,9,12
1566646289-124,https://www.prokabaddi.com/stats/49-20-super-tackles-statistics,"Gujarat Fortunegiants",5,/static-assets/images/teams/small/31.png?v=6.08,10,9
1566646289-125,https://www.prokabaddi.com/stats/49-20-super-tackles-statistics,"Jaipur Pink Panthers",6,/static-assets/images/teams/small/3.png?v=6.08,9,8
1566646289-126,https://www.prokabaddi.com/stats/49-20-super-tackles-statistics,"Bengal Warriors",7,/static-assets/images/teams/small/4.png?v=6.08,9,7
1566646289-127,https://www.prokabaddi.com/stats/49-20-super-tackles-statistics,"U.P. Yoddha",7,/static-assets/images/teams/small/30.png?v=6.08,9,7
1566646289-128,https://www.prokabaddi.com/stats/49-20-super-tackles-statistics,"Dabang Delhi K.C.",9,/static-assets/images/teams/small/2.png?v=6.08,7,6
