﻿web-scraper-order,web-scraper-start-url,name,team,type,points,credits,announced
1566398734-1,https://www.dream11.com/kabaddi/create-team/1092/15116,"S K Dhull",JAI,DEF,210,14.5,Announced
1566398734-10,https://www.dream11.com/kabaddi/create-team/1092/15116,Sagar,TAM,DEF,11,11,
1566398734-11,https://www.dream11.com/kabaddi/create-team/1092/15116,"M Sheibak",TAM,DEF,2,10.5,
1566398734-12,https://www.dream11.com/kabaddi/create-team/1092/15116,"P R.",JAI,DEF,25,10,
1566398734-13,https://www.dream11.com/kabaddi/create-team/1092/15116,Karamvir,JAI,DEF,0,10,
1566398734-14,https://www.dream11.com/kabaddi/create-team/1092/15116,Manjeet-Chhillar,TAM,ALL,166,15.5,
1566398734-15,https://www.dream11.com/kabaddi/create-team/1092/15116,"D N Hooda",JAI,ALL,314,15.5,Announced
1566398734-16,https://www.dream11.com/kabaddi/create-team/1092/15116,"N Rawal",JAI,ALL,89,14.5,Announced
1566398734-17,https://www.dream11.com/kabaddi/create-team/1092/15116,"R Singh",TAM,ALL,143,13.5,Announced
1566398734-18,https://www.dream11.com/kabaddi/create-team/1092/15116,"V O Obiero",TAM,ALL,0,13,
1566398734-19,https://www.dream11.com/kabaddi/create-team/1092/15116,Santhapanaselvam,JAI,ALL,0,13,
1566398734-2,https://www.dream11.com/kabaddi/create-team/1092/15116,"A Hooda",JAI,DEF,165,14.5,Announced
1566398734-20,https://www.dream11.com/kabaddi/create-team/1092/15116,Vishal,JAI,ALL,154,13,Announced
1566398734-21,https://www.dream11.com/kabaddi/create-team/1092/15116,"H Chauhan",TAM,ALL,2,12.5,
1566398734-22,https://www.dream11.com/kabaddi/create-team/1092/15116,"S Narwal",JAI,ALL,37,12.5,
1566398734-23,https://www.dream11.com/kabaddi/create-team/1092/15116,"D Kim",JAI,ALL,0,10.5,
1566398734-24,https://www.dream11.com/kabaddi/create-team/1092/15116,"A Thakur",TAM,RAI,145,16.5,Announced
1566398734-25,https://www.dream11.com/kabaddi/create-team/1092/15116,"R Chaudhari",TAM,RAI,225,16,Announced
1566398734-26,https://www.dream11.com/kabaddi/create-team/1092/15116,"D Narwal",JAI,RAI,136,14.5,
1566398734-27,https://www.dream11.com/kabaddi/create-team/1092/15116,"N Salunke",JAI,RAI,44,13.5,Announced
1566398734-28,https://www.dream11.com/kabaddi/create-team/1092/15116,"V Sharma",TAM,RAI,21,13,Announced
1566398734-29,https://www.dream11.com/kabaddi/create-team/1092/15116,"S Bappu",TAM,RAI,93,13,
1566398734-3,https://www.dream11.com/kabaddi/create-team/1092/15116,Mohit-Chillar,TAM,DEF,147,14,Announced
1566398734-30,https://www.dream11.com/kabaddi/create-team/1092/15116,"A Pawar",JAI,RAI,40,12.5,
1566398734-31,https://www.dream11.com/kabaddi/create-team/1092/15116,"V A Kumar",TAM,RAI,69,12,Announced
1566398734-32,https://www.dream11.com/kabaddi/create-team/1092/15116,"S Gulia",JAI,RAI,0,12,
1566398734-33,https://www.dream11.com/kabaddi/create-team/1092/15116,"L Kaushik",JAI,RAI,0,12,
1566398734-34,https://www.dream11.com/kabaddi/create-team/1092/15116,Anand,TAM,RAI,0,11.5,
1566398734-35,https://www.dream11.com/kabaddi/create-team/1092/15116,"Y Bishnoi",TAM,RAI,0,11.5,
1566398734-36,https://www.dream11.com/kabaddi/create-team/1092/15116,"M Chathuranga",JAI,RAI,1,11.5,
1566398734-37,https://www.dream11.com/kabaddi/create-team/1092/15116,"G Singh",JAI,RAI,0,11.5,
1566398734-4,https://www.dream11.com/kabaddi/create-team/1092/15116,"S Siddhgavali",JAI,DEF,67,13,Announced
1566398734-5,https://www.dream11.com/kabaddi/create-team/1092/15116,Ajeet,TAM,DEF,92,12.5,Announced
1566398734-6,https://www.dream11.com/kabaddi/create-team/1092/15116,"P Subramanian",TAM,DEF,4,12.5,
1566398734-7,https://www.dream11.com/kabaddi/create-team/1092/15116,"M Abishek",TAM,DEF,0,12,
1566398734-8,https://www.dream11.com/kabaddi/create-team/1092/15116,Himanshu,TAM,DEF,0,11.5,
1566398734-9,https://www.dream11.com/kabaddi/create-team/1092/15116,A.Elavarasan,JAI,DEF,0,11.5,
