﻿web-scraper-order,web-scraper-start-url,name,rank,team_id,matches,points
1566732641-1,https://www.prokabaddi.com/stats/49-97-raid-points-statistics,"Bengaluru Bulls",1,/static-assets/images/teams/small/1.png?v=6.08,10,190
1566732641-10,https://www.prokabaddi.com/stats/49-97-raid-points-statistics,"Patna Pirates",9,/static-assets/images/teams/small/6.png?v=6.08,10,144
1566732641-11,https://www.prokabaddi.com/stats/49-97-raid-points-statistics,"Puneri Paltan",11,/static-assets/images/teams/small/7.png?v=6.08,9,140
1566732641-12,https://www.prokabaddi.com/stats/49-97-raid-points-statistics,"U.P. Yoddha",12,/static-assets/images/teams/small/30.png?v=6.08,9,119
1566732644-13,https://www.prokabaddi.com/stats/49-140-avg-points-scored-statistics,"Bengal Warriors",1,/static-assets/images/teams/small/4.png?v=6.08,9,29.11
1566732644-14,https://www.prokabaddi.com/stats/49-140-avg-points-scored-statistics,"Bengaluru Bulls",2,/static-assets/images/teams/small/1.png?v=6.08,10,29
1566732644-15,https://www.prokabaddi.com/stats/49-140-avg-points-scored-statistics,"Dabang Delhi K.C.",3,/static-assets/images/teams/small/2.png?v=6.08,8,27.25
1566732644-16,https://www.prokabaddi.com/stats/49-140-avg-points-scored-statistics,"Puneri Paltan",4,/static-assets/images/teams/small/7.png?v=6.08,9,27
1566732644-17,https://www.prokabaddi.com/stats/49-140-avg-points-scored-statistics,"Haryana Steelers",5,/static-assets/images/teams/small/28.png?v=6.08,9,26.44
1566732644-18,https://www.prokabaddi.com/stats/49-140-avg-points-scored-statistics,"Gujarat Fortunegiants",6,/static-assets/images/teams/small/31.png?v=6.08,10,26.1
1566732644-19,https://www.prokabaddi.com/stats/49-140-avg-points-scored-statistics,"Jaipur Pink Panthers",7,/static-assets/images/teams/small/3.png?v=6.08,10,25.9
1566732641-2,https://www.prokabaddi.com/stats/49-97-raid-points-statistics,"Bengal Warriors",2,/static-assets/images/teams/small/4.png?v=6.08,9,173
1566732644-20,https://www.prokabaddi.com/stats/49-140-avg-points-scored-statistics,"Telugu Titans",8,/static-assets/images/teams/small/8.png?v=6.08,10,25.2
1566732644-21,https://www.prokabaddi.com/stats/49-140-avg-points-scored-statistics,"Tamil Thalaivas",9,/static-assets/images/teams/small/29.png?v=6.08,10,24.9
1566732644-22,https://www.prokabaddi.com/stats/49-140-avg-points-scored-statistics,"U Mumba",10,/static-assets/images/teams/small/5.png?v=6.08,10,24.5
1566732644-23,https://www.prokabaddi.com/stats/49-140-avg-points-scored-statistics,"Patna Pirates",11,/static-assets/images/teams/small/6.png?v=6.08,10,24.4
1566732644-24,https://www.prokabaddi.com/stats/49-140-avg-points-scored-statistics,"U.P. Yoddha",12,/static-assets/images/teams/small/30.png?v=6.08,9,23
1566732647-25,https://www.prokabaddi.com/stats/49-134-super-raid-statistics,"Bengal Warriors",1,/static-assets/images/teams/small/4.png?v=6.08,9,6
1566732647-26,https://www.prokabaddi.com/stats/49-134-super-raid-statistics,"Haryana Steelers",2,/static-assets/images/teams/small/28.png?v=6.08,9,4
1566732647-27,https://www.prokabaddi.com/stats/49-134-super-raid-statistics,"Tamil Thalaivas",3,/static-assets/images/teams/small/29.png?v=6.08,10,3
1566732647-28,https://www.prokabaddi.com/stats/49-134-super-raid-statistics,"Bengaluru Bulls",3,/static-assets/images/teams/small/1.png?v=6.08,10,3
1566732647-29,https://www.prokabaddi.com/stats/49-134-super-raid-statistics,"Dabang Delhi K.C.",3,/static-assets/images/teams/small/2.png?v=6.08,8,3
1566732641-3,https://www.prokabaddi.com/stats/49-97-raid-points-statistics,"Gujarat Fortunegiants",3,/static-assets/images/teams/small/31.png?v=6.08,10,156
1566732647-30,https://www.prokabaddi.com/stats/49-134-super-raid-statistics,"U Mumba",3,/static-assets/images/teams/small/5.png?v=6.08,10,3
1566732647-31,https://www.prokabaddi.com/stats/49-134-super-raid-statistics,"Patna Pirates",3,/static-assets/images/teams/small/6.png?v=6.08,10,3
1566732647-32,https://www.prokabaddi.com/stats/49-134-super-raid-statistics,"Jaipur Pink Panthers",8,/static-assets/images/teams/small/3.png?v=6.08,10,2
1566732647-33,https://www.prokabaddi.com/stats/49-134-super-raid-statistics,"Gujarat Fortunegiants",8,/static-assets/images/teams/small/31.png?v=6.08,10,2
1566732647-34,https://www.prokabaddi.com/stats/49-134-super-raid-statistics,"Telugu Titans",8,/static-assets/images/teams/small/8.png?v=6.08,10,2
1566732647-35,https://www.prokabaddi.com/stats/49-134-super-raid-statistics,"Puneri Paltan",11,/static-assets/images/teams/small/7.png?v=6.08,9,1
1566732649-36,https://www.prokabaddi.com/stats/49-15-successful-tackles-statistics,"Jaipur Pink Panthers",1,/static-assets/images/teams/small/3.png?v=6.08,10,102
1566732649-37,https://www.prokabaddi.com/stats/49-15-successful-tackles-statistics,"Gujarat Fortunegiants",2,/static-assets/images/teams/small/31.png?v=6.08,10,96
1566732649-38,https://www.prokabaddi.com/stats/49-15-successful-tackles-statistics,"Telugu Titans",3,/static-assets/images/teams/small/8.png?v=6.08,10,95
1566732649-39,https://www.prokabaddi.com/stats/49-15-successful-tackles-statistics,"Tamil Thalaivas",4,/static-assets/images/teams/small/29.png?v=6.08,10,93
1566732641-4,https://www.prokabaddi.com/stats/49-97-raid-points-statistics,"U Mumba",4,/static-assets/images/teams/small/5.png?v=6.08,10,154
1566732649-40,https://www.prokabaddi.com/stats/49-15-successful-tackles-statistics,"Puneri Paltan",5,/static-assets/images/teams/small/7.png?v=6.08,9,91
1566732649-41,https://www.prokabaddi.com/stats/49-15-successful-tackles-statistics,"Patna Pirates",6,/static-assets/images/teams/small/6.png?v=6.08,10,87
1566732649-42,https://www.prokabaddi.com/stats/49-15-successful-tackles-statistics,"Bengaluru Bulls",7,/static-assets/images/teams/small/1.png?v=6.08,10,85
1566732649-43,https://www.prokabaddi.com/stats/49-15-successful-tackles-statistics,"Bengal Warriors",8,/static-assets/images/teams/small/4.png?v=6.08,9,83
1566732649-44,https://www.prokabaddi.com/stats/49-15-successful-tackles-statistics,"U.P. Yoddha",9,/static-assets/images/teams/small/30.png?v=6.08,9,82
1566732649-45,https://www.prokabaddi.com/stats/49-15-successful-tackles-statistics,"U Mumba",10,/static-assets/images/teams/small/5.png?v=6.08,10,80
1566732649-46,https://www.prokabaddi.com/stats/49-15-successful-tackles-statistics,"Haryana Steelers",11,/static-assets/images/teams/small/28.png?v=6.08,9,79
1566732649-47,https://www.prokabaddi.com/stats/49-15-successful-tackles-statistics,"Dabang Delhi K.C.",12,/static-assets/images/teams/small/2.png?v=6.08,8,63
1566732652-48,https://www.prokabaddi.com/stats/49-99-avg-tackle-points-statistics,"Jaipur Pink Panthers",1,/static-assets/images/teams/small/3.png?v=6.08,10,11.5
1566732652-49,https://www.prokabaddi.com/stats/49-99-avg-tackle-points-statistics,"Puneri Paltan",2,/static-assets/images/teams/small/7.png?v=6.08,9,11.44
1566732641-5,https://www.prokabaddi.com/stats/49-97-raid-points-statistics,"Haryana Steelers",5,/static-assets/images/teams/small/28.png?v=6.08,9,153
1566732652-50,https://www.prokabaddi.com/stats/49-99-avg-tackle-points-statistics,"Gujarat Fortunegiants",3,/static-assets/images/teams/small/31.png?v=6.08,10,10.5
1566732652-51,https://www.prokabaddi.com/stats/49-99-avg-tackle-points-statistics,"Telugu Titans",4,/static-assets/images/teams/small/8.png?v=6.08,10,10.3
1566732652-52,https://www.prokabaddi.com/stats/49-99-avg-tackle-points-statistics,"Patna Pirates",5,/static-assets/images/teams/small/6.png?v=6.08,10,10
1566732652-53,https://www.prokabaddi.com/stats/49-99-avg-tackle-points-statistics,"Bengaluru Bulls",5,/static-assets/images/teams/small/1.png?v=6.08,10,10
1566732652-54,https://www.prokabaddi.com/stats/49-99-avg-tackle-points-statistics,"Bengal Warriors",7,/static-assets/images/teams/small/4.png?v=6.08,9,9.89
1566732652-55,https://www.prokabaddi.com/stats/49-99-avg-tackle-points-statistics,"U.P. Yoddha",8,/static-assets/images/teams/small/30.png?v=6.08,9,9.78
1566732652-56,https://www.prokabaddi.com/stats/49-99-avg-tackle-points-statistics,"Tamil Thalaivas",9,/static-assets/images/teams/small/29.png?v=6.08,10,9.7
1566732652-57,https://www.prokabaddi.com/stats/49-99-avg-tackle-points-statistics,"Haryana Steelers",10,/static-assets/images/teams/small/28.png?v=6.08,9,9.44
1566732652-58,https://www.prokabaddi.com/stats/49-99-avg-tackle-points-statistics,"U Mumba",11,/static-assets/images/teams/small/5.png?v=6.08,10,9.1
1566732652-59,https://www.prokabaddi.com/stats/49-99-avg-tackle-points-statistics,"Dabang Delhi K.C.",12,/static-assets/images/teams/small/2.png?v=6.08,8,8.5
1566732641-6,https://www.prokabaddi.com/stats/49-97-raid-points-statistics,"Tamil Thalaivas",6,/static-assets/images/teams/small/29.png?v=6.08,10,152
1566732641-7,https://www.prokabaddi.com/stats/49-97-raid-points-statistics,"Dabang Delhi K.C.",7,/static-assets/images/teams/small/2.png?v=6.08,8,150
1566732641-8,https://www.prokabaddi.com/stats/49-97-raid-points-statistics,"Telugu Titans",8,/static-assets/images/teams/small/8.png?v=6.08,10,149
1566732641-9,https://www.prokabaddi.com/stats/49-97-raid-points-statistics,"Jaipur Pink Panthers",9,/static-assets/images/teams/small/3.png?v=6.08,10,144
1566732655-60,https://www.prokabaddi.com/stats/49-96-total-points-scored-statistics,"Bengaluru Bulls",1,/static-assets/images/teams/small/1.png?v=6.08,10,327
1566732655-69,https://www.prokabaddi.com/stats/49-96-total-points-scored-statistics,"Dabang Delhi K.C.",10,/static-assets/images/teams/small/2.png?v=6.08,8,261
1566732655-70,https://www.prokabaddi.com/stats/49-96-total-points-scored-statistics,"Puneri Paltan",10,/static-assets/images/teams/small/7.png?v=6.08,9,261
1566732655-71,https://www.prokabaddi.com/stats/49-96-total-points-scored-statistics,"U.P. Yoddha",12,/static-assets/images/teams/small/30.png?v=6.08,9,230
1566732658-72,https://www.prokabaddi.com/stats/49-133-total-points-conceded-statistics,"Bengaluru Bulls",1,/static-assets/images/teams/small/1.png?v=6.08,10,321
1566732658-73,https://www.prokabaddi.com/stats/49-133-total-points-conceded-statistics,"Telugu Titans",2,/static-assets/images/teams/small/8.png?v=6.08,10,308
1566732658-74,https://www.prokabaddi.com/stats/49-133-total-points-conceded-statistics,"Patna Pirates",3,/static-assets/images/teams/small/6.png?v=6.08,10,307
1566732658-75,https://www.prokabaddi.com/stats/49-133-total-points-conceded-statistics,"U.P. Yoddha",4,/static-assets/images/teams/small/30.png?v=6.08,9,297
1566732658-76,https://www.prokabaddi.com/stats/49-133-total-points-conceded-statistics,"Haryana Steelers",5,/static-assets/images/teams/small/28.png?v=6.08,9,293
1566732658-77,https://www.prokabaddi.com/stats/49-133-total-points-conceded-statistics,"Tamil Thalaivas",6,/static-assets/images/teams/small/29.png?v=6.08,10,284
1566732658-78,https://www.prokabaddi.com/stats/49-133-total-points-conceded-statistics,"U Mumba",7,/static-assets/images/teams/small/5.png?v=6.08,10,283
1566732655-61,https://www.prokabaddi.com/stats/49-96-total-points-scored-statistics,"Bengal Warriors",2,/static-assets/images/teams/small/4.png?v=6.08,9,312
1566732658-79,https://www.prokabaddi.com/stats/49-133-total-points-conceded-statistics,"Puneri Paltan",8,/static-assets/images/teams/small/7.png?v=6.08,9,280
1566732658-80,https://www.prokabaddi.com/stats/49-133-total-points-conceded-statistics,"Gujarat Fortunegiants",9,/static-assets/images/teams/small/31.png?v=6.08,10,274
1566732658-81,https://www.prokabaddi.com/stats/49-133-total-points-conceded-statistics,"Bengal Warriors",10,/static-assets/images/teams/small/4.png?v=6.08,9,251
1566732658-82,https://www.prokabaddi.com/stats/49-133-total-points-conceded-statistics,"Jaipur Pink Panthers",11,/static-assets/images/teams/small/3.png?v=6.08,10,250
1566732658-83,https://www.prokabaddi.com/stats/49-133-total-points-conceded-statistics,"Dabang Delhi K.C.",12,/static-assets/images/teams/small/2.png?v=6.08,8,229
1566732660-84,https://www.prokabaddi.com/stats/49-95-tackle-points-statistics,"Jaipur Pink Panthers",1,/static-assets/images/teams/small/3.png?v=6.08,10,115
1566732660-85,https://www.prokabaddi.com/stats/49-95-tackle-points-statistics,"Gujarat Fortunegiants",2,/static-assets/images/teams/small/31.png?v=6.08,10,105
1566732660-86,https://www.prokabaddi.com/stats/49-95-tackle-points-statistics,"Puneri Paltan",3,/static-assets/images/teams/small/7.png?v=6.08,9,103
1566732660-87,https://www.prokabaddi.com/stats/49-95-tackle-points-statistics,"Telugu Titans",3,/static-assets/images/teams/small/8.png?v=6.08,10,103
1566732660-88,https://www.prokabaddi.com/stats/49-95-tackle-points-statistics,"Patna Pirates",5,/static-assets/images/teams/small/6.png?v=6.08,10,100
1566732655-62,https://www.prokabaddi.com/stats/49-96-total-points-scored-statistics,"Gujarat Fortunegiants",3,/static-assets/images/teams/small/31.png?v=6.08,10,294
1566732660-89,https://www.prokabaddi.com/stats/49-95-tackle-points-statistics,"Bengaluru Bulls",5,/static-assets/images/teams/small/1.png?v=6.08,10,100
1566732660-90,https://www.prokabaddi.com/stats/49-95-tackle-points-statistics,"Tamil Thalaivas",7,/static-assets/images/teams/small/29.png?v=6.08,10,97
1566732660-91,https://www.prokabaddi.com/stats/49-95-tackle-points-statistics,"U Mumba",8,/static-assets/images/teams/small/5.png?v=6.08,10,91
1566732660-92,https://www.prokabaddi.com/stats/49-95-tackle-points-statistics,"Bengal Warriors",9,/static-assets/images/teams/small/4.png?v=6.08,9,89
1566732660-93,https://www.prokabaddi.com/stats/49-95-tackle-points-statistics,"U.P. Yoddha",10,/static-assets/images/teams/small/30.png?v=6.08,9,88
1566732660-94,https://www.prokabaddi.com/stats/49-95-tackle-points-statistics,"Haryana Steelers",11,/static-assets/images/teams/small/28.png?v=6.08,9,85
1566732660-95,https://www.prokabaddi.com/stats/49-95-tackle-points-statistics,"Dabang Delhi K.C.",12,/static-assets/images/teams/small/2.png?v=6.08,8,68
1566732664-96,https://www.prokabaddi.com/stats/49-136-all-outs-inflicted-statistics,"Bengal Warriors",1,/static-assets/images/teams/small/4.png?v=6.08,9,16
1566732664-97,https://www.prokabaddi.com/stats/49-136-all-outs-inflicted-statistics,"U Mumba",2,/static-assets/images/teams/small/5.png?v=6.08,10,12
1566732664-98,https://www.prokabaddi.com/stats/49-136-all-outs-inflicted-statistics,"Patna Pirates",3,/static-assets/images/teams/small/6.png?v=6.08,10,11
1566732655-63,https://www.prokabaddi.com/stats/49-96-total-points-scored-statistics,"Jaipur Pink Panthers",4,/static-assets/images/teams/small/3.png?v=6.08,10,292
1566732664-99,https://www.prokabaddi.com/stats/49-136-all-outs-inflicted-statistics,"Bengaluru Bulls",4,/static-assets/images/teams/small/1.png?v=6.08,10,10
1566732664-100,https://www.prokabaddi.com/stats/49-136-all-outs-inflicted-statistics,"Dabang Delhi K.C.",4,/static-assets/images/teams/small/2.png?v=6.08,8,10
1566732664-101,https://www.prokabaddi.com/stats/49-136-all-outs-inflicted-statistics,"Jaipur Pink Panthers",4,/static-assets/images/teams/small/3.png?v=6.08,10,10
1566732664-102,https://www.prokabaddi.com/stats/49-136-all-outs-inflicted-statistics,"Tamil Thalaivas",4,/static-assets/images/teams/small/29.png?v=6.08,10,10
1566732664-103,https://www.prokabaddi.com/stats/49-136-all-outs-inflicted-statistics,"Gujarat Fortunegiants",4,/static-assets/images/teams/small/31.png?v=6.08,10,10
1566732664-104,https://www.prokabaddi.com/stats/49-136-all-outs-inflicted-statistics,"Haryana Steelers",9,/static-assets/images/teams/small/28.png?v=6.08,9,9
1566732664-105,https://www.prokabaddi.com/stats/49-136-all-outs-inflicted-statistics,"U.P. Yoddha",10,/static-assets/images/teams/small/30.png?v=6.08,9,6
1566732664-106,https://www.prokabaddi.com/stats/49-136-all-outs-inflicted-statistics,"Puneri Paltan",11,/static-assets/images/teams/small/7.png?v=6.08,9,5
1566732664-107,https://www.prokabaddi.com/stats/49-136-all-outs-inflicted-statistics,"Telugu Titans",12,/static-assets/images/teams/small/8.png?v=6.08,10,4
1566732666-108,https://www.prokabaddi.com/stats/49-135-do-or-die-raid-points-statistics,"U Mumba",1,/static-assets/images/teams/small/5.png?v=6.08,10,41
1566732655-64,https://www.prokabaddi.com/stats/49-96-total-points-scored-statistics,"Tamil Thalaivas",5,/static-assets/images/teams/small/29.png?v=6.08,10,290
1566732666-109,https://www.prokabaddi.com/stats/49-135-do-or-die-raid-points-statistics,"Jaipur Pink Panthers",2,/static-assets/images/teams/small/3.png?v=6.08,10,40
1566732666-110,https://www.prokabaddi.com/stats/49-135-do-or-die-raid-points-statistics,"Puneri Paltan",3,/static-assets/images/teams/small/7.png?v=6.08,9,38
1566732666-111,https://www.prokabaddi.com/stats/49-135-do-or-die-raid-points-statistics,"Gujarat Fortunegiants",4,/static-assets/images/teams/small/31.png?v=6.08,10,33
1566732666-112,https://www.prokabaddi.com/stats/49-135-do-or-die-raid-points-statistics,"Tamil Thalaivas",5,/static-assets/images/teams/small/29.png?v=6.08,10,31
1566732666-113,https://www.prokabaddi.com/stats/49-135-do-or-die-raid-points-statistics,"Haryana Steelers",6,/static-assets/images/teams/small/28.png?v=6.08,9,29
1566732666-114,https://www.prokabaddi.com/stats/49-135-do-or-die-raid-points-statistics,"Patna Pirates",6,/static-assets/images/teams/small/6.png?v=6.08,10,29
1566732666-115,https://www.prokabaddi.com/stats/49-135-do-or-die-raid-points-statistics,"U.P. Yoddha",8,/static-assets/images/teams/small/30.png?v=6.08,9,28
1566732666-116,https://www.prokabaddi.com/stats/49-135-do-or-die-raid-points-statistics,"Telugu Titans",9,/static-assets/images/teams/small/8.png?v=6.08,10,26
1566732666-117,https://www.prokabaddi.com/stats/49-135-do-or-die-raid-points-statistics,"Bengal Warriors",10,/static-assets/images/teams/small/4.png?v=6.08,9,24
1566732666-118,https://www.prokabaddi.com/stats/49-135-do-or-die-raid-points-statistics,"Dabang Delhi K.C.",11,/static-assets/images/teams/small/2.png?v=6.08,8,20
1566732655-65,https://www.prokabaddi.com/stats/49-96-total-points-scored-statistics,"U Mumba",6,/static-assets/images/teams/small/5.png?v=6.08,10,288
1566732666-119,https://www.prokabaddi.com/stats/49-135-do-or-die-raid-points-statistics,"Bengaluru Bulls",12,/static-assets/images/teams/small/1.png?v=6.08,10,19
1566732655-66,https://www.prokabaddi.com/stats/49-96-total-points-scored-statistics,"Patna Pirates",7,/static-assets/images/teams/small/6.png?v=6.08,10,280
1566732655-67,https://www.prokabaddi.com/stats/49-96-total-points-scored-statistics,"Telugu Titans",8,/static-assets/images/teams/small/8.png?v=6.08,10,275
1566732655-68,https://www.prokabaddi.com/stats/49-96-total-points-scored-statistics,"Haryana Steelers",9,/static-assets/images/teams/small/28.png?v=6.08,9,267
1566732669-120,https://www.prokabaddi.com/stats/49-20-super-tackles-statistics,"Bengaluru Bulls",1,/static-assets/images/teams/small/1.png?v=6.08,10,16
1566732669-129,https://www.prokabaddi.com/stats/49-20-super-tackles-statistics,"Dabang Delhi K.C.",10,/static-assets/images/teams/small/2.png?v=6.08,8,6
1566732669-130,https://www.prokabaddi.com/stats/49-20-super-tackles-statistics,"Haryana Steelers",10,/static-assets/images/teams/small/28.png?v=6.08,9,6
1566732669-131,https://www.prokabaddi.com/stats/49-20-super-tackles-statistics,"Tamil Thalaivas",10,/static-assets/images/teams/small/29.png?v=6.08,10,6
1566732672-132,https://www.prokabaddi.com/stats/49-13-successful-raids-statistics,"Bengaluru Bulls",1,/static-assets/images/teams/small/1.png?v=6.08,10,156
1566732672-133,https://www.prokabaddi.com/stats/49-13-successful-raids-statistics,"Bengal Warriors",2,/static-assets/images/teams/small/4.png?v=6.08,9,141
1566732672-134,https://www.prokabaddi.com/stats/49-13-successful-raids-statistics,"Telugu Titans",3,/static-assets/images/teams/small/8.png?v=6.08,10,131
1566732672-135,https://www.prokabaddi.com/stats/49-13-successful-raids-statistics,"Dabang Delhi K.C.",4,/static-assets/images/teams/small/2.png?v=6.08,8,129
1566732672-136,https://www.prokabaddi.com/stats/49-13-successful-raids-statistics,"Patna Pirates",5,/static-assets/images/teams/small/6.png?v=6.08,10,127
1566732672-137,https://www.prokabaddi.com/stats/49-13-successful-raids-statistics,"Gujarat Fortunegiants",5,/static-assets/images/teams/small/31.png?v=6.08,10,127
1566732672-138,https://www.prokabaddi.com/stats/49-13-successful-raids-statistics,"Tamil Thalaivas",7,/static-assets/images/teams/small/29.png?v=6.08,10,124
1566732669-121,https://www.prokabaddi.com/stats/49-20-super-tackles-statistics,"Jaipur Pink Panthers",2,/static-assets/images/teams/small/3.png?v=6.08,10,13
1566732672-139,https://www.prokabaddi.com/stats/49-13-successful-raids-statistics,"Haryana Steelers",8,/static-assets/images/teams/small/28.png?v=6.08,9,123
1566732672-140,https://www.prokabaddi.com/stats/49-13-successful-raids-statistics,"Jaipur Pink Panthers",9,/static-assets/images/teams/small/3.png?v=6.08,10,121
1566732672-141,https://www.prokabaddi.com/stats/49-13-successful-raids-statistics,"U Mumba",10,/static-assets/images/teams/small/5.png?v=6.08,10,117
1566732672-142,https://www.prokabaddi.com/stats/49-13-successful-raids-statistics,"Puneri Paltan",11,/static-assets/images/teams/small/7.png?v=6.08,9,116
1566732672-143,https://www.prokabaddi.com/stats/49-13-successful-raids-statistics,"U.P. Yoddha",12,/static-assets/images/teams/small/30.png?v=6.08,9,94
1566732674-144,https://www.prokabaddi.com/stats/49-98-avg-raid-points-statistics,"Bengal Warriors",1,/static-assets/images/teams/small/4.png?v=6.08,9,19.22
1566732674-145,https://www.prokabaddi.com/stats/49-98-avg-raid-points-statistics,"Bengaluru Bulls",2,/static-assets/images/teams/small/1.png?v=6.08,10,19
1566732674-146,https://www.prokabaddi.com/stats/49-98-avg-raid-points-statistics,"Dabang Delhi K.C.",3,/static-assets/images/teams/small/2.png?v=6.08,8,18.75
1566732674-147,https://www.prokabaddi.com/stats/49-98-avg-raid-points-statistics,"Haryana Steelers",4,/static-assets/images/teams/small/28.png?v=6.08,9,17
1566732674-148,https://www.prokabaddi.com/stats/49-98-avg-raid-points-statistics,"Gujarat Fortunegiants",5,/static-assets/images/teams/small/31.png?v=6.08,10,15.6
1566732669-122,https://www.prokabaddi.com/stats/49-20-super-tackles-statistics,"U Mumba",2,/static-assets/images/teams/small/5.png?v=6.08,10,13
1566732674-149,https://www.prokabaddi.com/stats/49-98-avg-raid-points-statistics,"Puneri Paltan",6,/static-assets/images/teams/small/7.png?v=6.08,9,15.56
1566732674-150,https://www.prokabaddi.com/stats/49-98-avg-raid-points-statistics,"U Mumba",7,/static-assets/images/teams/small/5.png?v=6.08,10,15.4
1566732674-151,https://www.prokabaddi.com/stats/49-98-avg-raid-points-statistics,"Tamil Thalaivas",8,/static-assets/images/teams/small/29.png?v=6.08,10,15.2
1566732674-152,https://www.prokabaddi.com/stats/49-98-avg-raid-points-statistics,"Telugu Titans",9,/static-assets/images/teams/small/8.png?v=6.08,10,14.9
1566732674-153,https://www.prokabaddi.com/stats/49-98-avg-raid-points-statistics,"Patna Pirates",10,/static-assets/images/teams/small/6.png?v=6.08,10,14.4
1566732674-154,https://www.prokabaddi.com/stats/49-98-avg-raid-points-statistics,"Jaipur Pink Panthers",10,/static-assets/images/teams/small/3.png?v=6.08,10,14.4
1566732674-155,https://www.prokabaddi.com/stats/49-98-avg-raid-points-statistics,"U.P. Yoddha",12,/static-assets/images/teams/small/30.png?v=6.08,9,13.22
1566732669-123,https://www.prokabaddi.com/stats/49-20-super-tackles-statistics,"Patna Pirates",2,/static-assets/images/teams/small/6.png?v=6.08,10,13
1566732669-124,https://www.prokabaddi.com/stats/49-20-super-tackles-statistics,"Puneri Paltan",5,/static-assets/images/teams/small/7.png?v=6.08,9,12
1566732669-125,https://www.prokabaddi.com/stats/49-20-super-tackles-statistics,"Telugu Titans",6,/static-assets/images/teams/small/8.png?v=6.08,10,9
1566732669-126,https://www.prokabaddi.com/stats/49-20-super-tackles-statistics,"Gujarat Fortunegiants",6,/static-assets/images/teams/small/31.png?v=6.08,10,9
1566732669-127,https://www.prokabaddi.com/stats/49-20-super-tackles-statistics,"U.P. Yoddha",8,/static-assets/images/teams/small/30.png?v=6.08,9,7
1566732669-128,https://www.prokabaddi.com/stats/49-20-super-tackles-statistics,"Bengal Warriors",8,/static-assets/images/teams/small/4.png?v=6.08,9,7
