web-scraper-order,web-scraper-start-url,name,team,type,points,credits,announced
1566811307-1,https://www.dream11.com/kabaddi/create-team/1092/15122,S K Dhull,JAI,DEF,244,14.5,Announced
1566811307-10,https://www.dream11.com/kabaddi/create-team/1092/15122,A.Elavarasan,JAI,DEF,0,11.5,
1566811307-11,https://www.dream11.com/kabaddi/create-team/1092/15122,Aman,BLR,DEF,5,11.5,
1566811307-12,https://www.dream11.com/kabaddi/create-team/1092/15122,P R.,JAI,DEF,47,10,
1566811307-13,https://www.dream11.com/kabaddi/create-team/1092/15122,Karamvir,JAI,DEF,0,10,
1566811307-14,https://www.dream11.com/kabaddi/create-team/1092/15122,D N Hooda,JAI,ALL,331,15.5,Announced
1566811307-15,https://www.dream11.com/kabaddi/create-team/1092/15122,Ashish-Kumar,BLR,ALL,41,14.5,
1566811307-16,https://www.dream11.com/kabaddi/create-team/1092/15122,N Rawal,JAI,ALL,105,14.5,Announced
1566811307-17,https://www.dream11.com/kabaddi/create-team/1092/15122,Vishal,JAI,ALL,175,13.5,
1566811307-18,https://www.dream11.com/kabaddi/create-team/1092/15122,Santhapanaselvam,JAI,ALL,19,13,Announced
1566811307-19,https://www.dream11.com/kabaddi/create-team/1092/15122,S Narwal,JAI,ALL,37,12.5,
1566811307-2,https://www.dream11.com/kabaddi/create-team/1092/15122,A Hooda,JAI,DEF,172,14.5,
1566811307-20,https://www.dream11.com/kabaddi/create-team/1092/15122,Ankit,BLR,ALL,22,12.5,
1566811307-21,https://www.dream11.com/kabaddi/create-team/1092/15122,Ajay,BLR,ALL,21,12,
1566811307-22,https://www.dream11.com/kabaddi/create-team/1092/15122,M Sehrawat,BLR,ALL,48,10.5,Announced
1566811307-23,https://www.dream11.com/kabaddi/create-team/1092/15122,S Shrestha,BLR,ALL,0,11.5,
1566811307-24,https://www.dream11.com/kabaddi/create-team/1092/15122,D Kim,JAI,ALL,0,10.5,
1566811307-25,https://www.dream11.com/kabaddi/create-team/1092/15122,P Kumar-Sherawat,BLR,RAI,471,17,Announced
1566811307-26,https://www.dream11.com/kabaddi/create-team/1092/15122,Rohit-Kumar,BLR,RAI,165,16,Announced
1566811307-27,https://www.dream11.com/kabaddi/create-team/1092/15122,D Narwal,JAI,RAI,150,14.5,Announced
1566811307-28,https://www.dream11.com/kabaddi/create-team/1092/15122,N Salunke,JAI,RAI,65,13.5,Announced
1566811307-29,https://www.dream11.com/kabaddi/create-team/1092/15122,Sumit-Singh,BLR,RAI,52,13.5,
1566811307-3,https://www.dream11.com/kabaddi/create-team/1092/15122,A Sheoran,BLR,DEF,164,13.5,Announced
1566811307-30,https://www.dream11.com/kabaddi/create-team/1092/15122,V Kumar-II,BLR,RAI,6,13,
1566811307-31,https://www.dream11.com/kabaddi/create-team/1092/15122,A Pawar,JAI,RAI,51,12.5,
1566811307-32,https://www.dream11.com/kabaddi/create-team/1092/15122,S Gulia,JAI,RAI,0,12,
1566811307-33,https://www.dream11.com/kabaddi/create-team/1092/15122,L Kaushik,JAI,RAI,0,12,
1566811307-34,https://www.dream11.com/kabaddi/create-team/1092/15122,M Chathuranga,JAI,RAI,1,11.5,
1566811307-35,https://www.dream11.com/kabaddi/create-team/1092/15122,G Singh,JAI,RAI,2,11.5,
1566811307-36,https://www.dream11.com/kabaddi/create-team/1092/15122,Banty,BLR,RAI,52,9.5,Announced
1566811307-37,https://www.dream11.com/kabaddi/create-team/1092/15122,L Mohar-Yadav,BLR,RAI,0,11.5,
1566811307-4,https://www.dream11.com/kabaddi/create-team/1092/15122,Mahender-Singh,BLR,DEF,154,14.5,Announced
1566811307-5,https://www.dream11.com/kabaddi/create-team/1092/15122,S Siddhgavali,JAI,DEF,89,13,Announced
1566811307-6,https://www.dream11.com/kabaddi/create-team/1092/15122,S Nandal,BLR,DEF,133,11,Announced
1566811307-7,https://www.dream11.com/kabaddi/create-team/1092/15122,R Lal-Choudhary,BLR,DEF,0,13,
1566811307-8,https://www.dream11.com/kabaddi/create-team/1092/15122,Vijay-Kumar,BLR,DEF,54,13,
1566811307-9,https://www.dream11.com/kabaddi/create-team/1092/15122,Sandeep,BLR,DEF,2,12.5,