﻿web-scraper-order,web-scraper-start-url,name,team,type,points,credits,announced
1567259202-1,https://www.dream11.com/kabaddi/create-team/1092/15131,Sunil-Kumar,GUJ,DEF,191,15,Announced
1567259202-10,https://www.dream11.com/kabaddi/create-team/1092/15131,"R Koravi",GUJ,DEF,52,12.5,
1567259202-11,https://www.dream11.com/kabaddi/create-team/1092/15131,Sandeep,BLR,DEF,2,12.5,
1567259202-12,https://www.dream11.com/kabaddi/create-team/1092/15131,"S Gahlawat",GUJ,DEF,0,11.5,
1567259202-13,https://www.dream11.com/kabaddi/create-team/1092/15131,Aman,BLR,DEF,5,11.5,
1567259202-14,https://www.dream11.com/kabaddi/create-team/1092/15131,Amit-Kharb,GUJ,DEF,2,11,
1567259202-15,https://www.dream11.com/kabaddi/create-team/1092/15131,"R Gulia",GUJ,ALL,231,15.5,Announced
1567259202-16,https://www.dream11.com/kabaddi/create-team/1092/15131,"G More",GUJ,ALL,198,14.5,Announced
1567259202-17,https://www.dream11.com/kabaddi/create-team/1092/15131,Ashish-Kumar,BLR,ALL,41,14.5,
1567259202-18,https://www.dream11.com/kabaddi/create-team/1092/15131,Pankaj,GUJ,ALL,52,13,
1567259202-19,https://www.dream11.com/kabaddi/create-team/1092/15131,"V Kumar",GUJ,ALL,24,13,
1567259202-2,https://www.dream11.com/kabaddi/create-team/1092/15131,"P Bhainswal",GUJ,DEF,178,15,Announced
1567259202-20,https://www.dream11.com/kabaddi/create-team/1092/15131,Ankit,BLR,ALL,22,12.5,
1567259202-21,https://www.dream11.com/kabaddi/create-team/1092/15131,Ajay,BLR,ALL,21,12,
1567259202-22,https://www.dream11.com/kabaddi/create-team/1092/15131,"M Sehrawat",BLR,ALL,80,11.5,Announced
1567259202-23,https://www.dream11.com/kabaddi/create-team/1092/15131,"S Shrestha",BLR,ALL,0,11.5,
1567259202-24,https://www.dream11.com/kabaddi/create-team/1092/15131,"M S Hossain",GUJ,ALL,0,10.5,
1567259202-25,https://www.dream11.com/kabaddi/create-team/1092/15131,"P Kumar-Sherawat",BLR,RAI,499,17,Announced
1567259202-26,https://www.dream11.com/kabaddi/create-team/1092/15131,Rohit-Kumar,BLR,RAI,215,16,Announced
1567259202-27,https://www.dream11.com/kabaddi/create-team/1092/15131,"S Tanwar",GUJ,RAI,185,15,Announced
1567259202-28,https://www.dream11.com/kabaddi/create-team/1092/15131,"S Jaglan",GUJ,RAI,104,13.5,
1567259202-29,https://www.dream11.com/kabaddi/create-team/1092/15131,Sumit-Singh,BLR,RAI,52,13.5,
1567259202-3,https://www.dream11.com/kabaddi/create-team/1092/15131,"A Sheoran",BLR,DEF,172,14.5,Announced
1567259202-30,https://www.dream11.com/kabaddi/create-team/1092/15131,"G Singh-Sr",GUJ,RAI,12,13,
1567259202-31,https://www.dream11.com/kabaddi/create-team/1092/15131,"A Maghsodlou",GUJ,RAI,17,13,
1567259202-32,https://www.dream11.com/kabaddi/create-team/1092/15131,"V Kumar-II",BLR,RAI,6,13,
1567259202-33,https://www.dream11.com/kabaddi/create-team/1092/15131,"H Singh",GUJ,RAI,19,12,
1567259202-34,https://www.dream11.com/kabaddi/create-team/1092/15131,Banty,BLR,RAI,58,11.5,Announced
1567259202-35,https://www.dream11.com/kabaddi/create-team/1092/15131,"L Mohar-Yadav",BLR,RAI,0,11.5,
1567259202-36,https://www.dream11.com/kabaddi/create-team/1092/15131,Lalit-Chaudhary,GUJ,RAI,11,11,
1567259202-4,https://www.dream11.com/kabaddi/create-team/1092/15131,Mahender-Singh,BLR,DEF,192,14.5,Announced
1567259202-5,https://www.dream11.com/kabaddi/create-team/1092/15131,"S Malik",GUJ,DEF,106,13,Announced
1567259202-6,https://www.dream11.com/kabaddi/create-team/1092/15131,Ankit-I,GUJ,DEF,88,13,Announced
1567259202-7,https://www.dream11.com/kabaddi/create-team/1092/15131,"S Nandal",BLR,DEF,166,13,Announced
1567259202-8,https://www.dream11.com/kabaddi/create-team/1092/15131,"R Lal-Choudhary",BLR,DEF,0,13,
1567259202-9,https://www.dream11.com/kabaddi/create-team/1092/15131,Vijay-Kumar,BLR,DEF,54,13,
