﻿web-scraper-order,web-scraper-start-url,name,team,type,points,credits,announced
1566567928-1,https://www.dream11.com/kabaddi/create-team/1092/15118,Sunil-Kumar,GUJ,DEF,168,15,Announced
1566567928-10,https://www.dream11.com/kabaddi/create-team/1092/15118,"B Narwal",PAT,DEF,0,12,
1566567928-11,https://www.dream11.com/kabaddi/create-team/1092/15118,"M Choudhary",PAT,DEF,0,12,
1566567928-12,https://www.dream11.com/kabaddi/create-team/1092/15118,"S Gahlawat",GUJ,DEF,0,11.5,
1566567928-13,https://www.dream11.com/kabaddi/create-team/1092/15118,Ankit-I,GUJ,DEF,88,11,
1566567928-14,https://www.dream11.com/kabaddi/create-team/1092/15118,Amit-Kharb,GUJ,DEF,2,11,
1566567928-15,https://www.dream11.com/kabaddi/create-team/1092/15118,"G More",GUJ,ALL,164,14.5,Announced
1566567928-16,https://www.dream11.com/kabaddi/create-team/1092/15118,"R Gulia",GUJ,ALL,188,14.5,Announced
1566567928-17,https://www.dream11.com/kabaddi/create-team/1092/15118,"V Jaglan",PAT,ALL,92,14,Announced
1566567928-18,https://www.dream11.com/kabaddi/create-team/1092/15118,Monu,PAT,ALL,109,13.5,Announced
1566567928-19,https://www.dream11.com/kabaddi/create-team/1092/15118,Pankaj,GUJ,ALL,34,13,Announced
1566567928-2,https://www.dream11.com/kabaddi/create-team/1092/15118,"P Bhainswal",GUJ,DEF,160,15,Announced
1566567928-20,https://www.dream11.com/kabaddi/create-team/1092/15118,"V Kumar",GUJ,ALL,13,13,
1566567928-21,https://www.dream11.com/kabaddi/create-team/1092/15118,Ravinder-I,PAT,ALL,16,13,
1566567928-22,https://www.dream11.com/kabaddi/create-team/1092/15118,"S Mann",PAT,ALL,0,11,
1566567928-23,https://www.dream11.com/kabaddi/create-team/1092/15118,"M S Hossain",GUJ,ALL,0,10.5,
1566567928-24,https://www.dream11.com/kabaddi/create-team/1092/15118,Amit-Kumar-II,PAT,ALL,0,10.5,
1566567928-25,https://www.dream11.com/kabaddi/create-team/1092/15118,"P Narwal",PAT,RAI,284,17.5,Announced
1566567928-26,https://www.dream11.com/kabaddi/create-team/1092/15118,"S Tanwar",GUJ,RAI,185,15.5,
1566567928-27,https://www.dream11.com/kabaddi/create-team/1092/15118,"J Kun-Lee",PAT,RAI,96,15,
1566567928-28,https://www.dream11.com/kabaddi/create-team/1092/15118,"M E M Mahalli",PAT,RAI,112,14.5,Announced
1566567928-29,https://www.dream11.com/kabaddi/create-team/1092/15118,"A Maghsodlou",GUJ,RAI,8,14,
1566567928-3,https://www.dream11.com/kabaddi/create-team/1092/15118,"S Nada",PAT,DEF,0,14.5,
1566567928-30,https://www.dream11.com/kabaddi/create-team/1092/15118,"S Jaglan",GUJ,RAI,98,13.5,Announced
1566567928-31,https://www.dream11.com/kabaddi/create-team/1092/15118,"G Singh-Sr",GUJ,RAI,8,13,
1566567928-32,https://www.dream11.com/kabaddi/create-team/1092/15118,"P Singh",PAT,RAI,13,12,
1566567928-33,https://www.dream11.com/kabaddi/create-team/1092/15118,"R P Rao-Chavan",PAT,RAI,0,11.5,
1566567928-34,https://www.dream11.com/kabaddi/create-team/1092/15118,Mohit,PAT,RAI,0,11.5,
1566567928-35,https://www.dream11.com/kabaddi/create-team/1092/15118,Lalit-Chaudhary,GUJ,RAI,1,11,
1566567928-36,https://www.dream11.com/kabaddi/create-team/1092/15118,Ashish,PAT,RAI,21,11,
1566567928-37,https://www.dream11.com/kabaddi/create-team/1092/15118,Naveen,PAT,RAI,0,11,
1566567928-38,https://www.dream11.com/kabaddi/create-team/1092/15118,"H Singh",GUJ,RAI,19,10,
1566567928-4,https://www.dream11.com/kabaddi/create-team/1092/15118,"R Koravi",GUJ,DEF,29,13.5,Announced
1566567928-5,https://www.dream11.com/kabaddi/create-team/1092/15118,Jaideep,PAT,DEF,182,13.5,Announced
1566567928-6,https://www.dream11.com/kabaddi/create-team/1092/15118,"J Dagar",PAT,DEF,2,13.5,
1566567928-7,https://www.dream11.com/kabaddi/create-team/1092/15118,"H Oshtorak",PAT,DEF,101,13.5,Announced
1566567928-8,https://www.dream11.com/kabaddi/create-team/1092/15118,"S Malik",GUJ,DEF,93,13,
1566567928-9,https://www.dream11.com/kabaddi/create-team/1092/15118,Neeraj-Kumar,PAT,DEF,137,12.5,Announced
