﻿web-scraper-order,web-scraper-start-url,name,rank,team_id,matches,points
1567164651-1,https://www.prokabaddi.com/stats/49-97-raid-points-statistics,"Bengal Warriors",1,/static-assets/images/teams/small/4.png?v=6.08,11,218
1567164651-10,https://www.prokabaddi.com/stats/49-97-raid-points-statistics,"Jaipur Pink Panthers",9,/static-assets/images/teams/small/3.png?v=6.08,11,157
1567164651-11,https://www.prokabaddi.com/stats/49-97-raid-points-statistics,"Telugu Titans",11,/static-assets/images/teams/small/8.png?v=6.08,10,149
1567164651-12,https://www.prokabaddi.com/stats/49-97-raid-points-statistics,"Patna Pirates",12,/static-assets/images/teams/small/6.png?v=6.08,10,144
1567164654-13,https://www.prokabaddi.com/stats/49-140-avg-points-scored-statistics,"Bengaluru Bulls",1,/static-assets/images/teams/small/1.png?v=6.08,11,29.72
1567164654-14,https://www.prokabaddi.com/stats/49-140-avg-points-scored-statistics,"Bengal Warriors",2,/static-assets/images/teams/small/4.png?v=6.08,11,29.27
1567164654-15,https://www.prokabaddi.com/stats/49-140-avg-points-scored-statistics,"Dabang Delhi K.C.",3,/static-assets/images/teams/small/2.png?v=6.08,10,28.2
1567164654-16,https://www.prokabaddi.com/stats/49-140-avg-points-scored-statistics,"Haryana Steelers",4,/static-assets/images/teams/small/28.png?v=6.08,11,27.54
1567164654-17,https://www.prokabaddi.com/stats/49-140-avg-points-scored-statistics,"Puneri Paltan",5,/static-assets/images/teams/small/7.png?v=6.08,10,27
1567164654-18,https://www.prokabaddi.com/stats/49-140-avg-points-scored-statistics,"Gujarat Fortunegiants",6,/static-assets/images/teams/small/31.png?v=6.08,11,25.9
1567164654-19,https://www.prokabaddi.com/stats/49-140-avg-points-scored-statistics,"Jaipur Pink Panthers",7,/static-assets/images/teams/small/3.png?v=6.08,11,25.81
1567164651-2,https://www.prokabaddi.com/stats/49-97-raid-points-statistics,"Bengaluru Bulls",2,/static-assets/images/teams/small/1.png?v=6.08,11,211
1567164654-20,https://www.prokabaddi.com/stats/49-140-avg-points-scored-statistics,"Telugu Titans",8,/static-assets/images/teams/small/8.png?v=6.08,10,25.2
1567164654-21,https://www.prokabaddi.com/stats/49-140-avg-points-scored-statistics,"Tamil Thalaivas",9,/static-assets/images/teams/small/29.png?v=6.08,11,25
1567164654-22,https://www.prokabaddi.com/stats/49-140-avg-points-scored-statistics,"U Mumba",10,/static-assets/images/teams/small/5.png?v=6.08,11,24.45
1567164654-23,https://www.prokabaddi.com/stats/49-140-avg-points-scored-statistics,"Patna Pirates",11,/static-assets/images/teams/small/6.png?v=6.08,10,24.4
1567164654-24,https://www.prokabaddi.com/stats/49-140-avg-points-scored-statistics,"U.P. Yoddha",12,/static-assets/images/teams/small/30.png?v=6.08,11,24
1567164659-25,https://www.prokabaddi.com/stats/49-134-super-raid-statistics,"Bengal Warriors",1,/static-assets/images/teams/small/4.png?v=6.08,11,7
1567164659-26,https://www.prokabaddi.com/stats/49-134-super-raid-statistics,"Haryana Steelers",1,/static-assets/images/teams/small/28.png?v=6.08,11,7
1567164659-27,https://www.prokabaddi.com/stats/49-134-super-raid-statistics,"Tamil Thalaivas",3,/static-assets/images/teams/small/29.png?v=6.08,11,4
1567164659-28,https://www.prokabaddi.com/stats/49-134-super-raid-statistics,"Bengaluru Bulls",3,/static-assets/images/teams/small/1.png?v=6.08,11,4
1567164659-29,https://www.prokabaddi.com/stats/49-134-super-raid-statistics,"Dabang Delhi K.C.",5,/static-assets/images/teams/small/2.png?v=6.08,10,3
1567164651-3,https://www.prokabaddi.com/stats/49-97-raid-points-statistics,"Haryana Steelers",3,/static-assets/images/teams/small/28.png?v=6.08,11,196
1567164659-30,https://www.prokabaddi.com/stats/49-134-super-raid-statistics,"U Mumba",5,/static-assets/images/teams/small/5.png?v=6.08,11,3
1567164659-31,https://www.prokabaddi.com/stats/49-134-super-raid-statistics,"Patna Pirates",5,/static-assets/images/teams/small/6.png?v=6.08,10,3
1567164659-32,https://www.prokabaddi.com/stats/49-134-super-raid-statistics,"Jaipur Pink Panthers",8,/static-assets/images/teams/small/3.png?v=6.08,11,2
1567164659-33,https://www.prokabaddi.com/stats/49-134-super-raid-statistics,"Telugu Titans",8,/static-assets/images/teams/small/8.png?v=6.08,10,2
1567164659-34,https://www.prokabaddi.com/stats/49-134-super-raid-statistics,"Gujarat Fortunegiants",8,/static-assets/images/teams/small/31.png?v=6.08,11,2
1567164659-35,https://www.prokabaddi.com/stats/49-134-super-raid-statistics,"U.P. Yoddha",11,/static-assets/images/teams/small/30.png?v=6.08,11,1
1567164659-36,https://www.prokabaddi.com/stats/49-134-super-raid-statistics,"Puneri Paltan",11,/static-assets/images/teams/small/7.png?v=6.08,10,1
1567164663-37,https://www.prokabaddi.com/stats/49-15-successful-tackles-statistics,"Jaipur Pink Panthers",1,/static-assets/images/teams/small/3.png?v=6.08,11,112
1567164663-38,https://www.prokabaddi.com/stats/49-15-successful-tackles-statistics,"Gujarat Fortunegiants",2,/static-assets/images/teams/small/31.png?v=6.08,11,102
1567164663-39,https://www.prokabaddi.com/stats/49-15-successful-tackles-statistics,"Bengaluru Bulls",3,/static-assets/images/teams/small/1.png?v=6.08,11,101
1567164651-4,https://www.prokabaddi.com/stats/49-97-raid-points-statistics,"Dabang Delhi K.C.",4,/static-assets/images/teams/small/2.png?v=6.08,10,188
1567164663-40,https://www.prokabaddi.com/stats/49-15-successful-tackles-statistics,"U.P. Yoddha",4,/static-assets/images/teams/small/30.png?v=6.08,11,100
1567164663-41,https://www.prokabaddi.com/stats/49-15-successful-tackles-statistics,"Haryana Steelers",4,/static-assets/images/teams/small/28.png?v=6.08,11,100
1567164663-42,https://www.prokabaddi.com/stats/49-15-successful-tackles-statistics,"Tamil Thalaivas",6,/static-assets/images/teams/small/29.png?v=6.08,11,99
1567164663-43,https://www.prokabaddi.com/stats/49-15-successful-tackles-statistics,"Puneri Paltan",7,/static-assets/images/teams/small/7.png?v=6.08,10,98
1567164663-44,https://www.prokabaddi.com/stats/49-15-successful-tackles-statistics,"Bengal Warriors",7,/static-assets/images/teams/small/4.png?v=6.08,11,98
1567164663-45,https://www.prokabaddi.com/stats/49-15-successful-tackles-statistics,"Telugu Titans",9,/static-assets/images/teams/small/8.png?v=6.08,10,95
1567164663-46,https://www.prokabaddi.com/stats/49-15-successful-tackles-statistics,"Dabang Delhi K.C.",10,/static-assets/images/teams/small/2.png?v=6.08,10,89
1567164663-47,https://www.prokabaddi.com/stats/49-15-successful-tackles-statistics,"U Mumba",11,/static-assets/images/teams/small/5.png?v=6.08,11,88
1567164663-48,https://www.prokabaddi.com/stats/49-15-successful-tackles-statistics,"Patna Pirates",12,/static-assets/images/teams/small/6.png?v=6.08,10,87
1567164667-49,https://www.prokabaddi.com/stats/49-99-avg-tackle-points-statistics,"Jaipur Pink Panthers",1,/static-assets/images/teams/small/3.png?v=6.08,11,11.55
1567164651-5,https://www.prokabaddi.com/stats/49-97-raid-points-statistics,"Tamil Thalaivas",5,/static-assets/images/teams/small/29.png?v=6.08,11,172
1567164667-50,https://www.prokabaddi.com/stats/49-99-avg-tackle-points-statistics,"Puneri Paltan",2,/static-assets/images/teams/small/7.png?v=6.08,10,11.1
1567164667-51,https://www.prokabaddi.com/stats/49-99-avg-tackle-points-statistics,"Bengaluru Bulls",3,/static-assets/images/teams/small/1.png?v=6.08,11,10.55
1567164667-52,https://www.prokabaddi.com/stats/49-99-avg-tackle-points-statistics,"Telugu Titans",4,/static-assets/images/teams/small/8.png?v=6.08,10,10.3
1567164667-53,https://www.prokabaddi.com/stats/49-99-avg-tackle-points-statistics,"Gujarat Fortunegiants",5,/static-assets/images/teams/small/31.png?v=6.08,11,10.27
1567164667-54,https://www.prokabaddi.com/stats/49-99-avg-tackle-points-statistics,"Patna Pirates",6,/static-assets/images/teams/small/6.png?v=6.08,10,10
1567164667-55,https://www.prokabaddi.com/stats/49-99-avg-tackle-points-statistics,"U.P. Yoddha",7,/static-assets/images/teams/small/30.png?v=6.08,11,9.73
1567164667-56,https://www.prokabaddi.com/stats/49-99-avg-tackle-points-statistics,"Haryana Steelers",7,/static-assets/images/teams/small/28.png?v=6.08,11,9.73
1567164667-57,https://www.prokabaddi.com/stats/49-99-avg-tackle-points-statistics,"Bengal Warriors",9,/static-assets/images/teams/small/4.png?v=6.08,11,9.45
1567164667-58,https://www.prokabaddi.com/stats/49-99-avg-tackle-points-statistics,"Dabang Delhi K.C.",10,/static-assets/images/teams/small/2.png?v=6.08,10,9.4
1567164667-59,https://www.prokabaddi.com/stats/49-99-avg-tackle-points-statistics,"Tamil Thalaivas",11,/static-assets/images/teams/small/29.png?v=6.08,11,9.36
1567164651-6,https://www.prokabaddi.com/stats/49-97-raid-points-statistics,"Gujarat Fortunegiants",5,/static-assets/images/teams/small/31.png?v=6.08,11,172
1567164667-60,https://www.prokabaddi.com/stats/49-99-avg-tackle-points-statistics,"U Mumba",12,/static-assets/images/teams/small/5.png?v=6.08,11,9.18
1567164651-7,https://www.prokabaddi.com/stats/49-97-raid-points-statistics,"U Mumba",7,/static-assets/images/teams/small/5.png?v=6.08,11,168
1567164651-8,https://www.prokabaddi.com/stats/49-97-raid-points-statistics,"Puneri Paltan",8,/static-assets/images/teams/small/7.png?v=6.08,10,159
1567164651-9,https://www.prokabaddi.com/stats/49-97-raid-points-statistics,"U.P. Yoddha",9,/static-assets/images/teams/small/30.png?v=6.08,11,157
1567164671-61,https://www.prokabaddi.com/stats/49-96-total-points-scored-statistics,"Bengal Warriors",1,/static-assets/images/teams/small/4.png?v=6.08,11,380
1567164671-70,https://www.prokabaddi.com/stats/49-96-total-points-scored-statistics,"Puneri Paltan",10,/static-assets/images/teams/small/7.png?v=6.08,10,291
1567164671-71,https://www.prokabaddi.com/stats/49-96-total-points-scored-statistics,"Patna Pirates",11,/static-assets/images/teams/small/6.png?v=6.08,10,280
1567164671-72,https://www.prokabaddi.com/stats/49-96-total-points-scored-statistics,"Telugu Titans",12,/static-assets/images/teams/small/8.png?v=6.08,10,275
1567164677-73,https://www.prokabaddi.com/stats/49-133-total-points-conceded-statistics,"U.P. Yoddha",1,/static-assets/images/teams/small/30.png?v=6.08,11,363
1567164677-74,https://www.prokabaddi.com/stats/49-133-total-points-conceded-statistics,"Haryana Steelers",2,/static-assets/images/teams/small/28.png?v=6.08,11,351
1567164677-75,https://www.prokabaddi.com/stats/49-133-total-points-conceded-statistics,"Bengaluru Bulls",2,/static-assets/images/teams/small/1.png?v=6.08,11,351
1567164677-76,https://www.prokabaddi.com/stats/49-133-total-points-conceded-statistics,"U Mumba",4,/static-assets/images/teams/small/5.png?v=6.08,11,323
1567164677-77,https://www.prokabaddi.com/stats/49-133-total-points-conceded-statistics,"Tamil Thalaivas",5,/static-assets/images/teams/small/29.png?v=6.08,11,319
1567164677-78,https://www.prokabaddi.com/stats/49-133-total-points-conceded-statistics,"Gujarat Fortunegiants",6,/static-assets/images/teams/small/31.png?v=6.08,11,315
1567164677-79,https://www.prokabaddi.com/stats/49-133-total-points-conceded-statistics,"Puneri Paltan",6,/static-assets/images/teams/small/7.png?v=6.08,10,315
1567164671-62,https://www.prokabaddi.com/stats/49-96-total-points-scored-statistics,"Bengaluru Bulls",2,/static-assets/images/teams/small/1.png?v=6.08,11,368
1567164677-80,https://www.prokabaddi.com/stats/49-133-total-points-conceded-statistics,"Bengal Warriors",8,/static-assets/images/teams/small/4.png?v=6.08,11,313
1567164677-81,https://www.prokabaddi.com/stats/49-133-total-points-conceded-statistics,"Telugu Titans",9,/static-assets/images/teams/small/8.png?v=6.08,10,308
1567164677-82,https://www.prokabaddi.com/stats/49-133-total-points-conceded-statistics,"Patna Pirates",10,/static-assets/images/teams/small/6.png?v=6.08,10,307
1567164677-83,https://www.prokabaddi.com/stats/49-133-total-points-conceded-statistics,"Jaipur Pink Panthers",11,/static-assets/images/teams/small/3.png?v=6.08,11,291
1567164677-84,https://www.prokabaddi.com/stats/49-133-total-points-conceded-statistics,"Dabang Delhi K.C.",12,/static-assets/images/teams/small/2.png?v=6.08,10,280
1567164681-85,https://www.prokabaddi.com/stats/49-95-tackle-points-statistics,"Jaipur Pink Panthers",1,/static-assets/images/teams/small/3.png?v=6.08,11,127
1567164681-86,https://www.prokabaddi.com/stats/49-95-tackle-points-statistics,"Bengaluru Bulls",2,/static-assets/images/teams/small/1.png?v=6.08,11,116
1567164681-87,https://www.prokabaddi.com/stats/49-95-tackle-points-statistics,"Gujarat Fortunegiants",3,/static-assets/images/teams/small/31.png?v=6.08,11,113
1567164681-88,https://www.prokabaddi.com/stats/49-95-tackle-points-statistics,"Puneri Paltan",4,/static-assets/images/teams/small/7.png?v=6.08,10,111
1567164681-89,https://www.prokabaddi.com/stats/49-95-tackle-points-statistics,"U.P. Yoddha",5,/static-assets/images/teams/small/30.png?v=6.08,11,107
1567164671-63,https://www.prokabaddi.com/stats/49-96-total-points-scored-statistics,"Haryana Steelers",3,/static-assets/images/teams/small/28.png?v=6.08,11,344
1567164681-90,https://www.prokabaddi.com/stats/49-95-tackle-points-statistics,"Haryana Steelers",5,/static-assets/images/teams/small/28.png?v=6.08,11,107
1567164681-91,https://www.prokabaddi.com/stats/49-95-tackle-points-statistics,"Bengal Warriors",7,/static-assets/images/teams/small/4.png?v=6.08,11,104
1567164681-92,https://www.prokabaddi.com/stats/49-95-tackle-points-statistics,"Telugu Titans",8,/static-assets/images/teams/small/8.png?v=6.08,10,103
1567164681-93,https://www.prokabaddi.com/stats/49-95-tackle-points-statistics,"Tamil Thalaivas",8,/static-assets/images/teams/small/29.png?v=6.08,11,103
1567164681-94,https://www.prokabaddi.com/stats/49-95-tackle-points-statistics,"U Mumba",10,/static-assets/images/teams/small/5.png?v=6.08,11,101
1567164681-95,https://www.prokabaddi.com/stats/49-95-tackle-points-statistics,"Patna Pirates",11,/static-assets/images/teams/small/6.png?v=6.08,10,100
1567164681-96,https://www.prokabaddi.com/stats/49-95-tackle-points-statistics,"Dabang Delhi K.C.",12,/static-assets/images/teams/small/2.png?v=6.08,10,94
1567164684-97,https://www.prokabaddi.com/stats/49-136-all-outs-inflicted-statistics,"Bengal Warriors",1,/static-assets/images/teams/small/4.png?v=6.08,11,19
1567164684-98,https://www.prokabaddi.com/stats/49-136-all-outs-inflicted-statistics,"Dabang Delhi K.C.",2,/static-assets/images/teams/small/2.png?v=6.08,10,15
1567164684-99,https://www.prokabaddi.com/stats/49-136-all-outs-inflicted-statistics,"Haryana Steelers",3,/static-assets/images/teams/small/28.png?v=6.08,11,13
1567164671-64,https://www.prokabaddi.com/stats/49-96-total-points-scored-statistics,"Dabang Delhi K.C.",4,/static-assets/images/teams/small/2.png?v=6.08,10,337
1567164684-100,https://www.prokabaddi.com/stats/49-136-all-outs-inflicted-statistics,"U Mumba",4,/static-assets/images/teams/small/5.png?v=6.08,11,12
1567164684-101,https://www.prokabaddi.com/stats/49-136-all-outs-inflicted-statistics,"Bengaluru Bulls",4,/static-assets/images/teams/small/1.png?v=6.08,11,12
1567164684-102,https://www.prokabaddi.com/stats/49-136-all-outs-inflicted-statistics,"Patna Pirates",6,/static-assets/images/teams/small/6.png?v=6.08,10,11
1567164684-103,https://www.prokabaddi.com/stats/49-136-all-outs-inflicted-statistics,"Jaipur Pink Panthers",6,/static-assets/images/teams/small/3.png?v=6.08,11,11
1567164684-104,https://www.prokabaddi.com/stats/49-136-all-outs-inflicted-statistics,"Tamil Thalaivas",8,/static-assets/images/teams/small/29.png?v=6.08,11,10
1567164684-105,https://www.prokabaddi.com/stats/49-136-all-outs-inflicted-statistics,"Gujarat Fortunegiants",8,/static-assets/images/teams/small/31.png?v=6.08,11,10
1567164684-106,https://www.prokabaddi.com/stats/49-136-all-outs-inflicted-statistics,"U.P. Yoddha",10,/static-assets/images/teams/small/30.png?v=6.08,11,8
1567164684-107,https://www.prokabaddi.com/stats/49-136-all-outs-inflicted-statistics,"Puneri Paltan",11,/static-assets/images/teams/small/7.png?v=6.08,10,6
1567164684-108,https://www.prokabaddi.com/stats/49-136-all-outs-inflicted-statistics,"Telugu Titans",12,/static-assets/images/teams/small/8.png?v=6.08,10,4
1567164688-109,https://www.prokabaddi.com/stats/49-135-do-or-die-raid-points-statistics,"Jaipur Pink Panthers",1,/static-assets/images/teams/small/3.png?v=6.08,11,43
1567164671-65,https://www.prokabaddi.com/stats/49-96-total-points-scored-statistics,"Jaipur Pink Panthers",5,/static-assets/images/teams/small/3.png?v=6.08,11,322
1567164688-110,https://www.prokabaddi.com/stats/49-135-do-or-die-raid-points-statistics,"U Mumba",2,/static-assets/images/teams/small/5.png?v=6.08,11,42
1567164688-111,https://www.prokabaddi.com/stats/49-135-do-or-die-raid-points-statistics,"Puneri Paltan",2,/static-assets/images/teams/small/7.png?v=6.08,10,42
1567164688-112,https://www.prokabaddi.com/stats/49-135-do-or-die-raid-points-statistics,"Haryana Steelers",4,/static-assets/images/teams/small/28.png?v=6.08,11,39
1567164688-113,https://www.prokabaddi.com/stats/49-135-do-or-die-raid-points-statistics,"Tamil Thalaivas",5,/static-assets/images/teams/small/29.png?v=6.08,11,37
1567164688-114,https://www.prokabaddi.com/stats/49-135-do-or-die-raid-points-statistics,"U.P. Yoddha",6,/static-assets/images/teams/small/30.png?v=6.08,11,34
1567164688-115,https://www.prokabaddi.com/stats/49-135-do-or-die-raid-points-statistics,"Gujarat Fortunegiants",7,/static-assets/images/teams/small/31.png?v=6.08,11,33
1567164688-116,https://www.prokabaddi.com/stats/49-135-do-or-die-raid-points-statistics,"Patna Pirates",8,/static-assets/images/teams/small/6.png?v=6.08,10,29
1567164688-117,https://www.prokabaddi.com/stats/49-135-do-or-die-raid-points-statistics,"Dabang Delhi K.C.",9,/static-assets/images/teams/small/2.png?v=6.08,10,28
1567164688-118,https://www.prokabaddi.com/stats/49-135-do-or-die-raid-points-statistics,"Bengal Warriors",10,/static-assets/images/teams/small/4.png?v=6.08,11,26
1567164688-119,https://www.prokabaddi.com/stats/49-135-do-or-die-raid-points-statistics,"Telugu Titans",10,/static-assets/images/teams/small/8.png?v=6.08,10,26
1567164671-66,https://www.prokabaddi.com/stats/49-96-total-points-scored-statistics,"Gujarat Fortunegiants",6,/static-assets/images/teams/small/31.png?v=6.08,11,319
1567164688-120,https://www.prokabaddi.com/stats/49-135-do-or-die-raid-points-statistics,"Bengaluru Bulls",12,/static-assets/images/teams/small/1.png?v=6.08,11,20
1567164671-67,https://www.prokabaddi.com/stats/49-96-total-points-scored-statistics,"Tamil Thalaivas",7,/static-assets/images/teams/small/29.png?v=6.08,11,316
1567164671-68,https://www.prokabaddi.com/stats/49-96-total-points-scored-statistics,"U Mumba",8,/static-assets/images/teams/small/5.png?v=6.08,11,312
1567164671-69,https://www.prokabaddi.com/stats/49-96-total-points-scored-statistics,"U.P. Yoddha",9,/static-assets/images/teams/small/30.png?v=6.08,11,292
1567164693-121,https://www.prokabaddi.com/stats/49-20-super-tackles-statistics,"Bengaluru Bulls",1,/static-assets/images/teams/small/1.png?v=6.08,11,16
1567164693-130,https://www.prokabaddi.com/stats/49-20-super-tackles-statistics,"Bengal Warriors",9,/static-assets/images/teams/small/4.png?v=6.08,11,7
1567164693-131,https://www.prokabaddi.com/stats/49-20-super-tackles-statistics,"Dabang Delhi K.C.",11,/static-assets/images/teams/small/2.png?v=6.08,10,6
1567164693-132,https://www.prokabaddi.com/stats/49-20-super-tackles-statistics,"Tamil Thalaivas",11,/static-assets/images/teams/small/29.png?v=6.08,11,6
1567164698-133,https://www.prokabaddi.com/stats/49-13-successful-raids-statistics,"Bengal Warriors",1,/static-assets/images/teams/small/4.png?v=6.08,11,180
1567164698-134,https://www.prokabaddi.com/stats/49-13-successful-raids-statistics,"Bengaluru Bulls",2,/static-assets/images/teams/small/1.png?v=6.08,11,172
1567164698-135,https://www.prokabaddi.com/stats/49-13-successful-raids-statistics,"Dabang Delhi K.C.",3,/static-assets/images/teams/small/2.png?v=6.08,10,160
1567164698-136,https://www.prokabaddi.com/stats/49-13-successful-raids-statistics,"Haryana Steelers",4,/static-assets/images/teams/small/28.png?v=6.08,11,156
1567164698-137,https://www.prokabaddi.com/stats/49-13-successful-raids-statistics,"Gujarat Fortunegiants",5,/static-assets/images/teams/small/31.png?v=6.08,11,142
1567164698-138,https://www.prokabaddi.com/stats/49-13-successful-raids-statistics,"Tamil Thalaivas",6,/static-assets/images/teams/small/29.png?v=6.08,11,138
1567164698-139,https://www.prokabaddi.com/stats/49-13-successful-raids-statistics,"Puneri Paltan",7,/static-assets/images/teams/small/7.png?v=6.08,10,132
1567164693-122,https://www.prokabaddi.com/stats/49-20-super-tackles-statistics,"Jaipur Pink Panthers",2,/static-assets/images/teams/small/3.png?v=6.08,11,15
1567164698-140,https://www.prokabaddi.com/stats/49-13-successful-raids-statistics,"Jaipur Pink Panthers",7,/static-assets/images/teams/small/3.png?v=6.08,11,132
1567164698-141,https://www.prokabaddi.com/stats/49-13-successful-raids-statistics,"Telugu Titans",9,/static-assets/images/teams/small/8.png?v=6.08,10,131
1567164698-142,https://www.prokabaddi.com/stats/49-13-successful-raids-statistics,"U Mumba",10,/static-assets/images/teams/small/5.png?v=6.08,11,127
1567164698-143,https://www.prokabaddi.com/stats/49-13-successful-raids-statistics,"Patna Pirates",10,/static-assets/images/teams/small/6.png?v=6.08,10,127
1567164698-144,https://www.prokabaddi.com/stats/49-13-successful-raids-statistics,"U.P. Yoddha",12,/static-assets/images/teams/small/30.png?v=6.08,11,123
1567164702-145,https://www.prokabaddi.com/stats/49-98-avg-raid-points-statistics,"Bengal Warriors",1,/static-assets/images/teams/small/4.png?v=6.08,11,19.82
1567164702-146,https://www.prokabaddi.com/stats/49-98-avg-raid-points-statistics,"Bengaluru Bulls",2,/static-assets/images/teams/small/1.png?v=6.08,11,19.18
1567164702-147,https://www.prokabaddi.com/stats/49-98-avg-raid-points-statistics,"Dabang Delhi K.C.",3,/static-assets/images/teams/small/2.png?v=6.08,10,18.8
1567164702-148,https://www.prokabaddi.com/stats/49-98-avg-raid-points-statistics,"Haryana Steelers",4,/static-assets/images/teams/small/28.png?v=6.08,11,17.82
1567164702-149,https://www.prokabaddi.com/stats/49-98-avg-raid-points-statistics,"Puneri Paltan",5,/static-assets/images/teams/small/7.png?v=6.08,10,15.9
1567164693-123,https://www.prokabaddi.com/stats/49-20-super-tackles-statistics,"U Mumba",2,/static-assets/images/teams/small/5.png?v=6.08,11,15
1567164702-150,https://www.prokabaddi.com/stats/49-98-avg-raid-points-statistics,"Tamil Thalaivas",6,/static-assets/images/teams/small/29.png?v=6.08,11,15.64
1567164702-151,https://www.prokabaddi.com/stats/49-98-avg-raid-points-statistics,"Gujarat Fortunegiants",6,/static-assets/images/teams/small/31.png?v=6.08,11,15.64
1567164702-152,https://www.prokabaddi.com/stats/49-98-avg-raid-points-statistics,"U Mumba",8,/static-assets/images/teams/small/5.png?v=6.08,11,15.27
1567164702-153,https://www.prokabaddi.com/stats/49-98-avg-raid-points-statistics,"Telugu Titans",9,/static-assets/images/teams/small/8.png?v=6.08,10,14.9
1567164702-154,https://www.prokabaddi.com/stats/49-98-avg-raid-points-statistics,"Patna Pirates",10,/static-assets/images/teams/small/6.png?v=6.08,10,14.4
1567164702-155,https://www.prokabaddi.com/stats/49-98-avg-raid-points-statistics,"Jaipur Pink Panthers",11,/static-assets/images/teams/small/3.png?v=6.08,11,14.27
1567164702-156,https://www.prokabaddi.com/stats/49-98-avg-raid-points-statistics,"U.P. Yoddha",11,/static-assets/images/teams/small/30.png?v=6.08,11,14.27
1567164693-124,https://www.prokabaddi.com/stats/49-20-super-tackles-statistics,"Patna Pirates",4,/static-assets/images/teams/small/6.png?v=6.08,10,13
1567164693-125,https://www.prokabaddi.com/stats/49-20-super-tackles-statistics,"Puneri Paltan",4,/static-assets/images/teams/small/7.png?v=6.08,10,13
1567164693-126,https://www.prokabaddi.com/stats/49-20-super-tackles-statistics,"Gujarat Fortunegiants",6,/static-assets/images/teams/small/31.png?v=6.08,11,11
1567164693-127,https://www.prokabaddi.com/stats/49-20-super-tackles-statistics,"Telugu Titans",7,/static-assets/images/teams/small/8.png?v=6.08,10,9
1567164693-128,https://www.prokabaddi.com/stats/49-20-super-tackles-statistics,"U.P. Yoddha",8,/static-assets/images/teams/small/30.png?v=6.08,11,8
1567164693-129,https://www.prokabaddi.com/stats/49-20-super-tackles-statistics,"Haryana Steelers",9,/static-assets/images/teams/small/28.png?v=6.08,11,7
