﻿web-scraper-order,web-scraper-start-url,name,team,type,points,credits,announced
1566135930-1,https://www.dream11.com/kabaddi/create-team/1092/15111,"V Bharadwaj",HYD,DEF,143,15,Announced
1566135930-10,https://www.dream11.com/kabaddi/create-team/1092/15111,Manish-I,HYD,DEF,0,12,
1566135930-11,https://www.dream11.com/kabaddi/create-team/1092/15111,"A Choudhary",HYD,DEF,0,11.5,
1566135930-12,https://www.dream11.com/kabaddi/create-team/1092/15111,"S Narwal",HAR,DEF,0,11,
1566135930-13,https://www.dream11.com/kabaddi/create-team/1092/15111,"V Kandola",HAR,DEF,4,11,
1566135930-14,https://www.dream11.com/kabaddi/create-team/1092/15111,"A D Arsul",HYD,DEF,2,10.5,
1566135930-15,https://www.dream11.com/kabaddi/create-team/1092/15111,"C Singh",HAR,DEF,0,9.5,
1566135930-16,https://www.dream11.com/kabaddi/create-team/1092/15111,Naveen-I,HAR,ALL,141,15.5,
1566135930-17,https://www.dream11.com/kabaddi/create-team/1092/15111,"F Milaghardan",HYD,ALL,104,14.5,Announced
1566135930-18,https://www.dream11.com/kabaddi/create-team/1092/15111,"K Singh",HAR,ALL,46,14.5,
1566135930-19,https://www.dream11.com/kabaddi/create-team/1092/15111,Armaan,HYD,ALL,22,13.5,
1566135930-2,https://www.dream11.com/kabaddi/create-team/1092/15111,"D Cheralathan",HAR,DEF,112,15,Announced
1566135930-20,https://www.dream11.com/kabaddi/create-team/1092/15111,"R Gowda",HYD,ALL,22,13,
1566135930-21,https://www.dream11.com/kabaddi/create-team/1092/15111,"P Tin",HAR,ALL,0,12,
1566135930-22,https://www.dream11.com/kabaddi/create-team/1092/15111,Siddharth-Desai,HYD,RAI,163,16,Announced
1566135930-23,https://www.dream11.com/kabaddi/create-team/1092/15111,"V Khandola",HAR,RAI,162,15.5,Announced
1566135930-24,https://www.dream11.com/kabaddi/create-team/1092/15111,Rajnish,HYD,RAI,25,14,
1566135930-25,https://www.dream11.com/kabaddi/create-team/1092/15111,"P Kumar-Rai",HAR,RAI,17,14,Announced
1566135930-26,https://www.dream11.com/kabaddi/create-team/1092/15111,"K Selvamani",HAR,RAI,38,14,
1566135930-27,https://www.dream11.com/kabaddi/create-team/1092/15111,"S Desai",HYD,RAI,113,13,Announced
1566135930-28,https://www.dream11.com/kabaddi/create-team/1092/15111,Vinay,HAR,RAI,125,13,Announced
1566135930-29,https://www.dream11.com/kabaddi/create-team/1092/15111,Kamal-Singh,HYD,RAI,8,12.5,
1566135930-3,https://www.dream11.com/kabaddi/create-team/1092/15111,"A Mohajermighani",HYD,DEF,84,14.5,Announced
1566135930-30,https://www.dream11.com/kabaddi/create-team/1092/15111,Arun-Kumar,HAR,RAI,5,12.5,
1566135930-31,https://www.dream11.com/kabaddi/create-team/1092/15111,"A Kumar-II",HYD,RAI,60,12,Announced
1566135930-32,https://www.dream11.com/kabaddi/create-team/1092/15111,"A Beniwal",HYD,RAI,14,11.5,
1566135930-33,https://www.dream11.com/kabaddi/create-team/1092/15111,"V Chhillar",HAR,RAI,0,11.5,
1566135930-34,https://www.dream11.com/kabaddi/create-team/1092/15111,"P Mallikarjun",HYD,RAI,7,11,
1566135930-35,https://www.dream11.com/kabaddi/create-team/1092/15111,"M S G Reddy",HYD,RAI,0,10,
1566135930-36,https://www.dream11.com/kabaddi/create-team/1092/15111,"A M Maleki",HAR,RAI,0,10,
1566135930-4,https://www.dream11.com/kabaddi/create-team/1092/15111,Parveen,HAR,DEF,32,14,
1566135930-5,https://www.dream11.com/kabaddi/create-team/1092/15111,"C Arun",HYD,DEF,59,13.5,Announced
1566135930-6,https://www.dream11.com/kabaddi/create-team/1092/15111,"V Kale",HAR,DEF,108,13.5,Announced
1566135930-7,https://www.dream11.com/kabaddi/create-team/1092/15111,Ravi-Kumar,HAR,DEF,54,13.5,Announced
1566135930-8,https://www.dream11.com/kabaddi/create-team/1092/15111,Sunil,HAR,DEF,114,13,Announced
1566135930-9,https://www.dream11.com/kabaddi/create-team/1092/15111,"K Madane",HYD,DEF,14,12.5,
