name,team,type,points,credits,announced,match_points
R Pahal,DEL,DEF,99,15.0,Announced,15.0
V Landge,BEN,DEF,59,12.0,,2.0
N Narwal,BEN,DEF,18,11.5,,0.0
Adarsh-T,BEN,DEF,11,11.0,,2.0
P Patil,DEL,DEF,0,10.5,,0.0
S Ghaffari,DEL,DEF,74,10.5,Announced,5.0
Amit-I,BEN,DEF,2,10.5,,0.0
Mohit-I,DEL,DEF,0,10.0,,0.0
Dharmendra-Singh,BEN,DEF,0,10.0,,0.0
Satywan,DEL,DEF,0,9.5,,0.0
M Sheykh,DEL,ALL,42,15.0,Announced,8.0
J Narwal,DEL,DEF,116,14.5,Announced,24.0
M Esmaeil-Nabibakhsh,BEN,ALL,221,14.5,Announced,16.0
Vijay,DEL,ALL,43,13.0,,7.0
Avinash-AR,BEN,ALL,0,12.0,,0.0
S T Patil,BEN,ALL,0,11.0,,0.0
A S Dhumal,BEN,ALL,0,11.0,,0.0
S M Dubile,BEN,ALL,0,10.5,,0.0
Balram,DEL,ALL,0,9.5,,0.0
Maninder-Singh,BEN,RAI,238,16.0,Announced,11.0
Naveen-Kumar,DEL,RAI,281,15.5,Announced,41.0
K Prapanjan,BEN,RAI,188,15.0,Announced,35.0
Jeeva-Kumar,BEN,DEF,103,14.5,Announced,24.0
C Ranjit,DEL,RAI,176,14.0,Announced,23.0
R Kumawat,BEN,RAI,0,14.0,,0.0
S Hegde,BEN,RAI,2,14.0,,14.0
R Narwal,BEN,RAI,9,12.0,,0.0
R Narwal,BEN,RAI,9,12.0,,151.0
R Narwal,BEN,RAI,9,12.0,,-131.0
R Narwal,BEN,RAI,9,12.0,,20.0
R Narwal,BEN,DEF,140,14.0,Announced,0.0
R Narwal,BEN,DEF,140,14.0,Announced,151.0
R Narwal,BEN,DEF,140,14.0,Announced,-131.0
R Narwal,BEN,DEF,140,14.0,Announced,20.0
S Kumar,DEL,RAI,0,11.5,,0.0
N Narwal,DEL,RAI,1,11.0,,0.0
A Kadian,DEL,RAI,6,10.5,,0.0
M T P Mahali,BEN,RAI,10,9.5,,0.0
V Mane,DEL,DEF,84,14.0,Announced,5.0
Baldev-Singh,BEN,DEF,171,14.0,Announced,5.0
Sombir,DEL,DEF,6,13.0,,2.0
Anil-Kumar-I,DEL,DEF,19,13.0,,0.0
V Thangadurai,BEN,DEF,12,13.0,Announced,5.0
