name,team,type,points,credits,announced,match_points
V Bharadwaj,HYD,DEF,86,15.0,Announced,42.0
A Choudhary,HYD,DEF,0,11.5,,0.0
S Gahlawat,GUJ,DEF,0,11.5,,0.0
Ankit-I,GUJ,DEF,79,11.0,Announced,7.0
Amit-Kharb,GUJ,DEF,2,11.0,,0.0
A D Arsul,HYD,DEF,2,10.5,,0.0
F Milaghardan,HYD,ALL,59,14.5,Announced,25.0
G More,GUJ,ALL,148,14.5,Announced,8.0
R Gulia,GUJ,ALL,163,14.5,Announced,14.0
Armaan,HYD,ALL,13,13.5,,2.0
R Gowda,HYD,ALL,22,13.0,,0.0
Sunil-Kumar,GUJ,DEF,123,15.0,Announced,2.0
Pankaj,GUJ,ALL,0,13.0,,0.0
V Kumar,GUJ,ALL,4,13.0,,0.0
M S Hossain,GUJ,ALL,0,10.5,,0.0
Siddharth-Desai,HYD,RAI,122,16.0,Announced,28.0
S Tanwar,GUJ,RAI,145,15.5,Announced,8.0
Rajnish,HYD,RAI,25,14.0,,0.0
A Maghsodlou,GUJ,RAI,8,14.0,,0.0
S Jaglan,GUJ,RAI,63,13.5,,0.0
S Desai,HYD,RAI,81,13.0,Announced,9.0
G Singh-Sr,GUJ,RAI,0,13.0,,8.0
P Bhainswal,GUJ,DEF,108,15.0,Announced,37.0
Kamal-Singh,HYD,RAI,8,12.5,,0.0
A Kumar-II,HYD,RAI,25,12.0,Announced,20.0
A Beniwal,HYD,RAI,14,11.5,,0.0
P Mallikarjun,HYD,RAI,7,11.0,,0.0
Lalit-Chaudhary,GUJ,RAI,0,11.0,,0.0
M S G Reddy,HYD,RAI,0,10.0,,0.0
H Singh,GUJ,RAI,19,10.0,,0.0
A Mohajermighani,HYD,DEF,52,14.5,Announced,22.0
C Arun,HYD,DEF,32,13.5,Announced,12.0
R Koravi,GUJ,DEF,23,13.5,,0.0
S Malik,GUJ,DEF,84,13.0,Announced,2.0
K Madane,HYD,DEF,14,12.5,,0.0
Manish-I,HYD,DEF,0,12.0,,0.0
