name,team,type,points,credits,announced,rai,def,allr,match_points
Sumit,UP,DEF,205,14.5,Announced,0,1,0,33.0
J B Shahaji,PUN,DEF,74,12.5,,0,1,0,22.0
D Yadav,PUN,DEF,0,12.5,,0,1,0,0.0
Satpal,PUN,DEF,0,12.5,,0,1,0,0.0
S Sawant,PUN,DEF,48,11.5,,0,1,0,0.0
Manjeet,PUN,ALL,187,14.5,Announced,0,0,1,53.0
R Devadiga,UP,ALL,76,14.0,,0,0,1,0.0
Sachin-Kumar,UP,ALL,12,13.5,,0,0,1,7.0
M Maghsoudlou,UP,ALL,35,13.5,Announced,0,0,1,6.0
Narender,UP,ALL,-4,13.0,,0,0,1,0.0
S Krishna,PUN,ALL,28,13.0,Announced,0,0,1,3.0
S Singh,PUN,DEF,156,14.5,Announced,0,1,0,3.0
Sandeep-Jr.,PUN,ALL,0,12.5,,0,0,1,0.0
Gurdeep,UP,ALL,0,11.5,,0,0,1,0.0
Arkam-Shaikh,UP,ALL,0,11.5,,0,0,1,0.0
Amit-Kumar-Jr,PUN,ALL,17,11.5,,0,0,1,0.0
P Kumar-Kadian,PUN,RAI,80,15.5,,1,0,0,0.0
S Jadhav,UP,RAI,143,15.0,Announced,1,0,0,66.0
N Tomar,PUN,RAI,53,15.0,,1,0,0,0.0
M Goyat,UP,RAI,150,14.5,,1,0,0,0.0
Surender-Singh,UP,RAI,24,14.0,,1,0,0,0.0
D Kadian,PUN,RAI,3,14.0,,1,0,0,0.0
G M Ernak,PUN,DEF,110,14.5,Announced,0,1,0,3.0
Surender-Gill,UP,RAI,76,13.0,Announced,1,0,0,24.0
Azad-Singh,UP,RAI,11,13.0,,1,0,0,0.0
A Kumar.Sr,PUN,RAI,105,13.0,Announced,1,0,0,14.0
M M Karim,UP,RAI,0,12.5,,1,0,0,0.0
R Sriram,PUN,RAI,-2,12.5,,1,0,0,0.0
E Sedaghatnia,PUN,RAI,0,12.5,,1,0,0,0.0
Ankush,UP,RAI,0,12.0,,1,0,0,0.0
S Sail,PUN,RAI,22,12.0,,1,0,0,1.0
Gulveer-Singh,UP,RAI,0,11.5,,1,0,0,0.0
P Mohite,PUN,RAI,144,11.5,Announced,1,0,0,6.0
Nitesh-Kumar,UP,DEF,136,14.0,Announced,0,1,0,13.0
Amit,UP,DEF,104,13.5,Announced,0,1,0,8.0
S Shinde,PUN,DEF,58,13.0,,0,1,0,12.0
H Tajik,PUN,DEF,37,13.0,Announced,0,1,0,3.0
Ashu-Singh,UP,DEF,108,12.5,Announced,0,1,0,23.0
A Nagar,UP,DEF,0,12.5,,0,1,0,0.0
