name,team,type,points,credits,announced,rai,def,allr,match_points
F Atrachali,MUM,DEF,168,16.0,Announced,0,1,0,22.0
M Abishek,TAM,DEF,0,12.0,,0,1,0,0.0
Himanshu,TAM,DEF,0,11.5,,0,1,0,0.0
Sagar,TAM,DEF,11,11.0,,0,1,0,2.0
H Vardhan,MUM,DEF,4,11.0,,0,1,0,0.0
M Sheibak,TAM,DEF,2,10.5,,0,1,0,0.0
Manjeet-Chhillar,TAM,ALL,166,15.5,,0,0,1,0.0
S Narwal,MUM,ALL,157,14.5,Announced,0,0,1,27.0
R Singh,TAM,ALL,150,13.5,Announced,0,0,1,12.0
V O Obiero,TAM,ALL,0,13.0,,0,0,1,0.0
H Chauhan,TAM,ALL,2,12.5,,0,0,1,0.0
Surinder-Singh,MUM,DEF,190,14.5,Announced,0,1,0,12.0
A R Kapre,MUM,ALL,4,12.5,,0,0,1,0.0
M Balyan,MUM,ALL,0,12.0,,0,0,1,0.0
A Thakur,TAM,RAI,170,16.5,Announced,1,0,0,11.0
R Chaudhari,TAM,RAI,253,16.0,Announced,1,0,0,19.0
Abhishek-Singh,MUM,RAI,181,15.0,Announced,1,0,0,14.0
R Baliyan,MUM,RAI,146,14.5,,1,0,0,0.0
M Athul,MUM,RAI,71,13.5,Announced,1,0,0,30.0
D Geon-Lee,MUM,RAI,37,13.5,,1,0,0,0.0
V Sharma,TAM,RAI,49,13.0,Announced,1,0,0,2.0
S Bappu,TAM,RAI,93,13.0,,1,0,0,2.0
Mohit-Chillar,TAM,DEF,169,14.0,Announced,0,1,0,15.0
Vinoth-Kumar,MUM,RAI,4,13.0,,1,0,0,0.0
Gaurav-Kumar,MUM,RAI,0,12.5,,1,0,0,0.0
A Deshwal,MUM,RAI,132,12.5,Announced,1,0,0,11.0
V A Kumar,TAM,RAI,82,12.0,Announced,1,0,0,16.0
Navneet,MUM,RAI,0,12.0,,1,0,0,0.0
Anand,TAM,RAI,0,11.5,,1,0,0,0.0
Y Bishnoi,TAM,RAI,0,11.5,,1,0,0,0.0
R Subramanian,MUM,DEF,2,13.5,,0,1,0,12.0
Ajeet,TAM,DEF,99,12.5,,0,1,0,0.0
P Subramanian,TAM,DEF,6,12.5,Announced,0,1,0,7.0
H Kumar,MUM,DEF,42,12.5,Announced,0,1,0,21.0
Anil,MUM,DEF,0,12.5,,0,1,0,0.0
Y Chang-Ko,MUM,DEF,57,12.5,,0,1,0,0.0
