name,team,type,points,credits,announced,match_points
Sunil-Kumar,GUJ,DEF,168,15.0,Announced,20.0
B Narwal,PAT,DEF,0,12.0,,0.0
M Choudhary,PAT,DEF,0,12.0,,0.0
S Gahlawat,GUJ,DEF,0,11.5,,0.0
Ankit-I,GUJ,DEF,88,11.0,,0.0
Amit-Kharb,GUJ,DEF,2,11.0,,0.0
G More,GUJ,ALL,164,14.5,Announced,24.0
R Gulia,GUJ,ALL,188,14.5,Announced,36.0
V Jaglan,PAT,ALL,92,14.0,Announced,5.0
Monu,PAT,ALL,109,13.5,Announced,18.0
Pankaj,GUJ,ALL,34,13.0,Announced,20.0
P Bhainswal,GUJ,DEF,160,15.0,Announced,15.0
V Kumar,GUJ,ALL,13,13.0,,0.0
Ravinder-I,PAT,ALL,16,13.0,,0.0
S Mann,PAT,ALL,0,11.0,,0.0
M S Hossain,GUJ,ALL,0,10.5,,0.0
Amit-Kumar-II,PAT,ALL,0,10.5,,0.0
P Narwal,PAT,RAI,284,17.5,Announced,34.0
S Tanwar,GUJ,RAI,185,15.5,,0.0
J Kun-Lee,PAT,RAI,96,15.0,,0.0
M E M Mahalli,PAT,RAI,112,14.5,Announced,19.0
A Maghsodlou,GUJ,RAI,8,14.0,,0.0
S Nada,PAT,DEF,0,14.5,,0.0
S Jaglan,GUJ,RAI,98,13.5,Announced,6.0
G Singh-Sr,GUJ,RAI,8,13.0,,0.0
P Singh,PAT,RAI,13,12.0,,0.0
R P Rao-Chavan,PAT,RAI,0,11.5,,0.0
Mohit,PAT,RAI,0,11.5,,0.0
Lalit-Chaudhary,GUJ,RAI,1,11.0,,0.0
Ashish,PAT,RAI,21,11.0,,0.0
Naveen,PAT,RAI,0,11.0,,0.0
H Singh,GUJ,RAI,19,10.0,,0.0
R Koravi,GUJ,DEF,29,13.5,Announced,15.0
Jaideep,PAT,DEF,182,13.5,Announced,15.0
J Dagar,PAT,DEF,2,13.5,,2.0
H Oshtorak,PAT,DEF,101,13.5,Announced,14.0
S Malik,GUJ,DEF,93,13.0,,2.0
Neeraj-Kumar,PAT,DEF,137,12.5,Announced,15.0
