name,team,type,points,credits,announced
Sunil-Kumar,GUJ,DEF,191,15.0,Announced
R Koravi,GUJ,DEF,52,12.5,
Sandeep,BLR,DEF,2,12.5,
S Gahlawat,GUJ,DEF,0,11.5,
Aman,BLR,DEF,5,11.5,
Amit-Kharb,GUJ,DEF,2,11.0,
R Gulia,GUJ,ALL,231,15.5,Announced
G More,GUJ,ALL,198,14.5,Announced
Ashish-Kumar,BLR,ALL,41,14.5,
Pankaj,GUJ,ALL,52,13.0,
V Kumar,GUJ,ALL,24,13.0,
P Bhainswal,GUJ,DEF,178,15.0,Announced
Ankit,BLR,ALL,22,12.5,
Ajay,BLR,ALL,21,12.0,
M Sehrawat,BLR,ALL,80,11.5,Announced
S Shrestha,BLR,ALL,0,11.5,
M S Hossain,GUJ,ALL,0,10.5,
P Kumar-Sherawat,BLR,RAI,499,17.0,Announced
Rohit-Kumar,BLR,RAI,215,16.0,Announced
S Tanwar,GUJ,RAI,185,15.0,Announced
S Jaglan,GUJ,RAI,104,13.5,
Sumit-Singh,BLR,RAI,52,13.5,
A Sheoran,BLR,DEF,172,14.5,Announced
G Singh-Sr,GUJ,RAI,12,13.0,
A Maghsodlou,GUJ,RAI,17,13.0,
V Kumar-II,BLR,RAI,6,13.0,
H Singh,GUJ,RAI,19,12.0,
Banty,BLR,RAI,58,11.5,Announced
L Mohar-Yadav,BLR,RAI,0,11.5,
Lalit-Chaudhary,GUJ,RAI,11,11.0,
Mahender-Singh,BLR,DEF,192,14.5,Announced
S Malik,GUJ,DEF,106,13.0,Announced
Ankit-I,GUJ,DEF,88,13.0,Announced
S Nandal,BLR,DEF,166,13.0,Announced
R Lal-Choudhary,BLR,DEF,0,13.0,
Vijay-Kumar,BLR,DEF,54,13.0,
