name,team,type,points,credits,announced,rai,def,allr,match_points
S Nada,PAT,DEF,0,14.5,,0,1,0,0.0
B Narwal,PAT,DEF,0,12.0,,0,1,0,0.0
M Choudhary,PAT,DEF,0,12.0,,0,1,0,0.0
V Landge,BEN,DEF,61,12.0,,0,1,0,2.0
N Narwal,BEN,DEF,18,11.5,,0,1,0,0.0
Adarsh-T,BEN,DEF,13,11.0,,0,1,0,2.0
Amit-I,BEN,DEF,2,10.5,,0,1,0,0.0
Dharmendra-Singh,BEN,DEF,0,10.0,,0,1,0,0.0
M Esmaeil-Nabibakhsh,BEN,ALL,237,14.5,Announced,0,0,1,20.0
V Jaglan,PAT,ALL,81,14.0,Announced,0,0,1,11.0
Monu,PAT,ALL,97,13.5,Announced,0,0,1,12.0
Jeeva-Kumar,BEN,DEF,127,14.5,Announced,0,1,0,23.0
Ravinder-I,PAT,ALL,16,13.0,,0,0,1,0.0
Avinash-AR,BEN,ALL,0,12.0,,0,0,1,0.0
S Mann,PAT,ALL,0,11.0,,0,0,1,0.0
S T Patil,BEN,ALL,0,11.0,,0,0,1,0.0
A S Dhumal,BEN,ALL,0,11.0,,0,0,1,0.0
Amit-Kumar-II,PAT,ALL,0,10.5,,0,0,1,0.0
S M Dubile,BEN,ALL,0,10.5,,0,0,1,0.0
P Narwal,PAT,RAI,243,17.5,Announced,1,0,0,41.0
Maninder-Singh,BEN,RAI,249,16.0,Announced,1,0,0,43.0
J Kun-Lee,PAT,RAI,96,15.0,,1,0,0,0.0
Baldev-Singh,BEN,DEF,176,14.0,Announced,0,1,0,18.0
K Prapanjan,BEN,RAI,223,15.0,Announced,1,0,0,27.0
M E M Mahalli,PAT,RAI,102,14.5,Announced,1,0,0,10.0
R Kumawat,BEN,RAI,0,14.0,,1,0,0,0.0
S Hegde,BEN,RAI,16,14.0,,1,0,0,6.0
P Singh,PAT,RAI,7,12.0,,1,0,0,6.0
R Narwal,BEN,RAI,9,12.0,,1,0,0,0.0
R Narwal,BEN,RAI,9,12.0,,1,0,0,184.0
R Narwal,BEN,RAI,9,12.0,,1,0,0,-151.0
R Narwal,BEN,RAI,9,12.0,,1,0,0,33.0
R Narwal,BEN,DEF,160,14.0,Announced,0,1,0,0.0
R Narwal,BEN,DEF,160,14.0,Announced,0,1,0,184.0
R Narwal,BEN,DEF,160,14.0,Announced,0,1,0,-151.0
R Narwal,BEN,DEF,160,14.0,Announced,0,1,0,33.0
R P Rao-Chavan,PAT,RAI,0,11.5,,1,0,0,0.0
Mohit,PAT,RAI,0,11.5,,1,0,0,0.0
Ashish,PAT,RAI,14,11.0,,1,0,0,7.0
Naveen,PAT,RAI,0,11.0,,1,0,0,0.0
M T P Mahali,BEN,RAI,10,9.5,,1,0,0,0.0
Jaideep,PAT,DEF,169,13.5,Announced,0,1,0,13.0
J Dagar,PAT,DEF,2,13.5,,0,1,0,0.0
H Oshtorak,PAT,DEF,98,13.5,Announced,0,1,0,3.0
V Thangadurai,BEN,DEF,17,13.0,Announced,0,1,0,8.0
Neeraj-Kumar,PAT,DEF,135,12.5,Announced,0,1,0,2.0
