name,team,type,points,credits,announced,rai,def,allr
S Singh,PUN,DEF,169,14.5,Announced,0,1,0
J B Shahaji,PUN,DEF,103,12.5,Announced,0,1,0
D Yadav,PUN,DEF,7,12.5,,0,1,0
Satpal,PUN,DEF,0,12.5,,0,1,0
S Sawant,PUN,DEF,48,11.5,,0,1,0
C Singh,HAR,DEF,29,11.0,,0,1,0
S Narwal,HAR,DEF,0,11.0,,0,1,0
V Kandola,HAR,DEF,4,11.0,,0,1,0
Naveen-I,HAR,ALL,166,14.5,,0,0,1
Manjeet,PUN,ALL,275,14.5,Announced,0,0,1
K Singh,HAR,ALL,48,13.5,,0,0,1
G M Ernak,PUN,DEF,113,14.5,,0,1,0
S Krishna,PUN,ALL,58,13.0,Announced,0,0,1
Sandeep-Jr.,PUN,ALL,0,12.5,,0,0,1
P Tin,HAR,ALL,1,12.0,,0,0,1
Amit-Kumar-Jr,PUN,ALL,17,11.5,,0,0,1
V Khandola,HAR,RAI,314,16.0,Announced,1,0,0
P Kumar-Kadian,PUN,RAI,80,15.5,,1,0,0
N Tomar,PUN,RAI,87,15.0,Announced,1,0,0
Vinay,HAR,RAI,223,14.5,Announced,1,0,0
D Kadian,PUN,RAI,3,14.0,,1,0,0
P Kumar-Rai,HAR,RAI,90,13.5,Announced,1,0,0
Sunil,HAR,DEF,162,14.0,Announced,0,1,0
K Selvamani,HAR,RAI,48,13.0,,1,0,0
A Kumar.Sr,PUN,RAI,144,13.0,Announced,1,0,0
Arun-Kumar,HAR,RAI,5,12.5,,1,0,0
R Sriram,PUN,RAI,-2,12.5,,1,0,0
E Sedaghatnia,PUN,RAI,0,12.5,,1,0,0
S Sail,PUN,RAI,23,12.0,,1,0,0
V Chhillar,HAR,RAI,0,11.5,,1,0,0
P Mohite,PUN,RAI,151,11.5,,1,0,0
A M Maleki,HAR,RAI,0,10.0,,1,0,0
D Cheralathan,HAR,DEF,169,14.0,Announced,0,1,0
V Kale,HAR,DEF,151,13.5,Announced,0,1,0
Ravi-Kumar,HAR,DEF,126,13.5,Announced,0,1,0
Parveen,HAR,DEF,39,13.0,,0,1,0
S Shinde,PUN,DEF,87,13.0,Announced,0,1,0
H Tajik,PUN,DEF,40,13.0,,0,1,0
