name,team,type,points,credits,announced,match_points
S K Dhull,JAI,DEF,244,14.5,Announced,13.0
A.Elavarasan,JAI,DEF,0,11.5,,0.0
Aman,BLR,DEF,5,11.5,,0.0
P R.,JAI,DEF,47,10.0,,2.0
Karamvir,JAI,DEF,0,10.0,,0.0
D N Hooda,JAI,ALL,331,15.5,Announced,3.0
Ashish-Kumar,BLR,ALL,41,14.5,,0.0
N Rawal,JAI,ALL,105,14.5,Announced,36.0
Vishal,JAI,ALL,175,13.5,,0.0
Santhapanaselvam,JAI,ALL,19,13.0,Announced,13.0
S Narwal,JAI,ALL,37,12.5,,0.0
A Hooda,JAI,DEF,172,14.5,,0.0
Ankit,BLR,ALL,22,12.5,,0.0
Ajay,BLR,ALL,21,12.0,,0.0
M Sehrawat,BLR,ALL,48,10.5,Announced,32.0
S Shrestha,BLR,ALL,0,11.5,,0.0
D Kim,JAI,ALL,0,10.5,,0.0
P Kumar-Sherawat,BLR,RAI,471,17.0,Announced,28.0
Rohit-Kumar,BLR,RAI,165,16.0,Announced,50.0
D Narwal,JAI,RAI,150,14.5,Announced,7.0
N Salunke,JAI,RAI,65,13.5,Announced,1.0
Sumit-Singh,BLR,RAI,52,13.5,,0.0
A Sheoran,BLR,DEF,164,13.5,Announced,8.0
V Kumar-II,BLR,RAI,6,13.0,,0.0
A Pawar,JAI,RAI,51,12.5,,15.0
S Gulia,JAI,RAI,0,12.0,,11.0
L Kaushik,JAI,RAI,0,12.0,,0.0
M Chathuranga,JAI,RAI,1,11.5,,0.0
G Singh,JAI,RAI,2,11.5,,0.0
Banty,BLR,RAI,52,9.5,Announced,6.0
L Mohar-Yadav,BLR,RAI,0,11.5,,0.0
Mahender-Singh,BLR,DEF,154,14.5,Announced,38.0
S Siddhgavali,JAI,DEF,89,13.0,Announced,12.0
S Nandal,BLR,DEF,133,11.0,Announced,33.0
R Lal-Choudhary,BLR,DEF,0,13.0,,0.0
Vijay-Kumar,BLR,DEF,54,13.0,,0.0
Sandeep,BLR,DEF,2,12.5,,0.0
