name,team,type,points,credits,announced,match_points
S Singh,PUN,DEF,80,14.5,Announced,39.0
P Subramanian,TAM,DEF,2,12.5,,2.0
M Abishek,TAM,DEF,0,12.0,,0.0
S Sawant,PUN,DEF,48,11.5,,0.0
Himanshu,TAM,DEF,0,11.5,,0.0
Sagar,TAM,DEF,4,11.0,,7.0
M Sheibak,TAM,DEF,2,10.5,,0.0
Manjeet-Chhillar,TAM,ALL,166,15.5,,0.0
Manjeet,PUN,ALL,131,14.5,Announced,22.0
R Singh,TAM,ALL,118,13.5,Announced,25.0
S Krishna,PUN,ALL,6,13.0,Announced,10.0
G M Ernak,PUN,DEF,100,14.5,Announced,10.0
V O Obiero,TAM,ALL,0,13.0,,0.0
Sandeep-Jr.,PUN,ALL,0,12.5,,0.0
H Chauhan,TAM,ALL,0,12.5,,2.0
Amit-Kumar-Jr,PUN,ALL,0,11.5,,0.0
A Thakur,TAM,RAI,139,16.5,Announced,6.0
R Chaudhari,TAM,RAI,197,16.0,Announced,28.0
P Kumar-Kadian,PUN,RAI,80,15.5,,0.0
N Tomar,PUN,RAI,24,15.0,Announced,20.0
D Kadian,PUN,RAI,2,14.0,,1.0
A Kumar.Sr,PUN,RAI,89,13.0,,0.0
Mohit-Chillar,TAM,DEF,127,14.0,Announced,20.0
V Sharma,TAM,RAI,5,13.0,Announced,16.0
S Bappu,TAM,RAI,91,13.0,,2.0
R Sriram,PUN,RAI,-2,12.5,,0.0
E Sedaghatnia,PUN,RAI,0,12.5,,0.0
S Sail,PUN,RAI,19,12.0,,3.0
V A Kumar,TAM,RAI,36,12.0,Announced,33.0
P Mohite,PUN,RAI,118,11.5,Announced,26.0
Anand,TAM,RAI,0,11.5,,0.0
Y Bishnoi,TAM,RAI,0,11.5,,0.0
S Shinde,PUN,DEF,51,13.0,,0.0
H Tajik,PUN,DEF,15,13.0,Announced,10.0
J B Shahaji,PUN,DEF,40,12.5,,2.0
D Yadav,PUN,DEF,0,12.5,,0.0
Satpal,PUN,DEF,0,12.5,,0.0
Ajeet,TAM,DEF,87,12.5,Announced,5.0
