name,team,type,points,credits,announced,match_points
Sunil-Kumar,GUJ,DEF,125,15.0,Announced,29.0
S Gahlawat,GUJ,DEF,0,11.5,,0.0
N Narwal,BEN,DEF,18,11.5,,0.0
Ankit-I,GUJ,DEF,86,11.0,Announced,2.0
Amit-Kharb,GUJ,DEF,2,11.0,,0.0
Adarsh-T,BEN,DEF,11,11.0,,0.0
Amit-I,BEN,DEF,2,10.5,,0.0
Dharmendra-Singh,BEN,DEF,0,10.0,,0.0
G More,GUJ,ALL,156,14.5,,0.0
R Gulia,GUJ,ALL,177,14.5,Announced,1.0
M Esmaeil-Nabibakhsh,BEN,ALL,195,14.5,Announced,26.0
P Bhainswal,GUJ,DEF,145,15.0,Announced,11.0
Pankaj,GUJ,ALL,0,13.0,,0.0
V Kumar,GUJ,ALL,4,13.0,,9.0
Avinash-AR,BEN,ALL,0,12.0,,0.0
S T Patil,BEN,ALL,0,11.0,,0.0
A S Dhumal,BEN,ALL,0,11.0,,0.0
M S Hossain,GUJ,ALL,0,10.5,,0.0
S M Dubile,BEN,ALL,0,10.5,,0.0
Maninder-Singh,BEN,RAI,213,16.0,Announced,25.0
S Tanwar,GUJ,RAI,153,15.5,Announced,18.0
K Prapanjan,BEN,RAI,152,15.0,Announced,36.0
Jeeva-Kumar,BEN,DEF,103,14.5,,0.0
A Maghsodlou,GUJ,RAI,8,14.0,,0.0
R Kumawat,BEN,RAI,0,14.0,,0.0
S Hegde,BEN,RAI,2,14.0,,0.0
S Jaglan,GUJ,RAI,63,13.5,Announced,30.0
G Singh-Sr,GUJ,RAI,8,13.0,,0.0
R Narwal,BEN,RAI,9,12.0,,0.0
R Narwal,BEN,RAI,9,12.0,,131.0
R Narwal,BEN,RAI,9,12.0,,-114.0
R Narwal,BEN,RAI,9,12.0,,17.0
R Narwal,BEN,DEF,123,14.0,Announced,0.0
R Narwal,BEN,DEF,123,14.0,Announced,131.0
R Narwal,BEN,DEF,123,14.0,Announced,-114.0
R Narwal,BEN,DEF,123,14.0,Announced,17.0
Lalit-Chaudhary,GUJ,RAI,0,11.0,,0.0
H Singh,GUJ,RAI,19,10.0,,0.0
M T P Mahali,BEN,RAI,10,9.5,,0.0
Baldev-Singh,BEN,DEF,159,14.0,Announced,12.0
R Koravi,GUJ,DEF,23,13.5,,2.0
S Malik,GUJ,DEF,86,13.0,Announced,7.0
V Thangadurai,BEN,DEF,0,13.0,Announced,12.0
V Landge,BEN,DEF,47,12.0,Announced,12.0
