name,team,type,points,credits,announced,match_points
S Nada,PAT,DEF,0,14.5,,0.0
A Nagar,UP,DEF,0,12.5,,0.0
B Narwal,PAT,DEF,0,12.0,,0.0
M Choudhary,PAT,DEF,0,12.0,,0.0
V Jaglan,PAT,ALL,44,14.0,Announced,28.0
Monu,PAT,ALL,84,13.5,,11.0
Sachin-Kumar,UP,ALL,6,13.5,,0.0
M Maghsoudlou,UP,ALL,3,13.5,,5.0
Ravinder-I,PAT,ALL,0,13.0,,0.0
Narender,UP,ALL,-6,13.0,,0.0
Gurdeep,UP,ALL,0,11.5,,0.0
Nitesh-Kumar,UP,DEF,73,14.0,Announced,-2.0
Arkam-Shaikh,UP,ALL,0,11.5,,0.0
S Mann,PAT,ALL,0,11.0,,0.0
Amit-Kumar-II,PAT,ALL,0,10.5,,0.0
P Narwal,PAT,RAI,163,17.5,Announced,55.0
M Goyat,UP,RAI,59,16.0,Announced,5.0
J Kun-Lee,PAT,RAI,52,15.0,Announced,30.0
R Devadiga,UP,RAI,38,15.0,Announced,-4.0
M E M Mahalli,PAT,RAI,60,14.5,Announced,13.0
S Jadhav,UP,RAI,43,14.5,Announced,-3.0
Surender-Singh,UP,RAI,4,14.0,,0.0
Jaideep,PAT,DEF,128,13.5,Announced,26.0
Azad-Singh,UP,RAI,2,13.0,,9.0
M M Karim,UP,RAI,0,12.5,,0.0
P Singh,PAT,RAI,4,12.0,,0.0
Surender-Gill,UP,RAI,21,12.0,,12.0
Ankush,UP,RAI,0,12.0,,0.0
R P Rao-Chavan,PAT,RAI,0,11.5,,0.0
Mohit,PAT,RAI,0,11.5,,0.0
Gulveer-Singh,UP,RAI,0,11.5,,0.0
Ashish,PAT,RAI,14,11.0,,0.0
Naveen,PAT,RAI,0,11.0,,0.0
J Dagar,PAT,DEF,2,13.5,,0.0
H Oshtorak,PAT,DEF,67,13.5,Announced,13.0
Amit,UP,DEF,52,13.5,Announced,-2.0
Sumit,UP,DEF,86,13.0,Announced,19.0
Neeraj-Kumar,PAT,DEF,77,12.5,Announced,53.0
Ashu-Singh,UP,DEF,60,12.5,Announced,3.0
