name,team,type,points,credits,announced,rai,def,allr,match_points
V Bharadwaj,HYD,DEF,208,15.0,Announced,0,1,0,25.0
D Yadav,PUN,DEF,0,12.5,Announced,0,1,0,7.0
Satpal,PUN,DEF,0,12.5,,0,1,0,0.0
Manish-I,HYD,DEF,0,12.0,,0,1,0,0.0
A Choudhary,HYD,DEF,0,11.5,,0,1,0,0.0
S Sawant,PUN,DEF,48,11.5,,0,1,0,0.0
A D Arsul,HYD,DEF,2,10.5,,0,1,0,0.0
F Milaghardan,HYD,ALL,144,14.5,Announced,0,0,1,10.0
Manjeet,PUN,ALL,240,14.5,Announced,0,0,1,35.0
Armaan,HYD,ALL,22,13.5,,0,0,1,0.0
R Gowda,HYD,ALL,22,13.0,,0,0,1,0.0
A Mohajermighani,HYD,DEF,127,14.5,Announced,0,1,0,11.0
S Krishna,PUN,ALL,31,13.0,Announced,0,0,1,27.0
Sandeep-Jr.,PUN,ALL,0,12.5,,0,0,1,0.0
Amit-Kumar-Jr,PUN,ALL,17,11.5,,0,0,1,0.0
Siddharth-Desai,HYD,RAI,252,16.0,Announced,1,0,0,22.0
P Kumar-Kadian,PUN,RAI,80,15.5,,1,0,0,0.0
N Tomar,PUN,RAI,53,15.0,Announced,1,0,0,34.0
Rajnish,HYD,RAI,30,14.0,,1,0,0,0.0
D Kadian,PUN,RAI,3,14.0,,1,0,0,0.0
S Desai,HYD,RAI,146,13.0,Announced,1,0,0,2.0
A Kumar.Sr,PUN,RAI,119,13.0,Announced,1,0,0,25.0
S Singh,PUN,DEF,159,14.5,Announced,0,1,0,10.0
Kamal-Singh,HYD,RAI,10,12.5,,1,0,0,0.0
R Sriram,PUN,RAI,-2,12.5,,1,0,0,0.0
E Sedaghatnia,PUN,RAI,0,12.5,,1,0,0,0.0
A Kumar-II,HYD,RAI,78,12.0,Announced,1,0,0,10.0
S Sail,PUN,RAI,23,12.0,,1,0,0,0.0
A Beniwal,HYD,RAI,14,11.5,,1,0,0,6.0
P Mohite,PUN,RAI,150,11.5,,1,0,0,1.0
P Mallikarjun,HYD,RAI,7,11.0,,1,0,0,0.0
M S G Reddy,HYD,RAI,0,10.0,,1,0,0,1.0
G M Ernak,PUN,DEF,113,14.5,,0,1,0,0.0
C Arun,HYD,DEF,93,13.5,Announced,0,1,0,29.0
S Shinde,PUN,DEF,70,13.0,Announced,0,1,0,17.0
H Tajik,PUN,DEF,40,13.0,,0,1,0,0.0
K Madane,HYD,DEF,14,12.5,,0,1,0,2.0
J B Shahaji,PUN,DEF,96,12.5,,0,1,0,7.0
