name,team,type,points,credits,announced
V Bharadwaj,HYD,DEF,233,15.0,Announced
A Choudhary,HYD,DEF,0,11.5,
Himanshu,TAM,DEF,0,11.5,
Sagar,TAM,DEF,31,11.0,Announced
A D Arsul,HYD,DEF,2,10.5,
M Sheibak,TAM,DEF,2,10.5,
Manjeet-Chhillar,TAM,ALL,203,15.5,Announced
F Milaghardan,HYD,ALL,154,14.5,Announced
Armaan,HYD,ALL,22,13.5,Announced
R Singh,TAM,ALL,170,13.5,Announced
R Gowda,HYD,ALL,22,13.0,
A Mohajermighani,HYD,DEF,138,14.5,Announced
V O Obiero,TAM,ALL,0,13.0,
H Chauhan,TAM,ALL,2,12.5,
A Thakur,TAM,RAI,230,16.5,
Siddharth-Desai,HYD,RAI,274,16.0,Announced
R Chaudhari,TAM,RAI,304,16.0,Announced
Rajnish,HYD,RAI,30,14.0,
S Desai,HYD,RAI,148,13.0,Announced
V Sharma,TAM,RAI,52,13.0,
S Bappu,TAM,RAI,101,13.0,
Kamal-Singh,HYD,RAI,10,12.5,
Mohit-Chillar,TAM,DEF,198,14.0,
A Kumar-II,HYD,RAI,88,12.0,
V A Kumar,TAM,RAI,105,12.0,Announced
A Beniwal,HYD,RAI,20,11.5,
Anand,TAM,RAI,17,11.5,Announced
Y Bishnoi,TAM,RAI,0,11.5,
P Mallikarjun,HYD,RAI,7,11.0,
M S G Reddy,HYD,RAI,1,10.0,
C Arun,HYD,DEF,122,13.5,Announced
K Madane,HYD,DEF,16,12.5,
Ajeet,TAM,DEF,116,12.5,Announced
P Subramanian,TAM,DEF,13,12.5,
Manish-I,HYD,DEF,0,12.0,
M Abishek,TAM,DEF,0,12.0,
