name,team,type,points,credits,announced,rai,def,allr,match_points
Sunil-Kumar,GUJ,DEF,91,15.0,Announced,0,1,0,32.0
S Gahlawat,GUJ,DEF,0,11.5,,0,1,0,0.0
Sagar,TAM,DEF,4,11.0,,0,1,0,0.0
Ankit-I,GUJ,DEF,71,11.0,Announced,0,1,0,8.0
Amit-Kharb,GUJ,DEF,2,11.0,,0,1,0,0.0
M Sheibak,TAM,DEF,2,10.5,,0,1,0,0.0
Manjeet-Chhillar,TAM,ALL,137,15.5,Announced,0,0,1,28.0
R Singh,TAM,ALL,84,13.5,Announced,0,0,1,18.0
R Gulia,GUJ,ALL,135,13.5,Announced,0,0,1,28.0
V O Obiero,TAM,ALL,0,13.0,,0,0,1,0.0
Pankaj,GUJ,ALL,0,13.0,,0,0,1,0.0
P Bhainswal,GUJ,DEF,100,15.0,Announced,0,1,0,8.0
V Kumar,GUJ,ALL,4,13.0,,0,0,1,0.0
H Chauhan,TAM,ALL,0,12.5,,0,0,1,0.0
M S Hossain,GUJ,ALL,0,10.5,,0,0,1,0.0
A Thakur,TAM,RAI,86,16.5,Announced,1,0,0,41.0
R Chaudhari,TAM,RAI,176,16.0,Announced,1,0,0,16.0
S Tanwar,GUJ,RAI,126,16.0,Announced,1,0,0,19.0
G More,GUJ,RAI,147,14.5,,1,0,0,1.0
A Maghsodlou,GUJ,RAI,7,14.0,,1,0,0,1.0
S Jaglan,GUJ,RAI,62,13.5,,1,0,0,1.0
V Sharma,TAM,RAI,2,13.0,,1,0,0,3.0
Mohit-Chillar,TAM,DEF,90,14.0,Announced,0,1,0,32.0
S Bappu,TAM,RAI,62,13.0,Announced,1,0,0,21.0
G Singh-Sr,GUJ,RAI,0,13.0,,1,0,0,0.0
V A Kumar,TAM,RAI,19,12.0,,1,0,0,0.0
Anand,TAM,RAI,0,11.5,,1,0,0,0.0
Y Bishnoi,TAM,RAI,0,11.5,,1,0,0,0.0
Lalit-Chaudhary,GUJ,RAI,0,11.0,,1,0,0,0.0
H Singh,GUJ,RAI,17,10.0,Announced,1,0,0,2.0
R Koravi,GUJ,DEF,21,13.5,,0,1,0,2.0
S Malik,GUJ,DEF,76,13.0,Announced,0,1,0,8.0
Ajeet,TAM,DEF,69,12.5,Announced,0,1,0,8.0
P Subramanian,TAM,DEF,2,12.5,,0,1,0,0.0
M Abishek,TAM,DEF,0,12.0,,0,1,0,0.0
Himanshu,TAM,DEF,0,11.5,,0,1,0,0.0
