name,team,type,points,credits,announced,rai,def,allr,match_points
F Atrachali,MUM,DEF,190,16.0,Announced,0,1,0,17.0
H Kumar,MUM,DEF,63,12.5,Announced,0,1,0,3.0
Anil,MUM,DEF,0,12.5,,0,1,0,0.0
Y Chang-Ko,MUM,DEF,57,12.5,,0,1,0,0.0
H Vardhan,MUM,DEF,4,11.0,,0,1,0,0.0
P Patil,DEL,DEF,0,10.5,,0,1,0,0.0
Mohit-I,DEL,DEF,0,10.0,,0,1,0,0.0
Satywan,DEL,DEF,0,9.5,,0,1,0,7.0
S Narwal,MUM,ALL,184,14.5,Announced,0,0,1,24.0
M Sheykh,DEL,ALL,75,14.0,,0,0,1,5.0
Vijay,DEL,ALL,64,13.0,Announced,0,0,1,12.0
J Narwal,DEL,DEF,175,14.5,Announced,0,1,0,43.0
A R Kapre,MUM,ALL,4,12.5,,0,0,1,0.0
M Balyan,MUM,ALL,0,12.0,,0,0,1,0.0
Balram,DEL,ALL,0,9.5,,0,0,1,10.0
Naveen-Kumar,DEL,RAI,430,16.5,Announced,1,0,0,51.0
Abhishek-Singh,MUM,RAI,195,15.0,Announced,1,0,0,-1.0
R Baliyan,MUM,RAI,146,14.5,,1,0,0,2.0
C Ranjit,DEL,RAI,218,14.0,Announced,1,0,0,25.0
M Athul,MUM,RAI,101,13.5,Announced,1,0,0,3.0
D Geon-Lee,MUM,RAI,37,13.5,,1,0,0,0.0
Vinoth-Kumar,MUM,RAI,4,13.0,,1,0,0,0.0
R Pahal,DEL,DEF,172,14.5,Announced,0,1,0,53.0
Gaurav-Kumar,MUM,RAI,0,12.5,,1,0,0,0.0
A Deshwal,MUM,RAI,143,12.5,Announced,1,0,0,17.0
Navneet,MUM,RAI,0,12.0,,1,0,0,0.0
S Kumar,DEL,RAI,0,11.5,,1,0,0,0.0
N Narwal,DEL,RAI,1,11.0,,1,0,0,0.0
A Kadian,DEL,RAI,6,10.5,,1,0,0,0.0
Surinder-Singh,MUM,DEF,202,14.5,Announced,0,1,0,-3.0
V Mane,DEL,DEF,124,14.0,Announced,0,1,0,18.0
R Subramanian,MUM,DEF,14,13.5,,0,1,0,2.0
Sombir,DEL,DEF,12,13.0,,0,1,0,0.0
Anil-Kumar-I,DEL,DEF,33,13.0,Announced,0,1,0,13.0
S Ghaffari,DEL,DEF,94,12.5,,0,1,0,0.0
