name,team,type,points,credits,announced,match_points
Sunil-Kumar,GUJ,DEF,154,15.0,Announced,14.0
Ankit-I,GUJ,DEF,88,11.0,,0.0
Amit-Kharb,GUJ,DEF,2,11.0,,0.0
P R.,JAI,DEF,9,10.0,Announced,14.0
Karamvir,JAI,DEF,0,10.0,,0.0
D N Hooda,JAI,ALL,247,15.5,Announced,31.0
G More,GUJ,ALL,156,14.5,,8.0
R Gulia,GUJ,ALL,178,14.5,Announced,10.0
N Rawal,JAI,ALL,66,14.5,Announced,8.0
Pankaj,GUJ,ALL,0,13.0,Announced,34.0
V Kumar,GUJ,ALL,13,13.0,,0.0
P Bhainswal,GUJ,DEF,156,15.0,Announced,4.0
Santhapanaselvam,JAI,ALL,0,13.0,,0.0
Vishal,JAI,ALL,115,13.0,Announced,19.0
S Narwal,JAI,ALL,34,12.5,,2.0
M S Hossain,GUJ,ALL,0,10.5,,0.0
D Kim,JAI,ALL,0,10.5,,0.0
S Tanwar,GUJ,RAI,171,15.5,Announced,14.0
D Narwal,JAI,RAI,125,14.5,,3.0
A Maghsodlou,GUJ,RAI,8,14.0,,0.0
S Jaglan,GUJ,RAI,93,13.5,Announced,5.0
N Salunke,JAI,RAI,36,13.5,Announced,5.0
S K Dhull,JAI,DEF,184,14.5,Announced,19.0
G Singh-Sr,GUJ,RAI,8,13.0,,0.0
A Pawar,JAI,RAI,39,12.5,,1.0
S Gulia,JAI,RAI,0,12.0,,0.0
L Kaushik,JAI,RAI,0,12.0,,0.0
M Chathuranga,JAI,RAI,1,11.5,,0.0
G Singh,JAI,RAI,0,11.5,,0.0
Lalit-Chaudhary,GUJ,RAI,0,11.0,,1.0
H Singh,GUJ,RAI,19,10.0,,0.0
A Hooda,JAI,DEF,144,14.5,Announced,14.0
R Koravi,GUJ,DEF,25,13.5,Announced,4.0
S Malik,GUJ,DEF,93,13.0,,0.0
S Siddhgavali,JAI,DEF,60,13.0,,0.0
S Gahlawat,GUJ,DEF,0,11.5,,0.0
A.Elavarasan,JAI,DEF,0,11.5,,0.0
