name,team,type,points,credits,announced,rai,def,allr,match_points
R Pahal,DEL,DEF,114,15.0,Announced,0,1,0,23.0
Aman,BLR,DEF,5,11.5,,0,1,0,0.0
Ankit,BLR,DEF,22,11.5,,0,1,0,0.0
S Nandal,BLR,DEF,118,11.0,Announced,0,1,0,15.0
Vijay-Kumar,BLR,DEF,52,11.0,,0,1,0,2.0
Ajay,BLR,DEF,21,10.5,,0,1,0,0.0
P Patil,DEL,DEF,0,10.5,,0,1,0,0.0
S Ghaffari,DEL,DEF,79,10.5,Announced,0,1,0,5.0
Mohit-I,DEL,DEF,0,10.0,,0,1,0,0.0
Satywan,DEL,DEF,0,9.5,,0,1,0,0.0
M Sheykh,DEL,ALL,50,15.0,,0,0,1,15.0
Mahender-Singh,BLR,DEF,134,14.5,Announced,0,1,0,20.0
Ashish-Kumar,BLR,ALL,36,14.5,Announced,0,0,1,5.0
Vijay,DEL,ALL,50,13.0,Announced,0,0,1,10.0
S Shrestha,BLR,ALL,0,11.5,,0,0,1,0.0
M Sehrawat,BLR,ALL,48,10.5,,0,0,1,0.0
Balram,DEL,ALL,0,9.5,,0,0,1,0.0
P Kumar-Sherawat,BLR,RAI,415,17.0,Announced,1,0,0,56.0
Rohit-Kumar,BLR,RAI,162,16.0,Announced,1,0,0,3.0
Naveen-Kumar,DEL,RAI,322,15.5,Announced,1,0,0,42.0
C Ranjit,DEL,RAI,199,14.0,Announced,1,0,0,5.0
Sumit-Singh,BLR,RAI,52,13.5,,1,0,0,0.0
J Narwal,DEL,DEF,140,14.5,Announced,0,1,0,15.0
V Kumar-II,BLR,RAI,6,13.0,,1,0,0,0.0
Banty,BLR,RAI,35,11.5,Announced,1,0,0,17.0
L Mohar-Yadav,BLR,RAI,0,11.5,,1,0,0,0.0
S Kumar,DEL,RAI,0,11.5,,1,0,0,0.0
N Narwal,DEL,RAI,1,11.0,,1,0,0,0.0
A Kadian,DEL,RAI,6,10.5,,1,0,0,0.0
V Mane,DEL,DEF,89,14.0,Announced,0,1,0,20.0
A Sheoran,BLR,DEF,139,13.5,Announced,0,1,0,25.0
R Lal-Choudhary,BLR,DEF,0,13.0,,0,1,0,0.0
Sombir,DEL,DEF,8,13.0,,0,1,0,2.0
Anil-Kumar-I,DEL,DEF,19,13.0,,0,1,0,2.0
Sandeep,BLR,DEF,2,12.5,,0,1,0,0.0
