name,team,type,points,credits,announced,match_points
R Pahal,DEL,DEF,77,15.0,Announced,22.0
J B Shahaji,PUN,DEF,31,12.5,,0.0
D Yadav,PUN,DEF,0,12.5,,0.0
Satpal,PUN,DEF,0,12.5,,0.0
S Sawant,PUN,DEF,46,11.5,Announced,2.0
P Patil,DEL,DEF,0,10.5,,0.0
S Ghaffari,DEL,DEF,67,10.5,Announced,7.0
Mohit-I,DEL,DEF,0,10.0,,0.0
Satywan,DEL,DEF,0,9.5,,0.0
M Sheykh,DEL,ALL,42,15.0,,0.0
Manjeet,PUN,ALL,90,14.5,Announced,22.0
S Singh,PUN,DEF,56,14.5,Announced,10.0
S Krishna,PUN,ALL,2,13.0,,2.0
Vijay,DEL,ALL,26,13.0,Announced,17.0
Sandeep-Jr.,PUN,ALL,0,12.5,,0.0
Amit-Kumar-Jr,PUN,ALL,0,11.5,,0.0
Balram,DEL,ALL,0,9.5,,0.0
P Kumar-Kadian,PUN,RAI,80,15.5,,0.0
Naveen-Kumar,DEL,RAI,234,15.5,Announced,47.0
N Tomar,PUN,RAI,0,15.0,Announced,22.0
D Kadian,PUN,RAI,2,14.0,,0.0
C Ranjit,DEL,RAI,144,14.0,Announced,32.0
G M Ernak,PUN,DEF,79,14.5,Announced,21.0
A Kumar.Sr,PUN,RAI,86,13.0,Announced,3.0
R Sriram,PUN,RAI,-2,12.5,,0.0
E Sedaghatnia,PUN,RAI,0,12.5,,0.0
S Sail,PUN,RAI,17,12.0,,0.0
P Mohite,PUN,RAI,69,11.5,,24.0
S Kumar,DEL,RAI,0,11.5,,0.0
N Narwal,DEL,RAI,0,11.0,,1.0
A Kadian,DEL,RAI,6,10.5,,0.0
J Narwal,DEL,DEF,104,14.5,Announced,12.0
V Mane,DEL,DEF,67,14.0,Announced,17.0
S Shinde,PUN,DEF,49,13.0,Announced,2.0
H Tajik,PUN,DEF,0,13.0,,6.0
Sombir,DEL,DEF,6,13.0,,0.0
Anil-Kumar-I,DEL,DEF,12,13.0,,7.0
