name,team,type,points,credits,announced,rai,def,allr
Sumit,UP,DEF,238,14.5,Announced,0,1,0
A Nagar,UP,DEF,0,12.5,,0,1,0
N Narwal,BEN,DEF,33,11.5,,0,1,0
Adarsh-T,BEN,DEF,17,11.0,,0,1,0
Amit-I,BEN,DEF,2,10.5,,0,1,0
Dharmendra-Singh,BEN,DEF,0,10.0,,0,1,0
M Esmaeil-Nabibakhsh,BEN,ALL,292,15.0,Announced,0,0,1
R Devadiga,UP,ALL,76,14.0,Announced,0,0,1
Sachin-Kumar,UP,ALL,19,13.5,,0,0,1
M Maghsoudlou,UP,ALL,41,13.5,,0,0,1
Narender,UP,ALL,-4,13.0,,0,0,1
Baldev-Singh,BEN,DEF,219,14.0,Announced,0,1,0
Avinash-AR,BEN,ALL,0,12.0,,0,0,1
Gurdeep,UP,ALL,0,11.5,,0,0,1
Arkam-Shaikh,UP,ALL,0,11.5,,0,0,1
S T Patil,BEN,ALL,0,11.0,,0,0,1
A S Dhumal,BEN,ALL,0,11.0,,0,0,1
S M Dubile,BEN,ALL,0,10.5,,0,0,1
Maninder-Singh,BEN,RAI,391,16.0,Announced,1,0,0
K Prapanjan,BEN,RAI,326,15.0,Announced,1,0,0
S Jadhav,UP,RAI,209,15.0,Announced,1,0,0
M Goyat,UP,RAI,150,14.5,,1,0,0
R Narwal,BEN,DEF,238,14.0,Announced,0,1,0
R Kumawat,BEN,RAI,0,14.0,,1,0,0
Surender-Singh,UP,RAI,24,14.0,,1,0,0
S Hegde,BEN,RAI,28,13.5,,1,0,0
Surender-Gill,UP,RAI,100,13.0,Announced,1,0,0
Azad-Singh,UP,RAI,11,13.0,,1,0,0
M M Karim,UP,RAI,0,12.5,,1,0,0
R Narwal,BEN,RAI,9,12.0,,1,0,0
Ankush,UP,RAI,0,12.0,,1,0,0
Gulveer-Singh,UP,RAI,0,11.5,,1,0,0
M T P Mahali,BEN,RAI,12,11.0,,1,0,0
Jeeva-Kumar,BEN,DEF,185,14.0,Announced,0,1,0
Nitesh-Kumar,UP,DEF,149,14.0,Announced,0,1,0
Amit,UP,DEF,112,13.5,Announced,0,1,0
V Landge,BEN,DEF,68,13.0,,0,1,0
V Thangadurai,BEN,DEF,25,12.5,,0,1,0
Ashu-Singh,UP,DEF,131,12.5,Announced,0,1,0
