name,team,type,points,credits,announced,match_points
D Cheralathan,HAR,DEF,75,15.0,Announced,19.0
Aman,BLR,DEF,0,11.5,,0.0
Ankit,BLR,DEF,0,11.5,,0.0
S Nandal,BLR,DEF,58,11.0,Announced,10.0
Vijay-Kumar,BLR,DEF,33,11.0,,0.0
S Narwal,HAR,DEF,0,11.0,,0.0
V Kandola,HAR,DEF,4,11.0,,0.0
Ajay,BLR,DEF,4,10.5,,0.0
C Singh,HAR,DEF,0,9.5,,0.0
Naveen-I,HAR,ALL,128,15.5,Announced,5.0
Ashish-Kumar,BLR,ALL,33,14.5,Announced,3.0
Mahender-Singh,BLR,DEF,114,14.5,Announced,5.0
K Singh,HAR,ALL,34,14.5,,12.0
P Tin,HAR,ALL,0,12.0,,0.0
S Shrestha,BLR,ALL,0,11.5,,0.0
M Sehrawat,BLR,ALL,37,10.5,Announced,12.0
P Kumar-Sherawat,BLR,RAI,275,17.0,Announced,31.0
Rohit-Kumar,BLR,RAI,67,16.0,Announced,49.0
V Khandola,HAR,RAI,70,15.5,Announced,42.0
P Kumar-Rai,HAR,RAI,0,14.0,,0.0
K Selvamani,HAR,RAI,38,14.0,,0.0
Sumit-Singh,BLR,RAI,27,13.5,,8.0
Parveen,HAR,DEF,32,14.0,,0.0
V Kumar-II,BLR,RAI,6,13.0,,0.0
Vinay,HAR,RAI,87,13.0,Announced,24.0
Arun-Kumar,HAR,RAI,5,12.5,,0.0
Banty,BLR,RAI,10,11.5,,0.0
L Mohar-Yadav,BLR,RAI,0,11.5,,0.0
V Chhillar,HAR,RAI,0,11.5,,0.0
A M Maleki,HAR,RAI,0,10.0,,0.0
A Sheoran,BLR,DEF,75,13.5,Announced,15.0
V Kale,HAR,DEF,60,13.5,Announced,35.0
Ravi-Kumar,HAR,DEF,31,13.5,Announced,5.0
R Lal-Choudhary,BLR,DEF,0,13.0,,0.0
Sunil,HAR,DEF,71,13.0,Announced,5.0
Sandeep,BLR,DEF,0,12.5,,2.0
