name,team,type,points,credits,announced,rai,def,allr,match_points
V Bharadwaj,HYD,DEF,128,15.0,Announced,0,1,0,15.0
V Landge,BEN,DEF,42,12.0,Announced,0,1,0,5.0
A Choudhary,HYD,DEF,0,11.5,,0,1,0,0.0
N Narwal,BEN,DEF,18,11.5,,0,1,0,0.0
Adarsh-T,BEN,DEF,9,11.0,,0,1,0,2.0
A D Arsul,HYD,DEF,2,10.5,,0,1,0,0.0
Amit-I,BEN,DEF,2,10.5,,0,1,0,0.0
Dharmendra-Singh,BEN,DEF,0,10.0,,0,1,0,0.0
F Milaghardan,HYD,ALL,84,14.5,Announced,0,0,1,20.0
M Esmaeil-Nabibakhsh,BEN,ALL,160,14.5,Announced,0,0,1,35.0
Armaan,HYD,ALL,15,13.5,,0,0,1,7.0
A Mohajermighani,HYD,DEF,74,14.5,Announced,0,1,0,10.0
R Gowda,HYD,ALL,22,13.0,,0,0,1,0.0
Avinash-AR,BEN,ALL,0,12.0,,0,0,1,0.0
S T Patil,BEN,ALL,0,11.0,,0,0,1,0.0
A S Dhumal,BEN,ALL,0,11.0,,0,0,1,0.0
S M Dubile,BEN,ALL,0,10.5,,0,0,1,0.0
Siddharth-Desai,HYD,RAI,150,16.0,Announced,1,0,0,13.0
Maninder-Singh,BEN,RAI,196,16.0,Announced,1,0,0,17.0
K Prapanjan,BEN,RAI,135,15.0,Announced,1,0,0,17.0
Rajnish,HYD,RAI,25,14.0,,1,0,0,0.0
R Kumawat,BEN,RAI,0,14.0,,1,0,0,0.0
Jeeva-Kumar,BEN,DEF,88,14.5,Announced,0,1,0,15.0
S Hegde,BEN,RAI,2,14.0,,1,0,0,0.0
S Desai,HYD,RAI,90,13.0,Announced,1,0,0,23.0
Kamal-Singh,HYD,RAI,8,12.5,,1,0,0,0.0
A Kumar-II,HYD,RAI,45,12.0,Announced,1,0,0,15.0
R Narwal,BEN,RAI,9,12.0,,1,0,0,0.0
R Narwal,BEN,RAI,9,12.0,,1,0,0,114.0
R Narwal,BEN,RAI,9,12.0,,1,0,0,-94.0
R Narwal,BEN,RAI,9,12.0,,1,0,0,20.0
R Narwal,BEN,DEF,103,14.0,Announced,0,1,0,0.0
R Narwal,BEN,DEF,103,14.0,Announced,0,1,0,114.0
R Narwal,BEN,DEF,103,14.0,Announced,0,1,0,-94.0
R Narwal,BEN,DEF,103,14.0,Announced,0,1,0,20.0
A Beniwal,HYD,RAI,14,11.5,,1,0,0,0.0
P Mallikarjun,HYD,RAI,7,11.0,,1,0,0,0.0
M S G Reddy,HYD,RAI,0,10.0,,1,0,0,0.0
M T P Mahali,BEN,RAI,10,9.5,,1,0,0,0.0
Baldev-Singh,BEN,DEF,144,14.0,Announced,0,1,0,15.0
C Arun,HYD,DEF,44,13.5,Announced,0,1,0,15.0
V Thangadurai,BEN,DEF,0,13.0,,0,1,0,0.0
K Madane,HYD,DEF,14,12.5,,0,1,0,0.0
Manish-I,HYD,DEF,0,12.0,,0,1,0,0.0
