name,team,type,points,credits,announced
S Nada,PAT,DEF,0,14.5,
J Dagar,PAT,DEF,16,12.5,Announced
Sandeep,BLR,DEF,2,12.5,
B Narwal,PAT,DEF,0,12.0,
M Choudhary,PAT,DEF,0,12.0,
Aman,BLR,DEF,5,11.5,
Ashish-Kumar,BLR,ALL,41,14.5,
V Jaglan,PAT,ALL,122,13.5,Announced
Monu,PAT,ALL,134,13.5,Announced
Ravinder-I,PAT,ALL,16,13.0,
Ankit,BLR,ALL,24,12.5,
A Sheoran,BLR,DEF,208,14.5,Announced
Ajay,BLR,ALL,23,12.0,
M Sehrawat,BLR,ALL,95,11.5,Announced
S Shrestha,BLR,ALL,0,11.5,
S Mann,PAT,ALL,0,11.0,
Amit-Kumar-II,PAT,ALL,0,10.5,
P Narwal,PAT,RAI,390,17.0,Announced
P Kumar-Sherawat,BLR,RAI,567,17.0,Announced
Rohit-Kumar,BLR,RAI,243,16.0,Announced
J Kun-Lee,PAT,RAI,96,15.0,
M E M Mahalli,PAT,RAI,136,14.0,Announced
Mahender-Singh,BLR,DEF,221,14.5,Announced
Sumit-Singh,BLR,RAI,66,13.5,Announced
V Kumar-II,BLR,RAI,6,13.0,
P Singh,PAT,RAI,13,12.0,
R P Rao-Chavan,PAT,RAI,0,11.5,
Mohit,PAT,RAI,0,11.5,
Banty,BLR,RAI,57,11.5,
L Mohar-Yadav,BLR,RAI,0,11.5,
Ashish,PAT,RAI,21,11.0,
Naveen,PAT,RAI,0,11.0,
Jaideep,PAT,DEF,203,14.0,
H Oshtorak,PAT,DEF,131,13.5,Announced
Neeraj-Kumar,PAT,DEF,163,13.0,Announced
S Nandal,BLR,DEF,211,13.0,Announced
R Lal-Choudhary,BLR,DEF,0,13.0,
Vijay-Kumar,BLR,DEF,54,13.0,
