name,team,type,points,credits,announced,rai,def,allr,match_points
S K Dhull,JAI,DEF,203,14.5,Announced,0,1,0,7.0
P R.,JAI,DEF,23,10.0,Announced,0,1,0,2.0
Karamvir,JAI,DEF,0,10.0,,0,1,0,0.0
D N Hooda,JAI,ALL,278,15.5,Announced,0,0,1,36.0
N Rawal,JAI,ALL,74,14.5,Announced,0,0,1,15.0
Sachin-Kumar,UP,ALL,8,13.5,,0,0,1,2.0
M Maghsoudlou,UP,ALL,22,13.5,,0,0,1,11.0
Narender,UP,ALL,-6,13.0,,0,0,1,0.0
Santhapanaselvam,JAI,ALL,0,13.0,,0,0,1,0.0
Vishal,JAI,ALL,134,13.0,Announced,0,0,1,20.0
S Narwal,JAI,ALL,36,12.5,,0,0,1,1.0
A Hooda,JAI,DEF,158,14.5,Announced,0,1,0,7.0
Gurdeep,UP,ALL,0,11.5,,0,0,1,0.0
Arkam-Shaikh,UP,ALL,0,11.5,,0,0,1,0.0
D Kim,JAI,ALL,0,10.5,,0,0,1,0.0
M Goyat,UP,RAI,119,16.0,,1,0,0,0.0
R Devadiga,UP,RAI,37,15.0,Announced,1,0,0,17.0
S Jadhav,UP,RAI,111,14.5,Announced,1,0,0,32.0
D Narwal,JAI,RAI,128,14.5,Announced,1,0,0,8.0
Surender-Singh,UP,RAI,18,14.0,,1,0,0,0.0
N Salunke,JAI,RAI,41,13.5,,1,0,0,3.0
Azad-Singh,UP,RAI,11,13.0,,1,0,0,0.0
Nitesh-Kumar,UP,DEF,109,14.0,Announced,0,1,0,17.0
M M Karim,UP,RAI,0,12.5,,1,0,0,0.0
A Pawar,JAI,RAI,40,12.5,,1,0,0,0.0
Surender-Gill,UP,RAI,40,12.0,Announced,1,0,0,37.0
Ankush,UP,RAI,0,12.0,,1,0,0,0.0
S Gulia,JAI,RAI,0,12.0,,1,0,0,0.0
L Kaushik,JAI,RAI,0,12.0,,1,0,0,0.0
Gulveer-Singh,UP,RAI,0,11.5,,1,0,0,0.0
M Chathuranga,JAI,RAI,1,11.5,,1,0,0,0.0
G Singh,JAI,RAI,0,11.5,,1,0,0,0.0
Amit,UP,DEF,83,13.5,Announced,0,1,0,12.0
Sumit,UP,DEF,163,13.0,Announced,0,1,0,27.0
S Siddhgavali,JAI,DEF,60,13.0,,0,1,0,7.0
Ashu-Singh,UP,DEF,91,11.5,Announced,0,1,0,12.0
A Nagar,UP,DEF,0,12.5,,0,1,0,0.0
A.Elavarasan,JAI,DEF,0,11.5,,0,1,0,0.0
