name,team,type,points,credits,announced,match_points
Mahender-Singh,BLR,DEF,134,14.5,,0.0
D Yadav,PUN,DEF,0,12.5,,0.0
Satpal,PUN,DEF,0,12.5,,0.0
Aman,BLR,DEF,5,11.5,,0.0
Ankit,BLR,DEF,20,11.5,Announced,2.0
S Sawant,PUN,DEF,48,11.5,,0.0
S Nandal,BLR,DEF,111,11.0,Announced,7.0
Vijay-Kumar,BLR,DEF,50,11.0,Announced,2.0
Ajay,BLR,DEF,19,10.5,Announced,2.0
Ashish-Kumar,BLR,ALL,36,14.5,,0.0
Manjeet,PUN,ALL,153,14.5,Announced,34.0
S Singh,PUN,DEF,119,14.5,Announced,37.0
S Krishna,PUN,ALL,16,13.0,Announced,12.0
Sandeep-Jr.,PUN,ALL,0,12.5,,0.0
S Shrestha,BLR,ALL,0,11.5,,0.0
Amit-Kumar-Jr,PUN,ALL,0,11.5,,17.0
M Sehrawat,BLR,ALL,48,10.5,,0.0
P Kumar-Sherawat,BLR,RAI,399,17.0,Announced,16.0
Rohit-Kumar,BLR,RAI,138,16.0,Announced,24.0
P Kumar-Kadian,PUN,RAI,80,15.5,,0.0
N Tomar,PUN,RAI,44,15.0,Announced,9.0
D Kadian,PUN,RAI,3,14.0,,0.0
G M Ernak,PUN,DEF,110,14.5,,0.0
Sumit-Singh,BLR,RAI,48,13.5,,4.0
V Kumar-II,BLR,RAI,6,13.0,,0.0
A Kumar.Sr,PUN,RAI,89,13.0,Announced,16.0
R Sriram,PUN,RAI,-2,12.5,,0.0
E Sedaghatnia,PUN,RAI,0,12.5,,0.0
S Sail,PUN,RAI,22,12.0,,0.0
Banty,BLR,RAI,18,11.5,,17.0
L Mohar-Yadav,BLR,RAI,0,11.5,,0.0
P Mohite,PUN,RAI,144,11.5,,0.0
A Sheoran,BLR,DEF,117,13.5,Announced,22.0
R Lal-Choudhary,BLR,DEF,0,13.0,,0.0
S Shinde,PUN,DEF,51,13.0,,7.0
H Tajik,PUN,DEF,25,13.0,Announced,12.0
Sandeep,BLR,DEF,2,12.5,,0.0
J B Shahaji,PUN,DEF,42,12.5,Announced,32.0
