name,team,type,points,credits,announced
S Singh,PUN,DEF,169,14.5,Announced
J B Shahaji,PUN,DEF,103,12.5,Announced
D Yadav,PUN,DEF,7,12.5,
Satpal,PUN,DEF,0,12.5,
S Sawant,PUN,DEF,48,11.5,
C Singh,HAR,DEF,29,11.0,
S Narwal,HAR,DEF,0,11.0,
V Kandola,HAR,DEF,4,11.0,
Naveen-I,HAR,ALL,166,14.5,
Manjeet,PUN,ALL,275,14.5,Announced
K Singh,HAR,ALL,48,13.5,
G M Ernak,PUN,DEF,113,14.5,
S Krishna,PUN,ALL,58,13.0,Announced
Sandeep-Jr.,PUN,ALL,0,12.5,
P Tin,HAR,ALL,1,12.0,
Amit-Kumar-Jr,PUN,ALL,17,11.5,
V Khandola,HAR,RAI,314,16.0,Announced
P Kumar-Kadian,PUN,RAI,80,15.5,
N Tomar,PUN,RAI,87,15.0,Announced
Vinay,HAR,RAI,223,14.5,Announced
D Kadian,PUN,RAI,3,14.0,
P Kumar-Rai,HAR,RAI,90,13.5,Announced
Sunil,HAR,DEF,162,14.0,Announced
K Selvamani,HAR,RAI,48,13.0,
A Kumar.Sr,PUN,RAI,144,13.0,Announced
Arun-Kumar,HAR,RAI,5,12.5,
R Sriram,PUN,RAI,-2,12.5,
E Sedaghatnia,PUN,RAI,0,12.5,
S Sail,PUN,RAI,23,12.0,
V Chhillar,HAR,RAI,0,11.5,
P Mohite,PUN,RAI,151,11.5,
A M Maleki,HAR,RAI,0,10.0,
D Cheralathan,HAR,DEF,169,14.0,Announced
V Kale,HAR,DEF,151,13.5,Announced
Ravi-Kumar,HAR,DEF,126,13.5,Announced
Parveen,HAR,DEF,39,13.0,
S Shinde,PUN,DEF,87,13.0,Announced
H Tajik,PUN,DEF,40,13.0,
