name,team,type,points,credits,announced,rai,def,allr,match_points
S Singh,PUN,DEF,66,14.5,Announced,0,1,0,14.0
Satpal,PUN,DEF,0,12.5,,0,1,0,0.0
S Sawant,PUN,DEF,48,11.5,,0,1,0,0.0
A.Elavarasan,JAI,DEF,0,11.5,,0,1,0,0.0
P R.,JAI,DEF,2,10.0,,0,1,0,7.0
Karamvir,JAI,DEF,0,10.0,,0,1,0,0.0
D N Hooda,JAI,ALL,198,15.5,Announced,0,0,1,49.0
Manjeet,PUN,ALL,112,14.5,Announced,0,0,1,19.0
N Rawal,JAI,ALL,42,14.5,Announced,0,0,1,24.0
S Krishna,PUN,ALL,4,13.0,,0,0,1,2.0
Santhapanaselvam,JAI,ALL,0,13.0,,0,0,1,0.0
G M Ernak,PUN,DEF,100,14.5,Announced,0,1,0,0.0
Vishal,JAI,ALL,85,13.0,Announced,0,0,1,30.0
Sandeep-Jr.,PUN,ALL,0,12.5,,0,0,1,0.0
S Narwal,JAI,ALL,34,12.5,,0,0,1,0.0
Amit-Kumar-Jr,PUN,ALL,0,11.5,,0,0,1,0.0
D Kim,JAI,ALL,0,10.5,,0,0,1,0.0
P Kumar-Kadian,PUN,RAI,80,15.5,,1,0,0,0.0
N Tomar,PUN,RAI,22,15.0,Announced,1,0,0,2.0
D Narwal,JAI,RAI,123,14.5,,1,0,0,2.0
D Kadian,PUN,RAI,2,14.0,,1,0,0,0.0
N Salunke,JAI,RAI,15,13.5,Announced,1,0,0,21.0
S K Dhull,JAI,DEF,154,14.5,Announced,0,1,0,30.0
A Kumar.Sr,PUN,RAI,89,13.0,,1,0,0,0.0
R Sriram,PUN,RAI,-2,12.5,,1,0,0,0.0
E Sedaghatnia,PUN,RAI,0,12.5,,1,0,0,0.0
A Pawar,JAI,RAI,39,12.5,,1,0,0,0.0
S Sail,PUN,RAI,17,12.0,Announced,1,0,0,2.0
S Gulia,JAI,RAI,0,12.0,,1,0,0,0.0
L Kaushik,JAI,RAI,0,12.0,,1,0,0,0.0
P Mohite,PUN,RAI,93,11.5,,1,0,0,25.0
M Chathuranga,JAI,RAI,1,11.5,,1,0,0,0.0
G Singh,JAI,RAI,0,11.5,,1,0,0,0.0
A Hooda,JAI,DEF,119,14.5,Announced,0,1,0,25.0
S Shinde,PUN,DEF,51,13.0,Announced,0,1,0,0.0
H Tajik,PUN,DEF,6,13.0,,0,1,0,9.0
S Siddhgavali,JAI,DEF,50,13.0,Announced,0,1,0,10.0
J B Shahaji,PUN,DEF,31,12.5,Announced,0,1,0,9.0
D Yadav,PUN,DEF,0,12.5,,0,1,0,0.0
