name,team,type,points,credits,announced
Sumit,UP,DEF,238,14.5,Announced
A Nagar,UP,DEF,0,12.5,
N Narwal,BEN,DEF,33,11.5,
Adarsh-T,BEN,DEF,17,11.0,
Amit-I,BEN,DEF,2,10.5,
Dharmendra-Singh,BEN,DEF,0,10.0,
M Esmaeil-Nabibakhsh,BEN,ALL,292,15.0,Announced
R Devadiga,UP,ALL,76,14.0,Announced
Sachin-Kumar,UP,ALL,19,13.5,
M Maghsoudlou,UP,ALL,41,13.5,
Narender,UP,ALL,-4,13.0,
Baldev-Singh,BEN,DEF,219,14.0,Announced
Avinash-AR,BEN,ALL,0,12.0,
Gurdeep,UP,ALL,0,11.5,
Arkam-Shaikh,UP,ALL,0,11.5,
S T Patil,BEN,ALL,0,11.0,
A S Dhumal,BEN,ALL,0,11.0,
S M Dubile,BEN,ALL,0,10.5,
Maninder-Singh,BEN,RAI,391,16.0,Announced
K Prapanjan,BEN,RAI,326,15.0,Announced
S Jadhav,UP,RAI,209,15.0,Announced
M Goyat,UP,RAI,150,14.5,
R Narwal,BEN,DEF,238,14.0,Announced
R Kumawat,BEN,RAI,0,14.0,
Surender-Singh,UP,RAI,24,14.0,
S Hegde,BEN,RAI,28,13.5,
Surender-Gill,UP,RAI,100,13.0,Announced
Azad-Singh,UP,RAI,11,13.0,
M M Karim,UP,RAI,0,12.5,
R Narwal,BEN,RAI,9,12.0,
Ankush,UP,RAI,0,12.0,
Gulveer-Singh,UP,RAI,0,11.5,
M T P Mahali,BEN,RAI,12,11.0,
Jeeva-Kumar,BEN,DEF,185,14.0,Announced
Nitesh-Kumar,UP,DEF,149,14.0,Announced
Amit,UP,DEF,112,13.5,Announced
V Landge,BEN,DEF,68,13.0,
V Thangadurai,BEN,DEF,25,12.5,
Ashu-Singh,UP,DEF,131,12.5,Announced
