name,team,type,points,credits,announced,match_points
Sumit,UP,DEF,190,14.5,Announced,15.0
A Nagar,UP,DEF,0,12.5,,0.0
S Ghaffari,DEL,DEF,84,12.5,Announced,10.0
P Patil,DEL,DEF,0,10.5,,0.0
Mohit-I,DEL,DEF,0,10.0,,0.0
Satywan,DEL,DEF,0,9.5,,0.0
R Devadiga,UP,ALL,54,14.0,,22.0
M Sheykh,DEL,ALL,65,14.0,Announced,10.0
Sachin-Kumar,UP,ALL,10,13.5,,2.0
M Maghsoudlou,UP,ALL,33,13.5,,2.0
Narender,UP,ALL,-6,13.0,,2.0
J Narwal,DEL,DEF,155,14.5,Announced,20.0
Vijay,DEL,ALL,60,13.0,,4.0
Gurdeep,UP,ALL,0,11.5,,0.0
Arkam-Shaikh,UP,ALL,0,11.5,,0.0
Balram,DEL,ALL,0,9.5,,0.0
Naveen-Kumar,DEL,RAI,364,16.5,Announced,66.0
S Jadhav,UP,RAI,143,14.5,Announced,0.0
M Goyat,UP,RAI,119,16.0,Announced,31.0
Surender-Singh,UP,RAI,18,14.0,,6.0
C Ranjit,DEL,RAI,204,14.0,Announced,14.0
Surender-Gill,UP,RAI,77,12.0,Announced,-1.0
R Pahal,DEL,DEF,137,15.0,Announced,35.0
Azad-Singh,UP,RAI,11,13.0,,0.0
M M Karim,UP,RAI,0,12.5,,0.0
Ankush,UP,RAI,0,12.0,,0.0
Gulveer-Singh,UP,RAI,0,11.5,,0.0
S Kumar,DEL,RAI,0,11.5,,0.0
N Narwal,DEL,RAI,1,11.0,,0.0
A Kadian,DEL,RAI,6,10.5,,0.0
Nitesh-Kumar,UP,DEF,126,14.0,Announced,10.0
V Mane,DEL,DEF,109,14.0,Announced,15.0
Amit,UP,DEF,95,13.0,Announced,9.0
Sombir,DEL,DEF,10,13.0,,2.0
Anil-Kumar-I,DEL,DEF,21,13.0,,12.0
Ashu-Singh,UP,DEF,103,12.5,Announced,5.0
