name,team,type,points,credits,announced,rai,def,allr,match_points
A Sheoran,BLR,DEF,176,14.5,Announced,0,1,0,32.0
M Abishek,TAM,DEF,0,12.0,,0,1,0,0.0
Aman,BLR,DEF,5,11.5,,0,1,0,0.0
Himanshu,TAM,DEF,0,11.5,,0,1,0,0.0
Sagar,TAM,DEF,15,11.0,Announced,0,1,0,16.0
M Sheibak,TAM,DEF,2,10.5,,0,1,0,0.0
Manjeet-Chhillar,TAM,ALL,181,15.5,Announced,0,0,1,22.0
Ashish-Kumar,BLR,ALL,41,14.5,,0,0,1,0.0
R Singh,TAM,ALL,162,13.5,Announced,0,0,1,8.0
V O Obiero,TAM,ALL,0,13.0,,0,0,1,0.0
Ankit,BLR,ALL,22,12.5,,0,0,1,2.0
Mahender-Singh,BLR,DEF,209,14.5,Announced,0,1,0,12.0
H Chauhan,TAM,ALL,2,12.5,,0,0,1,0.0
Ajay,BLR,ALL,21,12.0,,0,0,1,2.0
M Sehrawat,BLR,ALL,79,11.5,Announced,0,0,1,16.0
S Shrestha,BLR,ALL,0,11.5,,0,0,1,0.0
P Kumar-Sherawat,BLR,RAI,504,17.0,Announced,1,0,0,63.0
A Thakur,TAM,RAI,215,16.5,Announced,1,0,0,15.0
Rohit-Kumar,BLR,RAI,221,16.0,Announced,1,0,0,22.0
R Chaudhari,TAM,RAI,274,16.0,Announced,1,0,0,30.0
Sumit-Singh,BLR,RAI,60,13.5,Announced,1,0,0,6.0
V Kumar-II,BLR,RAI,6,13.0,,1,0,0,0.0
Mohit-Chillar,TAM,DEF,184,14.0,Announced,0,1,0,14.0
V Sharma,TAM,RAI,52,13.0,,1,0,0,0.0
S Bappu,TAM,RAI,101,13.0,,1,0,0,0.0
V A Kumar,TAM,RAI,98,12.0,,1,0,0,7.0
Banty,BLR,RAI,57,11.5,,1,0,0,0.0
L Mohar-Yadav,BLR,RAI,0,11.5,,1,0,0,0.0
Anand,TAM,RAI,15,11.5,,1,0,0,2.0
Y Bishnoi,TAM,RAI,0,11.5,,1,0,0,0.0
S Nandal,BLR,DEF,204,13.0,Announced,0,1,0,7.0
R Lal-Choudhary,BLR,DEF,0,13.0,,0,1,0,0.0
Vijay-Kumar,BLR,DEF,54,13.0,,0,1,0,0.0
Sandeep,BLR,DEF,2,12.5,,0,1,0,0.0
Ajeet,TAM,DEF,114,12.5,Announced,0,1,0,2.0
P Subramanian,TAM,DEF,13,12.5,,0,1,0,0.0
