name,team,type,points,credits,announced,rai,def,allr
F Atrachali,MUM,DEF,253,15.5,Announced,0,1,0
Y Chang-Ko,MUM,DEF,57,13.0,,0,1,0
Satpal,PUN,DEF,0,12.5,,0,1,0
S Sawant,PUN,DEF,48,12.5,,0,1,0
D Yadav,PUN,DEF,7,12.5,,0,1,0
Anil,MUM,DEF,0,12.5,,0,1,0
H Vardhan,MUM,DEF,6,11.0,,0,1,0
Manjeet,PUN,ALL,279,15.0,Announced,0,0,1
S Narwal,MUM,ALL,243,14.5,Announced,0,0,1
S Krishna,PUN,ALL,58,13.0,Announced,0,0,1
Sandeep-Jr.,PUN,ALL,0,12.5,,0,0,1
S Singh,PUN,DEF,193,14.5,Announced,0,1,0
A R Kapre,MUM,ALL,4,12.5,,0,0,1
M Balyan,MUM,ALL,0,12.0,,0,0,1
Amit-Kumar-Jr,PUN,ALL,25,11.5,,0,0,1
N Tomar,PUN,RAI,114,15.0,Announced,1,0,0
Abhishek-Singh,MUM,RAI,261,15.0,Announced,1,0,0
P Kumar-Kadian,PUN,RAI,80,14.5,,1,0,0
R Baliyan,MUM,RAI,148,14.5,,1,0,0
P Mohite,PUN,RAI,178,14.0,,1,0,0
A Kumar.Sr,PUN,RAI,143,14.0,,1,0,0
A Deshwal,MUM,RAI,196,14.0,Announced,1,0,0
G M Ernak,PUN,DEF,113,14.5,,0,1,0
M Athul,MUM,RAI,128,13.5,Announced,1,0,0
D Kadian,PUN,RAI,3,13.0,,1,0,0
D Geon-Lee,MUM,RAI,37,13.0,,1,0,0
R Sriram,PUN,RAI,-2,12.5,,1,0,0
E Sedaghatnia,PUN,RAI,0,12.5,,1,0,0
Gaurav-Kumar,MUM,RAI,0,12.5,,1,0,0
S Sail,PUN,RAI,24,12.0,Announced,1,0,0
Navneet,MUM,RAI,0,12.0,,1,0,0
Vinoth-Kumar,MUM,RAI,4,12.0,,1,0,0
Surinder-Singh,MUM,DEF,220,14.5,Announced,0,1,0
J B Shahaji,PUN,DEF,103,13.5,Announced,0,1,0
S Shinde,PUN,DEF,97,13.0,Announced,0,1,0
H Tajik,PUN,DEF,40,13.0,,0,1,0
H Kumar,MUM,DEF,107,13.0,Announced,0,1,0
R Subramanian,MUM,DEF,16,13.0,,0,1,0
