name,team,type,points,credits,announced,match_points
F Atrachali,MUM,DEF,144,16.0,Announced,24.0
Anil,MUM,DEF,0,12.5,,0.0
Y Chang-Ko,MUM,DEF,57,12.5,,0.0
S Narwal,HAR,DEF,0,11.0,,0.0
V Kandola,HAR,DEF,4,11.0,,0.0
H Vardhan,MUM,DEF,4,11.0,,0.0
C Singh,HAR,DEF,7,9.5,,15.0
Naveen-I,HAR,ALL,159,15.5,Announced,7.0
K Singh,HAR,ALL,46,14.5,,0.0
S Narwal,MUM,ALL,131,14.5,Announced,26.0
A R Kapre,MUM,ALL,4,12.5,,0.0
D Cheralathan,HAR,DEF,117,15.0,Announced,10.0
P Tin,HAR,ALL,0,12.0,,0.0
M Balyan,MUM,ALL,0,12.0,,0.0
V Khandola,HAR,RAI,193,15.5,Announced,36.0
Abhishek-Singh,MUM,RAI,160,14.0,,21.0
R Baliyan,MUM,RAI,142,14.5,Announced,4.0
P Kumar-Rai,HAR,RAI,25,14.0,Announced,8.0
K Selvamani,HAR,RAI,38,14.0,,9.0
M Athul,MUM,RAI,59,13.5,Announced,12.0
D Geon-Lee,MUM,RAI,37,13.5,,0.0
Vinay,HAR,RAI,139,13.0,,5.0
Surinder-Singh,MUM,DEF,180,14.0,Announced,10.0
Vinoth-Kumar,MUM,RAI,4,13.0,,0.0
Arun-Kumar,HAR,RAI,5,12.5,,0.0
Gaurav-Kumar,MUM,RAI,0,12.5,,0.0
A Deshwal,MUM,RAI,118,12.5,Announced,14.0
Navneet,MUM,RAI,0,12.0,,0.0
V Chhillar,HAR,RAI,0,11.5,,0.0
A M Maleki,HAR,RAI,0,10.0,,0.0
Parveen,HAR,DEF,34,12.5,Announced,5.0
V Kale,HAR,DEF,108,13.5,,0.0
Ravi-Kumar,HAR,DEF,54,13.5,Announced,19.0
R Subramanian,MUM,DEF,2,13.5,,0.0
Sunil,HAR,DEF,119,13.0,Announced,20.0
H Kumar,MUM,DEF,27,12.5,Announced,15.0
