name,team,type,points,credits,announced,rai,def,allr
S Nada,PAT,DEF,0,14.5,,0,1,0
J Dagar,PAT,DEF,16,12.5,Announced,0,1,0
Sandeep,BLR,DEF,2,12.5,,0,1,0
B Narwal,PAT,DEF,0,12.0,,0,1,0
M Choudhary,PAT,DEF,0,12.0,,0,1,0
Aman,BLR,DEF,5,11.5,,0,1,0
Ashish-Kumar,BLR,ALL,41,14.5,,0,0,1
V Jaglan,PAT,ALL,122,13.5,Announced,0,0,1
Monu,PAT,ALL,134,13.5,Announced,0,0,1
Ravinder-I,PAT,ALL,16,13.0,,0,0,1
Ankit,BLR,ALL,24,12.5,,0,0,1
A Sheoran,BLR,DEF,208,14.5,Announced,0,1,0
Ajay,BLR,ALL,23,12.0,,0,0,1
M Sehrawat,BLR,ALL,95,11.5,Announced,0,0,1
S Shrestha,BLR,ALL,0,11.5,,0,0,1
S Mann,PAT,ALL,0,11.0,,0,0,1
Amit-Kumar-II,PAT,ALL,0,10.5,,0,0,1
P Narwal,PAT,RAI,390,17.0,Announced,1,0,0
P Kumar-Sherawat,BLR,RAI,567,17.0,Announced,1,0,0
Rohit-Kumar,BLR,RAI,243,16.0,Announced,1,0,0
J Kun-Lee,PAT,RAI,96,15.0,,1,0,0
M E M Mahalli,PAT,RAI,136,14.0,Announced,1,0,0
Mahender-Singh,BLR,DEF,221,14.5,Announced,0,1,0
Sumit-Singh,BLR,RAI,66,13.5,Announced,1,0,0
V Kumar-II,BLR,RAI,6,13.0,,1,0,0
P Singh,PAT,RAI,13,12.0,,1,0,0
R P Rao-Chavan,PAT,RAI,0,11.5,,1,0,0
Mohit,PAT,RAI,0,11.5,,1,0,0
Banty,BLR,RAI,57,11.5,,1,0,0
L Mohar-Yadav,BLR,RAI,0,11.5,,1,0,0
Ashish,PAT,RAI,21,11.0,,1,0,0
Naveen,PAT,RAI,0,11.0,,1,0,0
Jaideep,PAT,DEF,203,14.0,,0,1,0
H Oshtorak,PAT,DEF,131,13.5,Announced,0,1,0
Neeraj-Kumar,PAT,DEF,163,13.0,Announced,0,1,0
S Nandal,BLR,DEF,211,13.0,Announced,0,1,0
R Lal-Choudhary,BLR,DEF,0,13.0,,0,1,0
Vijay-Kumar,BLR,DEF,54,13.0,,0,1,0
