name,team,type,points,credits,announced,rai,def,allr,match_points
V Bharadwaj,HYD,DEF,143,15.0,Announced,0,1,0,25.0
Manish-I,HYD,DEF,0,12.0,,0,1,0,0.0
A Choudhary,HYD,DEF,0,11.5,,0,1,0,0.0
S Narwal,HAR,DEF,0,11.0,,0,1,0,0.0
V Kandola,HAR,DEF,4,11.0,,0,1,0,0.0
A D Arsul,HYD,DEF,2,10.5,,0,1,0,0.0
C Singh,HAR,DEF,0,9.5,,0,1,0,7.0
Naveen-I,HAR,ALL,141,15.5,,0,0,1,18.0
F Milaghardan,HYD,ALL,104,14.5,Announced,0,0,1,20.0
K Singh,HAR,ALL,46,14.5,,0,0,1,0.0
Armaan,HYD,ALL,22,13.5,,0,0,1,0.0
D Cheralathan,HAR,DEF,112,15.0,Announced,0,1,0,5.0
R Gowda,HYD,ALL,22,13.0,,0,0,1,0.0
P Tin,HAR,ALL,0,12.0,,0,0,1,0.0
Siddharth-Desai,HYD,RAI,163,16.0,Announced,1,0,0,77.0
V Khandola,HAR,RAI,162,15.5,Announced,1,0,0,31.0
Rajnish,HYD,RAI,25,14.0,,1,0,0,2.0
P Kumar-Rai,HAR,RAI,17,14.0,Announced,1,0,0,8.0
K Selvamani,HAR,RAI,38,14.0,,1,0,0,0.0
S Desai,HYD,RAI,113,13.0,Announced,1,0,0,27.0
Vinay,HAR,RAI,125,13.0,Announced,1,0,0,14.0
Kamal-Singh,HYD,RAI,8,12.5,,1,0,0,2.0
A Mohajermighani,HYD,DEF,84,14.5,Announced,0,1,0,25.0
Arun-Kumar,HAR,RAI,5,12.5,,1,0,0,0.0
A Kumar-II,HYD,RAI,60,12.0,Announced,1,0,0,10.0
A Beniwal,HYD,RAI,14,11.5,,1,0,0,0.0
V Chhillar,HAR,RAI,0,11.5,,1,0,0,0.0
P Mallikarjun,HYD,RAI,7,11.0,,1,0,0,0.0
M S G Reddy,HYD,RAI,0,10.0,,1,0,0,0.0
A M Maleki,HAR,RAI,0,10.0,,1,0,0,0.0
Parveen,HAR,DEF,32,14.0,,0,1,0,2.0
C Arun,HYD,DEF,59,13.5,Announced,0,1,0,20.0
V Kale,HAR,DEF,108,13.5,Announced,0,1,0,0.0
Ravi-Kumar,HAR,DEF,54,13.5,Announced,0,1,0,0.0
Sunil,HAR,DEF,114,13.0,Announced,0,1,0,5.0
K Madane,HYD,DEF,14,12.5,,0,1,0,0.0
