name,team,type,points,credits,announced,rai,def,allr,match_points
S K Dhull,JAI,DEF,210,14.5,Announced,0,1,0,12.0
Sagar,TAM,DEF,11,11.0,,0,1,0,0.0
M Sheibak,TAM,DEF,2,10.5,,0,1,0,0.0
P R.,JAI,DEF,25,10.0,,0,1,0,11.0
Karamvir,JAI,DEF,0,10.0,,0,1,0,0.0
Manjeet-Chhillar,TAM,ALL,166,15.5,,0,0,1,0.0
D N Hooda,JAI,ALL,314,15.5,Announced,0,0,1,11.0
N Rawal,JAI,ALL,89,14.5,Announced,0,0,1,4.0
R Singh,TAM,ALL,143,13.5,Announced,0,0,1,7.0
V O Obiero,TAM,ALL,0,13.0,,0,0,1,0.0
Santhapanaselvam,JAI,ALL,0,13.0,,0,0,1,0.0
A Hooda,JAI,DEF,165,14.5,Announced,0,1,0,7.0
Vishal,JAI,ALL,154,13.0,Announced,0,0,1,21.0
H Chauhan,TAM,ALL,2,12.5,,0,0,1,0.0
S Narwal,JAI,ALL,37,12.5,,0,0,1,0.0
D Kim,JAI,ALL,0,10.5,,0,0,1,0.0
A Thakur,TAM,RAI,145,16.5,Announced,1,0,0,25.0
R Chaudhari,TAM,RAI,225,16.0,Announced,1,0,0,28.0
D Narwal,JAI,RAI,136,14.5,,1,0,0,10.0
N Salunke,JAI,RAI,44,13.5,Announced,1,0,0,16.0
V Sharma,TAM,RAI,21,13.0,Announced,1,0,0,28.0
S Bappu,TAM,RAI,93,13.0,,1,0,0,0.0
Mohit-Chillar,TAM,DEF,147,14.0,Announced,0,1,0,22.0
A Pawar,JAI,RAI,40,12.5,,1,0,0,0.0
V A Kumar,TAM,RAI,69,12.0,Announced,1,0,0,13.0
S Gulia,JAI,RAI,0,12.0,,1,0,0,0.0
L Kaushik,JAI,RAI,0,12.0,,1,0,0,0.0
Anand,TAM,RAI,0,11.5,,1,0,0,0.0
Y Bishnoi,TAM,RAI,0,11.5,,1,0,0,0.0
M Chathuranga,JAI,RAI,1,11.5,,1,0,0,0.0
G Singh,JAI,RAI,0,11.5,,1,0,0,0.0
S Siddhgavali,JAI,DEF,67,13.0,Announced,0,1,0,11.0
Ajeet,TAM,DEF,92,12.5,Announced,0,1,0,7.0
P Subramanian,TAM,DEF,4,12.5,,0,1,0,2.0
M Abishek,TAM,DEF,0,12.0,,0,1,0,0.0
Himanshu,TAM,DEF,0,11.5,,0,1,0,0.0
A.Elavarasan,JAI,DEF,0,11.5,,0,1,0,0.0
