name,team,type,points,credits,announced,rai,def,allr,match_points
F Atrachali,MUM,DEF,110,16.0,Announced,0,1,0,14.0
Y Chang-Ko,MUM,DEF,46,12.5,Announced,0,1,0,6.0
V Landge,BEN,DEF,42,12.0,,0,1,0,0.0
N Narwal,BEN,DEF,18,11.5,,0,1,0,0.0
Adarsh-T,BEN,DEF,9,11.0,,0,1,0,0.0
H Vardhan,MUM,DEF,4,11.0,,0,1,0,0.0
Amit-I,BEN,DEF,2,10.5,,0,1,0,0.0
Dharmendra-Singh,BEN,DEF,0,10.0,,0,1,0,0.0
M Esmaeil-Nabibakhsh,BEN,ALL,143,14.5,Announced,0,0,1,17.0
S Narwal,MUM,ALL,83,14.5,Announced,0,0,1,21.0
A R Kapre,MUM,ALL,4,12.5,,0,0,1,0.0
Jeeva-Kumar,BEN,DEF,62,14.5,Announced,0,1,0,26.0
Avinash-AR,BEN,ALL,0,12.0,,0,0,1,0.0
M Balyan,MUM,ALL,0,12.0,,0,0,1,0.0
S T Patil,BEN,ALL,0,11.0,,0,0,1,0.0
A S Dhumal,BEN,ALL,0,11.0,,0,0,1,0.0
S M Dubile,BEN,ALL,0,10.5,,0,0,1,0.0
Maninder-Singh,BEN,RAI,179,16.0,Announced,1,0,0,17.0
K Prapanjan,BEN,RAI,110,15.0,Announced,1,0,0,25.0
Abhishek-Singh,MUM,RAI,160,15.0,,1,0,0,0.0
R Baliyan,MUM,RAI,99,14.5,Announced,1,0,0,10.0
R Kumawat,BEN,RAI,0,14.0,,1,0,0,0.0
Surinder-Singh,MUM,DEF,150,14.5,Announced,0,1,0,26.0
S Hegde,BEN,RAI,2,14.0,,1,0,0,0.0
M Athul,MUM,RAI,23,13.5,,1,0,0,6.0
D Geon-Lee,MUM,RAI,34,13.5,,1,0,0,3.0
Vinoth-Kumar,MUM,RAI,0,13.0,Announced,1,0,0,4.0
Gaurav-Kumar,MUM,RAI,0,12.5,,1,0,0,0.0
A Deshwal,MUM,RAI,57,12.5,Announced,1,0,0,44.0
R Narwal,BEN,RAI,0,12.0,,1,0,0,9.0
R Narwal,BEN,RAI,0,12.0,,1,0,0,103.0
R Narwal,BEN,RAI,0,12.0,,1,0,0,-83.0
R Narwal,BEN,RAI,0,12.0,,1,0,0,11.0
R Narwal,BEN,DEF,92,14.0,Announced,0,1,0,9.0
R Narwal,BEN,DEF,92,14.0,Announced,0,1,0,103.0
R Narwal,BEN,DEF,92,14.0,Announced,0,1,0,-83.0
R Narwal,BEN,DEF,92,14.0,Announced,0,1,0,11.0
Navneet,MUM,RAI,0,12.0,,1,0,0,0.0
M T P Mahali,BEN,RAI,5,9.5,Announced,1,0,0,5.0
Baldev-Singh,BEN,DEF,113,14.0,Announced,0,1,0,31.0
R Subramanian,MUM,DEF,2,13.5,,0,1,0,0.0
V Thangadurai,BEN,DEF,0,13.0,,0,1,0,0.0
H Kumar,MUM,DEF,25,12.5,,0,1,0,0.0
Anil,MUM,DEF,0,12.5,,0,1,0,0.0
