name,team,type,points,credits,announced,match_points
F Atrachali,MUM,DEF,124,16.0,Announced,20.0
Anil,MUM,DEF,0,12.5,,0.0
Y Chang-Ko,MUM,DEF,52,12.5,Announced,5.0
B Narwal,PAT,DEF,0,12.0,,0.0
M Choudhary,PAT,DEF,0,12.0,,0.0
H Vardhan,MUM,DEF,4,11.0,,0.0
S Narwal,MUM,ALL,104,14.5,Announced,27.0
V Jaglan,PAT,ALL,72,14.0,Announced,9.0
Monu,PAT,ALL,95,13.5,,2.0
Ravinder-I,PAT,ALL,0,13.0,,16.0
A R Kapre,MUM,ALL,4,12.5,,0.0
S Nada,PAT,DEF,0,14.5,,0.0
M Balyan,MUM,ALL,0,12.0,,0.0
S Mann,PAT,ALL,0,11.0,,0.0
Amit-Kumar-II,PAT,ALL,0,10.5,,0.0
P Narwal,PAT,RAI,218,17.5,Announced,25.0
J Kun-Lee,PAT,RAI,82,15.0,Announced,14.0
Abhishek-Singh,MUM,RAI,160,15.0,,0.0
M E M Mahalli,PAT,RAI,73,14.5,Announced,29.0
R Baliyan,MUM,RAI,109,14.5,Announced,33.0
M Athul,MUM,RAI,29,13.5,Announced,30.0
D Geon-Lee,MUM,RAI,37,13.5,,0.0
Surinder-Singh,MUM,DEF,176,14.5,Announced,4.0
Vinoth-Kumar,MUM,RAI,4,13.0,,0.0
Gaurav-Kumar,MUM,RAI,0,12.5,,0.0
A Deshwal,MUM,RAI,101,12.5,Announced,17.0
P Singh,PAT,RAI,4,12.0,,3.0
Navneet,MUM,RAI,0,12.0,,0.0
R P Rao-Chavan,PAT,RAI,0,11.5,,0.0
Mohit,PAT,RAI,0,11.5,,0.0
Ashish,PAT,RAI,14,11.0,,0.0
Naveen,PAT,RAI,0,11.0,,0.0
Jaideep,PAT,DEF,154,13.5,Announced,15.0
J Dagar,PAT,DEF,2,13.5,,0.0
H Oshtorak,PAT,DEF,80,13.5,Announced,18.0
R Subramanian,MUM,DEF,2,13.5,,0.0
Neeraj-Kumar,PAT,DEF,130,12.5,Announced,5.0
H Kumar,MUM,DEF,25,12.5,,2.0
