name,team,type,points,credits,announced,match_points
S Nada,PAT,DEF,0,14.5,,0.0
J Dagar,PAT,DEF,4,12.5,,12.0
S Ghaffari,DEL,DEF,94,12.5,,0.0
B Narwal,PAT,DEF,0,12.0,,0.0
M Choudhary,PAT,DEF,0,12.0,,0.0
P Patil,DEL,DEF,0,10.5,,0.0
Mohit-I,DEL,DEF,0,10.0,,0.0
Satywan,DEL,DEF,7,9.5,,0.0
M Sheykh,DEL,ALL,80,14.0,,2.0
V Jaglan,PAT,ALL,97,13.5,Announced,25.0
Monu,PAT,ALL,127,13.5,Announced,7.0
J Narwal,DEL,DEF,218,14.5,Announced,16.0
Ravinder-I,PAT,ALL,16,13.0,,0.0
Vijay,DEL,ALL,76,13.0,Announced,22.0
S Mann,PAT,ALL,0,11.0,,0.0
Amit-Kumar-II,PAT,ALL,0,10.5,,0.0
Balram,DEL,ALL,10,9.5,,0.0
P Narwal,PAT,RAI,318,17.0,Announced,72.0
Naveen-Kumar,DEL,RAI,481,16.5,Announced,51.0
J Kun-Lee,PAT,RAI,96,15.0,,0.0
M E M Mahalli,PAT,RAI,131,14.0,Announced,5.0
C Ranjit,DEL,RAI,243,14.0,Announced,17.0
R Pahal,DEL,DEF,225,14.5,Announced,26.0
P Singh,PAT,RAI,13,12.0,,0.0
R P Rao-Chavan,PAT,RAI,0,11.5,,0.0
Mohit,PAT,RAI,0,11.5,,0.0
S Kumar,DEL,RAI,0,11.5,,0.0
Ashish,PAT,RAI,21,11.0,,0.0
Naveen,PAT,RAI,0,11.0,,0.0
N Narwal,DEL,RAI,1,11.0,,0.0
A Kadian,DEL,RAI,6,10.5,,0.0
Jaideep,PAT,DEF,197,14.0,Announced,6.0
V Mane,DEL,DEF,142,14.0,Announced,16.0
H Oshtorak,PAT,DEF,115,13.5,Announced,16.0
Neeraj-Kumar,PAT,DEF,152,13.0,Announced,11.0
Sombir,DEL,DEF,12,13.0,,0.0
Anil-Kumar-I,DEL,DEF,46,13.0,Announced,16.0
