name,team,type,points,credits,announced,rai,def,allr,match_points
Mahender-Singh,BLR,DEF,119,14.5,Announced,0,1,0,15.0
Aman,BLR,DEF,0,11.5,Announced,0,1,0,5.0
Ankit,BLR,DEF,0,11.5,,0,1,0,0.0
S Nandal,BLR,DEF,68,11.0,Announced,0,1,0,9.0
Vijay-Kumar,BLR,DEF,33,11.0,,0,1,0,2.0
Ajay,BLR,DEF,4,10.5,,0,1,0,0.0
Ashish-Kumar,BLR,ALL,36,14.5,,0,0,1,0.0
Sachin-Kumar,UP,ALL,6,13.5,,0,0,1,2.0
M Maghsoudlou,UP,ALL,8,13.5,,0,0,1,7.0
Narender,UP,ALL,-6,13.0,,0,0,1,0.0
S Shrestha,BLR,ALL,0,11.5,,0,0,1,0.0
Nitesh-Kumar,UP,DEF,71,14.0,Announced,0,1,0,20.0
Gurdeep,UP,ALL,0,11.5,,0,0,1,0.0
Arkam-Shaikh,UP,ALL,0,11.5,,0,0,1,0.0
M Sehrawat,BLR,ALL,49,10.5,Announced,0,0,1,-1.0
P Kumar-Sherawat,BLR,RAI,306,17.0,Announced,1,0,0,46.0
Rohit-Kumar,BLR,RAI,116,16.0,Announced,1,0,0,5.0
M Goyat,UP,RAI,64,16.0,Announced,1,0,0,40.0
R Devadiga,UP,RAI,34,15.0,,1,0,0,0.0
S Jadhav,UP,RAI,40,14.5,Announced,1,0,0,42.0
Surender-Singh,UP,RAI,4,14.0,,1,0,0,0.0
Sumit-Singh,BLR,RAI,35,13.5,Announced,1,0,0,13.0
A Sheoran,BLR,DEF,90,13.5,,0,1,0,12.0
V Kumar-II,BLR,RAI,6,13.0,,1,0,0,0.0
Azad-Singh,UP,RAI,11,13.0,,1,0,0,0.0
M M Karim,UP,RAI,0,12.5,,1,0,0,0.0
Surender-Gill,UP,RAI,33,12.0,Announced,1,0,0,7.0
Ankush,UP,RAI,0,12.0,,1,0,0,0.0
Banty,BLR,RAI,10,11.5,,1,0,0,0.0
L Mohar-Yadav,BLR,RAI,0,11.5,,1,0,0,0.0
Gulveer-Singh,UP,RAI,0,11.5,,1,0,0,0.0
Amit,UP,DEF,50,13.5,Announced,0,1,0,25.0
R Lal-Choudhary,BLR,DEF,0,13.0,,0,1,0,0.0
Sumit,UP,DEF,105,13.0,Announced,0,1,0,35.0
Sandeep,BLR,DEF,2,12.5,,0,1,0,0.0
Ashu-Singh,UP,DEF,63,12.5,Announced,0,1,0,20.0
A Nagar,UP,DEF,0,12.5,,0,1,0,0.0
