name,team,type,points,credits,announced,rai,def,allr
Sunil-Kumar,GUJ,DEF,191,15.0,Announced,0,1,0
R Koravi,GUJ,DEF,52,12.5,,0,1,0
Sandeep,BLR,DEF,2,12.5,,0,1,0
S Gahlawat,GUJ,DEF,0,11.5,,0,1,0
Aman,BLR,DEF,5,11.5,,0,1,0
Amit-Kharb,GUJ,DEF,2,11.0,,0,1,0
R Gulia,GUJ,ALL,231,15.5,Announced,0,0,1
G More,GUJ,ALL,198,14.5,Announced,0,0,1
Ashish-Kumar,BLR,ALL,41,14.5,,0,0,1
Pankaj,GUJ,ALL,52,13.0,,0,0,1
V Kumar,GUJ,ALL,24,13.0,,0,0,1
P Bhainswal,GUJ,DEF,178,15.0,Announced,0,1,0
Ankit,BLR,ALL,22,12.5,,0,0,1
Ajay,BLR,ALL,21,12.0,,0,0,1
M Sehrawat,BLR,ALL,80,11.5,Announced,0,0,1
S Shrestha,BLR,ALL,0,11.5,,0,0,1
M S Hossain,GUJ,ALL,0,10.5,,0,0,1
P Kumar-Sherawat,BLR,RAI,499,17.0,Announced,1,0,0
Rohit-Kumar,BLR,RAI,215,16.0,Announced,1,0,0
S Tanwar,GUJ,RAI,185,15.0,Announced,1,0,0
S Jaglan,GUJ,RAI,104,13.5,,1,0,0
Sumit-Singh,BLR,RAI,52,13.5,,1,0,0
A Sheoran,BLR,DEF,172,14.5,Announced,0,1,0
G Singh-Sr,GUJ,RAI,12,13.0,,1,0,0
A Maghsodlou,GUJ,RAI,17,13.0,,1,0,0
V Kumar-II,BLR,RAI,6,13.0,,1,0,0
H Singh,GUJ,RAI,19,12.0,,1,0,0
Banty,BLR,RAI,58,11.5,Announced,1,0,0
L Mohar-Yadav,BLR,RAI,0,11.5,,1,0,0
Lalit-Chaudhary,GUJ,RAI,11,11.0,,1,0,0
Mahender-Singh,BLR,DEF,192,14.5,Announced,0,1,0
S Malik,GUJ,DEF,106,13.0,Announced,0,1,0
Ankit-I,GUJ,DEF,88,13.0,Announced,0,1,0
S Nandal,BLR,DEF,166,13.0,Announced,0,1,0
R Lal-Choudhary,BLR,DEF,0,13.0,,0,1,0
Vijay-Kumar,BLR,DEF,54,13.0,,0,1,0
