name,team,type,points,credits,announced,rai,def,allr,match_points
D Cheralathan,HAR,DEF,127,15.0,Announced,0,1,0,24.0
V Landge,BEN,DEF,63,12.0,Announced,0,1,0,5.0
N Narwal,BEN,DEF,18,11.5,,0,1,0,0.0
S Narwal,HAR,DEF,0,11.0,,0,1,0,0.0
V Kandola,HAR,DEF,4,11.0,,0,1,0,0.0
Adarsh-T,BEN,DEF,15,11.0,,0,1,0,2.0
Amit-I,BEN,DEF,2,10.5,,0,1,0,0.0
Dharmendra-Singh,BEN,DEF,0,10.0,,0,1,0,0.0
C Singh,HAR,DEF,22,9.5,,0,1,0,7.0
Naveen-I,HAR,ALL,166,15.5,,0,0,1,0.0
K Singh,HAR,ALL,46,14.5,,0,0,1,0.0
Jeeva-Kumar,BEN,DEF,150,14.5,Announced,0,1,0,20.0
M Esmaeil-Nabibakhsh,BEN,ALL,257,14.5,Announced,0,0,1,17.0
P Tin,HAR,ALL,0,12.0,,0,0,1,0.0
Avinash-AR,BEN,ALL,0,12.0,,0,0,1,0.0
S T Patil,BEN,ALL,0,11.0,,0,0,1,0.0
A S Dhumal,BEN,ALL,0,11.0,,0,0,1,0.0
S M Dubile,BEN,ALL,0,10.5,,0,0,1,0.0
Maninder-Singh,BEN,RAI,292,16.0,Announced,1,0,0,57.0
V Khandola,HAR,RAI,229,15.5,Announced,1,0,0,46.0
K Prapanjan,BEN,RAI,250,15.0,Announced,1,0,0,29.0
P Kumar-Rai,HAR,RAI,33,14.0,Announced,1,0,0,12.0
Parveen,HAR,DEF,39,14.0,,0,1,0,0.0
K Selvamani,HAR,RAI,47,14.0,,1,0,0,1.0
R Kumawat,BEN,RAI,0,14.0,,1,0,0,0.0
S Hegde,BEN,RAI,22,14.0,,1,0,0,0.0
Vinay,HAR,RAI,144,13.0,Announced,1,0,0,36.0
Arun-Kumar,HAR,RAI,5,12.5,,1,0,0,0.0
R Narwal,BEN,RAI,9,12.0,,1,0,0,0.0
R Narwal,BEN,RAI,9,12.0,,1,0,0,194.0
R Narwal,BEN,RAI,9,12.0,,1,0,0,-184.0
R Narwal,BEN,RAI,9,12.0,,1,0,0,10.0
R Narwal,BEN,DEF,193,14.0,Announced,0,1,0,0.0
R Narwal,BEN,DEF,193,14.0,Announced,0,1,0,194.0
R Narwal,BEN,DEF,193,14.0,Announced,0,1,0,-184.0
R Narwal,BEN,DEF,193,14.0,Announced,0,1,0,10.0
V Chhillar,HAR,RAI,0,11.5,,1,0,0,0.0
A M Maleki,HAR,RAI,0,10.0,,1,0,0,0.0
M T P Mahali,BEN,RAI,10,9.5,,1,0,0,2.0
Baldev-Singh,BEN,DEF,194,14.0,Announced,0,1,0,5.0
V Kale,HAR,DEF,108,13.5,Announced,0,1,0,15.0
Ravi-Kumar,HAR,DEF,73,13.5,Announced,0,1,0,10.0
Sunil,HAR,DEF,139,13.0,Announced,0,1,0,5.0
V Thangadurai,BEN,DEF,25,13.0,,0,1,0,0.0
