name,team,type,points,credits,announced,rai,def,allr,match_points
Jeeva-Kumar,BEN,DEF,170,14.5,Announced,0,1,0,15.0
Himanshu,TAM,DEF,0,11.5,,0,1,0,0.0
N Narwal,BEN,DEF,18,11.5,Announced,0,1,0,15.0
Sagar,TAM,DEF,13,11.0,,0,1,0,2.0
Adarsh-T,BEN,DEF,17,11.0,,0,1,0,0.0
M Sheibak,TAM,DEF,2,10.5,,0,1,0,0.0
Amit-I,BEN,DEF,2,10.5,,0,1,0,0.0
Dharmendra-Singh,BEN,DEF,0,10.0,,0,1,0,0.0
Manjeet-Chhillar,TAM,ALL,166,15.5,Announced,0,0,1,15.0
M Esmaeil-Nabibakhsh,BEN,ALL,274,14.5,Announced,0,0,1,18.0
R Singh,TAM,ALL,162,13.5,Announced,0,0,1,0.0
Mohit-Chillar,TAM,DEF,184,14.0,Announced,0,1,0,0.0
V O Obiero,TAM,ALL,0,13.0,,0,0,1,0.0
H Chauhan,TAM,ALL,2,12.5,,0,0,1,0.0
Avinash-AR,BEN,ALL,0,12.0,,0,0,1,0.0
S T Patil,BEN,ALL,0,11.0,,0,0,1,0.0
A S Dhumal,BEN,ALL,0,11.0,,0,0,1,0.0
S M Dubile,BEN,ALL,0,10.5,,0,0,1,0.0
A Thakur,TAM,RAI,181,16.5,Announced,1,0,0,34.0
R Chaudhari,TAM,RAI,272,16.0,Announced,1,0,0,2.0
Maninder-Singh,BEN,RAI,349,16.0,Announced,1,0,0,42.0
K Prapanjan,BEN,RAI,279,15.0,Announced,1,0,0,47.0
Baldev-Singh,BEN,DEF,199,14.0,Announced,0,1,0,20.0
R Kumawat,BEN,RAI,0,14.0,,1,0,0,0.0
S Hegde,BEN,RAI,22,14.0,,1,0,0,6.0
V Sharma,TAM,RAI,51,13.0,,1,0,0,1.0
S Bappu,TAM,RAI,95,13.0,Announced,1,0,0,6.0
V A Kumar,TAM,RAI,98,12.0,,1,0,0,0.0
R Narwal,BEN,RAI,9,12.0,,1,0,0,229.0
R Narwal,BEN,RAI,9,12.0,,1,0,0,0.0
R Narwal,BEN,RAI,9,12.0,,1,0,0,35.0
R Narwal,BEN,RAI,9,12.0,,1,0,0,-194.0
R Narwal,BEN,DEF,203,14.0,Announced,0,1,0,229.0
R Narwal,BEN,DEF,203,14.0,Announced,0,1,0,0.0
R Narwal,BEN,DEF,203,14.0,Announced,0,1,0,35.0
R Narwal,BEN,DEF,203,14.0,Announced,0,1,0,-194.0
Anand,TAM,RAI,0,11.5,,1,0,0,15.0
Y Bishnoi,TAM,RAI,0,11.5,,1,0,0,0.0
M T P Mahali,BEN,RAI,12,9.5,,1,0,0,0.0
V Thangadurai,BEN,DEF,25,13.0,,0,1,0,0.0
Ajeet,TAM,DEF,99,12.5,Announced,0,1,0,15.0
P Subramanian,TAM,DEF,13,12.5,,0,1,0,0.0
M Abishek,TAM,DEF,0,12.0,,0,1,0,0.0
V Landge,BEN,DEF,68,12.0,,0,1,0,0.0
