name,team,type,points,credits,announced,rai,def,allr,match_points
D Cheralathan,HAR,DEF,94,15.0,Announced,0,1,0,18.0
A Nagar,UP,DEF,0,12.5,,0,1,0,0.0
S Narwal,HAR,DEF,0,11.0,,0,1,0,0.0
V Kandola,HAR,DEF,4,11.0,,0,1,0,0.0
C Singh,HAR,DEF,0,9.5,,0,1,0,0.0
Naveen-I,HAR,ALL,133,15.5,,0,0,1,8.0
K Singh,HAR,ALL,46,14.5,,0,0,1,0.0
Sachin-Kumar,UP,ALL,8,13.5,,0,0,1,0.0
M Maghsoudlou,UP,ALL,15,13.5,Announced,0,0,1,7.0
Narender,UP,ALL,-6,13.0,,0,0,1,0.0
P Tin,HAR,ALL,0,12.0,,0,0,1,0.0
Parveen,HAR,DEF,32,14.0,,0,1,0,0.0
Gurdeep,UP,ALL,0,11.5,,0,0,1,0.0
Arkam-Shaikh,UP,ALL,0,11.5,,0,0,1,0.0
M Goyat,UP,RAI,104,16.0,Announced,1,0,0,15.0
V Khandola,HAR,RAI,112,15.5,Announced,1,0,0,50.0
R Devadiga,UP,RAI,34,15.0,,1,0,0,3.0
S Jadhav,UP,RAI,82,14.5,Announced,1,0,0,29.0
P Kumar-Rai,HAR,RAI,0,14.0,Announced,1,0,0,17.0
K Selvamani,HAR,RAI,38,14.0,,1,0,0,0.0
Surender-Singh,UP,RAI,4,14.0,,1,0,0,14.0
Vinay,HAR,RAI,111,13.0,Announced,1,0,0,14.0
Nitesh-Kumar,UP,DEF,91,14.0,Announced,0,1,0,18.0
Azad-Singh,UP,RAI,11,13.0,,1,0,0,0.0
Arun-Kumar,HAR,RAI,5,12.5,,1,0,0,0.0
M M Karim,UP,RAI,0,12.5,,1,0,0,0.0
Surender-Gill,UP,RAI,40,12.0,,1,0,0,0.0
Ankush,UP,RAI,0,12.0,,1,0,0,0.0
V Chhillar,HAR,RAI,0,11.5,,1,0,0,0.0
Gulveer-Singh,UP,RAI,0,11.5,,1,0,0,0.0
A M Maleki,HAR,RAI,0,10.0,,1,0,0,0.0
V Kale,HAR,DEF,95,13.5,Announced,0,1,0,13.0
Ravi-Kumar,HAR,DEF,36,13.5,Announced,0,1,0,18.0
Amit,UP,DEF,75,13.5,Announced,0,1,0,8.0
Sunil,HAR,DEF,76,13.0,Announced,0,1,0,38.0
Sumit,UP,DEF,140,13.0,Announced,0,1,0,23.0
Ashu-Singh,UP,DEF,83,12.5,Announced,0,1,0,8.0
