name,team,type,points,credits,announced,rai,def,allr,match_points
Mahender-Singh,BLR,DEF,134,14.5,,0,1,0,0.0
Ankit,BLR,DEF,0,11.5,Announced,0,1,0,20.0
Himanshu,TAM,DEF,0,11.5,,0,1,0,0.0
S Nandal,BLR,DEF,77,11.0,Announced,0,1,0,34.0
Vijay-Kumar,BLR,DEF,35,11.0,Announced,0,1,0,15.0
Sagar,TAM,DEF,4,11.0,,0,1,0,0.0
Ajay,BLR,DEF,4,10.5,Announced,0,1,0,15.0
M Sheibak,TAM,DEF,2,10.5,,0,1,0,0.0
Manjeet-Chhillar,TAM,ALL,165,15.5,Announced,0,0,1,1.0
Ashish-Kumar,BLR,ALL,36,14.5,,0,0,1,0.0
R Singh,TAM,ALL,102,13.5,Announced,0,0,1,16.0
Mohit-Chillar,TAM,DEF,122,14.0,Announced,0,1,0,5.0
V O Obiero,TAM,ALL,0,13.0,,0,0,1,0.0
H Chauhan,TAM,ALL,0,12.5,,0,0,1,0.0
S Shrestha,BLR,ALL,0,11.5,,0,0,1,0.0
M Sehrawat,BLR,ALL,48,10.5,,0,0,1,0.0
P Kumar-Sherawat,BLR,RAI,352,17.0,Announced,1,0,0,47.0
A Thakur,TAM,RAI,127,16.5,Announced,1,0,0,12.0
Rohit-Kumar,BLR,RAI,121,16.0,Announced,1,0,0,17.0
R Chaudhari,TAM,RAI,192,16.0,Announced,1,0,0,5.0
Sumit-Singh,BLR,RAI,48,13.5,,1,0,0,0.0
V Kumar-II,BLR,RAI,6,13.0,,1,0,0,0.0
A Sheoran,BLR,DEF,102,13.5,Announced,0,1,0,15.0
V Sharma,TAM,RAI,5,13.0,,1,0,0,0.0
S Bappu,TAM,RAI,83,13.0,Announced,1,0,0,8.0
V A Kumar,TAM,RAI,19,12.0,,1,0,0,17.0
Banty,BLR,RAI,10,11.5,,1,0,0,8.0
L Mohar-Yadav,BLR,RAI,0,11.5,,1,0,0,0.0
Anand,TAM,RAI,0,11.5,,1,0,0,0.0
Y Bishnoi,TAM,RAI,0,11.5,,1,0,0,0.0
R Lal-Choudhary,BLR,DEF,0,13.0,,0,1,0,0.0
Sandeep,BLR,DEF,2,12.5,,0,1,0,0.0
Ajeet,TAM,DEF,77,12.5,Announced,0,1,0,10.0
P Subramanian,TAM,DEF,2,12.5,,0,1,0,0.0
M Abishek,TAM,DEF,0,12.0,,0,1,0,0.0
Aman,BLR,DEF,5,11.5,,0,1,0,0.0
