name,team,type,points,credits,announced,rai,def,allr,match_points
F Atrachali,MUM,DEF,207,16.0,Announced,0,1,0,46.0
A.Elavarasan,JAI,DEF,0,11.5,,0,1,0,0.0
P R.,JAI,DEF,49,11.0,,0,1,0,-49.0
H Vardhan,MUM,DEF,4,11.0,,0,1,0,2.0
Karamvir,JAI,DEF,0,10.0,,0,1,0,0.0
D N Hooda,JAI,ALL,334,15.5,Announced,0,0,1,0.0
S Narwal,MUM,ALL,208,14.5,Announced,0,0,1,35.0
N Rawal,JAI,ALL,141,13.5,Announced,0,0,1,7.0
Vishal,JAI,ALL,175,13.5,,0,0,1,0.0
Santhapanaselvam,JAI,ALL,32,13.0,,0,0,1,0.0
S Narwal,JAI,ALL,37,12.5,,0,0,1,0.0
S K Dhull,JAI,DEF,257,15.0,Announced,0,1,0,6.0
A R Kapre,MUM,ALL,4,12.5,,0,0,1,0.0
M Balyan,MUM,ALL,0,12.0,,0,0,1,0.0
D Kim,JAI,ALL,0,10.5,,0,0,1,0.0
Abhishek-Singh,MUM,RAI,194,15.0,Announced,1,0,0,67.0
D Narwal,JAI,RAI,157,14.5,Announced,1,0,0,0.0
R Baliyan,MUM,RAI,148,14.5,,1,0,0,0.0
N Salunke,JAI,RAI,66,13.5,,1,0,0,2.0
M Athul,MUM,RAI,104,13.5,Announced,1,0,0,24.0
D Geon-Lee,MUM,RAI,37,13.5,,1,0,0,0.0
Vinoth-Kumar,MUM,RAI,4,13.0,,1,0,0,0.0
A Hooda,JAI,DEF,172,14.5,Announced,0,1,0,10.0
A Pawar,JAI,RAI,66,12.5,Announced,1,0,0,-5.0
Gaurav-Kumar,MUM,RAI,0,12.5,,1,0,0,0.0
A Deshwal,MUM,RAI,160,12.5,Announced,1,0,0,36.0
S Gulia,JAI,RAI,11,12.0,,1,0,0,4.0
L Kaushik,JAI,RAI,0,12.0,,1,0,0,0.0
Navneet,MUM,RAI,0,12.0,,1,0,0,0.0
M Chathuranga,JAI,RAI,1,11.5,,1,0,0,0.0
G Singh,JAI,RAI,2,11.5,,1,0,0,0.0
Surinder-Singh,MUM,DEF,199,14.5,Announced,0,1,0,21.0
R Subramanian,MUM,DEF,16,13.5,,0,1,0,0.0
S Siddhgavali,JAI,DEF,101,13.0,Announced,0,1,0,-4.0
H Kumar,MUM,DEF,66,12.5,Announced,0,1,0,41.0
Anil,MUM,DEF,0,12.5,,0,1,0,0.0
Y Chang-Ko,MUM,DEF,57,12.5,,0,1,0,0.0
