name,team,type,points,credits,announced,rai,def,allr,match_points
Sunil-Kumar,GUJ,DEF,188,15.0,Announced,0,1,0,3.0
S Gahlawat,GUJ,DEF,0,11.5,,0,1,0,0.0
Ankit-I,GUJ,DEF,88,11.0,,0,1,0,0.0
Amit-Kharb,GUJ,DEF,2,11.0,,0,1,0,0.0
S Narwal,HAR,DEF,0,11.0,,0,1,0,0.0
V Kandola,HAR,DEF,4,11.0,,0,1,0,0.0
C Singh,HAR,DEF,29,9.5,,0,1,0,0.0
Naveen-I,HAR,ALL,166,15.5,,0,0,1,0.0
G More,GUJ,ALL,188,14.5,Announced,0,0,1,10.0
R Gulia,GUJ,ALL,224,14.5,Announced,0,0,1,7.0
K Singh,HAR,ALL,46,14.5,,0,0,1,2.0
P Bhainswal,GUJ,DEF,175,15.0,Announced,0,1,0,3.0
Pankaj,GUJ,ALL,54,13.0,Announced,0,0,1,-2.0
V Kumar,GUJ,ALL,13,13.0,,0,0,1,11.0
P Tin,HAR,ALL,0,12.0,,0,0,1,1.0
M S Hossain,GUJ,ALL,0,10.5,,0,0,1,0.0
S Tanwar,GUJ,RAI,185,15.5,,1,0,0,0.0
V Khandola,HAR,RAI,275,15.5,Announced,1,0,0,39.0
A Maghsodlou,GUJ,RAI,8,14.0,Announced,1,0,0,9.0
P Kumar-Rai,HAR,RAI,45,14.0,Announced,1,0,0,45.0
K Selvamani,HAR,RAI,48,14.0,,1,0,0,0.0
S Jaglan,GUJ,RAI,104,13.5,,1,0,0,0.0
D Cheralathan,HAR,DEF,151,15.0,Announced,0,1,0,18.0
G Singh-Sr,GUJ,RAI,8,13.0,,1,0,0,4.0
Vinay,HAR,RAI,180,13.0,Announced,1,0,0,43.0
Arun-Kumar,HAR,RAI,5,12.5,,1,0,0,0.0
V Chhillar,HAR,RAI,0,11.5,,1,0,0,0.0
Lalit-Chaudhary,GUJ,RAI,1,11.0,,1,0,0,10.0
H Singh,GUJ,RAI,19,10.0,,1,0,0,0.0
A M Maleki,HAR,RAI,0,10.0,,1,0,0,0.0
Parveen,HAR,DEF,39,14.0,,0,1,0,0.0
R Koravi,GUJ,DEF,44,13.5,Announced,0,1,0,8.0
V Kale,HAR,DEF,123,13.5,Announced,0,1,0,28.0
Ravi-Kumar,HAR,DEF,83,13.5,Announced,0,1,0,43.0
S Malik,GUJ,DEF,95,13.0,,0,1,0,11.0
Sunil,HAR,DEF,144,13.0,Announced,0,1,0,18.0
