name,team,type,points,credits,announced
S K Dhull,JAI,DEF,263,15.0,Announced
A.Elavarasan,JAI,DEF,0,11.5,Announced
Pavan-T-R,JAI,DEF,51,11.0,Announced
P Patil,DEL,DEF,0,10.5,
Mohit-I,DEL,DEF,0,10.0,
Karamvir,JAI,DEF,0,10.0,
Satywan,DEL,DEF,7,9.5,
D N Hooda,JAI,ALL,334,15.5,Announced
M Sheykh,DEL,ALL,82,14.0,Announced
N Rawal,JAI,ALL,148,13.5,Announced
Vishal,JAI,ALL,175,13.5,
J Narwal,DEL,DEF,234,14.5,Announced
Vijay,DEL,ALL,98,13.0,
Santhapanaselvam,JAI,ALL,32,13.0,Announced
S Narwal,JAI,ALL,37,12.5,
D Kim,JAI,ALL,0,10.5,
Balram,DEL,ALL,10,9.5,
Naveen-Kumar,DEL,RAI,532,16.5,Announced
D Narwal,JAI,RAI,157,14.5,Announced
C Ranjit,DEL,RAI,260,14.0,Announced
N Salunke,JAI,RAI,68,13.5,
A Pawar,JAI,RAI,61,12.5,
R Pahal,DEL,DEF,251,14.5,Announced
S Gulia,JAI,RAI,15,12.0,
L Kaushik,JAI,RAI,0,12.0,
S Kumar,DEL,RAI,0,11.5,
M Chathuranga,JAI,RAI,1,11.5,
G Singh,JAI,RAI,2,11.5,
N Narwal,DEL,RAI,1,11.0,
A Kadian,DEL,RAI,6,10.5,
A Hooda,JAI,DEF,182,14.5,
V Mane,DEL,DEF,158,14.0,Announced
Sombir,DEL,DEF,12,13.0,
Anil-Kumar-I,DEL,DEF,62,13.0,Announced
S Siddhgavali,JAI,DEF,97,13.0,
S Ghaffari,DEL,DEF,94,12.5,
