name,team,type,points,credits,announced,match_points
V Bharadwaj,HYD,DEF,168,15.0,Announced,40.0
A.Elavarasan,JAI,DEF,0,11.5,,0.0
A D Arsul,HYD,DEF,2,10.5,,0.0
P R.,JAI,DEF,36,10.0,,11.0
Karamvir,JAI,DEF,0,10.0,,0.0
D N Hooda,JAI,ALL,325,15.5,Announced,6.0
F Milaghardan,HYD,ALL,124,14.5,Announced,20.0
N Rawal,JAI,ALL,93,14.5,Announced,12.0
Armaan,HYD,ALL,22,13.5,,0.0
R Gowda,HYD,ALL,22,13.0,,0.0
Santhapanaselvam,JAI,ALL,0,13.0,Announced,19.0
A Mohajermighani,HYD,DEF,109,14.5,Announced,18.0
Vishal,JAI,ALL,175,13.0,,0.0
S Narwal,JAI,ALL,37,12.5,,0.0
D Kim,JAI,ALL,0,10.5,,0.0
Siddharth-Desai,HYD,RAI,240,16.0,Announced,12.0
D Narwal,JAI,RAI,146,14.5,Announced,4.0
Rajnish,HYD,RAI,27,14.0,,3.0
N Salunke,JAI,RAI,60,13.5,Announced,5.0
S Desai,HYD,RAI,140,13.0,Announced,6.0
Kamal-Singh,HYD,RAI,10,12.5,,0.0
A Pawar,JAI,RAI,40,12.5,,11.0
S K Dhull,JAI,DEF,222,14.5,Announced,22.0
A Kumar-II,HYD,RAI,70,12.0,Announced,8.0
S Gulia,JAI,RAI,0,12.0,,0.0
L Kaushik,JAI,RAI,0,12.0,,0.0
A Beniwal,HYD,RAI,14,11.5,,0.0
M Chathuranga,JAI,RAI,1,11.5,,0.0
G Singh,JAI,RAI,0,11.5,,2.0
P Mallikarjun,HYD,RAI,7,11.0,,0.0
M S G Reddy,HYD,RAI,0,10.0,,0.0
A Hooda,JAI,DEF,172,14.5,,0.0
C Arun,HYD,DEF,79,13.5,Announced,14.0
S Siddhgavali,JAI,DEF,78,13.0,Announced,11.0
K Madane,HYD,DEF,14,12.5,,0.0
Manish-I,HYD,DEF,0,12.0,,0.0
A Choudhary,HYD,DEF,0,11.5,,0.0
