name,matches,profile,team_x,defender,raider,allrounder,team_y,avg_raid_points,avg_tackle_points,do_or_die_raid_points,high_5s,raid_points,successful_raids,successful_tackles,super_10s,super_raids,super_tackles,tackle_points,total_points
Vishal Bhardwaj,13,Defender,Telugu Titans,True,False,False,Telugu Titans,0.0,3.77,0.0,5.0,0.0,0.0,41.0,0.0,0.0,8.0,49.0,49.0
Parvesh Bhainswal,12,"Defender, left cover",Gujarat Fortunegiants,True,False,False,Gujarat Fortunegiants,0.0,2.5,0.0,2.0,0.0,0.0,28.0,0.0,0.0,2.0,30.0,30.0
Abolfazl Maghsodloumahali,5,Raider,Gujarat Fortunegiants,False,True,False,Gujarat Fortunegiants,1.25,0.0,1.0,0.0,5.0,3.0,0.0,0.0,0.0,0.0,0.0,5.0
Ankit Beniwal,3,Raider,Telugu Titans,False,True,False,Telugu Titans,1.33,0.0,0.0,0.0,4.0,3.0,1.0,0.0,0.0,0.0,1.0,5.0
Azad Singh,3,Raider,U.P. Yoddha,False,True,False,U.P. Yoddha,1.67,0.0,0.0,0.0,5.0,3.0,0.0,0.0,0.0,0.0,0.0,5.0
Mohsen Maghsoudloujafari,9,All Rounder,U.P. Yoddha,False,False,True,U.P. Yoddha,0.57,0.33,2.0,0.0,4.0,3.0,2.0,0.0,0.0,1.0,3.0,7.0
Ashish,7,Raider,Patna Pirates,False,True,False,Patna Pirates,0.71,0.0,1.0,0.0,5.0,3.0,0.0,0.0,0.0,0.0,0.0,5.0
Amit Kumar,2,All Rounder,Patna Pirates,False,False,True,Patna Pirates,2.5,0.0,0.0,0.0,5.0,3.0,0.0,0.0,1.0,0.0,0.0,5.0
Amit Kumar,2,All Rounder,Patna Pirates,False,False,True,Puneri Paltan,2.55,1.5,5.5,0.0,11.5,8.0,14.0,0.0,0.0,1.0,15.0,19.0
Amit Kumar,2,All Rounder,Patna Pirates,False,False,True,Telugu Titans,0.25,1.25,2.0,0.0,2.0,2.0,8.0,0.0,0.0,2.0,10.0,12.0
Amit Kumar,8,Raider,Telugu Titans,False,True,False,Patna Pirates,2.5,0.0,0.0,0.0,5.0,3.0,0.0,0.0,1.0,0.0,0.0,5.0
Amit Kumar,8,Raider,Telugu Titans,False,True,False,Puneri Paltan,2.55,1.5,5.5,0.0,11.5,8.0,14.0,0.0,0.0,1.0,15.0,19.0
Amit Kumar,8,Raider,Telugu Titans,False,True,False,Telugu Titans,0.25,1.25,2.0,0.0,2.0,2.0,8.0,0.0,0.0,2.0,10.0,12.0
Amit Kumar,10,Raider,Puneri Paltan,False,True,False,Patna Pirates,2.5,0.0,0.0,0.0,5.0,3.0,0.0,0.0,1.0,0.0,0.0,5.0
Amit Kumar,10,Raider,Puneri Paltan,False,True,False,Puneri Paltan,2.55,1.5,5.5,0.0,11.5,8.0,14.0,0.0,0.0,1.0,15.0,19.0
Amit Kumar,10,Raider,Puneri Paltan,False,True,False,Telugu Titans,0.25,1.25,2.0,0.0,2.0,2.0,8.0,0.0,0.0,2.0,10.0,12.0
Amit Kumar,2,All Rounder,Puneri Paltan,False,False,True,Patna Pirates,2.5,0.0,0.0,0.0,5.0,3.0,0.0,0.0,1.0,0.0,0.0,5.0
Amit Kumar,2,All Rounder,Puneri Paltan,False,False,True,Puneri Paltan,2.55,1.5,5.5,0.0,11.5,8.0,14.0,0.0,0.0,1.0,15.0,19.0
Amit Kumar,2,All Rounder,Puneri Paltan,False,False,True,Telugu Titans,0.25,1.25,2.0,0.0,2.0,2.0,8.0,0.0,0.0,2.0,10.0,12.0
Sushil Gulia,4,Raider,Jaipur Pink Panthers,False,True,False,Jaipur Pink Panthers,1.0,0.0,3.0,0.0,4.0,3.0,0.0,0.0,0.0,0.0,0.0,4.0
Purna Singh,3,Raider,Patna Pirates,False,True,False,Patna Pirates,1.0,0.0,0.0,0.0,3.0,2.0,0.0,0.0,0.0,0.0,0.0,3.0
Palle Mallikarjun,3,Raider,Telugu Titans,False,True,False,Telugu Titans,0.67,0.0,0.0,0.0,2.0,2.0,0.0,0.0,0.0,0.0,0.0,2.0
Anand,3,Raider,Tamil Thalaivas,False,True,False,Tamil Thalaivas,1.67,0.0,3.0,0.0,5.0,2.0,0.0,0.0,1.0,0.0,0.0,5.0
Manjeet Chhillar,10,All Rounder,Tamil Thalaivas,False,False,True,Tamil Thalaivas,0.14,3.5,0.0,2.0,1.0,0.0,33.0,0.0,0.0,2.0,35.0,36.0
Ran Singh,13,All Rounder,Tamil Thalaivas,False,False,True,Tamil Thalaivas,0.67,1.77,0.0,0.0,4.0,2.0,22.0,0.0,0.0,1.0,23.0,27.0
C. Arun,13,"Defender, left cover",Telugu Titans,True,False,False,Telugu Titans,0.0,1.38,0.0,1.0,2.0,1.0,15.0,0.0,0.0,3.0,18.0,20.0
Rakesh Narwal,1,Raider,Bengal Warriors,False,True,False,Bengal Warriors,0.0,0.0,0.0,0.0,3.0,1.0,0.0,0.0,0.0,0.0,0.0,3.0
Hadi Oshtorak,13,All Rounder,Patna Pirates,False,False,True,Patna Pirates,0.38,1.77,0.0,1.0,3.0,1.0,18.0,0.0,0.0,5.0,23.0,26.0
Fazel Atrachali,13,"Defender, left corner",U Mumba,True,False,False,U Mumba,0.33,3.08,0.0,1.0,2.0,1.0,37.0,0.0,0.0,3.0,40.0,42.0
Hadi Tajik,7,"Defender, right corner",Puneri Paltan,True,False,False,Puneri Paltan,0.33,0.86,0.0,0.0,1.0,1.0,5.0,0.0,0.0,1.0,6.0,7.0
Vineet Sharma,6,Raider,Tamil Thalaivas,False,True,False,Tamil Thalaivas,1.0,0.83,2.0,0.0,4.0,1.0,5.0,0.0,0.0,0.0,5.0,9.0
PO Surjeet Singh,13,"Defender, right cover",Puneri Paltan,True,False,False,Puneri Paltan,0.25,2.46,0.0,3.0,2.0,1.0,27.0,0.0,0.0,5.0,32.0,34.0
Sumit,13,"Defender, left corner",U.P. Yoddha,True,False,False,U.P. Yoddha,0.67,3.31,0.0,3.0,2.0,1.0,43.0,0.0,0.0,0.0,43.0,45.0
Jaideep,13,"Defender, left corner",Patna Pirates,True,False,False,Patna Pirates,0.0,2.38,0.0,2.0,0.0,0.0,29.0,0.0,0.0,2.0,31.0,31.0
Arun Kumar HN,2,Raider,Haryana Steelers,False,True,False,Haryana Steelers,0.0,0.0,0.0,0.0,2.0,1.0,0.0,0.0,0.0,0.0,0.0,2.0
Lalit Chaudhary,2,Raider,Gujarat Fortunegiants,False,True,False,Gujarat Fortunegiants,0.0,0.0,0.0,0.0,2.0,1.0,0.0,0.0,0.0,0.0,0.0,2.0
Ajinkya Rohidas Kapre,2,All Rounder,U Mumba,False,False,True,U Mumba,0.0,0.0,0.0,0.0,1.0,1.0,0.0,0.0,0.0,0.0,0.0,1.0
Amit,13,"Defender, left cover",U.P. Yoddha,True,False,False,U.P. Yoddha,0.33,1.38,0.0,0.0,2.0,1.0,16.0,0.0,0.0,2.0,18.0,20.0
Surinder Singh,13,Defender,U Mumba,True,False,False,U Mumba,0.0,2.23,0.0,1.0,4.0,1.0,28.0,0.0,1.0,1.0,29.0,33.0
Shubham Shinde,12,"Defender, right corner",Puneri Paltan,True,False,False,Puneri Paltan,0.17,1.42,0.0,0.0,1.0,1.0,15.0,0.0,0.0,2.0,17.0,18.0
Aman Kadian,1,Raider,Dabang Delhi K.C.,False,True,False,Dabang Delhi K.C.,0.0,0.0,0.0,0.0,1.0,1.0,0.0,0.0,0.0,0.0,0.0,1.0
Chand Singh,3,"Defender, left corner",Haryana Steelers,True,False,False,Haryana Steelers,0.0,1.33,0.0,0.0,1.0,1.0,3.0,0.0,0.0,1.0,4.0,5.0
Vikas Chhillar,1,Raider,Haryana Steelers,False,True,False,Haryana Steelers,0.0,0.0,0.0,0.0,1.0,1.0,0.0,0.0,0.0,0.0,0.0,1.0
Balram,1,All Rounder,Dabang Delhi K.C.,False,False,True,Dabang Delhi K.C.,0.0,0.0,2.0,0.0,2.0,1.0,0.0,0.0,0.0,0.0,0.0,2.0
Ravinder Pahal,12,"Defender, right corner",Dabang Delhi K.C.,True,False,False,Dabang Delhi K.C.,0.0,3.0,0.0,2.0,0.0,0.0,36.0,0.0,0.0,0.0,36.0,36.0
Saurabh Nandal,14,"Defender, left corner",Bengaluru Bulls,True,False,False,Bengaluru Bulls,0.0,2.57,0.0,4.0,1.0,1.0,31.0,0.0,0.0,5.0,36.0,37.0
Amit Hooda,10,"Defender, right corner",Jaipur Pink Panthers,True,False,False,Jaipur Pink Panthers,0.0,2.6,0.0,2.0,0.0,0.0,24.0,0.0,0.0,2.0,26.0,26.0
Sunil,10,"Defender, right corner",Haryana Steelers,True,False,False,Haryana Steelers,0.0,2.6,0.0,2.0,0.0,0.0,26.0,0.0,0.0,0.0,26.0,26.0
Nitesh Kumar,13,Defender,U.P. Yoddha,True,False,False,U.P. Yoddha,0.0,2.69,0.0,2.0,1.0,0.0,30.0,0.0,0.0,5.0,35.0,36.0
Amit Sheoran,15,Defender,Bengaluru Bulls,True,False,False,Bengaluru Bulls,0.0,2.13,0.0,2.0,0.0,0.0,29.0,0.0,0.0,3.0,32.0,32.0
Dharmaraj Cheralathan,12,"Defender, right and left corner",Haryana Steelers,True,False,False,Haryana Steelers,0.0,2.33,0.0,1.0,0.0,0.0,25.0,0.0,0.0,3.0,28.0,28.0
Baldev Singh,12,"Defender, right corner",Bengal Warriors,True,False,False,Bengal Warriors,0.0,2.75,0.0,4.0,0.0,0.0,29.0,0.0,0.0,4.0,33.0,33.0
Nitin Rawal,9,All Rounder,Jaipur Pink Panthers,False,False,True,Jaipur Pink Panthers,3.0,1.44,7.0,1.0,27.0,20.0,10.0,0.0,1.0,3.0,13.0,40.0
Harendra Kumar,11,"Defender, left cover",U Mumba,True,False,False,U Mumba,0.0,1.18,0.0,1.0,0.0,0.0,12.0,0.0,0.0,1.0,13.0,13.0
Jadhav Balasaheb Shahaji,11,"Defender, right cover",Puneri Paltan,True,False,False,Puneri Paltan,0.0,1.82,0.0,1.0,0.0,0.0,17.0,0.0,0.0,3.0,20.0,20.0
Mohit Sehrawat,10,"Defender, right cover",Bengaluru Bulls,True,False,False,Bengaluru Bulls,0.5,1.1,3.0,1.0,5.0,4.0,9.0,0.0,0.0,2.0,11.0,16.0
Ravi Kumar,10,"Defender, right cover",Haryana Steelers,True,False,False,Haryana Steelers,0.0,2.0,0.0,1.0,0.0,0.0,17.0,0.0,0.0,3.0,20.0,20.0
Girish Maruti Ernak,9,"Defender, left corner",Puneri Paltan,True,False,False,Puneri Paltan,0.0,2.11,0.0,1.0,0.0,0.0,16.0,0.0,0.0,3.0,19.0,19.0
Vikas Kale,11,"Defender, right cover",Haryana Steelers,True,False,False,Haryana Steelers,0.0,2.0,0.0,1.0,0.0,0.0,22.0,0.0,0.0,0.0,22.0,22.0
Joginder Singh Narwal,12,"Defender, left corner",Dabang Delhi K.C.,True,False,False,Dabang Delhi K.C.,0.0,2.83,0.0,1.0,0.0,0.0,30.0,0.0,0.0,4.0,34.0,34.0
Neeraj Kumar,13,"Defender, right cover",Patna Pirates,True,False,False,Patna Pirates,0.0,2.0,0.0,1.0,0.0,0.0,24.0,0.0,0.0,2.0,26.0,26.0
Pankaj,3,All Rounder,Gujarat Fortunegiants,False,False,True,Gujarat Fortunegiants,0.0,3.0,0.0,1.0,0.0,0.0,9.0,0.0,0.0,0.0,9.0,9.0
Mohit Chhillar,13,"Defender, right corner",Tamil Thalaivas,True,False,False,Tamil Thalaivas,0.0,2.38,0.0,1.0,0.0,0.0,29.0,0.0,0.0,2.0,31.0,31.0
Sandeep Narwal,13,All Rounder,U Mumba,False,False,True,U Mumba,1.0,2.54,2.0,1.0,12.0,9.0,28.0,0.0,0.0,5.0,33.0,45.0
Pawan Kumar Sehrawat,15,Raider,Bengaluru Bulls,False,True,False,Bengaluru Bulls,12.47,0.67,13.0,0.0,187.0,147.0,9.0,9.0,4.0,1.0,10.0,197.0
Naveen Kumar,12,Raider,Dabang Delhi K.C.,False,True,False,Dabang Delhi K.C.,12.17,0.0,19.0,0.0,146.0,122.0,1.0,11.0,1.0,0.0,1.0,147.0
Pardeep Narwal,13,Raider,Patna Pirates,False,True,False,Patna Pirates,10.15,0.0,20.0,0.0,132.0,109.0,0.0,7.0,5.0,0.0,0.0,132.0
Siddharth Sirish Desai,13,Raider,Telugu Titans,False,True,False,Telugu Titans,8.38,0.0,13.0,0.0,109.0,94.0,3.0,3.0,2.0,0.0,3.0,112.0
Maninder Singh,12,Raider,Bengal Warriors,False,True,False,Bengal Warriors,7.92,0.0,13.0,0.0,95.0,84.0,0.0,4.0,2.0,0.0,0.0,95.0
Mahender Singh,13,"Defender, left cover",Bengaluru Bulls,True,False,False,Bengaluru Bulls,0.0,3.38,0.0,3.0,0.0,0.0,37.0,0.0,0.0,7.0,44.0,44.0
Vikash Kandola,9,Raider,Haryana Steelers,False,True,False,Haryana Steelers,9.67,0.0,20.0,0.0,87.0,71.0,3.0,5.0,3.0,0.0,3.0,90.0
Rahul Chaudhari,13,Raider,Tamil Thalaivas,False,True,False,Tamil Thalaivas,5.85,0.46,18.0,0.0,76.0,65.0,6.0,2.0,0.0,0.0,6.0,82.0
Deepak Niwas Hooda,13,All Rounder,Jaipur Pink Panthers,False,False,True,Jaipur Pink Panthers,6.15,0.62,16.0,0.0,80.0,62.0,7.0,3.0,2.0,1.0,8.0,88.0
Abhishek Singh,11,Raider,U Mumba,False,True,False,U Mumba,6.36,0.09,20.0,0.0,70.0,60.0,1.0,3.0,1.0,0.0,1.0,71.0
Rohit Kumar,15,Raider,Bengaluru Bulls,False,True,False,Bengaluru Bulls,4.8,0.27,10.0,0.0,72.0,57.0,4.0,2.0,1.0,0.0,4.0,76.0
K. Prapanjan,12,Raider,Bengal Warriors,False,True,False,Bengal Warriors,6.5,0.08,10.0,0.0,78.0,56.0,1.0,3.0,3.0,0.0,1.0,79.0
Shrikant Jadhav,13,Raider,U.P. Yoddha,False,True,False,U.P. Yoddha,5.54,0.23,15.0,0.0,72.0,55.0,3.0,2.0,0.0,0.0,3.0,75.0
Chandran Ranjit,12,Raider,Dabang Delhi K.C.,False,True,False,Dabang Delhi K.C.,5.33,0.33,6.0,0.0,64.0,50.0,3.0,1.0,3.0,1.0,4.0,68.0
Manjeet,13,Raider,Puneri Paltan,False,True,False,Puneri Paltan,4.77,1.54,15.0,0.0,62.0,50.0,19.0,1.0,2.0,1.0,20.0,82.0
Rohit Gulia,12,All Rounder,Gujarat Fortunegiants,False,False,True,Gujarat Fortunegiants,5.17,0.33,9.0,0.0,62.0,49.0,4.0,2.0,0.0,0.0,4.0,66.0
Rinku Narwal,12,Defender,Bengal Warriors,True,False,False,Bengal Warriors,0.0,2.83,0.0,3.0,0.0,0.0,33.0,0.0,0.0,1.0,34.0,34.0
Ajay Thakur,12,Raider,Tamil Thalaivas,False,True,False,Tamil Thalaivas,4.83,0.0,8.0,0.0,58.0,47.0,0.0,1.0,2.0,0.0,0.0,58.0
Pankaj Mohite,10,Raider,Puneri Paltan,False,True,False,Puneri Paltan,5.2,0.1,15.0,0.0,52.0,41.0,1.0,0.0,1.0,0.0,1.0,53.0
Mohammad Esmaeil Nabibakhsh,12,All Rounder,Bengal Warriors,False,False,True,Bengal Warriors,4.17,1.08,4.0,0.0,50.0,39.0,11.0,1.0,2.0,2.0,13.0,63.0
Monu Goyat,9,Raider,U.P. Yoddha,False,True,False,U.P. Yoddha,4.78,0.33,5.0,0.0,43.0,38.0,2.0,1.0,0.0,1.0,3.0,46.0
Vinay,12,Raider,Haryana Steelers,False,True,False,Haryana Steelers,4.25,0.33,9.0,0.0,51.0,38.0,4.0,0.0,3.0,0.0,4.0,55.0
Sachin Tanwar,10,Raider,Gujarat Fortunegiants,False,True,False,Gujarat Fortunegiants,4.8,0.0,15.0,0.0,48.0,37.0,1.0,0.0,0.0,0.0,1.0,49.0
Arjun Deshwal,12,Raider,U Mumba,False,True,False,U Mumba,3.83,0.0,7.0,0.0,46.0,36.0,0.0,1.0,0.0,0.0,0.0,46.0
Naveen,9,Raider,Haryana Steelers,False,True,False,Haryana Steelers,4.78,0.22,9.0,0.0,43.0,35.0,2.0,1.0,0.0,0.0,2.0,45.0
Suraj Desai,10,Raider,Telugu Titans,False,True,False,Telugu Titans,4.67,0.1,3.0,0.0,42.0,34.0,1.0,1.0,1.0,0.0,1.0,43.0
Deepak Narwal,13,Raider,Jaipur Pink Panthers,False,True,False,Jaipur Pink Panthers,2.85,0.08,10.0,0.0,37.0,32.0,1.0,0.0,0.0,0.0,1.0,38.0
V. Ajith Kumar,10,Raider,Tamil Thalaivas,False,True,False,Tamil Thalaivas,4.33,0.0,3.0,0.0,39.0,31.0,0.0,1.0,1.0,0.0,0.0,39.0
Nitin Tomar,7,Raider,Puneri Paltan,False,True,False,Puneri Paltan,4.57,0.29,0.0,0.0,32.0,28.0,2.0,0.0,0.0,0.0,2.0,34.0
More GB,11,Raider,Gujarat Fortunegiants,False,True,False,Gujarat Fortunegiants,2.82,1.55,10.0,0.0,31.0,26.0,16.0,0.0,0.0,1.0,17.0,48.0
Athul MS,10,Raider,U Mumba,False,True,False,U Mumba,3.3,0.0,10.0,0.0,33.0,25.0,0.0,0.0,0.0,0.0,0.0,33.0
Mohammad Esmaeil Maghsoudlou Mahalli,13,Raider,Patna Pirates,False,True,False,Patna Pirates,2.08,0.54,6.0,0.0,27.0,22.0,5.0,0.0,0.0,2.0,7.0,34.0
Surender Gill,10,Raider,U.P. Yoddha,False,True,False,U.P. Yoddha,2.6,0.5,12.0,0.0,26.0,20.0,4.0,0.0,0.0,1.0,5.0,31.0
Rohit Baliyan,10,Raider,U Mumba,False,True,False,U Mumba,3.0,0.3,6.0,0.0,30.0,19.0,2.0,0.0,2.0,1.0,3.0,33.0
Pawan Kumar Kadian,5,Raider,Puneri Paltan,False,True,False,Puneri Paltan,4.6,0.0,5.0,0.0,23.0,18.0,0.0,1.0,0.0,0.0,0.0,23.0
Nilesh Salunke,11,Raider,Jaipur Pink Panthers,False,True,False,Jaipur Pink Panthers,2.0,0.0,7.0,0.0,22.0,17.0,0.0,0.0,0.0,0.0,0.0,22.0
Sunil Kumar,12,Defender,Gujarat Fortunegiants,True,False,False,Gujarat Fortunegiants,0.0,2.67,0.0,3.0,0.0,0.0,28.0,0.0,0.0,4.0,32.0,32.0
Sonu Jaglan,9,Raider,Gujarat Fortunegiants,False,True,False,Gujarat Fortunegiants,2.44,0.0,3.0,0.0,22.0,17.0,1.0,0.0,2.0,1.0,2.0,24.0
Sumit Singh,11,Raider,Bengaluru Bulls,False,True,False,Bengaluru Bulls,1.82,0.27,7.0,0.0,20.0,16.0,2.0,0.0,0.0,1.0,3.0,23.0
Prashanth Kumar Rai,6,Raider,Haryana Steelers,False,True,False,Haryana Steelers,3.67,0.0,3.0,0.0,22.0,16.0,0.0,0.0,0.0,0.0,0.0,22.0
Shabeer Bappu,11,Raider,Tamil Thalaivas,False,True,False,Tamil Thalaivas,1.91,0.36,5.0,0.0,21.0,16.0,4.0,0.0,0.0,0.0,4.0,25.0
Jang Kun Lee,8,Raider,Patna Pirates,False,True,False,Patna Pirates,2.13,0.0,8.0,0.0,17.0,15.0,1.0,0.0,0.0,0.0,1.0,18.0
Rishank Devadiga,9,Raider,U.P. Yoddha,False,True,False,U.P. Yoddha,2.11,0.11,2.0,0.0,19.0,14.0,1.0,0.0,1.0,0.0,1.0,20.0
Farhad Rahimi Milaghardan,13,All Rounder,Telugu Titans,False,False,True,Telugu Titans,1.17,1.62,3.0,0.0,14.0,14.0,21.0,0.0,0.0,0.0,21.0,35.0
Rajnish,7,Raider,Telugu Titans,False,True,False,Telugu Titans,2.43,0.0,7.0,0.0,17.0,13.0,1.0,0.0,0.0,0.0,1.0,18.0
Ajinkya Ashok Pawar,10,Raider,Jaipur Pink Panthers,False,True,False,Jaipur Pink Panthers,1.56,0.0,6.0,0.0,14.0,11.0,0.0,0.0,0.0,0.0,0.0,14.0
Sandeep Kumar Dhull,13,"Defender, left corner",Jaipur Pink Panthers,True,False,False,Jaipur Pink Panthers,0.0,3.38,0.0,3.0,1.0,0.0,40.0,0.0,0.0,4.0,44.0,45.0
Meraj Sheykh,9,All Rounder,Dabang Delhi K.C.,False,False,True,Dabang Delhi K.C.,1.78,0.0,3.0,0.0,16.0,10.0,1.0,0.0,0.0,0.0,1.0,17.0
Vijay,11,All Rounder,Dabang Delhi K.C.,False,False,True,Dabang Delhi K.C.,1.0,0.55,0.0,0.0,10.0,7.0,6.0,0.0,1.0,0.0,6.0,16.0
Monu,13,Raider,Patna Pirates,False,True,False,Patna Pirates,0.89,1.77,1.0,0.0,8.0,7.0,16.0,0.0,0.0,7.0,23.0,31.0
Dong Geon Lee,4,Raider,U Mumba,False,True,False,U Mumba,2.5,0.0,4.0,0.0,10.0,7.0,0.0,0.0,0.0,0.0,0.0,10.0
Banty,9,Raider,Bengaluru Bulls,False,True,False,Bengaluru Bulls,1.13,0.0,1.0,0.0,9.0,7.0,2.0,0.0,0.0,0.0,2.0,11.0
Sachin Narwal,8,All Rounder,Jaipur Pink Panthers,False,False,True,Jaipur Pink Panthers,1.29,0.0,3.0,0.0,9.0,6.0,0.0,0.0,1.0,0.0,0.0,9.0
Armaan,6,All Rounder,Telugu Titans,False,False,True,Telugu Titans,1.5,0.0,2.0,0.0,9.0,6.0,0.0,0.0,1.0,0.0,0.0,9.0
Selvamani K,6,Raider,Haryana Steelers,False,True,False,Haryana Steelers,2.0,0.0,0.0,0.0,10.0,6.0,2.0,0.0,1.0,0.0,2.0,12.0
Sukesh Hegde,6,Raider,Bengal Warriors,False,True,False,Bengal Warriors,1.17,0.0,0.0,0.0,7.0,6.0,0.0,0.0,0.0,0.0,0.0,7.0
Surender Singh,4,Raider,U.P. Yoddha,False,True,False,U.P. Yoddha,2.5,0.0,5.0,0.0,10.0,5.0,1.0,0.0,0.0,0.0,1.0,11.0
Vinod Kumar,5,All Rounder,Gujarat Fortunegiants,False,False,True,Gujarat Fortunegiants,1.25,0.0,0.0,0.0,5.0,5.0,0.0,0.0,0.0,0.0,0.0,5.0
Rakesh Gowda,4,Raider,Telugu Titans,False,True,False,Telugu Titans,1.75,0.0,1.0,0.0,7.0,5.0,1.0,0.0,0.0,1.0,2.0,9.0
Sushant Sail,7,Raider,Puneri Paltan,False,True,False,Puneri Paltan,1.14,0.0,1.0,0.0,8.0,5.0,0.0,0.0,0.0,0.0,0.0,8.0
Harmanjit Singh,2,Raider,Gujarat Fortunegiants,False,True,False,Gujarat Fortunegiants,2.0,0.0,0.0,0.0,4.0,4.0,0.0,0.0,0.0,0.0,0.0,4.0
Ankush,2,Raider,U.P. Yoddha,False,True,False,U.P. Yoddha,0.0,0.0,2.0,0.0,5.0,4.0,1.0,0.0,0.0,0.0,1.0,6.0
Vikas Jaglan,13,All Rounder,Patna Pirates,False,False,True,Patna Pirates,0.67,0.92,4.0,0.0,8.0,4.0,12.0,0.0,0.0,0.0,12.0,20.0
Gurvinder Singh,2,Raider,Gujarat Fortunegiants,False,True,False,Gujarat Fortunegiants,2.0,0.0,0.0,0.0,4.0,3.0,0.0,0.0,0.0,0.0,0.0,4.0
Narender,3,All Rounder,U.P. Yoddha,False,False,True,U.P. Yoddha,0.0,0.0,0.0,0.0,0.0,0.0,0.0,0.0,0.0,0.0,0.0,0.0
Vishal,9,All Rounder,Jaipur Pink Panthers,False,False,True,Jaipur Pink Panthers,0.0,2.67,0.0,0.0,0.0,0.0,21.0,0.0,0.0,3.0,24.0,24.0
Santhapanaselvam,3,All Rounder,Jaipur Pink Panthers,False,False,True,Jaipur Pink Panthers,0.0,2.33,0.0,0.0,0.0,0.0,7.0,0.0,0.0,0.0,7.0,7.0
Jeeva Kumar,11,"Defender, right and left cover",Bengal Warriors,True,False,False,Bengal Warriors,0.0,2.0,0.0,0.0,0.0,0.0,21.0,0.0,0.0,1.0,22.0,22.0
Abozar Mohajermighani,13,Defender,Telugu Titans,True,False,False,Telugu Titans,0.0,2.0,0.0,0.0,1.0,0.0,24.0,0.0,0.0,2.0,26.0,27.0
Ashu Singh,13,"Defender, right cover",U.P. Yoddha,True,False,False,U.P. Yoddha,0.0,1.69,0.0,0.0,0.0,0.0,22.0,0.0,0.0,0.0,22.0,22.0
Vishal Mane,12,"Defender, right cover",Dabang Delhi K.C.,True,False,False,Dabang Delhi K.C.,0.0,1.33,0.0,0.0,0.0,0.0,16.0,0.0,0.0,0.0,16.0,16.0
Sumit Malik,11,"Defender, left corner",Gujarat Fortunegiants,True,False,False,Gujarat Fortunegiants,0.0,1.27,0.0,0.0,0.0,0.0,13.0,0.0,0.0,1.0,14.0,14.0
Ankit,9,"Defender, right corner",Gujarat Fortunegiants,True,False,False,Bengaluru Bulls,0.0,0.5,0.0,0.0,0.0,0.0,2.0,0.0,0.0,0.0,2.0,2.0
Ankit,9,"Defender, right corner",Gujarat Fortunegiants,True,False,False,Gujarat Fortunegiants,0.0,1.22,0.0,0.0,0.0,0.0,9.0,0.0,0.0,2.0,11.0,11.0
Ankit,4,Defender,Bengaluru Bulls,True,False,False,Bengaluru Bulls,0.0,0.5,0.0,0.0,0.0,0.0,2.0,0.0,0.0,0.0,2.0,2.0
Ankit,4,Defender,Bengaluru Bulls,True,False,False,Gujarat Fortunegiants,0.0,1.22,0.0,0.0,0.0,0.0,9.0,0.0,0.0,2.0,11.0,11.0
Ajeet,12,"Defender, right cover",Tamil Thalaivas,True,False,False,Tamil Thalaivas,0.0,1.17,0.0,0.0,0.0,0.0,13.0,0.0,0.0,1.0,14.0,14.0
Pavan T. R.,9,"Defender, right cover",Jaipur Pink Panthers,True,False,False,Jaipur Pink Panthers,0.0,1.11,0.0,0.0,0.0,0.0,8.0,0.0,0.0,2.0,10.0,10.0
Saeid Ghaffari,8,"Defender, left cover",Dabang Delhi K.C.,True,False,False,Dabang Delhi K.C.,0.0,1.0,0.0,0.0,0.0,0.0,8.0,0.0,0.0,0.0,8.0,8.0
Kuldeep Singh,6,Defender,Haryana Steelers,True,False,False,Haryana Steelers,0.0,1.0,0.0,0.0,0.0,0.0,6.0,0.0,0.0,0.0,6.0,6.0
Anil Kumar,8,"Defender, left cover",Dabang Delhi K.C.,True,False,False,Dabang Delhi K.C.,0.0,0.88,0.0,0.0,0.0,0.0,7.0,0.0,0.0,0.0,7.0,7.0
Viraj Vishnu Landge,7,"Defender, left cover",Bengal Warriors,True,False,False,Bengal Warriors,0.0,0.86,0.0,0.0,0.0,0.0,6.0,0.0,0.0,0.0,6.0,6.0
Young Chang Ko,7,"Defender, left cover",U Mumba,True,False,False,U Mumba,0.0,0.86,0.0,0.0,0.0,0.0,4.0,0.0,0.0,2.0,6.0,6.0
Ashish Kumar,6,All Rounder,Bengaluru Bulls,False,False,True,Bengaluru Bulls,0.0,0.83,0.0,0.0,0.0,0.0,3.0,0.0,0.0,2.0,5.0,5.0
Sunil Siddhgavali,11,Defender,Jaipur Pink Panthers,True,False,False,Jaipur Pink Panthers,0.0,0.82,0.0,0.0,0.0,0.0,6.0,0.0,0.0,3.0,9.0,9.0
Jawahar Dagar,5,Defender,Patna Pirates,True,False,False,Patna Pirates,0.0,0.8,0.0,0.0,0.0,0.0,4.0,0.0,0.0,0.0,4.0,4.0
Sagar B Krishna,9,All Rounder,Puneri Paltan,False,False,True,Puneri Paltan,0.0,0.67,0.0,0.0,0.0,0.0,6.0,0.0,0.0,0.0,6.0,6.0
Parveen,6,"Defender, left cover",Haryana Steelers,True,False,False,Haryana Steelers,0.0,0.67,0.0,0.0,0.0,0.0,3.0,0.0,0.0,1.0,4.0,4.0
Ruturaj Shivaji Koravi,9,Defender,Gujarat Fortunegiants,True,False,False,Gujarat Fortunegiants,0.0,0.67,0.0,0.0,0.0,0.0,6.0,0.0,0.0,0.0,6.0,6.0
Krushna Madane,5,Defender,Telugu Titans,True,False,False,Telugu Titans,0.0,0.6,0.0,0.0,0.0,0.0,3.0,0.0,0.0,0.0,3.0,3.0
Sagar,7,"Defender, right corner",Tamil Thalaivas,True,False,False,Tamil Thalaivas,0.0,0.57,0.0,0.0,0.0,0.0,3.0,0.0,0.0,1.0,4.0,4.0
Vijay Kumar,9,"Defender, right corner",Bengaluru Bulls,True,False,False,Bengaluru Bulls,0.0,0.56,0.0,0.0,0.0,0.0,4.0,0.0,0.0,1.0,5.0,5.0
Ajay,6,Defender,Bengaluru Bulls,True,False,False,Bengaluru Bulls,0.0,0.33,0.0,0.0,0.0,0.0,2.0,0.0,0.0,0.0,2.0,2.0
Naveen Narwal,3,"Defender, right cover",Bengal Warriors,True,False,False,Bengal Warriors,0.0,0.33,0.0,0.0,0.0,0.0,1.0,0.0,0.0,0.0,1.0,1.0
Elavarasan A,1,"Defender, left cover",Jaipur Pink Panthers,True,False,False,Jaipur Pink Panthers,0.0,3.0,0.0,0.0,0.0,0.0,2.0,0.0,0.0,1.0,3.0,3.0
Sachin Kumar,10,All Rounder,U.P. Yoddha,False,False,True,U.P. Yoddha,0.0,0.2,0.0,0.0,0.0,0.0,2.0,0.0,0.0,0.0,2.0,2.0
Ravinder,2,All Rounder,Patna Pirates,False,False,True,Patna Pirates,0.0,0.0,0.0,0.0,0.0,0.0,2.0,0.0,0.0,1.0,3.0,3.0
Rajaguru Subramanian,4,"Defender, right cover",U Mumba,True,False,False,U Mumba,0.0,0.0,0.0,0.0,0.0,0.0,2.0,0.0,0.0,0.0,2.0,2.0
Mayur Shivtarkar,1,All Rounder,Bengal Warriors,False,False,True,Bengal Warriors,0.0,0.0,0.0,0.0,0.0,0.0,2.0,0.0,0.0,0.0,2.0,2.0
Kamal Singh,2,Raider,Telugu Titans,False,True,False,Telugu Titans,0.0,0.0,0.0,0.0,0.0,0.0,2.0,0.0,0.0,0.0,2.0,2.0
Ponparthiban Subramanian,4,"Defender, right cover",Tamil Thalaivas,True,False,False,Tamil Thalaivas,0.0,0.0,0.0,0.0,0.0,0.0,1.0,0.0,0.0,0.0,1.0,1.0
Satywan,1,"Defender, left cover",Dabang Delhi K.C.,True,False,False,Dabang Delhi K.C.,0.0,0.0,0.0,0.0,0.0,0.0,1.0,0.0,0.0,0.0,1.0,1.0
Aman,1,"Defender, left corner",Bengaluru Bulls,True,False,False,Bengaluru Bulls,0.0,0.0,0.0,0.0,0.0,0.0,1.0,0.0,0.0,0.0,1.0,1.0
Adarsh T,6,"Defender, left corner",Bengal Warriors,True,False,False,Bengal Warriors,0.0,0.0,0.0,0.0,0.0,0.0,1.0,0.0,0.0,0.0,1.0,1.0
Mohammad Taghi Paein Mahali,3,Raider,Bengal Warriors,False,True,False,Bengal Warriors,0.0,0.0,0.0,0.0,0.0,0.0,1.0,0.0,0.0,0.0,1.0,1.0
Darshan Kadian,3,Raider,Puneri Paltan,False,True,False,Puneri Paltan,0.0,0.0,0.0,0.0,0.0,0.0,0.0,0.0,0.0,0.0,0.0,0.0
R. Sriram,1,Raider,Puneri Paltan,False,True,False,Puneri Paltan,0.0,0.0,0.0,0.0,0.0,0.0,0.0,0.0,0.0,0.0,0.0,0.0
