name,matches,profile,team_x,defender,raider,allrounder,team_y,avg_raid_points,avg_tackle_points,do_or_die_raid_points,high_5s,raid_points,successful_raids,successful_tackles,super_10s,super_raids,super_tackles,tackle_points,total_points
Vishal Bhardwaj,12,Defender,Telugu Titans,True,False,False,Telugu Titans,0.0,4.0,0.0,5.0,0.0,0.0,40.0,0.0,0.0,8.0,48.0,48.0
Sunil,10,"Defender, right corner",Haryana Steelers,True,False,False,Haryana Steelers,0.0,2.6,0.0,2.0,0.0,0.0,26.0,0.0,0.0,0.0,26.0,26.0
Ankit Beniwal,3,Raider,Telugu Titans,False,True,False,Telugu Titans,1.33,0.0,0.0,0.0,4.0,3.0,1.0,0.0,0.0,0.0,1.0,5.0
Mohsen Maghsoudloujafari,9,All Rounder,U.P. Yoddha,False,False,True,U.P. Yoddha,0.57,0.33,2.0,0.0,4.0,3.0,2.0,0.0,0.0,1.0,3.0,7.0
Abolfazl Maghsodloumahali,5,Raider,Gujarat Fortunegiants,False,True,False,Gujarat Fortunegiants,1.25,0.0,1.0,0.0,5.0,3.0,0.0,0.0,0.0,0.0,0.0,5.0
Vikas Jaglan,12,All Rounder,Patna Pirates,False,False,True,Patna Pirates,0.55,0.92,2.0,0.0,6.0,3.0,11.0,0.0,0.0,0.0,11.0,17.0
Gurvinder Singh,2,Raider,Gujarat Fortunegiants,False,True,False,Gujarat Fortunegiants,2.0,0.0,0.0,0.0,4.0,3.0,0.0,0.0,0.0,0.0,0.0,4.0
Ran Singh,13,All Rounder,Tamil Thalaivas,False,False,True,Tamil Thalaivas,0.67,1.77,0.0,0.0,4.0,2.0,22.0,0.0,0.0,1.0,23.0,27.0
Amit Kumar,8,Raider,Telugu Titans,False,True,False,Patna Pirates,0.0,0.0,0.0,0.0,4.0,3.0,0.0,0.0,1.0,0.0,0.0,4.0
Amit Kumar,8,Raider,Telugu Titans,False,True,False,Puneri Paltan,2.55,1.5,5.5,0.0,11.5,8.0,14.0,0.0,0.0,1.0,15.0,19.0
Amit Kumar,8,Raider,Telugu Titans,False,True,False,Telugu Titans,0.25,1.25,2.0,0.0,2.0,2.0,8.0,0.0,0.0,2.0,10.0,12.0
Amit Kumar,10,Raider,Puneri Paltan,False,True,False,Patna Pirates,0.0,0.0,0.0,0.0,4.0,3.0,0.0,0.0,1.0,0.0,0.0,4.0
Amit Kumar,10,Raider,Puneri Paltan,False,True,False,Puneri Paltan,2.55,1.5,5.5,0.0,11.5,8.0,14.0,0.0,0.0,1.0,15.0,19.0
Amit Kumar,10,Raider,Puneri Paltan,False,True,False,Telugu Titans,0.25,1.25,2.0,0.0,2.0,2.0,8.0,0.0,0.0,2.0,10.0,12.0
Amit Kumar,2,All Rounder,Puneri Paltan,False,False,True,Patna Pirates,0.0,0.0,0.0,0.0,4.0,3.0,0.0,0.0,1.0,0.0,0.0,4.0
Amit Kumar,2,All Rounder,Puneri Paltan,False,False,True,Puneri Paltan,2.55,1.5,5.5,0.0,11.5,8.0,14.0,0.0,0.0,1.0,15.0,19.0
Amit Kumar,2,All Rounder,Puneri Paltan,False,False,True,Telugu Titans,0.25,1.25,2.0,0.0,2.0,2.0,8.0,0.0,0.0,2.0,10.0,12.0
Amit Kumar,1,All Rounder,Patna Pirates,False,False,True,Patna Pirates,0.0,0.0,0.0,0.0,4.0,3.0,0.0,0.0,1.0,0.0,0.0,4.0
Amit Kumar,1,All Rounder,Patna Pirates,False,False,True,Puneri Paltan,2.55,1.5,5.5,0.0,11.5,8.0,14.0,0.0,0.0,1.0,15.0,19.0
Amit Kumar,1,All Rounder,Patna Pirates,False,False,True,Telugu Titans,0.25,1.25,2.0,0.0,2.0,2.0,8.0,0.0,0.0,2.0,10.0,12.0
Rakesh Gowda,3,Raider,Telugu Titans,False,True,False,Telugu Titans,1.0,0.0,1.0,0.0,3.0,2.0,1.0,0.0,0.0,1.0,2.0,5.0
Anand,3,Raider,Tamil Thalaivas,False,True,False,Tamil Thalaivas,1.67,0.0,3.0,0.0,5.0,2.0,0.0,0.0,1.0,0.0,0.0,5.0
Purna Singh,3,Raider,Patna Pirates,False,True,False,Patna Pirates,1.0,0.0,0.0,0.0,3.0,2.0,0.0,0.0,0.0,0.0,0.0,3.0
Jaideep,12,"Defender, left corner",Patna Pirates,True,False,False,Patna Pirates,0.0,2.5,0.0,2.0,0.0,0.0,28.0,0.0,0.0,2.0,30.0,30.0
Palle Mallikarjun,3,Raider,Telugu Titans,False,True,False,Telugu Titans,0.67,0.0,0.0,0.0,2.0,2.0,0.0,0.0,0.0,0.0,0.0,2.0
Shubham Shinde,11,"Defender, right corner",Puneri Paltan,True,False,False,Puneri Paltan,0.2,1.27,0.0,0.0,1.0,1.0,13.0,0.0,0.0,1.0,14.0,15.0
Balram,1,All Rounder,Dabang Delhi K.C.,False,False,True,Dabang Delhi K.C.,0.0,0.0,2.0,0.0,2.0,1.0,0.0,0.0,0.0,0.0,0.0,2.0
Saurabh Nandal,13,"Defender, left corner",Bengaluru Bulls,True,False,False,Bengaluru Bulls,0.0,2.69,0.0,4.0,1.0,1.0,30.0,0.0,0.0,5.0,35.0,36.0
Chand Singh,3,"Defender, left corner",Haryana Steelers,True,False,False,Haryana Steelers,0.0,1.33,0.0,0.0,1.0,1.0,3.0,0.0,0.0,1.0,4.0,5.0
Vikas Chhillar,1,Raider,Haryana Steelers,False,True,False,Haryana Steelers,0.0,0.0,0.0,0.0,1.0,1.0,0.0,0.0,0.0,0.0,0.0,1.0
Sumit,12,"Defender, left corner",U.P. Yoddha,True,False,False,U.P. Yoddha,0.67,3.5,0.0,3.0,2.0,1.0,42.0,0.0,0.0,0.0,42.0,44.0
Aman Kadian,1,Raider,Dabang Delhi K.C.,False,True,False,Dabang Delhi K.C.,0.0,0.0,0.0,0.0,1.0,1.0,0.0,0.0,0.0,0.0,0.0,1.0
Arun Kumar HN,2,Raider,Haryana Steelers,False,True,False,Haryana Steelers,0.0,0.0,0.0,0.0,2.0,1.0,0.0,0.0,0.0,0.0,0.0,2.0
Ankush,1,Raider,U.P. Yoddha,False,True,False,U.P. Yoddha,0.0,0.0,2.0,0.0,2.0,1.0,0.0,0.0,0.0,0.0,0.0,2.0
Amit Sheoran,14,Defender,Bengaluru Bulls,True,False,False,Bengaluru Bulls,0.0,2.29,0.0,2.0,0.0,0.0,29.0,0.0,0.0,3.0,32.0,32.0
Lalit Chaudhary,2,Raider,Gujarat Fortunegiants,False,True,False,Gujarat Fortunegiants,0.0,0.0,0.0,0.0,2.0,1.0,0.0,0.0,0.0,0.0,0.0,2.0
Ajinkya Rohidas Kapre,2,All Rounder,U Mumba,False,False,True,U Mumba,0.0,0.0,0.0,0.0,1.0,1.0,0.0,0.0,0.0,0.0,0.0,1.0
Amit,12,"Defender, left cover",U.P. Yoddha,True,False,False,U.P. Yoddha,0.33,1.33,0.0,0.0,2.0,1.0,14.0,0.0,0.0,2.0,16.0,18.0
Surinder Singh,12,Defender,U Mumba,True,False,False,U Mumba,0.0,2.25,0.0,1.0,4.0,1.0,26.0,0.0,1.0,1.0,27.0,31.0
Rakesh Narwal,1,Raider,Bengal Warriors,False,True,False,Bengal Warriors,0.0,0.0,0.0,0.0,3.0,1.0,0.0,0.0,0.0,0.0,0.0,3.0
Fazel Atrachali,12,"Defender, left corner",U Mumba,True,False,False,U Mumba,0.4,3.08,0.0,1.0,2.0,1.0,34.0,0.0,0.0,3.0,37.0,39.0
Hadi Tajik,6,"Defender, right corner",Puneri Paltan,True,False,False,Puneri Paltan,0.0,0.67,0.0,0.0,1.0,1.0,3.0,0.0,0.0,1.0,4.0,5.0
Vineet Sharma,6,Raider,Tamil Thalaivas,False,True,False,Tamil Thalaivas,1.0,0.83,2.0,0.0,4.0,1.0,5.0,0.0,0.0,0.0,5.0,9.0
PO Surjeet Singh,12,"Defender, right cover",Puneri Paltan,True,False,False,Puneri Paltan,0.25,2.67,0.0,3.0,2.0,1.0,27.0,0.0,0.0,5.0,32.0,34.0
C. Arun,12,"Defender, left cover",Telugu Titans,True,False,False,Telugu Titans,0.0,1.42,0.0,1.0,2.0,1.0,14.0,0.0,0.0,3.0,17.0,19.0
Parvesh Bhainswal,12,"Defender, left cover",Gujarat Fortunegiants,True,False,False,Gujarat Fortunegiants,0.0,2.5,0.0,2.0,0.0,0.0,28.0,0.0,0.0,2.0,30.0,30.0
Manjeet Chhillar,10,All Rounder,Tamil Thalaivas,False,False,True,Tamil Thalaivas,0.14,3.5,0.0,2.0,1.0,0.0,33.0,0.0,0.0,2.0,35.0,36.0
Ravinder Pahal,12,"Defender, right corner",Dabang Delhi K.C.,True,False,False,Dabang Delhi K.C.,0.0,3.0,0.0,2.0,0.0,0.0,36.0,0.0,0.0,0.0,36.0,36.0
Amit Hooda,10,"Defender, right corner",Jaipur Pink Panthers,True,False,False,Jaipur Pink Panthers,0.0,2.6,0.0,2.0,0.0,0.0,24.0,0.0,0.0,2.0,26.0,26.0
Ravi Kumar,10,"Defender, right cover",Haryana Steelers,True,False,False,Haryana Steelers,0.0,2.0,0.0,1.0,0.0,0.0,17.0,0.0,0.0,3.0,20.0,20.0
Hadi Oshtorak,12,All Rounder,Patna Pirates,False,False,True,Patna Pirates,0.29,1.75,0.0,1.0,2.0,0.0,17.0,0.0,0.0,4.0,21.0,23.0
Girish Maruti Ernak,9,"Defender, left corner",Puneri Paltan,True,False,False,Puneri Paltan,0.0,2.11,0.0,1.0,0.0,0.0,16.0,0.0,0.0,3.0,19.0,19.0
Vikas Kale,11,"Defender, right cover",Haryana Steelers,True,False,False,Haryana Steelers,0.0,2.0,0.0,1.0,0.0,0.0,22.0,0.0,0.0,0.0,22.0,22.0
Joginder Singh Narwal,12,"Defender, left corner",Dabang Delhi K.C.,True,False,False,Dabang Delhi K.C.,0.0,2.83,0.0,1.0,0.0,0.0,30.0,0.0,0.0,4.0,34.0,34.0
Mohit Chhillar,13,"Defender, right corner",Tamil Thalaivas,True,False,False,Tamil Thalaivas,0.0,2.38,0.0,1.0,0.0,0.0,29.0,0.0,0.0,2.0,31.0,31.0
Sandeep Narwal,12,All Rounder,U Mumba,False,False,True,U Mumba,1.09,2.42,2.0,1.0,12.0,9.0,24.0,0.0,0.0,5.0,29.0,41.0
Neeraj Kumar,12,"Defender, right cover",Patna Pirates,True,False,False,Patna Pirates,0.0,2.17,0.0,1.0,0.0,0.0,24.0,0.0,0.0,2.0,26.0,26.0
Pankaj,3,All Rounder,Gujarat Fortunegiants,False,False,True,Gujarat Fortunegiants,0.0,3.0,0.0,1.0,0.0,0.0,9.0,0.0,0.0,0.0,9.0,9.0
Nitesh Kumar,12,Defender,U.P. Yoddha,True,False,False,U.P. Yoddha,0.0,2.5,0.0,1.0,1.0,0.0,26.0,0.0,0.0,4.0,30.0,31.0
Baldev Singh,12,"Defender, right corner",Bengal Warriors,True,False,False,Bengal Warriors,0.0,2.75,0.0,4.0,0.0,0.0,29.0,0.0,0.0,4.0,33.0,33.0
Dharmaraj Cheralathan,12,"Defender, right and left corner",Haryana Steelers,True,False,False,Haryana Steelers,0.0,2.33,0.0,1.0,0.0,0.0,25.0,0.0,0.0,3.0,28.0,28.0
Nitin Rawal,9,All Rounder,Jaipur Pink Panthers,False,False,True,Jaipur Pink Panthers,3.0,1.44,7.0,1.0,27.0,20.0,10.0,0.0,1.0,3.0,13.0,40.0
Harendra Kumar,10,"Defender, left cover",U Mumba,True,False,False,U Mumba,0.0,1.1,0.0,1.0,0.0,0.0,10.0,0.0,0.0,1.0,11.0,11.0
Jadhav Balasaheb Shahaji,10,"Defender, right cover",Puneri Paltan,True,False,False,Puneri Paltan,0.0,1.7,0.0,1.0,0.0,0.0,14.0,0.0,0.0,3.0,17.0,17.0
Mohit Sehrawat,9,"Defender, right cover",Bengaluru Bulls,True,False,False,Bengaluru Bulls,0.56,1.11,3.0,1.0,5.0,4.0,8.0,0.0,0.0,2.0,10.0,15.0
Pawan Kumar Sehrawat,14,Raider,Bengaluru Bulls,False,True,False,Bengaluru Bulls,11.79,0.64,9.0,0.0,165.0,133.0,8.0,8.0,3.0,1.0,9.0,174.0
Naveen Kumar,12,Raider,Dabang Delhi K.C.,False,True,False,Dabang Delhi K.C.,12.17,0.0,19.0,0.0,146.0,122.0,1.0,11.0,1.0,0.0,1.0,147.0
Pardeep Narwal,12,Raider,Patna Pirates,False,True,False,Patna Pirates,9.83,0.0,16.0,0.0,118.0,99.0,0.0,6.0,5.0,0.0,0.0,118.0
Maninder Singh,12,Raider,Bengal Warriors,False,True,False,Bengal Warriors,7.92,0.0,13.0,0.0,95.0,84.0,0.0,4.0,2.0,0.0,0.0,95.0
Siddharth Sirish Desai,12,Raider,Telugu Titans,False,True,False,Telugu Titans,7.25,0.0,12.0,0.0,87.0,78.0,2.0,2.0,0.0,0.0,2.0,89.0
Sandeep Kumar Dhull,13,"Defender, left corner",Jaipur Pink Panthers,True,False,False,Jaipur Pink Panthers,0.0,3.38,0.0,3.0,1.0,0.0,40.0,0.0,0.0,4.0,44.0,45.0
Vikash Kandola,9,Raider,Haryana Steelers,False,True,False,Haryana Steelers,9.67,0.0,20.0,0.0,87.0,71.0,3.0,5.0,3.0,0.0,3.0,90.0
Rahul Chaudhari,13,Raider,Tamil Thalaivas,False,True,False,Tamil Thalaivas,5.85,0.46,18.0,0.0,76.0,65.0,6.0,2.0,0.0,0.0,6.0,82.0
Deepak Niwas Hooda,13,All Rounder,Jaipur Pink Panthers,False,False,True,Jaipur Pink Panthers,6.15,0.62,16.0,0.0,80.0,62.0,7.0,3.0,2.0,1.0,8.0,88.0
K. Prapanjan,12,Raider,Bengal Warriors,False,True,False,Bengal Warriors,6.5,0.08,10.0,0.0,78.0,56.0,1.0,3.0,3.0,0.0,1.0,79.0
Rohit Kumar,14,Raider,Bengaluru Bulls,False,True,False,Bengaluru Bulls,4.79,0.29,8.0,0.0,67.0,54.0,4.0,2.0,1.0,0.0,4.0,71.0
Chandran Ranjit,12,Raider,Dabang Delhi K.C.,False,True,False,Dabang Delhi K.C.,5.33,0.33,6.0,0.0,64.0,50.0,3.0,1.0,3.0,1.0,4.0,68.0
Abhishek Singh,10,Raider,U Mumba,False,True,False,U Mumba,5.9,0.1,19.0,0.0,59.0,50.0,1.0,2.0,1.0,0.0,1.0,60.0
Rohit Gulia,12,All Rounder,Gujarat Fortunegiants,False,False,True,Gujarat Fortunegiants,5.17,0.33,9.0,0.0,62.0,49.0,4.0,2.0,0.0,0.0,4.0,66.0
Shrikant Jadhav,12,Raider,U.P. Yoddha,False,True,False,U.P. Yoddha,5.17,0.25,14.0,0.0,62.0,48.0,3.0,1.0,0.0,0.0,3.0,65.0
Ajay Thakur,12,Raider,Tamil Thalaivas,False,True,False,Tamil Thalaivas,4.83,0.0,8.0,0.0,58.0,47.0,0.0,1.0,2.0,0.0,0.0,58.0
Manjeet,12,Raider,Puneri Paltan,False,True,False,Puneri Paltan,4.67,1.33,15.0,0.0,56.0,46.0,16.0,1.0,1.0,0.0,16.0,72.0
Mohammad Esmaeil Nabibakhsh,12,All Rounder,Bengal Warriors,False,False,True,Bengal Warriors,4.17,1.08,4.0,0.0,50.0,39.0,11.0,1.0,2.0,2.0,13.0,63.0
Monu Goyat,9,Raider,U.P. Yoddha,False,True,False,U.P. Yoddha,4.78,0.33,5.0,0.0,43.0,38.0,2.0,1.0,0.0,1.0,3.0,46.0
Vinay,12,Raider,Haryana Steelers,False,True,False,Haryana Steelers,4.25,0.33,9.0,0.0,51.0,38.0,4.0,0.0,3.0,0.0,4.0,55.0
Sachin Tanwar,10,Raider,Gujarat Fortunegiants,False,True,False,Gujarat Fortunegiants,4.8,0.0,15.0,0.0,48.0,37.0,1.0,0.0,0.0,0.0,1.0,49.0
Pankaj Mohite,9,Raider,Puneri Paltan,False,True,False,Puneri Paltan,5.22,0.11,13.0,0.0,47.0,37.0,1.0,0.0,1.0,0.0,1.0,48.0
Naveen,9,Raider,Haryana Steelers,False,True,False,Haryana Steelers,4.78,0.22,9.0,0.0,43.0,35.0,2.0,1.0,0.0,0.0,2.0,45.0
Suraj Desai,10,Raider,Telugu Titans,False,True,False,Telugu Titans,4.67,0.1,3.0,0.0,42.0,34.0,1.0,1.0,1.0,0.0,1.0,43.0
Arjun Deshwal,11,Raider,U Mumba,False,True,False,U Mumba,3.91,0.0,7.0,0.0,43.0,33.0,0.0,1.0,0.0,0.0,0.0,43.0
Deepak Narwal,13,Raider,Jaipur Pink Panthers,False,True,False,Jaipur Pink Panthers,2.85,0.08,10.0,0.0,37.0,32.0,1.0,0.0,0.0,0.0,1.0,38.0
Sunil Kumar,12,Defender,Gujarat Fortunegiants,True,False,False,Gujarat Fortunegiants,0.0,2.67,0.0,3.0,0.0,0.0,28.0,0.0,0.0,4.0,32.0,32.0
V. Ajith Kumar,10,Raider,Tamil Thalaivas,False,True,False,Tamil Thalaivas,4.33,0.0,3.0,0.0,39.0,31.0,0.0,1.0,1.0,0.0,0.0,39.0
Nitin Tomar,6,Raider,Puneri Paltan,False,True,False,Puneri Paltan,5.17,0.33,0.0,0.0,31.0,27.0,2.0,0.0,0.0,0.0,2.0,33.0
More GB,11,Raider,Gujarat Fortunegiants,False,True,False,Gujarat Fortunegiants,2.82,1.55,10.0,0.0,31.0,26.0,16.0,0.0,0.0,1.0,17.0,48.0
Athul MS,9,Raider,U Mumba,False,True,False,U Mumba,3.22,0.0,9.0,0.0,29.0,22.0,0.0,0.0,0.0,0.0,0.0,29.0
Mohammad Esmaeil Maghsoudlou Mahalli,12,Raider,Patna Pirates,False,True,False,Patna Pirates,2.17,0.58,6.0,0.0,26.0,21.0,5.0,0.0,0.0,2.0,7.0,33.0
Rohit Baliyan,10,Raider,U Mumba,False,True,False,U Mumba,3.0,0.3,6.0,0.0,30.0,19.0,2.0,0.0,2.0,1.0,3.0,33.0
Pawan Kumar Kadian,5,Raider,Puneri Paltan,False,True,False,Puneri Paltan,4.6,0.0,5.0,0.0,23.0,18.0,0.0,1.0,0.0,0.0,0.0,23.0
Nilesh Salunke,11,Raider,Jaipur Pink Panthers,False,True,False,Jaipur Pink Panthers,2.0,0.0,7.0,0.0,22.0,17.0,0.0,0.0,0.0,0.0,0.0,22.0
Sonu Jaglan,9,Raider,Gujarat Fortunegiants,False,True,False,Gujarat Fortunegiants,2.44,0.0,3.0,0.0,22.0,17.0,1.0,0.0,2.0,1.0,2.0,24.0
Mahender Singh,12,"Defender, left cover",Bengaluru Bulls,True,False,False,Bengaluru Bulls,0.0,3.42,0.0,3.0,0.0,0.0,34.0,0.0,0.0,7.0,41.0,41.0
Prashanth Kumar Rai,6,Raider,Haryana Steelers,False,True,False,Haryana Steelers,3.67,0.0,3.0,0.0,22.0,16.0,0.0,0.0,0.0,0.0,0.0,22.0
Shabeer Bappu,11,Raider,Tamil Thalaivas,False,True,False,Tamil Thalaivas,1.91,0.36,5.0,0.0,21.0,16.0,4.0,0.0,0.0,0.0,4.0,25.0
Jang Kun Lee,8,Raider,Patna Pirates,False,True,False,Patna Pirates,2.13,0.0,8.0,0.0,17.0,15.0,1.0,0.0,0.0,0.0,1.0,18.0
Sumit Singh,10,Raider,Bengaluru Bulls,False,True,False,Bengaluru Bulls,1.9,0.3,6.0,0.0,19.0,15.0,2.0,0.0,0.0,1.0,3.0,22.0
Surender Gill,9,Raider,U.P. Yoddha,False,True,False,U.P. Yoddha,2.22,0.0,8.0,0.0,20.0,15.0,3.0,0.0,0.0,1.0,4.0,24.0
Rajnish,6,Raider,Telugu Titans,False,True,False,Telugu Titans,2.67,0.0,7.0,0.0,16.0,13.0,1.0,0.0,0.0,0.0,1.0,17.0
Rishank Devadiga,8,Raider,U.P. Yoddha,False,True,False,U.P. Yoddha,2.25,0.0,2.0,0.0,18.0,13.0,0.0,0.0,1.0,0.0,0.0,18.0
Farhad Rahimi Milaghardan,12,All Rounder,Telugu Titans,False,False,True,Telugu Titans,1.09,1.75,3.0,0.0,12.0,12.0,21.0,0.0,0.0,0.0,21.0,33.0
Ajinkya Ashok Pawar,10,Raider,Jaipur Pink Panthers,False,True,False,Jaipur Pink Panthers,1.56,0.0,6.0,0.0,14.0,11.0,0.0,0.0,0.0,0.0,0.0,14.0
Rinku Narwal,12,Defender,Bengal Warriors,True,False,False,Bengal Warriors,0.0,2.83,0.0,3.0,0.0,0.0,33.0,0.0,0.0,1.0,34.0,34.0
Meraj Sheykh,9,All Rounder,Dabang Delhi K.C.,False,False,True,Dabang Delhi K.C.,1.78,0.0,3.0,0.0,16.0,10.0,1.0,0.0,0.0,0.0,1.0,17.0
Vijay,11,All Rounder,Dabang Delhi K.C.,False,False,True,Dabang Delhi K.C.,1.0,0.55,0.0,0.0,10.0,7.0,6.0,0.0,1.0,0.0,6.0,16.0
Monu,12,Raider,Patna Pirates,False,True,False,Patna Pirates,1.0,1.67,1.0,0.0,8.0,7.0,14.0,0.0,0.0,6.0,20.0,28.0
Dong Geon Lee,4,Raider,U Mumba,False,True,False,U Mumba,2.5,0.0,4.0,0.0,10.0,7.0,0.0,0.0,0.0,0.0,0.0,10.0
Banty,9,Raider,Bengaluru Bulls,False,True,False,Bengaluru Bulls,1.13,0.0,1.0,0.0,9.0,7.0,2.0,0.0,0.0,0.0,2.0,11.0
Sachin Narwal,8,All Rounder,Jaipur Pink Panthers,False,False,True,Jaipur Pink Panthers,1.29,0.0,3.0,0.0,9.0,6.0,0.0,0.0,1.0,0.0,0.0,9.0
Armaan,5,All Rounder,Telugu Titans,False,False,True,Telugu Titans,1.8,0.0,2.0,0.0,9.0,6.0,0.0,0.0,1.0,0.0,0.0,9.0
Selvamani K,6,Raider,Haryana Steelers,False,True,False,Haryana Steelers,2.0,0.0,0.0,0.0,10.0,6.0,2.0,0.0,1.0,0.0,2.0,12.0
Sukesh Hegde,6,Raider,Bengal Warriors,False,True,False,Bengal Warriors,1.17,0.0,0.0,0.0,7.0,6.0,0.0,0.0,0.0,0.0,0.0,7.0
Surender Singh,4,Raider,U.P. Yoddha,False,True,False,U.P. Yoddha,2.5,0.0,5.0,0.0,10.0,5.0,1.0,0.0,0.0,0.0,1.0,11.0
Vinod Kumar,5,All Rounder,Gujarat Fortunegiants,False,False,True,Gujarat Fortunegiants,1.25,0.0,0.0,0.0,5.0,5.0,0.0,0.0,0.0,0.0,0.0,5.0
Sushant Sail,6,Raider,Puneri Paltan,False,True,False,Puneri Paltan,1.33,0.0,1.0,0.0,8.0,5.0,0.0,0.0,0.0,0.0,0.0,8.0
Harmanjit Singh,2,Raider,Gujarat Fortunegiants,False,True,False,Gujarat Fortunegiants,2.0,0.0,0.0,0.0,4.0,4.0,0.0,0.0,0.0,0.0,0.0,4.0
Sushil Gulia,4,Raider,Jaipur Pink Panthers,False,True,False,Jaipur Pink Panthers,1.0,0.0,3.0,0.0,4.0,3.0,0.0,0.0,0.0,0.0,0.0,4.0
Ashish,6,Raider,Patna Pirates,False,True,False,Patna Pirates,0.83,0.0,1.0,0.0,5.0,3.0,0.0,0.0,0.0,0.0,0.0,5.0
Azad Singh,3,Raider,U.P. Yoddha,False,True,False,U.P. Yoddha,1.67,0.0,0.0,0.0,5.0,3.0,0.0,0.0,0.0,0.0,0.0,5.0
Vishal,9,All Rounder,Jaipur Pink Panthers,False,False,True,Jaipur Pink Panthers,0.0,2.67,0.0,0.0,0.0,0.0,21.0,0.0,0.0,3.0,24.0,24.0
Santhapanaselvam,3,All Rounder,Jaipur Pink Panthers,False,False,True,Jaipur Pink Panthers,0.0,2.33,0.0,0.0,0.0,0.0,7.0,0.0,0.0,0.0,7.0,7.0
Jeeva Kumar,11,"Defender, right and left cover",Bengal Warriors,True,False,False,Bengal Warriors,0.0,2.0,0.0,0.0,0.0,0.0,21.0,0.0,0.0,1.0,22.0,22.0
Abozar Mohajermighani,12,Defender,Telugu Titans,True,False,False,Telugu Titans,0.0,1.83,0.0,0.0,1.0,0.0,20.0,0.0,0.0,2.0,22.0,23.0
Ashu Singh,12,"Defender, right cover",U.P. Yoddha,True,False,False,U.P. Yoddha,0.0,1.58,0.0,0.0,0.0,0.0,19.0,0.0,0.0,0.0,19.0,19.0
Vishal Mane,12,"Defender, right cover",Dabang Delhi K.C.,True,False,False,Dabang Delhi K.C.,0.0,1.33,0.0,0.0,0.0,0.0,16.0,0.0,0.0,0.0,16.0,16.0
Sumit Malik,11,"Defender, left corner",Gujarat Fortunegiants,True,False,False,Gujarat Fortunegiants,0.0,1.27,0.0,0.0,0.0,0.0,13.0,0.0,0.0,1.0,14.0,14.0
Ankit,9,"Defender, right corner",Gujarat Fortunegiants,True,False,False,Bengaluru Bulls,0.0,0.5,0.0,0.0,0.0,0.0,2.0,0.0,0.0,0.0,2.0,2.0
Ankit,9,"Defender, right corner",Gujarat Fortunegiants,True,False,False,Gujarat Fortunegiants,0.0,1.22,0.0,0.0,0.0,0.0,9.0,0.0,0.0,2.0,11.0,11.0
Ankit,4,Defender,Bengaluru Bulls,True,False,False,Bengaluru Bulls,0.0,0.5,0.0,0.0,0.0,0.0,2.0,0.0,0.0,0.0,2.0,2.0
Ankit,4,Defender,Bengaluru Bulls,True,False,False,Gujarat Fortunegiants,0.0,1.22,0.0,0.0,0.0,0.0,9.0,0.0,0.0,2.0,11.0,11.0
Ajeet,12,"Defender, right cover",Tamil Thalaivas,True,False,False,Tamil Thalaivas,0.0,1.17,0.0,0.0,0.0,0.0,13.0,0.0,0.0,1.0,14.0,14.0
Pavan T. R.,9,"Defender, right cover",Jaipur Pink Panthers,True,False,False,Jaipur Pink Panthers,0.0,1.11,0.0,0.0,0.0,0.0,8.0,0.0,0.0,2.0,10.0,10.0
Saeid Ghaffari,8,"Defender, left cover",Dabang Delhi K.C.,True,False,False,Dabang Delhi K.C.,0.0,1.0,0.0,0.0,0.0,0.0,8.0,0.0,0.0,0.0,8.0,8.0
Kuldeep Singh,6,Defender,Haryana Steelers,True,False,False,Haryana Steelers,0.0,1.0,0.0,0.0,0.0,0.0,6.0,0.0,0.0,0.0,6.0,6.0
Anil Kumar,8,"Defender, left cover",Dabang Delhi K.C.,True,False,False,Dabang Delhi K.C.,0.0,0.88,0.0,0.0,0.0,0.0,7.0,0.0,0.0,0.0,7.0,7.0
Viraj Vishnu Landge,7,"Defender, left cover",Bengal Warriors,True,False,False,Bengal Warriors,0.0,0.86,0.0,0.0,0.0,0.0,6.0,0.0,0.0,0.0,6.0,6.0
Young Chang Ko,7,"Defender, left cover",U Mumba,True,False,False,U Mumba,0.0,0.86,0.0,0.0,0.0,0.0,4.0,0.0,0.0,2.0,6.0,6.0
Ashish Kumar,6,All Rounder,Bengaluru Bulls,False,False,True,Bengaluru Bulls,0.0,0.83,0.0,0.0,0.0,0.0,3.0,0.0,0.0,2.0,5.0,5.0
Sunil Siddhgavali,11,Defender,Jaipur Pink Panthers,True,False,False,Jaipur Pink Panthers,0.0,0.82,0.0,0.0,0.0,0.0,6.0,0.0,0.0,3.0,9.0,9.0
Jawahar Dagar,4,Defender,Patna Pirates,True,False,False,Patna Pirates,0.0,0.75,0.0,0.0,0.0,0.0,3.0,0.0,0.0,0.0,3.0,3.0
Sagar B Krishna,8,All Rounder,Puneri Paltan,False,False,True,Puneri Paltan,0.0,0.75,0.0,0.0,0.0,0.0,6.0,0.0,0.0,0.0,6.0,6.0
Parveen,6,"Defender, left cover",Haryana Steelers,True,False,False,Haryana Steelers,0.0,0.67,0.0,0.0,0.0,0.0,3.0,0.0,0.0,1.0,4.0,4.0
Ruturaj Shivaji Koravi,9,Defender,Gujarat Fortunegiants,True,False,False,Gujarat Fortunegiants,0.0,0.67,0.0,0.0,0.0,0.0,6.0,0.0,0.0,0.0,6.0,6.0
Sagar,7,"Defender, right corner",Tamil Thalaivas,True,False,False,Tamil Thalaivas,0.0,0.57,0.0,0.0,0.0,0.0,3.0,0.0,0.0,1.0,4.0,4.0
Vijay Kumar,8,"Defender, right corner",Bengaluru Bulls,True,False,False,Bengaluru Bulls,0.0,0.5,0.0,0.0,0.0,0.0,3.0,0.0,0.0,1.0,4.0,4.0
Ajay,6,Defender,Bengaluru Bulls,True,False,False,Bengaluru Bulls,0.0,0.33,0.0,0.0,0.0,0.0,2.0,0.0,0.0,0.0,2.0,2.0
Naveen Narwal,3,"Defender, right cover",Bengal Warriors,True,False,False,Bengal Warriors,0.0,0.33,0.0,0.0,0.0,0.0,1.0,0.0,0.0,0.0,1.0,1.0
Elavarasan A,1,"Defender, left cover",Jaipur Pink Panthers,True,False,False,Jaipur Pink Panthers,0.0,3.0,0.0,0.0,0.0,0.0,2.0,0.0,0.0,1.0,3.0,3.0
Sachin Kumar,9,All Rounder,U.P. Yoddha,False,False,True,U.P. Yoddha,0.0,0.22,0.0,0.0,0.0,0.0,2.0,0.0,0.0,0.0,2.0,2.0
Narender,3,All Rounder,U.P. Yoddha,False,False,True,U.P. Yoddha,0.0,0.0,0.0,0.0,0.0,0.0,0.0,0.0,0.0,0.0,0.0,0.0
Ravinder,1,All Rounder,Patna Pirates,False,False,True,Patna Pirates,0.0,0.0,0.0,0.0,0.0,0.0,2.0,0.0,0.0,1.0,3.0,3.0
Krushna Madane,4,Defender,Telugu Titans,True,False,False,Telugu Titans,0.0,0.0,0.0,0.0,0.0,0.0,2.0,0.0,0.0,0.0,2.0,2.0
Rajaguru Subramanian,3,"Defender, right cover",U Mumba,True,False,False,U Mumba,0.0,0.0,0.0,0.0,0.0,0.0,2.0,0.0,0.0,0.0,2.0,2.0
Mayur Shivtarkar,1,All Rounder,Bengal Warriors,False,False,True,Bengal Warriors,0.0,0.0,0.0,0.0,0.0,0.0,2.0,0.0,0.0,0.0,2.0,2.0
Kamal Singh,2,Raider,Telugu Titans,False,True,False,Telugu Titans,0.0,0.0,0.0,0.0,0.0,0.0,2.0,0.0,0.0,0.0,2.0,2.0
Aman,1,"Defender, left corner",Bengaluru Bulls,True,False,False,Bengaluru Bulls,0.0,0.0,0.0,0.0,0.0,0.0,1.0,0.0,0.0,0.0,1.0,1.0
Satywan,1,"Defender, left cover",Dabang Delhi K.C.,True,False,False,Dabang Delhi K.C.,0.0,0.0,0.0,0.0,0.0,0.0,1.0,0.0,0.0,0.0,1.0,1.0
Ponparthiban Subramanian,4,"Defender, right cover",Tamil Thalaivas,True,False,False,Tamil Thalaivas,0.0,0.0,0.0,0.0,0.0,0.0,1.0,0.0,0.0,0.0,1.0,1.0
Adarsh T,6,"Defender, left corner",Bengal Warriors,True,False,False,Bengal Warriors,0.0,0.0,0.0,0.0,0.0,0.0,1.0,0.0,0.0,0.0,1.0,1.0
Mohammad Taghi Paein Mahali,3,Raider,Bengal Warriors,False,True,False,Bengal Warriors,0.0,0.0,0.0,0.0,0.0,0.0,1.0,0.0,0.0,0.0,1.0,1.0
Darshan Kadian,2,Raider,Puneri Paltan,False,True,False,Puneri Paltan,0.0,0.0,0.0,0.0,0.0,0.0,0.0,0.0,0.0,0.0,0.0,0.0
R. Sriram,1,Raider,Puneri Paltan,False,True,False,Puneri Paltan,0.0,0.0,0.0,0.0,0.0,0.0,0.0,0.0,0.0,0.0,0.0,0.0
