name,matches,profile,team_x,defender,raider,allrounder,team_y,avg_raid_points,avg_tackle_points,do_or_die_raid_points,high_5s,raid_points,successful_raids,successful_tackles,super_10s,super_raids,super_tackles,tackle_points,total_points
Sandeep Kumar Dhull,5,"Defender, left corner",Jaipur Pink Panthers,True,False,False,Jaipur Pink Panthers,0.0,4.6,0.0,3.0,0.0,0.0,22.0,0.0,0.0,0.0,23.0,23.0
Sumit,5,"Defender, left corner",U.P. Yoddha,True,False,False,U.P. Yoddha,0.0,2.8,0.0,1.0,0.0,0.0,14.0,0.0,0.0,0.0,14.0,0.0
Sunil,3,"Defender, right corner",Haryana Steelers,True,False,False,Haryana Steelers,0.0,4.0,0.0,1.0,0.0,0.0,12.0,0.0,0.0,0.0,12.0,0.0
Saurabh Nandal,4,"Defender, left corner",Bengaluru Bulls,True,False,False,Bengaluru Bulls,0.0,0.0,0.0,1.0,0.0,0.0,0.0,0.0,0.0,0.0,0.0,0.0
Girish Maruti Ernak,5,"Defender, left corner",Puneri Paltan,True,False,False,Puneri Paltan,0.0,2.8,0.0,1.0,0.0,0.0,12.0,0.0,0.0,2.0,14.0,0.0
Parvesh Bhainswal,5,"Defender, left cover",Gujarat Fortunegiants,True,False,False,Gujarat Fortunegiants,0.0,2.6,0.0,1.0,0.0,0.0,12.0,0.0,0.0,0.0,13.0,0.0
Vishal Bhardwaj,6,Defender,Telugu Titans,True,False,False,Telugu Titans,0.0,2.83,0.0,1.0,0.0,0.0,14.0,0.0,0.0,3.0,17.0,0.0
Sunil Kumar,5,Defender,Gujarat Fortunegiants,True,False,False,Gujarat Fortunegiants,0.0,0.0,0.0,1.0,0.0,0.0,11.0,0.0,0.0,0.0,0.0,0.0
Pawan Kumar Sehrawat,5,Raider,Bengaluru Bulls,False,True,False,Bengaluru Bulls,14.0,0.0,0.0,0.0,70.0,54.0,0.0,3.0,3.0,0.0,0.0,74.0
Naveen Kumar,5,Raider,Dabang Delhi K.C.,False,True,False,Dabang Delhi K.C.,10.6,0.0,7.0,0.0,53.0,45.0,0.0,4.0,1.0,0.0,0.0,54.0
Pardeep Narwal,6,Raider,Patna Pirates,False,True,False,Patna Pirates,7.83,0.0,9.0,0.0,47.0,42.0,0.0,2.0,2.0,0.0,0.0,47.0
Manjeet Chhillar,5,All Rounder,Tamil Thalaivas,False,False,True,Tamil Thalaivas,0.0,4.4,0.0,2.0,0.0,0.0,20.0,0.0,0.0,2.0,22.0,0.0
Siddharth Sirish Desai,6,Raider,Telugu Titans,False,True,False,Telugu Titans,6.5,0.0,4.0,0.0,39.0,34.0,0.0,1.0,0.0,0.0,0.0,41.0
Rahul Chaudhari,5,Raider,Tamil Thalaivas,False,True,False,Tamil Thalaivas,7.8,0.0,10.0,0.0,39.0,33.0,0.0,2.0,0.0,0.0,0.0,43.0
Deepak Niwas Hooda,5,All Rounder,Jaipur Pink Panthers,False,False,True,Jaipur Pink Panthers,8.2,0.0,5.0,0.0,41.0,32.0,0.0,3.0,1.0,0.0,0.0,43.0
Maninder Singh,4,Raider,Bengal Warriors,False,True,False,Bengal Warriors,10.0,0.0,7.0,0.0,40.0,31.0,0.0,2.0,2.0,0.0,0.0,40.0
Abhishek Singh,6,Raider,U Mumba,False,True,False,U Mumba,5.83,0.0,14.0,0.0,35.0,30.0,0.0,1.0,0.0,0.0,0.0,36.0
Naveen,5,Raider,Haryana Steelers,False,True,False,Haryana Steelers,6.2,0.0,7.0,0.0,31.0,27.0,0.0,1.0,0.0,0.0,0.0,33.0
Chandran Ranjit,5,Raider,Dabang Delhi K.C.,False,True,False,Dabang Delhi K.C.,5.8,0.0,0.0,0.0,29.0,22.0,0.0,1.0,1.0,0.0,0.0,33.0
Rohit Gulia,5,All Rounder,Gujarat Fortunegiants,False,False,True,Gujarat Fortunegiants,5.6,0.0,4.0,0.0,28.0,21.0,0.0,1.0,0.0,0.0,0.0,30.0
Sachin Tanwar,5,Raider,Gujarat Fortunegiants,False,True,False,Gujarat Fortunegiants,5.0,0.0,10.0,0.0,25.0,20.0,0.0,0.0,0.0,0.0,0.0,26.0
Deepak Narwal,5,Raider,Jaipur Pink Panthers,False,True,False,Jaipur Pink Panthers,4.8,0.0,8.0,0.0,24.0,20.0,0.0,0.0,0.0,0.0,0.0,25.0
Amit Hooda,5,"Defender, right corner",Jaipur Pink Panthers,True,False,False,Jaipur Pink Panthers,0.0,3.2,0.0,2.0,0.0,0.0,15.0,0.0,0.0,0.0,16.0,0.0
K. Prapanjan,4,Raider,Bengal Warriors,False,True,False,Bengal Warriors,6.0,0.0,0.0,0.0,24.0,18.0,0.0,1.0,0.0,0.0,0.0,24.0
Pawan Kumar Kadian,5,Raider,Puneri Paltan,False,True,False,Puneri Paltan,4.6,0.0,5.0,0.0,23.0,18.0,0.0,1.0,0.0,0.0,0.0,23.0
Monu Goyat,5,Raider,U.P. Yoddha,False,True,False,U.P. Yoddha,0.0,0.0,0.0,0.0,0.0,18.0,0.0,0.0,0.0,0.0,0.0,0.0
Mohammad Esmaeil Nabibakhsh,4,All Rounder,Bengal Warriors,False,False,True,Bengal Warriors,6.0,0.0,0.0,0.0,24.0,17.0,0.0,1.0,2.0,0.0,0.0,28.0
Suraj Desai,4,Raider,Telugu Titans,False,True,False,Telugu Titans,7.33,0.0,0.0,0.0,22.0,16.0,0.0,1.0,1.0,0.0,0.0,23.0
Ajay Thakur,5,Raider,Tamil Thalaivas,False,True,False,Tamil Thalaivas,0.0,0.0,0.0,0.0,20.0,15.0,0.0,0.0,1.0,0.0,0.0,0.0
More GB,5,Raider,Gujarat Fortunegiants,False,True,False,Gujarat Fortunegiants,0.0,2.4,0.0,0.0,0.0,14.0,12.0,0.0,0.0,0.0,12.0,28.0
Jaideep,6,"Defender, left corner",Patna Pirates,True,False,False,Patna Pirates,0.0,3.5,0.0,2.0,0.0,0.0,19.0,0.0,0.0,2.0,21.0,0.0
Vikash Kandola,2,Raider,Haryana Steelers,False,True,False,Haryana Steelers,8.5,0.0,7.0,0.0,0.0,0.0,0.0,1.0,0.0,0.0,0.0,0.0
Baldev Singh,4,"Defender, right corner",Bengal Warriors,True,False,False,Bengal Warriors,0.0,4.0,0.0,2.0,0.0,0.0,13.0,0.0,0.0,3.0,16.0,0.0
Pankaj Mohite,3,Raider,Puneri Paltan,False,True,False,Puneri Paltan,5.67,0.0,9.0,0.0,0.0,0.0,0.0,0.0,1.0,0.0,0.0,0.0
Nitin Rawal,1,All Rounder,Jaipur Pink Panthers,False,False,True,Jaipur Pink Panthers,5.0,0.0,0.0,0.0,0.0,0.0,0.0,0.0,0.0,0.0,0.0,0.0
Surinder Singh,6,Defender,U Mumba,True,False,False,U Mumba,0.0,3.33,0.0,1.0,0.0,0.0,19.0,0.0,1.0,1.0,20.0,24.0
Mahender Singh,5,"Defender, left cover",Bengaluru Bulls,True,False,False,Bengaluru Bulls,0.0,3.8,0.0,1.0,0.0,0.0,14.0,0.0,0.0,5.0,19.0,0.0
Amit Sheoran,5,Defender,Bengaluru Bulls,True,False,False,Bengaluru Bulls,0.0,0.0,0.0,1.0,0.0,0.0,0.0,0.0,0.0,2.0,11.0,0.0
Rinku Narwal,4,Defender,Bengal Warriors,True,False,False,Bengal Warriors,0.0,2.75,0.0,1.0,0.0,0.0,11.0,0.0,0.0,0.0,0.0,0.0
Joginder Singh Narwal,5,"Defender, left corner",Dabang Delhi K.C.,True,False,False,Dabang Delhi K.C.,0.0,2.8,0.0,0.0,0.0,0.0,11.0,0.0,0.0,3.0,14.0,0.0
Nitesh Kumar,5,Defender,U.P. Yoddha,True,False,False,U.P. Yoddha,0.0,2.6,0.0,0.0,0.0,0.0,11.0,0.0,0.0,2.0,13.0,0.0
Fazel Atrachali,6,"Defender, left corner",U Mumba,True,False,False,U Mumba,0.0,2.5,0.0,0.0,0.0,0.0,14.0,0.0,0.0,0.0,15.0,0.0
Viraj Vishnu Landge,2,"Defender, left cover",Bengal Warriors,True,False,False,Bengal Warriors,0.0,2.5,0.0,0.0,0.0,0.0,0.0,0.0,0.0,0.0,0.0,0.0
Manjeet,5,Raider,Puneri Paltan,False,True,False,Puneri Paltan,0.0,2.4,0.0,0.0,0.0,0.0,12.0,0.0,0.0,0.0,12.0,0.0
Mohit Chhillar,5,"Defender, right corner",Tamil Thalaivas,True,False,False,Tamil Thalaivas,0.0,2.4,0.0,0.0,0.0,0.0,12.0,0.0,0.0,0.0,12.0,0.0
Vinay,5,Raider,Haryana Steelers,False,True,False,Haryana Steelers,0.0,0.0,5.0,0.0,20.0,0.0,0.0,0.0,1.0,0.0,0.0,0.0
Rohit Baliyan,6,Raider,U Mumba,False,True,False,U Mumba,0.0,0.0,4.0,0.0,19.0,0.0,0.0,0.0,1.0,0.0,0.0,0.0
Amit Kumar,5,Raider,Puneri Paltan,False,True,False,Puneri Paltan,0.0,0.0,6.0,0.0,0.0,0.0,0.0,0.0,0.0,0.0,0.0,0.0
Dong Geon Lee,3,Raider,U Mumba,False,True,False,U Mumba,0.0,0.0,4.0,0.0,0.0,0.0,0.0,0.0,0.0,0.0,0.0,0.0
Rajnish,3,Raider,Telugu Titans,False,True,False,Telugu Titans,0.0,0.0,4.0,0.0,0.0,0.0,0.0,0.0,0.0,0.0,0.0,0.0
Sachin Narwal,5,All Rounder,Jaipur Pink Panthers,False,False,True,Jaipur Pink Panthers,0.0,0.0,3.0,0.0,0.0,0.0,0.0,0.0,0.0,0.0,0.0,0.0
Sonu Jaglan,5,Raider,Gujarat Fortunegiants,False,True,False,Gujarat Fortunegiants,0.0,0.0,0.0,0.0,0.0,0.0,0.0,0.0,2.0,0.0,0.0,0.0
Selvamani K,4,Raider,Haryana Steelers,False,True,False,Haryana Steelers,0.0,0.0,0.0,0.0,0.0,0.0,0.0,0.0,1.0,0.0,0.0,0.0
Armaan,2,All Rounder,Telugu Titans,False,False,True,Telugu Titans,0.0,0.0,0.0,0.0,0.0,0.0,0.0,0.0,1.0,0.0,0.0,0.0
Dharmaraj Cheralathan,5,"Defender, right and left corner",Haryana Steelers,True,False,False,Haryana Steelers,0.0,0.0,0.0,0.0,0.0,0.0,0.0,0.0,0.0,0.0,11.0,0.0
Monu,6,Raider,Patna Pirates,False,True,False,Patna Pirates,0.0,0.0,0.0,0.0,0.0,0.0,0.0,0.0,0.0,3.0,0.0,0.0
PO Surjeet Singh,5,"Defender, right cover",Puneri Paltan,True,False,False,Puneri Paltan,0.0,0.0,0.0,0.0,0.0,0.0,0.0,0.0,0.0,2.0,0.0,0.0
Hadi Oshtorak,6,All Rounder,Patna Pirates,False,False,True,Patna Pirates,0.0,0.0,0.0,0.0,0.0,0.0,0.0,0.0,0.0,2.0,0.0,0.0
Ashish Kumar,4,All Rounder,Bengaluru Bulls,False,False,True,Bengaluru Bulls,0.0,0.0,0.0,0.0,0.0,0.0,0.0,0.0,0.0,2.0,0.0,0.0
Sandeep Narwal,6,All Rounder,U Mumba,False,False,True,U Mumba,0.0,0.0,0.0,0.0,0.0,0.0,0.0,0.0,0.0,2.0,0.0,0.0
Jadhav Balasaheb Shahaji,4,"Defender, right cover",Puneri Paltan,True,False,False,Puneri Paltan,0.0,0.0,0.0,0.0,0.0,0.0,0.0,0.0,0.0,2.0,0.0,0.0
Ankit,5,"Defender, right corner",Gujarat Fortunegiants,True,False,False,Gujarat Fortunegiants,0.0,0.0,0.0,0.0,0.0,0.0,0.0,0.0,0.0,2.0,0.0,0.0
Young Chang Ko,5,"Defender, left cover",U Mumba,True,False,False,U Mumba,0.0,0.0,0.0,0.0,0.0,0.0,0.0,0.0,0.0,2.0,0.0,0.0
Vijay Kumar,4,"Defender, right corner",Bengaluru Bulls,True,False,False,Bengaluru Bulls,0.0,0.0,0.0,0.0,0.0,0.0,0.0,0.0,0.0,1.0,0.0,0.0
Mohammad Esmaeil Maghsoudlou Mahalli,6,Raider,Patna Pirates,False,True,False,Patna Pirates,0.0,0.0,0.0,0.0,0.0,0.0,0.0,0.0,0.0,1.0,0.0,0.0
