name,matches,profile,team_x,defender,raider,allrounder,team_y,avg_raid_points,avg_tackle_points,do_or_die_raid_points,high_5s,raid_points,successful_raids,successful_tackles,super_10s,super_raids,super_tackles,tackle_points,total_points
Sandeep Kumar Dhull,7,"Defender, left corner",Jaipur Pink Panthers,True,False,False,Jaipur Pink Panthers,0.0,4.29,0.0,3.0,0.0,0.0,29.0,0.0,0.0,1.0,30.0,30.0
Vishal Bhardwaj,8,Defender,Telugu Titans,True,False,False,Telugu Titans,0.0,3.25,0.0,2.0,0.0,0.0,23.0,0.0,0.0,3.0,26.0,26.0
Surinder Singh,8,Defender,U Mumba,True,False,False,U Mumba,0.0,3.0,0.0,1.0,4.0,1.0,23.0,0.0,1.0,1.0,24.0,28.0
Amit,8,"Defender, left cover",U.P. Yoddha,True,False,False,U.P. Yoddha,0.5,1.38,0.0,0.0,2.0,1.0,10.0,0.0,0.0,1.0,11.0,13.0
Saurabh Nandal,7,"Defender, left corner",Bengaluru Bulls,True,False,False,Bengaluru Bulls,0.0,2.14,0.0,2.0,1.0,1.0,13.0,0.0,0.0,2.0,15.0,16.0
Purna Singh,2,Raider,Patna Pirates,False,True,False,Patna Pirates,0.0,0.0,0.0,0.0,2.0,1.0,0.0,0.0,0.0,0.0,0.0,2.0
Shubham Shinde,7,"Defender, right corner",Puneri Paltan,True,False,False,Puneri Paltan,0.0,1.0,0.0,0.0,1.0,1.0,6.0,0.0,0.0,1.0,7.0,8.0
Manjeet Chhillar,7,All Rounder,Tamil Thalaivas,False,False,True,Tamil Thalaivas,0.2,3.71,0.0,2.0,1.0,0.0,24.0,0.0,0.0,2.0,26.0,27.0
Mohit Chhillar,7,"Defender, right corner",Tamil Thalaivas,True,False,False,Tamil Thalaivas,0.0,2.57,0.0,1.0,0.0,0.0,17.0,0.0,0.0,1.0,18.0,18.0
Girish Maruti Ernak,7,"Defender, left corner",Puneri Paltan,True,False,False,Puneri Paltan,0.0,2.57,0.0,1.0,0.0,0.0,15.0,0.0,0.0,3.0,18.0,18.0
Vikas Kale,7,"Defender, right cover",Haryana Steelers,True,False,False,Haryana Steelers,0.0,2.14,0.0,1.0,0.0,0.0,15.0,0.0,0.0,0.0,15.0,15.0
Neeraj Kumar,8,"Defender, right cover",Patna Pirates,True,False,False,Patna Pirates,0.0,2.38,0.0,1.0,0.0,0.0,18.0,0.0,0.0,1.0,19.0,19.0
Pankaj,1,All Rounder,Gujarat Fortunegiants,False,False,True,Gujarat Fortunegiants,0.0,6.0,0.0,1.0,0.0,0.0,6.0,0.0,0.0,0.0,6.0,6.0
Mahender Singh,7,"Defender, left cover",Bengaluru Bulls,True,False,False,Bengaluru Bulls,0.0,3.14,0.0,1.0,0.0,0.0,17.0,0.0,0.0,5.0,22.0,22.0
Amit Sheoran,8,Defender,Bengaluru Bulls,True,False,False,Bengaluru Bulls,0.0,2.0,0.0,1.0,0.0,0.0,14.0,0.0,0.0,2.0,16.0,16.0
Sunil Kumar,9,Defender,Gujarat Fortunegiants,True,False,False,Gujarat Fortunegiants,0.0,2.78,0.0,3.0,0.0,0.0,21.0,0.0,0.0,4.0,25.0,25.0
Rinku Narwal,8,Defender,Bengal Warriors,True,False,False,Bengal Warriors,0.0,2.5,0.0,1.0,0.0,0.0,20.0,0.0,0.0,0.0,20.0,20.0
Pawan Kumar Sehrawat,8,Raider,Bengaluru Bulls,False,True,False,Bengaluru Bulls,12.25,1.13,4.0,0.0,98.0,79.0,8.0,5.0,3.0,1.0,9.0,107.0
Naveen Kumar,7,Raider,Dabang Delhi K.C.,False,True,False,Dabang Delhi K.C.,10.71,0.0,9.0,0.0,75.0,65.0,1.0,6.0,1.0,0.0,1.0,76.0
Pardeep Narwal,8,Raider,Patna Pirates,False,True,False,Patna Pirates,8.13,0.0,13.0,0.0,65.0,59.0,0.0,3.0,2.0,0.0,0.0,65.0
Maninder Singh,8,Raider,Bengal Warriors,False,True,False,Bengal Warriors,7.25,0.0,9.0,0.0,58.0,48.0,0.0,2.0,2.0,0.0,0.0,58.0
Siddharth Sirish Desai,8,Raider,Telugu Titans,False,True,False,Telugu Titans,6.25,0.0,4.0,0.0,50.0,45.0,2.0,1.0,0.0,0.0,2.0,52.0
Deepak Niwas Hooda,7,All Rounder,Jaipur Pink Panthers,False,False,True,Jaipur Pink Panthers,7.86,0.71,11.0,0.0,55.0,44.0,5.0,3.0,1.0,0.0,5.0,60.0
K. Prapanjan,8,Raider,Bengal Warriors,False,True,False,Bengal Warriors,6.38,0.0,9.0,0.0,51.0,38.0,1.0,2.0,2.0,0.0,1.0,52.0
Rahul Chaudhari,7,Raider,Tamil Thalaivas,False,True,False,Tamil Thalaivas,6.29,0.71,12.0,0.0,44.0,37.0,5.0,2.0,0.0,0.0,5.0,49.0
Chandran Ranjit,7,Raider,Dabang Delhi K.C.,False,True,False,Dabang Delhi K.C.,6.14,0.57,5.0,0.0,43.0,34.0,3.0,1.0,2.0,1.0,4.0,47.0
Baldev Singh,8,"Defender, right corner",Bengal Warriors,True,False,False,Bengal Warriors,0.0,3.0,0.0,3.0,0.0,0.0,21.0,0.0,0.0,3.0,24.0,24.0
Sachin Tanwar,9,Raider,Gujarat Fortunegiants,False,True,False,Gujarat Fortunegiants,4.78,0.0,12.0,0.0,43.0,34.0,1.0,0.0,0.0,0.0,1.0,44.0
Rohit Gulia,9,All Rounder,Gujarat Fortunegiants,False,False,True,Gujarat Fortunegiants,5.0,0.33,7.0,0.0,45.0,34.0,3.0,1.0,0.0,0.0,3.0,48.0
Vikash Kandola,4,Raider,Haryana Steelers,False,True,False,Haryana Steelers,10.0,0.0,10.0,0.0,40.0,33.0,2.0,3.0,0.0,0.0,2.0,42.0
Abhishek Singh,6,Raider,U Mumba,False,True,False,U Mumba,5.83,0.0,14.0,0.0,35.0,30.0,1.0,1.0,0.0,0.0,1.0,36.0
Naveen,7,Raider,Haryana Steelers,False,True,False,Haryana Steelers,5.14,0.29,7.0,0.0,36.0,30.0,2.0,1.0,0.0,0.0,2.0,38.0
Monu Goyat,8,Raider,U.P. Yoddha,False,True,False,U.P. Yoddha,4.13,0.38,4.0,0.0,33.0,29.0,2.0,0.0,0.0,1.0,3.0,36.0
Mohammad Esmaeil Nabibakhsh,8,All Rounder,Bengal Warriors,False,False,True,Bengal Warriors,4.75,1.13,2.0,0.0,38.0,29.0,7.0,1.0,2.0,2.0,9.0,47.0
Rohit Kumar,8,Raider,Bengaluru Bulls,False,True,False,Bengaluru Bulls,4.13,0.38,5.0,0.0,33.0,26.0,3.0,1.0,0.0,0.0,3.0,36.0
Ajay Thakur,7,Raider,Tamil Thalaivas,False,True,False,Tamil Thalaivas,4.71,0.0,5.0,0.0,33.0,24.0,0.0,0.0,2.0,0.0,0.0,33.0
Pankaj Mohite,5,Raider,Puneri Paltan,False,True,False,Puneri Paltan,6.2,0.2,10.0,0.0,31.0,24.0,1.0,0.0,1.0,0.0,1.0,32.0
Sumit,8,"Defender, left corner",U.P. Yoddha,True,False,False,U.P. Yoddha,0.0,3.25,0.0,2.0,2.0,1.0,26.0,0.0,0.0,0.0,26.0,28.0
Shrikant Jadhav,8,Raider,U.P. Yoddha,False,True,False,U.P. Yoddha,3.75,0.38,7.0,0.0,30.0,23.0,3.0,0.0,0.0,0.0,3.0,33.0
Suraj Desai,6,Raider,Telugu Titans,False,True,False,Telugu Titans,6.2,0.17,3.0,0.0,31.0,23.0,1.0,1.0,1.0,0.0,1.0,32.0
Deepak Narwal,7,Raider,Jaipur Pink Panthers,False,True,False,Jaipur Pink Panthers,3.57,0.0,8.0,0.0,25.0,21.0,1.0,0.0,0.0,0.0,1.0,26.0
Arjun Deshwal,7,Raider,U Mumba,False,True,False,U Mumba,3.71,0.0,5.0,0.0,26.0,21.0,0.0,1.0,0.0,0.0,0.0,26.0
Vinay,7,Raider,Haryana Steelers,False,True,False,Haryana Steelers,3.86,0.0,5.0,0.0,27.0,20.0,2.0,0.0,1.0,0.0,2.0,29.0
Rohit Baliyan,8,Raider,U Mumba,False,True,False,U Mumba,3.63,0.38,6.0,0.0,29.0,19.0,2.0,0.0,2.0,1.0,3.0,32.0
Pawan Kumar Kadian,5,Raider,Puneri Paltan,False,True,False,Puneri Paltan,4.6,0.0,5.0,0.0,23.0,18.0,0.0,1.0,0.0,0.0,0.0,23.0
Manjeet,7,Raider,Puneri Paltan,False,True,False,Puneri Paltan,2.86,1.86,3.0,0.0,20.0,18.0,13.0,0.0,0.0,0.0,13.0,33.0
More GB,8,Raider,Gujarat Fortunegiants,False,True,False,Gujarat Fortunegiants,2.63,1.5,4.0,0.0,21.0,18.0,12.0,0.0,0.0,0.0,12.0,33.0
Sonu Jaglan,8,Raider,Gujarat Fortunegiants,False,True,False,Gujarat Fortunegiants,2.63,0.0,3.0,0.0,21.0,16.0,1.0,0.0,2.0,1.0,2.0,23.0
Sunil,5,"Defender, right corner",Haryana Steelers,True,False,False,Haryana Steelers,0.0,3.6,0.0,2.0,0.0,0.0,18.0,0.0,0.0,0.0,18.0,18.0
Jang Kun Lee,8,Raider,Patna Pirates,False,True,False,Patna Pirates,2.13,0.0,8.0,0.0,17.0,15.0,1.0,0.0,0.0,0.0,1.0,18.0
Sumit Singh,6,Raider,Bengaluru Bulls,False,True,False,Bengaluru Bulls,2.33,0.5,3.0,0.0,14.0,11.0,2.0,0.0,0.0,1.0,3.0,17.0
Mohammad Esmaeil Maghsoudlou Mahalli,8,Raider,Patna Pirates,False,True,False,Patna Pirates,1.88,0.5,3.0,0.0,15.0,11.0,3.0,0.0,0.0,1.0,4.0,19.0
Athul MS,5,Raider,U Mumba,False,True,False,U Mumba,2.8,0.0,2.0,0.0,14.0,10.0,0.0,0.0,0.0,0.0,0.0,14.0
Amit Kumar,6,Raider,Puneri Paltan,False,True,False,Puneri Paltan,2.5,1.17,6.0,0.0,15.0,10.0,7.0,0.0,0.0,0.0,7.0,22.0
Amit Kumar,6,Raider,Puneri Paltan,False,True,False,Telugu Titans,0.2,1.6,1.0,0.0,1.0,1.0,7.0,0.0,0.0,1.0,8.0,9.0
Amit Kumar,5,Raider,Telugu Titans,False,True,False,Puneri Paltan,2.5,1.17,6.0,0.0,15.0,10.0,7.0,0.0,0.0,0.0,7.0,22.0
Amit Kumar,5,Raider,Telugu Titans,False,True,False,Telugu Titans,0.2,1.6,1.0,0.0,1.0,1.0,7.0,0.0,0.0,1.0,8.0,9.0
Shabeer Bappu,7,Raider,Tamil Thalaivas,False,True,False,Tamil Thalaivas,2.0,0.29,3.0,0.0,14.0,10.0,2.0,0.0,0.0,0.0,2.0,16.0
Nitin Tomar,2,Raider,Puneri Paltan,False,True,False,Puneri Paltan,5.5,0.0,0.0,0.0,11.0,9.0,0.0,0.0,0.0,0.0,0.0,11.0
Rajnish,3,Raider,Telugu Titans,False,True,False,Telugu Titans,3.67,0.0,4.0,0.0,11.0,9.0,1.0,0.0,0.0,0.0,1.0,12.0
Nitin Rawal,3,All Rounder,Jaipur Pink Panthers,False,False,True,Jaipur Pink Panthers,3.33,0.0,1.0,0.0,10.0,9.0,3.0,0.0,0.0,0.0,3.0,13.0
V. Ajith Kumar,5,Raider,Tamil Thalaivas,False,True,False,Tamil Thalaivas,2.0,0.0,1.0,0.0,8.0,8.0,0.0,0.0,0.0,0.0,0.0,8.0
Monu,8,Raider,Patna Pirates,False,True,False,Patna Pirates,1.75,1.63,1.0,0.0,7.0,7.0,9.0,0.0,0.0,4.0,13.0,20.0
Dong Geon Lee,4,Raider,U Mumba,False,True,False,U Mumba,2.5,0.0,4.0,0.0,10.0,7.0,0.0,0.0,0.0,0.0,0.0,10.0
Rishank Devadiga,5,Raider,U.P. Yoddha,False,True,False,U.P. Yoddha,1.6,0.0,1.0,0.0,8.0,7.0,0.0,0.0,0.0,0.0,0.0,8.0
Nilesh Salunke,6,Raider,Jaipur Pink Panthers,False,True,False,Jaipur Pink Panthers,1.5,0.0,2.0,0.0,9.0,6.0,0.0,0.0,0.0,0.0,0.0,9.0
Farhad Rahimi Milaghardan,8,All Rounder,Telugu Titans,False,False,True,Telugu Titans,0.75,1.75,1.0,0.0,6.0,6.0,14.0,0.0,0.0,0.0,14.0,20.0
Selvamani K,4,Raider,Haryana Steelers,False,True,False,Haryana Steelers,2.33,0.0,0.0,0.0,7.0,5.0,2.0,0.0,1.0,0.0,2.0,9.0
Surender Singh,3,Raider,U.P. Yoddha,False,True,False,U.P. Yoddha,3.0,0.0,4.0,0.0,9.0,5.0,0.0,0.0,0.0,0.0,0.0,9.0
Meraj Sheykh,4,All Rounder,Dabang Delhi K.C.,False,False,True,Dabang Delhi K.C.,2.0,0.0,2.0,0.0,8.0,5.0,1.0,0.0,0.0,0.0,1.0,9.0
Sushant Sail,3,Raider,Puneri Paltan,False,True,False,Puneri Paltan,2.33,0.0,1.0,0.0,7.0,5.0,0.0,0.0,0.0,0.0,0.0,7.0
Ajinkya Ashok Pawar,6,Raider,Jaipur Pink Panthers,False,True,False,Jaipur Pink Panthers,1.2,0.0,3.0,0.0,6.0,5.0,0.0,0.0,0.0,0.0,0.0,6.0
Amit Hooda,7,"Defender, right corner",Jaipur Pink Panthers,True,False,False,Jaipur Pink Panthers,0.0,3.0,0.0,2.0,0.0,0.0,20.0,0.0,0.0,1.0,21.0,21.0
Sachin Narwal,6,All Rounder,Jaipur Pink Panthers,False,False,True,Jaipur Pink Panthers,1.0,0.0,3.0,0.0,5.0,4.0,0.0,0.0,0.0,0.0,0.0,5.0
Mohit Sehrawat,5,"Defender, right cover",Bengaluru Bulls,True,False,False,Bengaluru Bulls,1.0,0.6,3.0,0.0,5.0,4.0,2.0,0.0,0.0,1.0,3.0,8.0
Harmanjit Singh,2,Raider,Gujarat Fortunegiants,False,True,False,Gujarat Fortunegiants,2.0,0.0,0.0,0.0,4.0,4.0,0.0,0.0,0.0,0.0,0.0,4.0
Sandeep Narwal,8,All Rounder,U Mumba,False,False,True,U Mumba,0.71,2.0,0.0,0.0,5.0,4.0,13.0,0.0,0.0,3.0,16.0,21.0
Surender Gill,5,Raider,U.P. Yoddha,False,True,False,U.P. Yoddha,1.4,0.0,3.0,0.0,7.0,4.0,1.0,0.0,0.0,1.0,2.0,9.0
Ankit Beniwal,2,Raider,Telugu Titans,False,True,False,Telugu Titans,1.5,0.0,0.0,0.0,3.0,3.0,0.0,0.0,0.0,0.0,0.0,3.0
Armaan,4,All Rounder,Telugu Titans,False,False,True,Telugu Titans,1.5,0.0,1.0,0.0,6.0,3.0,0.0,0.0,1.0,0.0,0.0,6.0
Azad Singh,3,Raider,U.P. Yoddha,False,True,False,U.P. Yoddha,1.67,0.0,0.0,0.0,5.0,3.0,0.0,0.0,0.0,0.0,0.0,5.0
Mohsen Maghsoudloujafari,6,All Rounder,U.P. Yoddha,False,False,True,U.P. Yoddha,0.67,0.0,2.0,0.0,4.0,3.0,1.0,0.0,0.0,0.0,1.0,5.0
Banty,4,Raider,Bengaluru Bulls,False,True,False,Bengaluru Bulls,1.0,0.0,0.0,0.0,4.0,3.0,0.0,0.0,0.0,0.0,0.0,4.0
Jaideep,8,"Defender, left corner",Patna Pirates,True,False,False,Patna Pirates,0.0,3.25,0.0,2.0,0.0,0.0,24.0,0.0,0.0,2.0,26.0,26.0
Ashish,3,Raider,Patna Pirates,False,True,False,Patna Pirates,1.0,0.0,0.0,0.0,3.0,2.0,0.0,0.0,0.0,0.0,0.0,3.0
Palle Mallikarjun,2,Raider,Telugu Titans,False,True,False,Telugu Titans,1.0,0.0,0.0,0.0,2.0,2.0,0.0,0.0,0.0,0.0,0.0,2.0
Rakesh Gowda,3,Raider,Telugu Titans,False,True,False,Telugu Titans,1.0,0.0,1.0,0.0,3.0,2.0,1.0,0.0,0.0,1.0,2.0,5.0
Vijay,6,All Rounder,Dabang Delhi K.C.,False,False,True,Dabang Delhi K.C.,0.4,0.5,0.0,0.0,2.0,2.0,3.0,0.0,0.0,0.0,3.0,5.0
Vinod Kumar,4,All Rounder,Gujarat Fortunegiants,False,False,True,Gujarat Fortunegiants,0.67,0.0,0.0,0.0,2.0,2.0,0.0,0.0,0.0,0.0,0.0,2.0
Gurvinder Singh,1,Raider,Gujarat Fortunegiants,False,True,False,Gujarat Fortunegiants,0.0,0.0,0.0,0.0,3.0,2.0,0.0,0.0,0.0,0.0,0.0,3.0
Ran Singh,7,All Rounder,Tamil Thalaivas,False,False,True,Tamil Thalaivas,0.75,2.0,0.0,0.0,3.0,2.0,14.0,0.0,0.0,0.0,14.0,17.0
Prashanth Kumar Rai,1,Raider,Haryana Steelers,False,True,False,Haryana Steelers,3.0,0.0,2.0,0.0,3.0,2.0,0.0,0.0,0.0,0.0,0.0,3.0
Sukesh Hegde,3,Raider,Bengal Warriors,False,True,False,Bengal Warriors,1.0,0.0,0.0,0.0,3.0,2.0,0.0,0.0,0.0,0.0,0.0,3.0
Vikas Jaglan,8,All Rounder,Patna Pirates,False,False,True,Patna Pirates,0.29,0.88,1.0,0.0,2.0,1.0,7.0,0.0,0.0,0.0,7.0,9.0
Parvesh Bhainswal,9,"Defender, left cover",Gujarat Fortunegiants,True,False,False,Gujarat Fortunegiants,0.0,2.56,0.0,2.0,0.0,0.0,21.0,0.0,0.0,2.0,23.0,23.0
C. Arun,8,"Defender, left cover",Telugu Titans,True,False,False,Telugu Titans,0.0,0.88,0.0,0.0,2.0,1.0,7.0,0.0,0.0,0.0,7.0,9.0
Fazel Atrachali,8,"Defender, left corner",U Mumba,True,False,False,U Mumba,0.5,2.5,0.0,0.0,2.0,1.0,19.0,0.0,0.0,1.0,20.0,22.0
Rakesh Narwal,1,Raider,Bengal Warriors,False,True,False,Bengal Warriors,0.0,0.0,0.0,0.0,3.0,1.0,0.0,0.0,0.0,0.0,0.0,3.0
Hadi Tajik,3,"Defender, right corner",Puneri Paltan,True,False,False,Puneri Paltan,0.0,0.0,0.0,0.0,1.0,1.0,1.0,0.0,0.0,1.0,2.0,3.0
PO Surjeet Singh,7,"Defender, right cover",Puneri Paltan,True,False,False,Puneri Paltan,0.33,1.86,0.0,0.0,2.0,1.0,10.0,0.0,0.0,3.0,13.0,15.0
Ajinkya Rohidas Kapre,2,All Rounder,U Mumba,False,False,True,U Mumba,0.0,0.0,0.0,0.0,1.0,1.0,0.0,0.0,0.0,0.0,0.0,1.0
Arun Kumar HN,2,Raider,Haryana Steelers,False,True,False,Haryana Steelers,0.0,0.0,0.0,0.0,2.0,1.0,0.0,0.0,0.0,0.0,0.0,2.0
Aman Kadian,1,Raider,Dabang Delhi K.C.,False,True,False,Dabang Delhi K.C.,0.0,0.0,0.0,0.0,1.0,1.0,0.0,0.0,0.0,0.0,0.0,1.0
Joginder Singh Narwal,7,"Defender, left corner",Dabang Delhi K.C.,True,False,False,Dabang Delhi K.C.,0.0,2.71,0.0,0.0,0.0,0.0,15.0,0.0,0.0,4.0,19.0,19.0
Vishal,7,All Rounder,Jaipur Pink Panthers,False,False,True,Jaipur Pink Panthers,0.0,2.29,0.0,0.0,0.0,0.0,16.0,0.0,0.0,0.0,16.0,16.0
Dharmaraj Cheralathan,7,"Defender, right and left corner",Haryana Steelers,True,False,False,Haryana Steelers,0.0,2.29,0.0,0.0,0.0,0.0,14.0,0.0,0.0,2.0,16.0,16.0
Nitesh Kumar,8,Defender,U.P. Yoddha,True,False,False,U.P. Yoddha,0.0,2.25,0.0,0.0,1.0,0.0,16.0,0.0,0.0,2.0,18.0,19.0
Jeeva Kumar,7,"Defender, right and left cover",Bengal Warriors,True,False,False,Bengal Warriors,0.0,2.14,0.0,0.0,0.0,0.0,14.0,0.0,0.0,1.0,15.0,15.0
Ravinder Pahal,7,"Defender, right corner",Dabang Delhi K.C.,True,False,False,Dabang Delhi K.C.,0.0,1.86,0.0,0.0,0.0,0.0,13.0,0.0,0.0,0.0,13.0,13.0
Abozar Mohajermighani,8,Defender,Telugu Titans,True,False,False,Telugu Titans,0.0,1.63,0.0,0.0,1.0,0.0,13.0,0.0,0.0,0.0,13.0,14.0
Hadi Oshtorak,8,All Rounder,Patna Pirates,False,False,True,Patna Pirates,0.2,1.5,0.0,0.0,1.0,0.0,10.0,0.0,0.0,2.0,12.0,13.0
Ashu Singh,8,"Defender, right cover",U.P. Yoddha,True,False,False,U.P. Yoddha,0.0,1.5,0.0,0.0,0.0,0.0,12.0,0.0,0.0,0.0,12.0,12.0
Ajeet,7,"Defender, right cover",Tamil Thalaivas,True,False,False,Tamil Thalaivas,0.0,1.43,0.0,0.0,0.0,0.0,9.0,0.0,0.0,1.0,10.0,10.0
Jadhav Balasaheb Shahaji,5,"Defender, right cover",Puneri Paltan,True,False,False,Puneri Paltan,0.0,1.4,0.0,0.0,0.0,0.0,4.0,0.0,0.0,3.0,7.0,7.0
Sanket Sawant,5,"Defender, left cover",Puneri Paltan,True,False,False,Puneri Paltan,0.0,1.4,0.0,0.0,0.0,0.0,7.0,0.0,0.0,0.0,7.0,7.0
Saeid Ghaffari,6,"Defender, left cover",Dabang Delhi K.C.,True,False,False,Dabang Delhi K.C.,0.0,1.33,0.0,0.0,0.0,0.0,8.0,0.0,0.0,0.0,8.0,8.0
Ankit,8,"Defender, right corner",Gujarat Fortunegiants,True,False,False,Bengaluru Bulls,0.0,0.0,0.0,0.0,0.0,0.0,2.0,0.0,0.0,0.0,2.0,2.0
Ankit,8,"Defender, right corner",Gujarat Fortunegiants,True,False,False,Gujarat Fortunegiants,0.0,1.25,0.0,0.0,0.0,0.0,8.0,0.0,0.0,2.0,10.0,10.0
Ankit,1,Defender,Bengaluru Bulls,True,False,False,Bengaluru Bulls,0.0,0.0,0.0,0.0,0.0,0.0,2.0,0.0,0.0,0.0,2.0,2.0
Ankit,1,Defender,Bengaluru Bulls,True,False,False,Gujarat Fortunegiants,0.0,1.25,0.0,0.0,0.0,0.0,8.0,0.0,0.0,2.0,10.0,10.0
Sumit Malik,8,"Defender, left corner",Gujarat Fortunegiants,True,False,False,Gujarat Fortunegiants,0.0,1.25,0.0,0.0,0.0,0.0,10.0,0.0,0.0,0.0,10.0,10.0
Viraj Vishnu Landge,5,"Defender, left cover",Bengal Warriors,True,False,False,Bengal Warriors,0.0,1.2,0.0,0.0,0.0,0.0,6.0,0.0,0.0,0.0,6.0,6.0
Kuldeep Singh,5,Defender,Haryana Steelers,True,False,False,Haryana Steelers,0.0,1.2,0.0,0.0,0.0,0.0,6.0,0.0,0.0,0.0,6.0,6.0
Ravi Kumar,5,"Defender, right cover",Haryana Steelers,True,False,False,Haryana Steelers,0.0,1.2,0.0,0.0,0.0,0.0,5.0,0.0,0.0,1.0,6.0,6.0
Vishal Mane,7,"Defender, right cover",Dabang Delhi K.C.,True,False,False,Dabang Delhi K.C.,0.0,1.14,0.0,0.0,0.0,0.0,8.0,0.0,0.0,0.0,8.0,8.0
Parveen,4,"Defender, left cover",Haryana Steelers,True,False,False,Haryana Steelers,0.0,1.0,0.0,0.0,0.0,0.0,3.0,0.0,0.0,1.0,4.0,4.0
Ashish Kumar,5,All Rounder,Bengaluru Bulls,False,False,True,Bengaluru Bulls,0.0,1.0,0.0,0.0,0.0,0.0,3.0,0.0,0.0,2.0,5.0,5.0
Young Chang Ko,7,"Defender, left cover",U Mumba,True,False,False,U Mumba,0.0,0.86,0.0,0.0,0.0,0.0,4.0,0.0,0.0,2.0,6.0,6.0
Vijay Kumar,6,"Defender, right corner",Bengaluru Bulls,True,False,False,Bengaluru Bulls,0.0,0.67,0.0,0.0,0.0,0.0,3.0,0.0,0.0,1.0,4.0,4.0
Anil Kumar,3,"Defender, left cover",Dabang Delhi K.C.,True,False,False,Dabang Delhi K.C.,0.0,0.33,0.0,0.0,0.0,0.0,1.0,0.0,0.0,0.0,1.0,1.0
Sunil Siddhgavali,6,Defender,Jaipur Pink Panthers,True,False,False,Jaipur Pink Panthers,0.0,0.33,0.0,0.0,0.0,0.0,2.0,0.0,0.0,0.0,2.0,2.0
Ruturaj Shivaji Koravi,7,Defender,Gujarat Fortunegiants,True,False,False,Gujarat Fortunegiants,0.0,0.29,0.0,0.0,0.0,0.0,2.0,0.0,0.0,0.0,2.0,2.0
Harendra Kumar,6,"Defender, left cover",U Mumba,True,False,False,U Mumba,0.0,0.0,0.0,0.0,0.0,0.0,0.0,0.0,0.0,0.0,0.0,0.0
Narender,2,All Rounder,U.P. Yoddha,False,False,True,U.P. Yoddha,0.0,0.0,0.0,0.0,0.0,0.0,0.0,0.0,0.0,0.0,0.0,0.0
Abolfazl Maghsodloumahali,4,Raider,Gujarat Fortunegiants,False,True,False,Gujarat Fortunegiants,0.0,0.0,1.0,0.0,1.0,0.0,0.0,0.0,0.0,0.0,0.0,1.0
Vineet Sharma,2,Raider,Tamil Thalaivas,False,True,False,Tamil Thalaivas,0.0,0.0,0.0,0.0,1.0,0.0,0.0,0.0,0.0,0.0,0.0,1.0
Adarsh T,4,"Defender, left corner",Bengal Warriors,True,False,False,Bengal Warriors,0.0,0.0,0.0,0.0,0.0,0.0,1.0,0.0,0.0,0.0,1.0,1.0
Ajay,3,Defender,Bengaluru Bulls,True,False,False,Bengaluru Bulls,0.0,0.0,0.0,0.0,0.0,0.0,1.0,0.0,0.0,0.0,1.0,1.0
Aman,1,"Defender, left corner",Bengaluru Bulls,True,False,False,Bengaluru Bulls,0.0,0.0,0.0,0.0,0.0,0.0,1.0,0.0,0.0,0.0,1.0,1.0
Mohammad Taghi Paein Mahali,2,Raider,Bengal Warriors,False,True,False,Bengal Warriors,0.0,0.0,0.0,0.0,0.0,0.0,1.0,0.0,0.0,0.0,1.0,1.0
Vijin Thangadurai,2,"Defender, right cover",Bengal Warriors,True,False,False,Bengal Warriors,0.0,0.0,0.0,0.0,0.0,0.0,1.0,0.0,0.0,0.0,1.0,1.0
Sachin Kumar,5,All Rounder,U.P. Yoddha,False,False,True,U.P. Yoddha,0.0,0.0,0.0,0.0,0.0,0.0,1.0,0.0,0.0,0.0,1.0,1.0
Pavan T. R.,3,"Defender, right cover",Jaipur Pink Panthers,True,False,False,Jaipur Pink Panthers,0.0,0.0,0.0,0.0,0.0,0.0,3.0,0.0,0.0,0.0,3.0,3.0
Ravinder,1,All Rounder,Patna Pirates,False,False,True,Patna Pirates,0.0,0.0,0.0,0.0,0.0,0.0,2.0,0.0,0.0,1.0,3.0,3.0
Krushna Madane,2,Defender,Telugu Titans,True,False,False,Telugu Titans,0.0,0.0,0.0,0.0,0.0,0.0,2.0,0.0,0.0,0.0,2.0,2.0
Kamal Singh,1,Raider,Telugu Titans,False,True,False,Telugu Titans,0.0,0.0,0.0,0.0,0.0,0.0,2.0,0.0,0.0,0.0,2.0,2.0
R. Sriram,1,Raider,Puneri Paltan,False,True,False,Puneri Paltan,0.0,0.0,0.0,0.0,0.0,0.0,0.0,0.0,0.0,0.0,0.0,0.0
