name,matches,profile,team_x,defender,raider,allrounder,team_y,avg_raid_points,avg_tackle_points,do_or_die_raid_points,high_5s,raid_points,successful_raids,successful_tackles,super_10s,super_raids,super_tackles,tackle_points,total_points
Sandeep Kumar Dhull,5,"Defender, left corner",Jaipur Pink Panthers,True,False,False,Jaipur Pink Panthers,0.0,4.6,0.0,3.0,0.0,0.0,22.0,0.0,0.0,0.0,23.0,0.0
Manjeet Chhillar,6,All Rounder,Tamil Thalaivas,False,False,True,Tamil Thalaivas,0.0,4.33,0.0,2.0,0.0,0.0,24.0,0.0,0.0,2.0,26.0,0.0
Mohit Chhillar,6,"Defender, right corner",Tamil Thalaivas,True,False,False,Tamil Thalaivas,0.0,2.83,0.0,1.0,0.0,0.0,16.0,0.0,0.0,0.0,17.0,0.0
Girish Maruti Ernak,6,"Defender, left corner",Puneri Paltan,True,False,False,Puneri Paltan,0.0,3.0,0.0,1.0,0.0,0.0,15.0,0.0,0.0,3.0,18.0,0.0
Vikas Kale,7,"Defender, right cover",Haryana Steelers,True,False,False,Haryana Steelers,0.0,0.0,0.0,1.0,0.0,0.0,15.0,0.0,0.0,0.0,15.0,0.0
Saurabh Nandal,6,"Defender, left corner",Bengaluru Bulls,True,False,False,Bengaluru Bulls,0.0,0.0,0.0,1.0,0.0,0.0,0.0,0.0,0.0,0.0,0.0,0.0
Neeraj Kumar,7,"Defender, right cover",Patna Pirates,True,False,False,Patna Pirates,0.0,2.71,0.0,1.0,0.0,0.0,18.0,0.0,0.0,0.0,19.0,0.0
Surinder Singh,7,Defender,U Mumba,True,False,False,U Mumba,0.0,3.43,0.0,1.0,0.0,0.0,23.0,0.0,1.0,0.0,24.0,0.0
Mahender Singh,7,"Defender, left cover",Bengaluru Bulls,True,False,False,Bengaluru Bulls,0.0,3.14,0.0,1.0,0.0,0.0,17.0,0.0,0.0,5.0,22.0,0.0
Amit Sheoran,7,Defender,Bengaluru Bulls,True,False,False,Bengaluru Bulls,0.0,0.0,0.0,1.0,0.0,0.0,0.0,0.0,0.0,2.0,0.0,0.0
Rinku Narwal,7,Defender,Bengal Warriors,True,False,False,Bengal Warriors,0.0,2.43,0.0,1.0,0.0,0.0,17.0,0.0,0.0,0.0,17.0,0.0
Sunil Kumar,8,Defender,Gujarat Fortunegiants,True,False,False,Gujarat Fortunegiants,0.0,2.88,0.0,3.0,0.0,0.0,19.0,0.0,0.0,4.0,23.0,0.0
Pawan Kumar Sehrawat,7,Raider,Bengaluru Bulls,False,True,False,Bengaluru Bulls,12.43,0.0,0.0,0.0,87.0,68.0,0.0,4.0,3.0,0.0,0.0,96.0
Naveen Kumar,6,Raider,Dabang Delhi K.C.,False,True,False,Dabang Delhi K.C.,10.67,0.0,8.0,0.0,64.0,56.0,0.0,5.0,1.0,0.0,0.0,65.0
Pardeep Narwal,7,Raider,Patna Pirates,False,True,False,Patna Pirates,8.43,0.0,13.0,0.0,59.0,53.0,0.0,3.0,2.0,0.0,0.0,59.0
Maninder Singh,7,Raider,Bengal Warriors,False,True,False,Bengal Warriors,7.86,0.0,9.0,0.0,55.0,46.0,0.0,2.0,2.0,0.0,0.0,55.0
Siddharth Sirish Desai,8,Raider,Telugu Titans,False,True,False,Telugu Titans,6.25,0.0,0.0,0.0,50.0,45.0,0.0,1.0,0.0,0.0,0.0,52.0
Rahul Chaudhari,6,Raider,Tamil Thalaivas,False,True,False,Tamil Thalaivas,7.0,0.0,12.0,0.0,42.0,35.0,0.0,2.0,0.0,0.0,0.0,47.0
Vikash Kandola,4,Raider,Haryana Steelers,False,True,False,Haryana Steelers,10.0,0.0,10.0,0.0,40.0,33.0,0.0,3.0,0.0,0.0,0.0,42.0
Deepak Niwas Hooda,5,All Rounder,Jaipur Pink Panthers,False,False,True,Jaipur Pink Panthers,8.2,0.0,5.0,0.0,41.0,32.0,0.0,3.0,1.0,0.0,0.0,43.0
Rohit Gulia,8,All Rounder,Gujarat Fortunegiants,False,False,True,Gujarat Fortunegiants,5.38,0.0,7.0,0.0,43.0,32.0,0.0,1.0,0.0,0.0,0.0,45.0
Sachin Tanwar,8,Raider,Gujarat Fortunegiants,False,True,False,Gujarat Fortunegiants,5.0,0.0,10.0,0.0,40.0,32.0,0.0,0.0,0.0,0.0,0.0,41.0
Baldev Singh,7,"Defender, right corner",Bengal Warriors,True,False,False,Bengal Warriors,0.0,3.43,0.0,3.0,0.0,0.0,21.0,0.0,0.0,3.0,24.0,0.0
K. Prapanjan,7,Raider,Bengal Warriors,False,True,False,Bengal Warriors,5.86,0.0,7.0,0.0,41.0,31.0,0.0,1.0,1.0,0.0,0.0,42.0
Abhishek Singh,6,Raider,U Mumba,False,True,False,U Mumba,5.83,0.0,14.0,0.0,35.0,30.0,0.0,1.0,0.0,0.0,0.0,36.0
Naveen,7,Raider,Haryana Steelers,False,True,False,Haryana Steelers,5.14,0.0,7.0,0.0,36.0,30.0,0.0,1.0,0.0,0.0,0.0,38.0
Monu Goyat,8,Raider,U.P. Yoddha,False,True,False,U.P. Yoddha,0.0,0.0,0.0,0.0,33.0,29.0,0.0,0.0,0.0,0.0,0.0,36.0
Chandran Ranjit,6,Raider,Dabang Delhi K.C.,False,True,False,Dabang Delhi K.C.,6.17,0.0,0.0,0.0,37.0,29.0,0.0,1.0,1.0,0.0,0.0,41.0
Mohammad Esmaeil Nabibakhsh,7,All Rounder,Bengal Warriors,False,False,True,Bengal Warriors,5.0,0.0,0.0,0.0,35.0,26.0,0.0,1.0,2.0,2.0,0.0,44.0
Rohit Kumar,7,Raider,Bengaluru Bulls,False,True,False,Bengaluru Bulls,0.0,0.0,0.0,0.0,31.0,24.0,0.0,1.0,0.0,0.0,0.0,34.0
Shrikant Jadhav,8,Raider,U.P. Yoddha,False,True,False,U.P. Yoddha,0.0,0.0,7.0,0.0,30.0,23.0,0.0,0.0,0.0,0.0,0.0,33.0
Suraj Desai,6,Raider,Telugu Titans,False,True,False,Telugu Titans,6.2,0.0,0.0,0.0,31.0,23.0,0.0,1.0,1.0,0.0,0.0,32.0
Ajay Thakur,6,Raider,Tamil Thalaivas,False,True,False,Tamil Thalaivas,4.83,0.0,5.0,0.0,29.0,20.0,0.0,0.0,2.0,0.0,0.0,0.0
Sumit,8,"Defender, left corner",U.P. Yoddha,True,False,False,U.P. Yoddha,0.0,3.25,0.0,2.0,0.0,0.0,26.0,0.0,0.0,0.0,26.0,0.0
Nitin Tomar,1,Raider,Puneri Paltan,False,True,False,Puneri Paltan,8.0,0.0,0.0,0.0,0.0,0.0,0.0,0.0,0.0,0.0,0.0,0.0
Sunil,5,"Defender, right corner",Haryana Steelers,True,False,False,Haryana Steelers,0.0,3.6,0.0,2.0,0.0,0.0,18.0,0.0,0.0,0.0,18.0,0.0
Pankaj Mohite,4,Raider,Puneri Paltan,False,True,False,Puneri Paltan,5.75,0.0,9.0,0.0,0.0,0.0,0.0,0.0,1.0,0.0,0.0,0.0
Nitin Rawal,1,All Rounder,Jaipur Pink Panthers,False,False,True,Jaipur Pink Panthers,5.0,0.0,0.0,0.0,0.0,0.0,0.0,0.0,0.0,0.0,0.0,0.0
Amit Hooda,5,"Defender, right corner",Jaipur Pink Panthers,True,False,False,Jaipur Pink Panthers,0.0,3.2,0.0,2.0,0.0,0.0,15.0,0.0,0.0,0.0,16.0,0.0
Jaideep,7,"Defender, left corner",Patna Pirates,True,False,False,Patna Pirates,0.0,3.43,0.0,2.0,0.0,0.0,22.0,0.0,0.0,0.0,24.0,0.0
Parvesh Bhainswal,8,"Defender, left cover",Gujarat Fortunegiants,True,False,False,Gujarat Fortunegiants,0.0,2.88,0.0,2.0,0.0,0.0,21.0,0.0,0.0,2.0,23.0,0.0
Vishal Bhardwaj,8,Defender,Telugu Titans,True,False,False,Telugu Titans,0.0,3.25,0.0,2.0,0.0,0.0,23.0,0.0,0.0,3.0,26.0,0.0
Arjun Deshwal,6,Raider,U Mumba,False,True,False,U Mumba,0.0,0.0,0.0,0.0,0.0,0.0,0.0,1.0,0.0,0.0,0.0,0.0
Joginder Singh Narwal,6,"Defender, left corner",Dabang Delhi K.C.,True,False,False,Dabang Delhi K.C.,0.0,2.5,0.0,0.0,0.0,0.0,0.0,0.0,0.0,3.0,0.0,0.0
Fazel Atrachali,7,"Defender, left corner",U Mumba,True,False,False,U Mumba,0.0,2.43,0.0,0.0,0.0,0.0,16.0,0.0,0.0,0.0,17.0,0.0
Dharmaraj Cheralathan,7,"Defender, right and left corner",Haryana Steelers,True,False,False,Haryana Steelers,0.0,2.29,0.0,0.0,0.0,0.0,14.0,0.0,0.0,2.0,16.0,0.0
Nitesh Kumar,8,Defender,U.P. Yoddha,True,False,False,U.P. Yoddha,0.0,2.25,0.0,0.0,0.0,0.0,16.0,0.0,0.0,2.0,18.0,0.0
Pawan Kumar Kadian,5,Raider,Puneri Paltan,False,True,False,Puneri Paltan,0.0,0.0,5.0,0.0,0.0,0.0,0.0,1.0,0.0,0.0,0.0,0.0
Amit Kumar,6,Raider,Puneri Paltan,False,True,False,Puneri Paltan,0.0,0.0,6.0,0.0,0.0,0.0,0.0,0.0,0.0,0.0,0.0,0.0
Jang Kun Lee,7,Raider,Patna Pirates,False,True,False,Patna Pirates,0.0,0.0,6.0,0.0,0.0,0.0,0.0,0.0,0.0,0.0,0.0,0.0
Rohit Baliyan,7,Raider,U Mumba,False,True,False,U Mumba,0.0,0.0,5.0,0.0,0.0,0.0,0.0,0.0,1.0,0.0,0.0,0.0
Vinay,7,Raider,Haryana Steelers,False,True,False,Haryana Steelers,0.0,0.0,5.0,0.0,0.0,0.0,0.0,0.0,1.0,0.0,0.0,0.0
Sonu Jaglan,7,Raider,Gujarat Fortunegiants,False,True,False,Gujarat Fortunegiants,0.0,0.0,0.0,0.0,0.0,0.0,0.0,0.0,2.0,0.0,0.0,0.0
Selvamani K,4,Raider,Haryana Steelers,False,True,False,Haryana Steelers,0.0,0.0,0.0,0.0,0.0,0.0,0.0,0.0,1.0,0.0,0.0,0.0
Armaan,4,All Rounder,Telugu Titans,False,False,True,Telugu Titans,0.0,0.0,0.0,0.0,0.0,0.0,0.0,0.0,1.0,0.0,0.0,0.0
Deepak Narwal,5,Raider,Jaipur Pink Panthers,False,True,False,Jaipur Pink Panthers,0.0,0.0,8.0,0.0,0.0,0.0,0.0,0.0,0.0,0.0,0.0,0.0
Monu,7,Raider,Patna Pirates,False,True,False,Patna Pirates,0.0,0.0,0.0,0.0,0.0,0.0,0.0,0.0,0.0,4.0,0.0,0.0
PO Surjeet Singh,6,"Defender, right cover",Puneri Paltan,True,False,False,Puneri Paltan,0.0,0.0,0.0,0.0,0.0,0.0,0.0,0.0,0.0,2.0,0.0,0.0
Hadi Oshtorak,7,All Rounder,Patna Pirates,False,False,True,Patna Pirates,0.0,0.0,0.0,0.0,0.0,0.0,0.0,0.0,0.0,2.0,0.0,0.0
Ashish Kumar,5,All Rounder,Bengaluru Bulls,False,False,True,Bengaluru Bulls,0.0,0.0,0.0,0.0,0.0,0.0,0.0,0.0,0.0,2.0,0.0,0.0
Sandeep Narwal,7,All Rounder,U Mumba,False,False,True,U Mumba,0.0,0.0,0.0,0.0,0.0,0.0,0.0,0.0,0.0,2.0,0.0,0.0
Young Chang Ko,6,"Defender, left cover",U Mumba,True,False,False,U Mumba,0.0,0.0,0.0,0.0,0.0,0.0,0.0,0.0,0.0,2.0,0.0,0.0
Jadhav Balasaheb Shahaji,4,"Defender, right cover",Puneri Paltan,True,False,False,Puneri Paltan,0.0,0.0,0.0,0.0,0.0,0.0,0.0,0.0,0.0,2.0,0.0,0.0
Ankit,8,"Defender, right corner",Gujarat Fortunegiants,True,False,False,Gujarat Fortunegiants,0.0,0.0,0.0,0.0,0.0,0.0,0.0,0.0,0.0,2.0,0.0,0.0
More GB,7,Raider,Gujarat Fortunegiants,False,True,False,Gujarat Fortunegiants,0.0,0.0,0.0,0.0,0.0,0.0,0.0,0.0,0.0,0.0,0.0,31.0
