name,matches,profile,team_x,defender,raider,allrounder,team_y,avg_raid_points,avg_tackle_points,do_or_die_raid_points,high_5s,raid_points,successful_raids,successful_tackles,super_10s,super_raids,super_tackles,tackle_points,total_points
Sandeep Kumar Dhull,8,"Defender, left corner",Jaipur Pink Panthers,True,False,False,Jaipur Pink Panthers,0.0,3.88,0.0,3.0,0.0,0.0,30.0,0.0,0.0,1.0,31.0,31.0
Manjeet Chhillar,7,All Rounder,Tamil Thalaivas,False,False,True,Tamil Thalaivas,0.2,3.71,0.0,2.0,1.0,0.0,24.0,0.0,0.0,2.0,26.0,27.0
PO Surjeet Singh,8,"Defender, right cover",Puneri Paltan,True,False,False,Puneri Paltan,0.29,2.5,0.0,1.0,2.0,1.0,16.0,0.0,0.0,4.0,20.0,22.0
Surinder Singh,9,Defender,U Mumba,True,False,False,U Mumba,0.0,2.78,0.0,1.0,4.0,1.0,24.0,0.0,1.0,1.0,25.0,29.0
Amit,9,"Defender, left cover",U.P. Yoddha,True,False,False,U.P. Yoddha,0.5,1.33,0.0,0.0,2.0,1.0,11.0,0.0,0.0,1.0,12.0,14.0
Ajinkya Rohidas Kapre,2,All Rounder,U Mumba,False,False,True,U Mumba,0.0,0.0,0.0,0.0,1.0,1.0,0.0,0.0,0.0,0.0,0.0,1.0
Arun Kumar HN,2,Raider,Haryana Steelers,False,True,False,Haryana Steelers,0.0,0.0,0.0,0.0,2.0,1.0,0.0,0.0,0.0,0.0,0.0,2.0
Sumit,9,"Defender, left corner",U.P. Yoddha,True,False,False,U.P. Yoddha,0.0,3.33,0.0,2.0,2.0,1.0,30.0,0.0,0.0,0.0,30.0,32.0
Aman Kadian,1,Raider,Dabang Delhi K.C.,False,True,False,Dabang Delhi K.C.,0.0,0.0,0.0,0.0,1.0,1.0,0.0,0.0,0.0,0.0,0.0,1.0
Amit Hooda,8,"Defender, right corner",Jaipur Pink Panthers,True,False,False,Jaipur Pink Panthers,0.0,2.75,0.0,2.0,0.0,0.0,21.0,0.0,0.0,1.0,22.0,22.0
Mohit Chhillar,8,"Defender, right corner",Tamil Thalaivas,True,False,False,Tamil Thalaivas,0.0,2.63,0.0,1.0,0.0,0.0,20.0,0.0,0.0,1.0,21.0,21.0
Girish Maruti Ernak,8,"Defender, left corner",Puneri Paltan,True,False,False,Puneri Paltan,0.0,2.38,0.0,1.0,0.0,0.0,16.0,0.0,0.0,3.0,19.0,19.0
Vikas Kale,8,"Defender, right cover",Haryana Steelers,True,False,False,Haryana Steelers,0.0,1.88,0.0,1.0,0.0,0.0,15.0,0.0,0.0,0.0,15.0,15.0
Neeraj Kumar,8,"Defender, right cover",Patna Pirates,True,False,False,Patna Pirates,0.0,2.38,0.0,1.0,0.0,0.0,18.0,0.0,0.0,1.0,19.0,19.0
Pankaj,1,All Rounder,Gujarat Fortunegiants,False,False,True,Gujarat Fortunegiants,0.0,6.0,0.0,1.0,0.0,0.0,6.0,0.0,0.0,0.0,6.0,6.0
Mahender Singh,7,"Defender, left cover",Bengaluru Bulls,True,False,False,Bengaluru Bulls,0.0,3.14,0.0,1.0,0.0,0.0,17.0,0.0,0.0,5.0,22.0,22.0
Baldev Singh,8,"Defender, right corner",Bengal Warriors,True,False,False,Bengal Warriors,0.0,3.0,0.0,3.0,0.0,0.0,21.0,0.0,0.0,3.0,24.0,24.0
Amit Sheoran,8,Defender,Bengaluru Bulls,True,False,False,Bengaluru Bulls,0.0,2.0,0.0,1.0,0.0,0.0,14.0,0.0,0.0,2.0,16.0,16.0
Rinku Narwal,8,Defender,Bengal Warriors,True,False,False,Bengal Warriors,0.0,2.5,0.0,1.0,0.0,0.0,20.0,0.0,0.0,0.0,20.0,20.0
Pawan Kumar Sehrawat,8,Raider,Bengaluru Bulls,False,True,False,Bengaluru Bulls,12.25,1.13,4.0,0.0,98.0,79.0,8.0,5.0,3.0,1.0,9.0,107.0
Naveen Kumar,7,Raider,Dabang Delhi K.C.,False,True,False,Dabang Delhi K.C.,10.71,0.0,9.0,0.0,75.0,65.0,1.0,6.0,1.0,0.0,1.0,76.0
Siddharth Sirish Desai,9,Raider,Telugu Titans,False,True,False,Telugu Titans,7.56,0.0,10.0,0.0,68.0,59.0,2.0,2.0,0.0,0.0,2.0,70.0
Pardeep Narwal,8,Raider,Patna Pirates,False,True,False,Patna Pirates,8.13,0.0,13.0,0.0,65.0,59.0,0.0,3.0,2.0,0.0,0.0,65.0
Deepak Niwas Hooda,8,All Rounder,Jaipur Pink Panthers,False,False,True,Jaipur Pink Panthers,8.0,0.63,12.0,0.0,64.0,50.0,5.0,3.0,2.0,0.0,5.0,69.0
Maninder Singh,8,Raider,Bengal Warriors,False,True,False,Bengal Warriors,7.25,0.0,9.0,0.0,58.0,48.0,0.0,2.0,2.0,0.0,0.0,58.0
Vikash Kandola,6,Raider,Haryana Steelers,False,True,False,Haryana Steelers,9.67,0.0,12.0,0.0,58.0,47.0,2.0,3.0,2.0,0.0,2.0,60.0
Rahul Chaudhari,8,Raider,Tamil Thalaivas,False,True,False,Tamil Thalaivas,6.5,0.63,13.0,0.0,52.0,45.0,5.0,2.0,0.0,0.0,5.0,57.0
Sunil Kumar,9,Defender,Gujarat Fortunegiants,True,False,False,Gujarat Fortunegiants,0.0,2.78,0.0,3.0,0.0,0.0,21.0,0.0,0.0,4.0,25.0,25.0
K. Prapanjan,8,Raider,Bengal Warriors,False,True,False,Bengal Warriors,6.38,0.0,9.0,0.0,51.0,38.0,1.0,2.0,2.0,0.0,1.0,52.0
Abhishek Singh,7,Raider,U Mumba,False,True,False,U Mumba,5.86,0.0,15.0,0.0,41.0,36.0,1.0,1.0,0.0,0.0,1.0,42.0
Naveen,9,Raider,Haryana Steelers,False,True,False,Haryana Steelers,4.78,0.22,9.0,0.0,43.0,35.0,2.0,1.0,0.0,0.0,2.0,45.0
Rohit Gulia,9,All Rounder,Gujarat Fortunegiants,False,False,True,Gujarat Fortunegiants,5.0,0.33,7.0,0.0,45.0,34.0,3.0,1.0,0.0,0.0,3.0,48.0
Sachin Tanwar,9,Raider,Gujarat Fortunegiants,False,True,False,Gujarat Fortunegiants,4.78,0.0,12.0,0.0,43.0,34.0,1.0,0.0,0.0,0.0,1.0,44.0
Chandran Ranjit,7,Raider,Dabang Delhi K.C.,False,True,False,Dabang Delhi K.C.,6.14,0.57,5.0,0.0,43.0,34.0,3.0,1.0,2.0,1.0,4.0,47.0
Pankaj Mohite,6,Raider,Puneri Paltan,False,True,False,Puneri Paltan,6.33,0.17,11.0,0.0,38.0,31.0,1.0,0.0,1.0,0.0,1.0,39.0
Suraj Desai,7,Raider,Telugu Titans,False,True,False,Telugu Titans,6.17,0.14,3.0,0.0,37.0,29.0,1.0,1.0,1.0,0.0,1.0,38.0
Monu Goyat,8,Raider,U.P. Yoddha,False,True,False,U.P. Yoddha,4.13,0.38,4.0,0.0,33.0,29.0,2.0,0.0,0.0,1.0,3.0,36.0
Mohammad Esmaeil Nabibakhsh,8,All Rounder,Bengal Warriors,False,False,True,Bengal Warriors,4.75,1.13,2.0,0.0,38.0,29.0,7.0,1.0,2.0,2.0,9.0,47.0
Jaideep,8,"Defender, left corner",Patna Pirates,True,False,False,Patna Pirates,0.0,3.25,0.0,2.0,0.0,0.0,24.0,0.0,0.0,2.0,26.0,26.0
Shrikant Jadhav,9,Raider,U.P. Yoddha,False,True,False,U.P. Yoddha,4.11,0.33,10.0,0.0,37.0,28.0,3.0,0.0,0.0,0.0,3.0,40.0
Rohit Kumar,8,Raider,Bengaluru Bulls,False,True,False,Bengaluru Bulls,4.13,0.38,5.0,0.0,33.0,26.0,3.0,1.0,0.0,0.0,3.0,36.0
Ajay Thakur,8,Raider,Tamil Thalaivas,False,True,False,Tamil Thalaivas,4.25,0.0,5.0,0.0,34.0,25.0,0.0,0.0,2.0,0.0,0.0,34.0
Vinay,9,Raider,Haryana Steelers,False,True,False,Haryana Steelers,3.56,0.22,6.0,0.0,32.0,25.0,2.0,0.0,1.0,0.0,2.0,34.0
Deepak Narwal,8,Raider,Jaipur Pink Panthers,False,True,False,Jaipur Pink Panthers,3.38,0.0,9.0,0.0,27.0,23.0,1.0,0.0,0.0,0.0,1.0,28.0
Arjun Deshwal,8,Raider,U Mumba,False,True,False,U Mumba,3.63,0.0,7.0,0.0,29.0,23.0,0.0,1.0,0.0,0.0,0.0,29.0
Manjeet,8,Raider,Puneri Paltan,False,True,False,Puneri Paltan,3.0,1.75,6.0,0.0,24.0,21.0,14.0,0.0,0.0,0.0,14.0,38.0
Rohit Baliyan,9,Raider,U Mumba,False,True,False,U Mumba,3.22,0.33,6.0,0.0,29.0,19.0,2.0,0.0,2.0,1.0,3.0,32.0
Pawan Kumar Kadian,5,Raider,Puneri Paltan,False,True,False,Puneri Paltan,4.6,0.0,5.0,0.0,23.0,18.0,0.0,1.0,0.0,0.0,0.0,23.0
More GB,8,Raider,Gujarat Fortunegiants,False,True,False,Gujarat Fortunegiants,2.63,1.5,4.0,0.0,21.0,18.0,12.0,0.0,0.0,0.0,12.0,33.0
Sonu Jaglan,8,Raider,Gujarat Fortunegiants,False,True,False,Gujarat Fortunegiants,2.63,0.0,3.0,0.0,21.0,16.0,1.0,0.0,2.0,1.0,2.0,23.0
Jang Kun Lee,8,Raider,Patna Pirates,False,True,False,Patna Pirates,2.13,0.0,8.0,0.0,17.0,15.0,1.0,0.0,0.0,0.0,1.0,18.0
Nitin Tomar,3,Raider,Puneri Paltan,False,True,False,Puneri Paltan,5.0,0.0,0.0,0.0,15.0,13.0,1.0,0.0,0.0,0.0,1.0,16.0
V. Ajith Kumar,6,Raider,Tamil Thalaivas,False,True,False,Tamil Thalaivas,3.2,0.0,2.0,0.0,16.0,13.0,0.0,0.0,1.0,0.0,0.0,16.0
Athul MS,6,Raider,U Mumba,False,True,False,U Mumba,2.83,0.0,2.0,0.0,17.0,12.0,0.0,0.0,0.0,0.0,0.0,17.0
Mohammad Esmaeil Maghsoudlou Mahalli,8,Raider,Patna Pirates,False,True,False,Patna Pirates,1.88,0.5,3.0,0.0,15.0,11.0,3.0,0.0,0.0,1.0,4.0,19.0
Nitin Rawal,4,All Rounder,Jaipur Pink Panthers,False,False,True,Jaipur Pink Panthers,3.0,1.25,3.0,0.0,12.0,11.0,4.0,0.0,0.0,1.0,5.0,17.0
Sumit Singh,6,Raider,Bengaluru Bulls,False,True,False,Bengaluru Bulls,2.33,0.5,3.0,0.0,14.0,11.0,2.0,0.0,0.0,1.0,3.0,17.0
Rishank Devadiga,6,Raider,U.P. Yoddha,False,True,False,U.P. Yoddha,2.0,0.0,1.0,0.0,12.0,10.0,0.0,0.0,0.0,0.0,0.0,12.0
Shabeer Bappu,8,Raider,Tamil Thalaivas,False,True,False,Tamil Thalaivas,1.75,0.25,3.0,0.0,14.0,10.0,2.0,0.0,0.0,0.0,2.0,16.0
Sunil,7,"Defender, right corner",Haryana Steelers,True,False,False,Haryana Steelers,0.0,3.14,0.0,2.0,0.0,0.0,22.0,0.0,0.0,0.0,22.0,22.0
Amit Kumar,6,Raider,Puneri Paltan,False,True,False,Puneri Paltan,2.5,1.17,6.0,0.0,15.0,10.0,7.0,0.0,0.0,0.0,7.0,22.0
Amit Kumar,6,Raider,Puneri Paltan,False,True,False,Telugu Titans,0.17,1.33,1.0,0.0,1.0,1.0,7.0,0.0,0.0,1.0,8.0,9.0
Amit Kumar,6,Raider,Telugu Titans,False,True,False,Puneri Paltan,2.5,1.17,6.0,0.0,15.0,10.0,7.0,0.0,0.0,0.0,7.0,22.0
Amit Kumar,6,Raider,Telugu Titans,False,True,False,Telugu Titans,0.17,1.33,1.0,0.0,1.0,1.0,7.0,0.0,0.0,1.0,8.0,9.0
Surender Gill,6,Raider,U.P. Yoddha,False,True,False,U.P. Yoddha,2.33,0.0,7.0,0.0,14.0,9.0,2.0,0.0,0.0,1.0,3.0,17.0
Rajnish,4,Raider,Telugu Titans,False,True,False,Telugu Titans,2.75,0.0,4.0,0.0,11.0,9.0,1.0,0.0,0.0,0.0,1.0,12.0
Monu,8,Raider,Patna Pirates,False,True,False,Patna Pirates,1.75,1.63,1.0,0.0,7.0,7.0,9.0,0.0,0.0,4.0,13.0,20.0
Dong Geon Lee,4,Raider,U Mumba,False,True,False,U Mumba,2.5,0.0,4.0,0.0,10.0,7.0,0.0,0.0,0.0,0.0,0.0,10.0
Nilesh Salunke,7,Raider,Jaipur Pink Panthers,False,True,False,Jaipur Pink Panthers,1.43,0.0,2.0,0.0,10.0,7.0,0.0,0.0,0.0,0.0,0.0,10.0
Selvamani K,5,Raider,Haryana Steelers,False,True,False,Haryana Steelers,2.5,0.0,0.0,0.0,10.0,6.0,2.0,0.0,1.0,0.0,2.0,12.0
Farhad Rahimi Milaghardan,9,All Rounder,Telugu Titans,False,False,True,Telugu Titans,0.75,1.78,1.0,0.0,6.0,6.0,16.0,0.0,0.0,0.0,16.0,22.0
Surender Singh,3,Raider,U.P. Yoddha,False,True,False,U.P. Yoddha,3.0,0.0,4.0,0.0,9.0,5.0,0.0,0.0,0.0,0.0,0.0,9.0
Meraj Sheykh,4,All Rounder,Dabang Delhi K.C.,False,False,True,Dabang Delhi K.C.,2.0,0.0,2.0,0.0,8.0,5.0,1.0,0.0,0.0,0.0,1.0,9.0
Saurabh Nandal,7,"Defender, left corner",Bengaluru Bulls,True,False,False,Bengaluru Bulls,0.0,2.14,0.0,2.0,1.0,1.0,13.0,0.0,0.0,2.0,15.0,16.0
Prashanth Kumar Rai,3,Raider,Haryana Steelers,False,True,False,Haryana Steelers,2.33,0.0,2.0,0.0,7.0,5.0,0.0,0.0,0.0,0.0,0.0,7.0
Sandeep Narwal,9,All Rounder,U Mumba,False,False,True,U Mumba,0.88,2.11,2.0,0.0,7.0,5.0,15.0,0.0,0.0,4.0,19.0,26.0
Ajinkya Ashok Pawar,7,Raider,Jaipur Pink Panthers,False,True,False,Jaipur Pink Panthers,1.0,0.0,3.0,0.0,6.0,5.0,0.0,0.0,0.0,0.0,0.0,6.0
Sushant Sail,4,Raider,Puneri Paltan,False,True,False,Puneri Paltan,2.0,0.0,1.0,0.0,8.0,5.0,0.0,0.0,0.0,0.0,0.0,8.0
Harmanjit Singh,2,Raider,Gujarat Fortunegiants,False,True,False,Gujarat Fortunegiants,2.0,0.0,0.0,0.0,4.0,4.0,0.0,0.0,0.0,0.0,0.0,4.0
Sachin Narwal,7,All Rounder,Jaipur Pink Panthers,False,False,True,Jaipur Pink Panthers,0.83,0.0,3.0,0.0,5.0,4.0,0.0,0.0,0.0,0.0,0.0,5.0
Mohit Sehrawat,5,"Defender, right cover",Bengaluru Bulls,True,False,False,Bengaluru Bulls,1.0,0.6,3.0,0.0,5.0,4.0,2.0,0.0,0.0,1.0,3.0,8.0
Banty,4,Raider,Bengaluru Bulls,False,True,False,Bengaluru Bulls,1.0,0.0,0.0,0.0,4.0,3.0,0.0,0.0,0.0,0.0,0.0,4.0
Mohsen Maghsoudloujafari,7,All Rounder,U.P. Yoddha,False,False,True,U.P. Yoddha,0.67,0.43,2.0,0.0,4.0,3.0,2.0,0.0,0.0,1.0,3.0,7.0
Ankit Beniwal,2,Raider,Telugu Titans,False,True,False,Telugu Titans,1.5,0.0,0.0,0.0,3.0,3.0,0.0,0.0,0.0,0.0,0.0,3.0
Parvesh Bhainswal,9,"Defender, left cover",Gujarat Fortunegiants,True,False,False,Gujarat Fortunegiants,0.0,2.56,0.0,2.0,0.0,0.0,21.0,0.0,0.0,2.0,23.0,23.0
Armaan,4,All Rounder,Telugu Titans,False,False,True,Telugu Titans,1.5,0.0,1.0,0.0,6.0,3.0,0.0,0.0,1.0,0.0,0.0,6.0
Azad Singh,3,Raider,U.P. Yoddha,False,True,False,U.P. Yoddha,1.67,0.0,0.0,0.0,5.0,3.0,0.0,0.0,0.0,0.0,0.0,5.0
Vijay,6,All Rounder,Dabang Delhi K.C.,False,False,True,Dabang Delhi K.C.,0.4,0.5,0.0,0.0,2.0,2.0,3.0,0.0,0.0,0.0,3.0,5.0
Rakesh Gowda,3,Raider,Telugu Titans,False,True,False,Telugu Titans,1.0,0.0,1.0,0.0,3.0,2.0,1.0,0.0,0.0,1.0,2.0,5.0
Vinod Kumar,4,All Rounder,Gujarat Fortunegiants,False,False,True,Gujarat Fortunegiants,0.67,0.0,0.0,0.0,2.0,2.0,0.0,0.0,0.0,0.0,0.0,2.0
Ran Singh,8,All Rounder,Tamil Thalaivas,False,False,True,Tamil Thalaivas,0.75,2.25,0.0,0.0,3.0,2.0,18.0,0.0,0.0,0.0,18.0,21.0
Sukesh Hegde,3,Raider,Bengal Warriors,False,True,False,Bengal Warriors,1.0,0.0,0.0,0.0,3.0,2.0,0.0,0.0,0.0,0.0,0.0,3.0
Gurvinder Singh,1,Raider,Gujarat Fortunegiants,False,True,False,Gujarat Fortunegiants,0.0,0.0,0.0,0.0,3.0,2.0,0.0,0.0,0.0,0.0,0.0,3.0
Ashish,3,Raider,Patna Pirates,False,True,False,Patna Pirates,1.0,0.0,0.0,0.0,3.0,2.0,0.0,0.0,0.0,0.0,0.0,3.0
Palle Mallikarjun,2,Raider,Telugu Titans,False,True,False,Telugu Titans,1.0,0.0,0.0,0.0,2.0,2.0,0.0,0.0,0.0,0.0,0.0,2.0
Vishal Bhardwaj,9,Defender,Telugu Titans,True,False,False,Telugu Titans,0.0,3.22,0.0,2.0,0.0,0.0,26.0,0.0,0.0,3.0,29.0,29.0
Purna Singh,2,Raider,Patna Pirates,False,True,False,Patna Pirates,0.0,0.0,0.0,0.0,2.0,1.0,0.0,0.0,0.0,0.0,0.0,2.0
Shubham Shinde,7,"Defender, right corner",Puneri Paltan,True,False,False,Puneri Paltan,0.0,1.0,0.0,0.0,1.0,1.0,6.0,0.0,0.0,1.0,7.0,8.0
Chand Singh,2,"Defender, left corner",Haryana Steelers,True,False,False,Haryana Steelers,0.0,0.0,0.0,0.0,1.0,1.0,2.0,0.0,0.0,1.0,3.0,4.0
C. Arun,9,"Defender, left cover",Telugu Titans,True,False,False,Telugu Titans,0.0,1.0,0.0,0.0,2.0,1.0,9.0,0.0,0.0,0.0,9.0,11.0
Vikas Jaglan,8,All Rounder,Patna Pirates,False,False,True,Patna Pirates,0.29,0.88,1.0,0.0,2.0,1.0,7.0,0.0,0.0,0.0,7.0,9.0
Fazel Atrachali,9,"Defender, left corner",U Mumba,True,False,False,U Mumba,0.5,2.67,0.0,0.0,2.0,1.0,22.0,0.0,0.0,2.0,24.0,26.0
Rakesh Narwal,1,Raider,Bengal Warriors,False,True,False,Bengal Warriors,0.0,0.0,0.0,0.0,3.0,1.0,0.0,0.0,0.0,0.0,0.0,3.0
Hadi Tajik,4,"Defender, right corner",Puneri Paltan,True,False,False,Puneri Paltan,0.0,0.75,0.0,0.0,1.0,1.0,2.0,0.0,0.0,1.0,3.0,4.0
Joginder Singh Narwal,7,"Defender, left corner",Dabang Delhi K.C.,True,False,False,Dabang Delhi K.C.,0.0,2.71,0.0,0.0,0.0,0.0,15.0,0.0,0.0,4.0,19.0,19.0
Vishal,8,All Rounder,Jaipur Pink Panthers,False,False,True,Jaipur Pink Panthers,0.0,2.5,0.0,0.0,0.0,0.0,18.0,0.0,0.0,2.0,20.0,20.0
Nitesh Kumar,9,Defender,U.P. Yoddha,True,False,False,U.P. Yoddha,0.0,2.22,0.0,0.0,1.0,0.0,18.0,0.0,0.0,2.0,20.0,21.0
Jeeva Kumar,7,"Defender, right and left cover",Bengal Warriors,True,False,False,Bengal Warriors,0.0,2.14,0.0,0.0,0.0,0.0,14.0,0.0,0.0,1.0,15.0,15.0
Dharmaraj Cheralathan,9,"Defender, right and left corner",Haryana Steelers,True,False,False,Haryana Steelers,0.0,2.0,0.0,0.0,0.0,0.0,16.0,0.0,0.0,2.0,18.0,18.0
Ravinder Pahal,7,"Defender, right corner",Dabang Delhi K.C.,True,False,False,Dabang Delhi K.C.,0.0,1.86,0.0,0.0,0.0,0.0,13.0,0.0,0.0,0.0,13.0,13.0
Abozar Mohajermighani,9,Defender,Telugu Titans,True,False,False,Telugu Titans,0.0,1.78,0.0,0.0,1.0,0.0,16.0,0.0,0.0,0.0,16.0,17.0
Hadi Oshtorak,8,All Rounder,Patna Pirates,False,False,True,Patna Pirates,0.2,1.5,0.0,0.0,1.0,0.0,10.0,0.0,0.0,2.0,12.0,13.0
Ashu Singh,9,"Defender, right cover",U.P. Yoddha,True,False,False,U.P. Yoddha,0.0,1.44,0.0,0.0,0.0,0.0,13.0,0.0,0.0,0.0,13.0,13.0
Sanket Sawant,5,"Defender, left cover",Puneri Paltan,True,False,False,Puneri Paltan,0.0,1.4,0.0,0.0,0.0,0.0,7.0,0.0,0.0,0.0,7.0,7.0
Saeid Ghaffari,6,"Defender, left cover",Dabang Delhi K.C.,True,False,False,Dabang Delhi K.C.,0.0,1.33,0.0,0.0,0.0,0.0,8.0,0.0,0.0,0.0,8.0,8.0
Ravi Kumar,7,"Defender, right cover",Haryana Steelers,True,False,False,Haryana Steelers,0.0,1.29,0.0,0.0,0.0,0.0,7.0,0.0,0.0,2.0,9.0,9.0
Ankit,8,"Defender, right corner",Gujarat Fortunegiants,True,False,False,Bengaluru Bulls,0.0,0.0,0.0,0.0,0.0,0.0,2.0,0.0,0.0,0.0,2.0,2.0
Ankit,8,"Defender, right corner",Gujarat Fortunegiants,True,False,False,Gujarat Fortunegiants,0.0,1.25,0.0,0.0,0.0,0.0,8.0,0.0,0.0,2.0,10.0,10.0
Ankit,1,Defender,Bengaluru Bulls,True,False,False,Bengaluru Bulls,0.0,0.0,0.0,0.0,0.0,0.0,2.0,0.0,0.0,0.0,2.0,2.0
Ankit,1,Defender,Bengaluru Bulls,True,False,False,Gujarat Fortunegiants,0.0,1.25,0.0,0.0,0.0,0.0,8.0,0.0,0.0,2.0,10.0,10.0
Sumit Malik,8,"Defender, left corner",Gujarat Fortunegiants,True,False,False,Gujarat Fortunegiants,0.0,1.25,0.0,0.0,0.0,0.0,10.0,0.0,0.0,0.0,10.0,10.0
Ajeet,8,"Defender, right cover",Tamil Thalaivas,True,False,False,Tamil Thalaivas,0.0,1.25,0.0,0.0,0.0,0.0,9.0,0.0,0.0,1.0,10.0,10.0
Viraj Vishnu Landge,5,"Defender, left cover",Bengal Warriors,True,False,False,Bengal Warriors,0.0,1.2,0.0,0.0,0.0,0.0,6.0,0.0,0.0,0.0,6.0,6.0
Kuldeep Singh,5,Defender,Haryana Steelers,True,False,False,Haryana Steelers,0.0,1.2,0.0,0.0,0.0,0.0,6.0,0.0,0.0,0.0,6.0,6.0
Jadhav Balasaheb Shahaji,6,"Defender, right cover",Puneri Paltan,True,False,False,Puneri Paltan,0.0,1.17,0.0,0.0,0.0,0.0,4.0,0.0,0.0,3.0,7.0,7.0
Vishal Mane,7,"Defender, right cover",Dabang Delhi K.C.,True,False,False,Dabang Delhi K.C.,0.0,1.14,0.0,0.0,0.0,0.0,8.0,0.0,0.0,0.0,8.0,8.0
Ashish Kumar,5,All Rounder,Bengaluru Bulls,False,False,True,Bengaluru Bulls,0.0,1.0,0.0,0.0,0.0,0.0,3.0,0.0,0.0,2.0,5.0,5.0
Young Chang Ko,7,"Defender, left cover",U Mumba,True,False,False,U Mumba,0.0,0.86,0.0,0.0,0.0,0.0,4.0,0.0,0.0,2.0,6.0,6.0
Pavan T. R.,4,"Defender, right cover",Jaipur Pink Panthers,True,False,False,Jaipur Pink Panthers,0.0,0.75,0.0,0.0,0.0,0.0,3.0,0.0,0.0,0.0,3.0,3.0
Vijay Kumar,6,"Defender, right corner",Bengaluru Bulls,True,False,False,Bengaluru Bulls,0.0,0.67,0.0,0.0,0.0,0.0,3.0,0.0,0.0,1.0,4.0,4.0
Parveen,6,"Defender, left cover",Haryana Steelers,True,False,False,Haryana Steelers,0.0,0.67,0.0,0.0,0.0,0.0,3.0,0.0,0.0,1.0,4.0,4.0
Sunil Siddhgavali,7,Defender,Jaipur Pink Panthers,True,False,False,Jaipur Pink Panthers,0.0,0.43,0.0,0.0,0.0,0.0,3.0,0.0,0.0,0.0,3.0,3.0
Anil Kumar,3,"Defender, left cover",Dabang Delhi K.C.,True,False,False,Dabang Delhi K.C.,0.0,0.33,0.0,0.0,0.0,0.0,1.0,0.0,0.0,0.0,1.0,1.0
Ruturaj Shivaji Koravi,7,Defender,Gujarat Fortunegiants,True,False,False,Gujarat Fortunegiants,0.0,0.29,0.0,0.0,0.0,0.0,2.0,0.0,0.0,0.0,2.0,2.0
Harendra Kumar,7,"Defender, left cover",U Mumba,True,False,False,U Mumba,0.0,0.29,0.0,0.0,0.0,0.0,2.0,0.0,0.0,0.0,2.0,2.0
Narender,2,All Rounder,U.P. Yoddha,False,False,True,U.P. Yoddha,0.0,0.0,0.0,0.0,0.0,0.0,0.0,0.0,0.0,0.0,0.0,0.0
Abolfazl Maghsodloumahali,4,Raider,Gujarat Fortunegiants,False,True,False,Gujarat Fortunegiants,0.0,0.0,1.0,0.0,1.0,0.0,0.0,0.0,0.0,0.0,0.0,1.0
Vineet Sharma,3,Raider,Tamil Thalaivas,False,True,False,Tamil Thalaivas,0.0,0.0,0.0,0.0,2.0,0.0,2.0,0.0,0.0,0.0,2.0,4.0
Kamal Singh,2,Raider,Telugu Titans,False,True,False,Telugu Titans,0.0,0.0,0.0,0.0,0.0,0.0,2.0,0.0,0.0,0.0,2.0,2.0
Krushna Madane,2,Defender,Telugu Titans,True,False,False,Telugu Titans,0.0,0.0,0.0,0.0,0.0,0.0,2.0,0.0,0.0,0.0,2.0,2.0
Sagar B Krishna,4,All Rounder,Puneri Paltan,False,False,True,Puneri Paltan,0.0,0.0,0.0,0.0,0.0,0.0,1.0,0.0,0.0,0.0,1.0,1.0
Mohammad Taghi Paein Mahali,2,Raider,Bengal Warriors,False,True,False,Bengal Warriors,0.0,0.0,0.0,0.0,0.0,0.0,1.0,0.0,0.0,0.0,1.0,1.0
Vijin Thangadurai,2,"Defender, right cover",Bengal Warriors,True,False,False,Bengal Warriors,0.0,0.0,0.0,0.0,0.0,0.0,1.0,0.0,0.0,0.0,1.0,1.0
Sachin Kumar,6,All Rounder,U.P. Yoddha,False,False,True,U.P. Yoddha,0.0,0.0,0.0,0.0,0.0,0.0,1.0,0.0,0.0,0.0,1.0,1.0
Ajay,3,Defender,Bengaluru Bulls,True,False,False,Bengaluru Bulls,0.0,0.0,0.0,0.0,0.0,0.0,1.0,0.0,0.0,0.0,1.0,1.0
Aman,1,"Defender, left corner",Bengaluru Bulls,True,False,False,Bengaluru Bulls,0.0,0.0,0.0,0.0,0.0,0.0,1.0,0.0,0.0,0.0,1.0,1.0
Adarsh T,4,"Defender, left corner",Bengal Warriors,True,False,False,Bengal Warriors,0.0,0.0,0.0,0.0,0.0,0.0,1.0,0.0,0.0,0.0,1.0,1.0
Sagar,3,"Defender, right corner",Tamil Thalaivas,True,False,False,Tamil Thalaivas,0.0,0.0,0.0,0.0,0.0,0.0,1.0,0.0,0.0,0.0,1.0,1.0
Ravinder,1,All Rounder,Patna Pirates,False,False,True,Patna Pirates,0.0,0.0,0.0,0.0,0.0,0.0,2.0,0.0,0.0,1.0,3.0,3.0
Darshan Kadian,2,Raider,Puneri Paltan,False,True,False,Puneri Paltan,0.0,0.0,0.0,0.0,0.0,0.0,0.0,0.0,0.0,0.0,0.0,0.0
R. Sriram,1,Raider,Puneri Paltan,False,True,False,Puneri Paltan,0.0,0.0,0.0,0.0,0.0,0.0,0.0,0.0,0.0,0.0,0.0,0.0
