name,matches,profile,team_x,defender,raider,allrounder,team_y,avg_raid_points,avg_tackle_points,do_or_die_raid_points,high_5s,raid_points,successful_raids,successful_tackles,super_10s,super_raids,super_tackles,tackle_points,total_points
Sandeep Kumar Dhull,11,"Defender, left corner",Jaipur Pink Panthers,True,False,False,Jaipur Pink Panthers,0.0,3.55,0.0,3.0,0.0,0.0,36.0,0.0,0.0,3.0,39.0,39.0
Jaideep,10,"Defender, left corner",Patna Pirates,True,False,False,Patna Pirates,0.0,3.0,0.0,2.0,0.0,0.0,28.0,0.0,0.0,2.0,30.0,30.0
Amit Kumar,7,Raider,Telugu Titans,False,True,False,Puneri Paltan,3.5,1.38,5.5,0.0,10.5,7.0,10.0,0.0,0.0,1.0,11.0,16.0
Amit Kumar,7,Raider,Telugu Titans,False,True,False,Telugu Titans,0.29,1.14,2.0,0.0,2.0,2.0,7.0,0.0,0.0,1.0,8.0,10.0
Amit Kumar,8,Raider,Puneri Paltan,False,True,False,Puneri Paltan,3.5,1.38,5.5,0.0,10.5,7.0,10.0,0.0,0.0,1.0,11.0,16.0
Amit Kumar,8,Raider,Puneri Paltan,False,True,False,Telugu Titans,0.29,1.14,2.0,0.0,2.0,2.0,7.0,0.0,0.0,1.0,8.0,10.0
Amit Kumar,1,All Rounder,Puneri Paltan,False,False,True,Puneri Paltan,3.5,1.38,5.5,0.0,10.5,7.0,10.0,0.0,0.0,1.0,11.0,16.0
Amit Kumar,1,All Rounder,Puneri Paltan,False,False,True,Telugu Titans,0.29,1.14,2.0,0.0,2.0,2.0,7.0,0.0,0.0,1.0,8.0,10.0
Ran Singh,11,All Rounder,Tamil Thalaivas,False,False,True,Tamil Thalaivas,0.6,1.82,0.0,0.0,3.0,2.0,20.0,0.0,0.0,0.0,20.0,23.0
C. Arun,10,"Defender, left cover",Telugu Titans,True,False,False,Telugu Titans,0.0,1.1,0.0,0.0,2.0,1.0,11.0,0.0,0.0,0.0,11.0,13.0
Vikas Jaglan,10,All Rounder,Patna Pirates,False,False,True,Patna Pirates,0.22,0.9,1.0,0.0,2.0,1.0,9.0,0.0,0.0,0.0,9.0,11.0
Rakesh Narwal,1,Raider,Bengal Warriors,False,True,False,Bengal Warriors,0.0,0.0,0.0,0.0,3.0,1.0,0.0,0.0,0.0,0.0,0.0,3.0
Fazel Atrachali,11,"Defender, left corner",U Mumba,True,False,False,U Mumba,0.4,2.82,0.0,0.0,2.0,1.0,28.0,0.0,0.0,3.0,31.0,33.0
Hadi Tajik,6,"Defender, right corner",Puneri Paltan,True,False,False,Puneri Paltan,0.0,0.67,0.0,0.0,1.0,1.0,3.0,0.0,0.0,1.0,4.0,5.0
Vineet Sharma,6,Raider,Tamil Thalaivas,False,True,False,Tamil Thalaivas,1.0,0.83,2.0,0.0,4.0,1.0,5.0,0.0,0.0,0.0,5.0,9.0
PO Surjeet Singh,10,"Defender, right cover",Puneri Paltan,True,False,False,Puneri Paltan,0.25,2.6,0.0,2.0,2.0,1.0,22.0,0.0,0.0,4.0,26.0,28.0
Surinder Singh,11,Defender,U Mumba,True,False,False,U Mumba,0.0,2.36,0.0,1.0,4.0,1.0,25.0,0.0,1.0,1.0,26.0,30.0
Amit,11,"Defender, left cover",U.P. Yoddha,True,False,False,U.P. Yoddha,0.4,1.27,0.0,0.0,2.0,1.0,12.0,0.0,0.0,2.0,14.0,16.0
Arun Kumar HN,2,Raider,Haryana Steelers,False,True,False,Haryana Steelers,0.0,0.0,0.0,0.0,2.0,1.0,0.0,0.0,0.0,0.0,0.0,2.0
Lalit Chaudhary,2,Raider,Gujarat Fortunegiants,False,True,False,Gujarat Fortunegiants,0.0,0.0,0.0,0.0,2.0,1.0,0.0,0.0,0.0,0.0,0.0,2.0
Anand,1,Raider,Tamil Thalaivas,False,True,False,Tamil Thalaivas,0.0,0.0,3.0,0.0,4.0,1.0,0.0,0.0,1.0,0.0,0.0,4.0
Sumit,11,"Defender, left corner",U.P. Yoddha,True,False,False,U.P. Yoddha,0.0,3.45,0.0,3.0,2.0,1.0,38.0,0.0,0.0,0.0,38.0,40.0
Aman Kadian,1,Raider,Dabang Delhi K.C.,False,True,False,Dabang Delhi K.C.,0.0,0.0,0.0,0.0,1.0,1.0,0.0,0.0,0.0,0.0,0.0,1.0
Ajinkya Rohidas Kapre,2,All Rounder,U Mumba,False,False,True,U Mumba,0.0,0.0,0.0,0.0,1.0,1.0,0.0,0.0,0.0,0.0,0.0,1.0
Shubham Shinde,9,"Defender, right corner",Puneri Paltan,True,False,False,Puneri Paltan,0.0,1.11,0.0,0.0,1.0,1.0,9.0,0.0,0.0,1.0,10.0,11.0
Balram,1,All Rounder,Dabang Delhi K.C.,False,False,True,Dabang Delhi K.C.,0.0,0.0,2.0,0.0,2.0,1.0,0.0,0.0,0.0,0.0,0.0,2.0
Saurabh Nandal,10,"Defender, left corner",Bengaluru Bulls,True,False,False,Bengaluru Bulls,0.0,2.3,0.0,3.0,1.0,1.0,21.0,0.0,0.0,2.0,23.0,24.0
Parvesh Bhainswal,11,"Defender, left cover",Gujarat Fortunegiants,True,False,False,Gujarat Fortunegiants,0.0,2.36,0.0,2.0,0.0,0.0,24.0,0.0,0.0,2.0,26.0,26.0
Chand Singh,3,"Defender, left corner",Haryana Steelers,True,False,False,Haryana Steelers,0.0,1.33,0.0,0.0,1.0,1.0,3.0,0.0,0.0,1.0,4.0,5.0
Ravinder Pahal,10,"Defender, right corner",Dabang Delhi K.C.,True,False,False,Dabang Delhi K.C.,0.0,3.0,0.0,2.0,0.0,0.0,30.0,0.0,0.0,0.0,30.0,30.0
Manjeet Chhillar,8,All Rounder,Tamil Thalaivas,False,False,True,Tamil Thalaivas,0.17,3.63,0.0,2.0,1.0,0.0,27.0,0.0,0.0,2.0,29.0,30.0
Amit Hooda,9,"Defender, right corner",Jaipur Pink Panthers,True,False,False,Jaipur Pink Panthers,0.0,2.56,0.0,2.0,0.0,0.0,22.0,0.0,0.0,1.0,23.0,23.0
Ravi Kumar,9,"Defender, right cover",Haryana Steelers,True,False,False,Haryana Steelers,0.0,1.78,0.0,1.0,0.0,0.0,14.0,0.0,0.0,2.0,16.0,16.0
Mohit Chhillar,11,"Defender, right corner",Tamil Thalaivas,True,False,False,Tamil Thalaivas,0.0,2.45,0.0,1.0,0.0,0.0,26.0,0.0,0.0,1.0,27.0,27.0
Sandeep Narwal,11,All Rounder,U Mumba,False,False,True,U Mumba,1.1,2.36,2.0,1.0,11.0,8.0,21.0,0.0,0.0,5.0,26.0,37.0
Girish Maruti Ernak,9,"Defender, left corner",Puneri Paltan,True,False,False,Puneri Paltan,0.0,2.11,0.0,1.0,0.0,0.0,16.0,0.0,0.0,3.0,19.0,19.0
Vishal Bhardwaj,10,Defender,Telugu Titans,True,False,False,Telugu Titans,0.0,3.7,0.0,3.0,0.0,0.0,32.0,0.0,0.0,5.0,37.0,37.0
Vikas Kale,10,"Defender, right cover",Haryana Steelers,True,False,False,Haryana Steelers,0.0,2.0,0.0,1.0,0.0,0.0,20.0,0.0,0.0,0.0,20.0,20.0
Joginder Singh Narwal,10,"Defender, left corner",Dabang Delhi K.C.,True,False,False,Dabang Delhi K.C.,0.0,2.9,0.0,1.0,0.0,0.0,25.0,0.0,0.0,4.0,29.0,29.0
Neeraj Kumar,10,"Defender, right cover",Patna Pirates,True,False,False,Patna Pirates,0.0,2.1,0.0,1.0,0.0,0.0,20.0,0.0,0.0,1.0,21.0,21.0
Pankaj,3,All Rounder,Gujarat Fortunegiants,False,False,True,Gujarat Fortunegiants,0.0,3.0,0.0,1.0,0.0,0.0,9.0,0.0,0.0,0.0,9.0,9.0
Jadhav Balasaheb Shahaji,8,"Defender, right cover",Puneri Paltan,True,False,False,Puneri Paltan,0.0,2.0,0.0,1.0,0.0,0.0,13.0,0.0,0.0,3.0,16.0,16.0
Mohit Sehrawat,6,"Defender, right cover",Bengaluru Bulls,True,False,False,Bengaluru Bulls,0.83,1.33,3.0,1.0,5.0,4.0,7.0,0.0,0.0,1.0,8.0,13.0
Nitin Rawal,7,All Rounder,Jaipur Pink Panthers,False,False,True,Jaipur Pink Panthers,2.14,1.86,3.0,1.0,15.0,14.0,10.0,0.0,0.0,3.0,13.0,28.0
Amit Sheoran,11,Defender,Bengaluru Bulls,True,False,False,Bengaluru Bulls,0.0,2.18,0.0,1.0,0.0,0.0,22.0,0.0,0.0,2.0,24.0,24.0
Pawan Kumar Sehrawat,11,Raider,Bengaluru Bulls,False,True,False,Bengaluru Bulls,11.64,0.82,6.0,0.0,128.0,104.0,8.0,6.0,3.0,1.0,9.0,137.0
Sunil Kumar,11,Defender,Gujarat Fortunegiants,True,False,False,Gujarat Fortunegiants,0.0,2.64,0.0,3.0,0.0,0.0,25.0,0.0,0.0,4.0,29.0,29.0
Naveen Kumar,10,Raider,Dabang Delhi K.C.,False,True,False,Dabang Delhi K.C.,11.5,0.0,17.0,0.0,115.0,97.0,1.0,9.0,1.0,0.0,1.0,116.0
Maninder Singh,11,Raider,Bengal Warriors,False,True,False,Bengal Warriors,8.36,0.0,13.0,0.0,92.0,82.0,0.0,4.0,2.0,0.0,0.0,92.0
Pardeep Narwal,10,Raider,Patna Pirates,False,True,False,Patna Pirates,8.6,0.0,14.0,0.0,86.0,76.0,0.0,4.0,3.0,0.0,0.0,86.0
Siddharth Sirish Desai,10,Raider,Telugu Titans,False,True,False,Telugu Titans,7.1,0.0,12.0,0.0,71.0,62.0,2.0,2.0,0.0,0.0,2.0,73.0
Vikash Kandola,8,Raider,Haryana Steelers,False,True,False,Haryana Steelers,9.5,0.0,18.0,0.0,76.0,61.0,3.0,4.0,3.0,0.0,3.0,79.0
Rahul Chaudhari,11,Raider,Tamil Thalaivas,False,True,False,Tamil Thalaivas,5.91,0.45,18.0,0.0,65.0,55.0,5.0,2.0,0.0,0.0,5.0,70.0
Deepak Niwas Hooda,11,All Rounder,Jaipur Pink Panthers,False,False,True,Jaipur Pink Panthers,6.18,0.55,12.0,0.0,68.0,53.0,6.0,3.0,2.0,0.0,6.0,74.0
K. Prapanjan,11,Raider,Bengal Warriors,False,True,False,Bengal Warriors,6.73,0.0,10.0,0.0,74.0,53.0,1.0,3.0,3.0,0.0,1.0,75.0
Rohit Gulia,11,All Rounder,Gujarat Fortunegiants,False,False,True,Gujarat Fortunegiants,5.36,0.27,8.0,0.0,59.0,46.0,3.0,2.0,0.0,0.0,3.0,62.0
Ajay Thakur,11,Raider,Tamil Thalaivas,False,True,False,Tamil Thalaivas,4.91,0.0,8.0,0.0,54.0,43.0,0.0,1.0,2.0,0.0,0.0,54.0
Baldev Singh,11,"Defender, right corner",Bengal Warriors,True,False,False,Bengal Warriors,0.0,2.55,0.0,3.0,0.0,0.0,25.0,0.0,0.0,3.0,28.0,28.0
Chandran Ranjit,10,Raider,Dabang Delhi K.C.,False,True,False,Dabang Delhi K.C.,5.1,0.4,6.0,0.0,51.0,41.0,3.0,1.0,2.0,1.0,4.0,55.0
Rohit Kumar,11,Raider,Bengaluru Bulls,False,True,False,Bengaluru Bulls,4.82,0.27,6.0,0.0,53.0,41.0,3.0,2.0,1.0,0.0,3.0,56.0
Shrikant Jadhav,11,Raider,U.P. Yoddha,False,True,False,U.P. Yoddha,4.82,0.27,12.0,0.0,53.0,40.0,3.0,1.0,0.0,0.0,3.0,56.0
Abhishek Singh,9,Raider,U Mumba,False,True,False,U Mumba,5.11,0.11,16.0,0.0,46.0,40.0,1.0,1.0,0.0,0.0,1.0,47.0
Manjeet,10,Raider,Puneri Paltan,False,True,False,Puneri Paltan,4.7,1.4,14.0,0.0,47.0,40.0,14.0,1.0,0.0,0.0,14.0,61.0
Monu Goyat,9,Raider,U.P. Yoddha,False,True,False,U.P. Yoddha,4.78,0.33,5.0,0.0,43.0,38.0,2.0,1.0,0.0,1.0,3.0,46.0
Naveen,9,Raider,Haryana Steelers,False,True,False,Haryana Steelers,4.78,0.22,9.0,0.0,43.0,35.0,2.0,1.0,0.0,0.0,2.0,45.0
Mohammad Esmaeil Nabibakhsh,11,All Rounder,Bengal Warriors,False,False,True,Bengal Warriors,4.0,1.09,3.0,0.0,44.0,34.0,10.0,1.0,2.0,2.0,12.0,56.0
Sachin Tanwar,9,Raider,Gujarat Fortunegiants,False,True,False,Gujarat Fortunegiants,4.78,0.0,12.0,0.0,43.0,34.0,1.0,0.0,0.0,0.0,1.0,44.0
Vinay,11,Raider,Haryana Steelers,False,True,False,Haryana Steelers,4.18,0.36,9.0,0.0,46.0,34.0,4.0,0.0,3.0,0.0,4.0,50.0
Rinku Narwal,11,Defender,Bengal Warriors,True,False,False,Bengal Warriors,0.0,2.82,0.0,3.0,0.0,0.0,31.0,0.0,0.0,0.0,31.0,31.0
Pankaj Mohite,7,Raider,Puneri Paltan,False,True,False,Puneri Paltan,5.71,0.14,11.0,0.0,40.0,33.0,1.0,0.0,1.0,0.0,1.0,41.0
Suraj Desai,8,Raider,Telugu Titans,False,True,False,Telugu Titans,5.57,0.13,3.0,0.0,39.0,31.0,1.0,1.0,1.0,0.0,1.0,40.0
Deepak Narwal,11,Raider,Jaipur Pink Panthers,False,True,False,Jaipur Pink Panthers,3.0,0.0,10.0,0.0,33.0,29.0,1.0,0.0,0.0,0.0,1.0,34.0
Arjun Deshwal,10,Raider,U Mumba,False,True,False,U Mumba,3.7,0.0,7.0,0.0,37.0,29.0,0.0,1.0,0.0,0.0,0.0,37.0
More GB,10,Raider,Gujarat Fortunegiants,False,True,False,Gujarat Fortunegiants,2.8,1.5,9.0,0.0,28.0,24.0,14.0,0.0,0.0,1.0,15.0,43.0
Athul MS,8,Raider,U Mumba,False,True,False,U Mumba,3.38,0.0,7.0,0.0,27.0,20.0,0.0,0.0,0.0,0.0,0.0,27.0
V. Ajith Kumar,8,Raider,Tamil Thalaivas,False,True,False,Tamil Thalaivas,3.29,0.0,2.0,0.0,23.0,20.0,0.0,0.0,1.0,0.0,0.0,23.0
Rohit Baliyan,10,Raider,U Mumba,False,True,False,U Mumba,3.0,0.3,6.0,0.0,30.0,19.0,2.0,0.0,2.0,1.0,3.0,33.0
Pawan Kumar Kadian,5,Raider,Puneri Paltan,False,True,False,Puneri Paltan,4.6,0.0,5.0,0.0,23.0,18.0,0.0,1.0,0.0,0.0,0.0,23.0
Mohammad Esmaeil Maghsoudlou Mahalli,10,Raider,Patna Pirates,False,True,False,Patna Pirates,2.2,0.4,4.0,0.0,22.0,18.0,3.0,0.0,0.0,1.0,4.0,26.0
Sonu Jaglan,9,Raider,Gujarat Fortunegiants,False,True,False,Gujarat Fortunegiants,2.44,0.0,3.0,0.0,22.0,17.0,1.0,0.0,2.0,1.0,2.0,24.0
Jang Kun Lee,8,Raider,Patna Pirates,False,True,False,Patna Pirates,2.13,0.0,8.0,0.0,17.0,15.0,1.0,0.0,0.0,0.0,1.0,18.0
Nilesh Salunke,10,Raider,Jaipur Pink Panthers,False,True,False,Jaipur Pink Panthers,1.9,0.0,6.0,0.0,19.0,15.0,0.0,0.0,0.0,0.0,0.0,19.0
Nitin Tomar,4,Raider,Puneri Paltan,False,True,False,Puneri Paltan,4.0,0.0,0.0,0.0,16.0,14.0,1.0,0.0,0.0,0.0,1.0,17.0
Surender Gill,8,Raider,U.P. Yoddha,False,True,False,U.P. Yoddha,2.38,0.0,8.0,0.0,19.0,14.0,2.0,0.0,0.0,1.0,3.0,22.0
Prashanth Kumar Rai,5,Raider,Haryana Steelers,False,True,False,Haryana Steelers,3.6,0.0,3.0,0.0,18.0,13.0,0.0,0.0,0.0,0.0,0.0,18.0
Rishank Devadiga,7,Raider,U.P. Yoddha,False,True,False,U.P. Yoddha,2.57,0.0,2.0,0.0,18.0,13.0,0.0,0.0,1.0,0.0,0.0,18.0
Shabeer Bappu,10,Raider,Tamil Thalaivas,False,True,False,Tamil Thalaivas,1.8,0.2,4.0,0.0,18.0,13.0,2.0,0.0,0.0,0.0,2.0,20.0
Sumit Singh,7,Raider,Bengaluru Bulls,False,True,False,Bengaluru Bulls,2.14,0.43,4.0,0.0,15.0,12.0,2.0,0.0,0.0,1.0,3.0,18.0
Ajinkya Ashok Pawar,9,Raider,Jaipur Pink Panthers,False,True,False,Jaipur Pink Panthers,1.75,0.0,6.0,0.0,14.0,11.0,0.0,0.0,0.0,0.0,0.0,14.0
Meraj Sheykh,7,All Rounder,Dabang Delhi K.C.,False,False,True,Dabang Delhi K.C.,2.14,0.0,3.0,0.0,15.0,10.0,1.0,0.0,0.0,0.0,1.0,16.0
Rajnish,5,Raider,Telugu Titans,False,True,False,Telugu Titans,2.4,0.0,4.0,0.0,12.0,10.0,1.0,0.0,0.0,0.0,1.0,13.0
Farhad Rahimi Milaghardan,10,All Rounder,Telugu Titans,False,False,True,Telugu Titans,0.89,1.8,3.0,0.0,8.0,8.0,18.0,0.0,0.0,0.0,18.0,26.0
Dong Geon Lee,4,Raider,U Mumba,False,True,False,U Mumba,2.5,0.0,4.0,0.0,10.0,7.0,0.0,0.0,0.0,0.0,0.0,10.0
Monu,10,Raider,Patna Pirates,False,True,False,Patna Pirates,1.17,1.8,1.0,0.0,7.0,7.0,12.0,0.0,0.0,6.0,18.0,25.0
Banty,7,Raider,Bengaluru Bulls,False,True,False,Bengaluru Bulls,1.29,0.0,1.0,0.0,9.0,7.0,2.0,0.0,0.0,0.0,2.0,11.0
Selvamani K,6,Raider,Haryana Steelers,False,True,False,Haryana Steelers,2.0,0.0,0.0,0.0,10.0,6.0,2.0,0.0,1.0,0.0,2.0,12.0
Mahender Singh,9,"Defender, left cover",Bengaluru Bulls,True,False,False,Bengaluru Bulls,0.0,3.44,0.0,2.0,0.0,0.0,26.0,0.0,0.0,5.0,31.0,31.0
Surender Singh,4,Raider,U.P. Yoddha,False,True,False,U.P. Yoddha,2.5,0.0,5.0,0.0,10.0,5.0,1.0,0.0,0.0,0.0,1.0,11.0
Vinod Kumar,5,All Rounder,Gujarat Fortunegiants,False,False,True,Gujarat Fortunegiants,1.25,0.0,0.0,0.0,5.0,5.0,0.0,0.0,0.0,0.0,0.0,5.0
Sushant Sail,5,Raider,Puneri Paltan,False,True,False,Puneri Paltan,1.6,0.0,1.0,0.0,8.0,5.0,0.0,0.0,0.0,0.0,0.0,8.0
Harmanjit Singh,2,Raider,Gujarat Fortunegiants,False,True,False,Gujarat Fortunegiants,2.0,0.0,0.0,0.0,4.0,4.0,0.0,0.0,0.0,0.0,0.0,4.0
Sachin Narwal,7,All Rounder,Jaipur Pink Panthers,False,False,True,Jaipur Pink Panthers,0.83,0.0,3.0,0.0,5.0,4.0,0.0,0.0,0.0,0.0,0.0,5.0
Vijay,9,All Rounder,Dabang Delhi K.C.,False,False,True,Dabang Delhi K.C.,0.5,0.44,0.0,0.0,4.0,4.0,4.0,0.0,0.0,0.0,4.0,8.0
Sukesh Hegde,5,Raider,Bengal Warriors,False,True,False,Bengal Warriors,1.0,0.0,0.0,0.0,5.0,4.0,0.0,0.0,0.0,0.0,0.0,5.0
Gurvinder Singh,2,Raider,Gujarat Fortunegiants,False,True,False,Gujarat Fortunegiants,2.0,0.0,0.0,0.0,4.0,3.0,0.0,0.0,0.0,0.0,0.0,4.0
Abolfazl Maghsodloumahali,5,Raider,Gujarat Fortunegiants,False,True,False,Gujarat Fortunegiants,1.25,0.0,1.0,0.0,5.0,3.0,0.0,0.0,0.0,0.0,0.0,5.0
Sunil,9,"Defender, right corner",Haryana Steelers,True,False,False,Haryana Steelers,0.0,2.56,0.0,2.0,0.0,0.0,23.0,0.0,0.0,0.0,23.0,23.0
Mohsen Maghsoudloujafari,9,All Rounder,U.P. Yoddha,False,False,True,U.P. Yoddha,0.57,0.33,2.0,0.0,4.0,3.0,2.0,0.0,0.0,1.0,3.0,7.0
Ankit Beniwal,2,Raider,Telugu Titans,False,True,False,Telugu Titans,1.5,0.0,0.0,0.0,3.0,3.0,0.0,0.0,0.0,0.0,0.0,3.0
Armaan,4,All Rounder,Telugu Titans,False,False,True,Telugu Titans,1.5,0.0,1.0,0.0,6.0,3.0,0.0,0.0,1.0,0.0,0.0,6.0
Azad Singh,3,Raider,U.P. Yoddha,False,True,False,U.P. Yoddha,1.67,0.0,0.0,0.0,5.0,3.0,0.0,0.0,0.0,0.0,0.0,5.0
Ashish,5,Raider,Patna Pirates,False,True,False,Patna Pirates,1.0,0.0,1.0,0.0,5.0,3.0,0.0,0.0,0.0,0.0,0.0,5.0
Palle Mallikarjun,2,Raider,Telugu Titans,False,True,False,Telugu Titans,1.0,0.0,0.0,0.0,2.0,2.0,0.0,0.0,0.0,0.0,0.0,2.0
Sushil Gulia,2,Raider,Jaipur Pink Panthers,False,True,False,Jaipur Pink Panthers,1.5,0.0,3.0,0.0,3.0,2.0,0.0,0.0,0.0,0.0,0.0,3.0
Purna Singh,3,Raider,Patna Pirates,False,True,False,Patna Pirates,1.0,0.0,0.0,0.0,3.0,2.0,0.0,0.0,0.0,0.0,0.0,3.0
Rakesh Gowda,3,Raider,Telugu Titans,False,True,False,Telugu Titans,1.0,0.0,1.0,0.0,3.0,2.0,1.0,0.0,0.0,1.0,2.0,5.0
Vishal,9,All Rounder,Jaipur Pink Panthers,False,False,True,Jaipur Pink Panthers,0.0,2.67,0.0,0.0,0.0,0.0,21.0,0.0,0.0,3.0,24.0,24.0
Santhapanaselvam,2,All Rounder,Jaipur Pink Panthers,False,False,True,Jaipur Pink Panthers,0.0,2.5,0.0,0.0,0.0,0.0,5.0,0.0,0.0,0.0,5.0,5.0
Jeeva Kumar,10,"Defender, right and left cover",Bengal Warriors,True,False,False,Bengal Warriors,0.0,2.2,0.0,0.0,0.0,0.0,21.0,0.0,0.0,1.0,22.0,22.0
Nitesh Kumar,11,Defender,U.P. Yoddha,True,False,False,U.P. Yoddha,0.0,2.09,0.0,0.0,1.0,0.0,21.0,0.0,0.0,2.0,23.0,24.0
Dharmaraj Cheralathan,11,"Defender, right and left corner",Haryana Steelers,True,False,False,Haryana Steelers,0.0,2.09,0.0,0.0,0.0,0.0,20.0,0.0,0.0,3.0,23.0,23.0
Abozar Mohajermighani,10,Defender,Telugu Titans,True,False,False,Telugu Titans,0.0,1.9,0.0,0.0,1.0,0.0,18.0,0.0,0.0,1.0,19.0,20.0
Ashu Singh,11,"Defender, right cover",U.P. Yoddha,True,False,False,U.P. Yoddha,0.0,1.55,0.0,0.0,0.0,0.0,17.0,0.0,0.0,0.0,17.0,17.0
Hadi Oshtorak,10,All Rounder,Patna Pirates,False,False,True,Patna Pirates,0.33,1.4,0.0,0.0,2.0,0.0,12.0,0.0,0.0,2.0,14.0,16.0
Sanket Sawant,5,"Defender, left cover",Puneri Paltan,True,False,False,Puneri Paltan,0.0,1.4,0.0,0.0,0.0,0.0,7.0,0.0,0.0,0.0,7.0,7.0
Ajeet,10,"Defender, right cover",Tamil Thalaivas,True,False,False,Tamil Thalaivas,0.0,1.3,0.0,0.0,0.0,0.0,12.0,0.0,0.0,1.0,13.0,13.0
Vishal Mane,10,"Defender, right cover",Dabang Delhi K.C.,True,False,False,Dabang Delhi K.C.,0.0,1.3,0.0,0.0,0.0,0.0,13.0,0.0,0.0,0.0,13.0,13.0
Ankit,8,"Defender, right corner",Gujarat Fortunegiants,True,False,False,Bengaluru Bulls,0.0,1.0,0.0,0.0,0.0,0.0,2.0,0.0,0.0,0.0,2.0,2.0
Ankit,8,"Defender, right corner",Gujarat Fortunegiants,True,False,False,Gujarat Fortunegiants,0.0,1.25,0.0,0.0,0.0,0.0,8.0,0.0,0.0,2.0,10.0,10.0
Ankit,2,Defender,Bengaluru Bulls,True,False,False,Bengaluru Bulls,0.0,1.0,0.0,0.0,0.0,0.0,2.0,0.0,0.0,0.0,2.0,2.0
Ankit,2,Defender,Bengaluru Bulls,True,False,False,Gujarat Fortunegiants,0.0,1.25,0.0,0.0,0.0,0.0,8.0,0.0,0.0,2.0,10.0,10.0
Sumit Malik,10,"Defender, left corner",Gujarat Fortunegiants,True,False,False,Gujarat Fortunegiants,0.0,1.2,0.0,0.0,0.0,0.0,11.0,0.0,0.0,1.0,12.0,12.0
Saeid Ghaffari,8,"Defender, left cover",Dabang Delhi K.C.,True,False,False,Dabang Delhi K.C.,0.0,1.0,0.0,0.0,0.0,0.0,8.0,0.0,0.0,0.0,8.0,8.0
Kuldeep Singh,6,Defender,Haryana Steelers,True,False,False,Haryana Steelers,0.0,1.0,0.0,0.0,0.0,0.0,6.0,0.0,0.0,0.0,6.0,6.0
Pavan T. R.,7,"Defender, right cover",Jaipur Pink Panthers,True,False,False,Jaipur Pink Panthers,0.0,1.0,0.0,0.0,0.0,0.0,5.0,0.0,0.0,2.0,7.0,7.0
Sunil Siddhgavali,10,Defender,Jaipur Pink Panthers,True,False,False,Jaipur Pink Panthers,0.0,0.9,0.0,0.0,0.0,0.0,6.0,0.0,0.0,3.0,9.0,9.0
Young Chang Ko,7,"Defender, left cover",U Mumba,True,False,False,U Mumba,0.0,0.86,0.0,0.0,0.0,0.0,4.0,0.0,0.0,2.0,6.0,6.0
Viraj Vishnu Landge,7,"Defender, left cover",Bengal Warriors,True,False,False,Bengal Warriors,0.0,0.86,0.0,0.0,0.0,0.0,6.0,0.0,0.0,0.0,6.0,6.0
Ashish Kumar,6,All Rounder,Bengaluru Bulls,False,False,True,Bengaluru Bulls,0.0,0.83,0.0,0.0,0.0,0.0,3.0,0.0,0.0,2.0,5.0,5.0
Ruturaj Shivaji Koravi,9,Defender,Gujarat Fortunegiants,True,False,False,Gujarat Fortunegiants,0.0,0.67,0.0,0.0,0.0,0.0,6.0,0.0,0.0,0.0,6.0,6.0
Parveen,6,"Defender, left cover",Haryana Steelers,True,False,False,Haryana Steelers,0.0,0.67,0.0,0.0,0.0,0.0,3.0,0.0,0.0,1.0,4.0,4.0
Harendra Kumar,9,"Defender, left cover",U Mumba,True,False,False,U Mumba,0.0,0.67,0.0,0.0,0.0,0.0,5.0,0.0,0.0,1.0,6.0,6.0
Anil Kumar,6,"Defender, left cover",Dabang Delhi K.C.,True,False,False,Dabang Delhi K.C.,0.0,0.5,0.0,0.0,0.0,0.0,3.0,0.0,0.0,0.0,3.0,3.0
Vijay Kumar,8,"Defender, right corner",Bengaluru Bulls,True,False,False,Bengaluru Bulls,0.0,0.5,0.0,0.0,0.0,0.0,3.0,0.0,0.0,1.0,4.0,4.0
Naveen Narwal,3,"Defender, right cover",Bengal Warriors,True,False,False,Bengal Warriors,0.0,0.33,0.0,0.0,0.0,0.0,1.0,0.0,0.0,0.0,1.0,1.0
Sagar B Krishna,6,All Rounder,Puneri Paltan,False,False,True,Puneri Paltan,0.0,0.33,0.0,0.0,0.0,0.0,2.0,0.0,0.0,0.0,2.0,2.0
Sachin Kumar,8,All Rounder,U.P. Yoddha,False,False,True,U.P. Yoddha,0.0,0.25,0.0,0.0,0.0,0.0,2.0,0.0,0.0,0.0,2.0,2.0
Ajay,4,Defender,Bengaluru Bulls,True,False,False,Bengaluru Bulls,0.0,0.25,0.0,0.0,0.0,0.0,1.0,0.0,0.0,0.0,1.0,1.0
Narender,3,All Rounder,U.P. Yoddha,False,False,True,U.P. Yoddha,0.0,0.0,0.0,0.0,0.0,0.0,0.0,0.0,0.0,0.0,0.0,0.0
Adarsh T,6,"Defender, left corner",Bengal Warriors,True,False,False,Bengal Warriors,0.0,0.0,0.0,0.0,0.0,0.0,1.0,0.0,0.0,0.0,1.0,1.0
Satywan,1,"Defender, left cover",Dabang Delhi K.C.,True,False,False,Dabang Delhi K.C.,0.0,0.0,0.0,0.0,0.0,0.0,1.0,0.0,0.0,0.0,1.0,1.0
Ponparthiban Subramanian,4,"Defender, right cover",Tamil Thalaivas,True,False,False,Tamil Thalaivas,0.0,0.0,0.0,0.0,0.0,0.0,1.0,0.0,0.0,0.0,1.0,1.0
Aman,1,"Defender, left corner",Bengaluru Bulls,True,False,False,Bengaluru Bulls,0.0,0.0,0.0,0.0,0.0,0.0,1.0,0.0,0.0,0.0,1.0,1.0
Sagar,5,"Defender, right corner",Tamil Thalaivas,True,False,False,Tamil Thalaivas,0.0,0.0,0.0,0.0,0.0,0.0,1.0,0.0,0.0,0.0,1.0,1.0
Mohammad Taghi Paein Mahali,3,Raider,Bengal Warriors,False,True,False,Bengal Warriors,0.0,0.0,0.0,0.0,0.0,0.0,1.0,0.0,0.0,0.0,1.0,1.0
Ravinder,1,All Rounder,Patna Pirates,False,False,True,Patna Pirates,0.0,0.0,0.0,0.0,0.0,0.0,2.0,0.0,0.0,1.0,3.0,3.0
Krushna Madane,2,Defender,Telugu Titans,True,False,False,Telugu Titans,0.0,0.0,0.0,0.0,0.0,0.0,2.0,0.0,0.0,0.0,2.0,2.0
Rajaguru Subramanian,3,"Defender, right cover",U Mumba,True,False,False,U Mumba,0.0,0.0,0.0,0.0,0.0,0.0,2.0,0.0,0.0,0.0,2.0,2.0
Kamal Singh,2,Raider,Telugu Titans,False,True,False,Telugu Titans,0.0,0.0,0.0,0.0,0.0,0.0,2.0,0.0,0.0,0.0,2.0,2.0
Darshan Kadian,2,Raider,Puneri Paltan,False,True,False,Puneri Paltan,0.0,0.0,0.0,0.0,0.0,0.0,0.0,0.0,0.0,0.0,0.0,0.0
R. Sriram,1,Raider,Puneri Paltan,False,True,False,Puneri Paltan,0.0,0.0,0.0,0.0,0.0,0.0,0.0,0.0,0.0,0.0,0.0,0.0
