name,matches,profile,team_x,defender,raider,allrounder,team_y,avg_raid_points,avg_tackle_points,do_or_die_raid_points,high_5s,raid_points,successful_raids,successful_tackles,super_10s,super_raids,super_tackles,tackle_points,total_points
Sandeep Kumar Dhull,6,"Defender, left corner",Jaipur Pink Panthers,True,False,False,Jaipur Pink Panthers,0.0,4.5,0.0,3.0,0.0,0.0,26.0,0.0,0.0,1.0,27.0,27.0
Manjeet Chhillar,6,All Rounder,Tamil Thalaivas,False,False,True,Tamil Thalaivas,0.0,4.33,0.0,2.0,0.0,0.0,24.0,0.0,0.0,2.0,26.0,26.0
Amit,8,"Defender, left cover",U.P. Yoddha,True,False,False,U.P. Yoddha,0.5,1.38,0.0,0.0,2.0,1.0,10.0,0.0,0.0,1.0,11.0,13.0
Surinder Singh,7,Defender,U Mumba,True,False,False,U Mumba,0.0,3.43,0.0,1.0,4.0,1.0,23.0,0.0,1.0,1.0,24.0,28.0
Mohit Chhillar,6,"Defender, right corner",Tamil Thalaivas,True,False,False,Tamil Thalaivas,0.0,2.83,0.0,1.0,0.0,0.0,16.0,0.0,0.0,1.0,17.0,17.0
Girish Maruti Ernak,7,"Defender, left corner",Puneri Paltan,True,False,False,Puneri Paltan,0.0,2.57,0.0,1.0,0.0,0.0,15.0,0.0,0.0,3.0,18.0,18.0
Vikas Kale,7,"Defender, right cover",Haryana Steelers,True,False,False,Haryana Steelers,0.0,2.14,0.0,1.0,0.0,0.0,15.0,0.0,0.0,0.0,15.0,15.0
Saurabh Nandal,6,"Defender, left corner",Bengaluru Bulls,True,False,False,Bengaluru Bulls,0.0,1.67,0.0,1.0,1.0,1.0,9.0,0.0,0.0,1.0,10.0,11.0
Neeraj Kumar,7,"Defender, right cover",Patna Pirates,True,False,False,Patna Pirates,0.0,2.71,0.0,1.0,0.0,0.0,18.0,0.0,0.0,1.0,19.0,19.0
Mahender Singh,7,"Defender, left cover",Bengaluru Bulls,True,False,False,Bengaluru Bulls,0.0,3.14,0.0,1.0,0.0,0.0,17.0,0.0,0.0,5.0,22.0,22.0
Amit Sheoran,7,Defender,Bengaluru Bulls,True,False,False,Bengaluru Bulls,0.0,2.14,0.0,1.0,0.0,0.0,13.0,0.0,0.0,2.0,15.0,15.0
Rinku Narwal,7,Defender,Bengal Warriors,True,False,False,Bengal Warriors,0.0,2.43,0.0,1.0,0.0,0.0,17.0,0.0,0.0,0.0,17.0,17.0
Sunil Kumar,8,Defender,Gujarat Fortunegiants,True,False,False,Gujarat Fortunegiants,0.0,2.88,0.0,3.0,0.0,0.0,19.0,0.0,0.0,4.0,23.0,23.0
Pawan Kumar Sehrawat,7,Raider,Bengaluru Bulls,False,True,False,Bengaluru Bulls,12.43,1.29,2.0,0.0,87.0,68.0,8.0,4.0,3.0,1.0,9.0,96.0
Naveen Kumar,6,Raider,Dabang Delhi K.C.,False,True,False,Dabang Delhi K.C.,10.67,0.0,8.0,0.0,64.0,56.0,1.0,5.0,1.0,0.0,1.0,65.0
Pardeep Narwal,7,Raider,Patna Pirates,False,True,False,Patna Pirates,8.43,0.0,13.0,0.0,59.0,53.0,0.0,3.0,2.0,0.0,0.0,59.0
Maninder Singh,7,Raider,Bengal Warriors,False,True,False,Bengal Warriors,7.86,0.0,9.0,0.0,55.0,46.0,0.0,2.0,2.0,0.0,0.0,55.0
Siddharth Sirish Desai,8,Raider,Telugu Titans,False,True,False,Telugu Titans,6.25,0.0,4.0,0.0,50.0,45.0,2.0,1.0,0.0,0.0,2.0,52.0
Deepak Niwas Hooda,6,All Rounder,Jaipur Pink Panthers,False,False,True,Jaipur Pink Panthers,8.33,0.5,9.0,0.0,50.0,40.0,3.0,3.0,1.0,0.0,3.0,53.0
Rahul Chaudhari,6,Raider,Tamil Thalaivas,False,True,False,Tamil Thalaivas,7.0,0.83,12.0,0.0,42.0,35.0,5.0,2.0,0.0,0.0,5.0,47.0
Vikash Kandola,4,Raider,Haryana Steelers,False,True,False,Haryana Steelers,10.0,0.0,10.0,0.0,40.0,33.0,2.0,3.0,0.0,0.0,2.0,42.0
Rohit Gulia,8,All Rounder,Gujarat Fortunegiants,False,False,True,Gujarat Fortunegiants,5.38,0.25,7.0,0.0,43.0,32.0,2.0,1.0,0.0,0.0,2.0,45.0
Sachin Tanwar,8,Raider,Gujarat Fortunegiants,False,True,False,Gujarat Fortunegiants,5.0,0.0,10.0,0.0,40.0,32.0,1.0,0.0,0.0,0.0,1.0,41.0
Baldev Singh,7,"Defender, right corner",Bengal Warriors,True,False,False,Bengal Warriors,0.0,3.43,0.0,3.0,0.0,0.0,21.0,0.0,0.0,3.0,24.0,24.0
K. Prapanjan,7,Raider,Bengal Warriors,False,True,False,Bengal Warriors,5.86,0.0,7.0,0.0,41.0,31.0,1.0,1.0,1.0,0.0,1.0,42.0
Abhishek Singh,6,Raider,U Mumba,False,True,False,U Mumba,5.83,0.0,14.0,0.0,35.0,30.0,1.0,1.0,0.0,0.0,1.0,36.0
Naveen,7,Raider,Haryana Steelers,False,True,False,Haryana Steelers,5.14,0.29,7.0,0.0,36.0,30.0,2.0,1.0,0.0,0.0,2.0,38.0
Monu Goyat,8,Raider,U.P. Yoddha,False,True,False,U.P. Yoddha,4.13,0.38,4.0,0.0,33.0,29.0,2.0,0.0,0.0,1.0,3.0,36.0
Chandran Ranjit,6,Raider,Dabang Delhi K.C.,False,True,False,Dabang Delhi K.C.,6.17,0.67,3.0,0.0,37.0,29.0,3.0,1.0,1.0,1.0,4.0,41.0
Mohammad Esmaeil Nabibakhsh,7,All Rounder,Bengal Warriors,False,False,True,Bengal Warriors,5.0,1.29,2.0,0.0,35.0,26.0,7.0,1.0,2.0,2.0,9.0,44.0
Rohit Kumar,7,Raider,Bengaluru Bulls,False,True,False,Bengaluru Bulls,4.43,0.43,4.0,0.0,31.0,24.0,3.0,1.0,0.0,0.0,3.0,34.0
Pankaj Mohite,5,Raider,Puneri Paltan,False,True,False,Puneri Paltan,6.2,0.2,10.0,0.0,31.0,24.0,1.0,0.0,1.0,0.0,1.0,32.0
Shrikant Jadhav,8,Raider,U.P. Yoddha,False,True,False,U.P. Yoddha,3.75,0.38,7.0,0.0,30.0,23.0,3.0,0.0,0.0,0.0,3.0,33.0
Suraj Desai,6,Raider,Telugu Titans,False,True,False,Telugu Titans,6.2,0.17,3.0,0.0,31.0,23.0,1.0,1.0,1.0,0.0,1.0,32.0
Sumit,8,"Defender, left corner",U.P. Yoddha,True,False,False,U.P. Yoddha,0.0,3.25,0.0,2.0,2.0,1.0,26.0,0.0,0.0,0.0,26.0,28.0
Ajay Thakur,6,Raider,Tamil Thalaivas,False,True,False,Tamil Thalaivas,4.83,0.0,5.0,0.0,29.0,20.0,0.0,0.0,2.0,0.0,0.0,29.0
Deepak Narwal,6,Raider,Jaipur Pink Panthers,False,True,False,Jaipur Pink Panthers,4.0,0.0,8.0,0.0,24.0,20.0,1.0,0.0,0.0,0.0,1.0,25.0
Vinay,7,Raider,Haryana Steelers,False,True,False,Haryana Steelers,3.86,0.0,5.0,0.0,27.0,20.0,2.0,0.0,1.0,0.0,2.0,29.0
Pawan Kumar Kadian,5,Raider,Puneri Paltan,False,True,False,Puneri Paltan,4.6,0.0,5.0,0.0,23.0,18.0,0.0,1.0,0.0,0.0,0.0,23.0
Manjeet,7,Raider,Puneri Paltan,False,True,False,Puneri Paltan,2.86,1.86,3.0,0.0,20.0,18.0,13.0,0.0,0.0,0.0,13.0,33.0
Arjun Deshwal,6,Raider,U Mumba,False,True,False,U Mumba,3.67,0.0,4.0,0.0,22.0,18.0,0.0,1.0,0.0,0.0,0.0,22.0
More GB,7,Raider,Gujarat Fortunegiants,False,True,False,Gujarat Fortunegiants,2.71,1.71,4.0,0.0,19.0,17.0,12.0,0.0,0.0,0.0,12.0,31.0
Sonu Jaglan,7,Raider,Gujarat Fortunegiants,False,True,False,Gujarat Fortunegiants,2.86,0.0,3.0,0.0,20.0,15.0,1.0,0.0,2.0,1.0,2.0,22.0
Rohit Baliyan,7,Raider,U Mumba,False,True,False,U Mumba,2.86,0.43,5.0,0.0,20.0,13.0,2.0,0.0,1.0,1.0,3.0,23.0
Jang Kun Lee,7,Raider,Patna Pirates,False,True,False,Patna Pirates,2.0,0.0,6.0,0.0,14.0,12.0,1.0,0.0,0.0,0.0,1.0,15.0
Sunil,5,"Defender, right corner",Haryana Steelers,True,False,False,Haryana Steelers,0.0,3.6,0.0,2.0,0.0,0.0,18.0,0.0,0.0,0.0,18.0,18.0
Sumit Singh,6,Raider,Bengaluru Bulls,False,True,False,Bengaluru Bulls,2.33,0.5,3.0,0.0,14.0,11.0,2.0,0.0,0.0,1.0,3.0,17.0
Amit Kumar,6,Raider,Puneri Paltan,False,True,False,Puneri Paltan,2.5,1.17,6.0,0.0,15.0,10.0,7.0,0.0,0.0,0.0,7.0,22.0
Amit Kumar,6,Raider,Puneri Paltan,False,True,False,Telugu Titans,0.2,1.6,1.0,0.0,1.0,1.0,7.0,0.0,0.0,1.0,8.0,9.0
Amit Kumar,5,Raider,Telugu Titans,False,True,False,Puneri Paltan,2.5,1.17,6.0,0.0,15.0,10.0,7.0,0.0,0.0,0.0,7.0,22.0
Amit Kumar,5,Raider,Telugu Titans,False,True,False,Telugu Titans,0.2,1.6,1.0,0.0,1.0,1.0,7.0,0.0,0.0,1.0,8.0,9.0
Rajnish,3,Raider,Telugu Titans,False,True,False,Telugu Titans,3.67,0.0,4.0,0.0,11.0,9.0,1.0,0.0,0.0,0.0,1.0,12.0
Nitin Tomar,2,Raider,Puneri Paltan,False,True,False,Puneri Paltan,5.5,0.0,0.0,0.0,11.0,9.0,0.0,0.0,0.0,0.0,0.0,11.0
Shabeer Bappu,6,Raider,Tamil Thalaivas,False,True,False,Tamil Thalaivas,1.83,0.33,3.0,0.0,11.0,8.0,2.0,0.0,0.0,0.0,2.0,13.0
Nitin Rawal,2,All Rounder,Jaipur Pink Panthers,False,False,True,Jaipur Pink Panthers,4.5,0.0,1.0,0.0,9.0,8.0,2.0,0.0,0.0,0.0,2.0,11.0
Monu,7,Raider,Patna Pirates,False,True,False,Patna Pirates,1.75,1.86,1.0,0.0,7.0,7.0,9.0,0.0,0.0,4.0,13.0,20.0
Dong Geon Lee,4,Raider,U Mumba,False,True,False,U Mumba,2.5,0.0,4.0,0.0,10.0,7.0,0.0,0.0,0.0,0.0,0.0,10.0
Mohammad Esmaeil Maghsoudlou Mahalli,7,Raider,Patna Pirates,False,True,False,Patna Pirates,1.29,0.57,2.0,0.0,9.0,7.0,3.0,0.0,0.0,1.0,4.0,13.0
Rishank Devadiga,5,Raider,U.P. Yoddha,False,True,False,U.P. Yoddha,1.6,0.0,1.0,0.0,8.0,7.0,0.0,0.0,0.0,0.0,0.0,8.0
Amit Hooda,6,"Defender, right corner",Jaipur Pink Panthers,True,False,False,Jaipur Pink Panthers,0.0,3.17,0.0,2.0,0.0,0.0,18.0,0.0,0.0,1.0,19.0,19.0
Farhad Rahimi Milaghardan,8,All Rounder,Telugu Titans,False,False,True,Telugu Titans,0.75,1.75,1.0,0.0,6.0,6.0,14.0,0.0,0.0,0.0,14.0,20.0
Ajinkya Ashok Pawar,5,Raider,Jaipur Pink Panthers,False,True,False,Jaipur Pink Panthers,1.5,0.0,3.0,0.0,6.0,5.0,0.0,0.0,0.0,0.0,0.0,6.0
Athul MS,4,Raider,U Mumba,False,True,False,U Mumba,1.5,0.0,0.0,0.0,6.0,5.0,0.0,0.0,0.0,0.0,0.0,6.0
Selvamani K,4,Raider,Haryana Steelers,False,True,False,Haryana Steelers,2.33,0.0,0.0,0.0,7.0,5.0,2.0,0.0,1.0,0.0,2.0,9.0
Nilesh Salunke,5,Raider,Jaipur Pink Panthers,False,True,False,Jaipur Pink Panthers,1.4,0.0,2.0,0.0,7.0,5.0,0.0,0.0,0.0,0.0,0.0,7.0
Surender Singh,3,Raider,U.P. Yoddha,False,True,False,U.P. Yoddha,3.0,0.0,4.0,0.0,9.0,5.0,0.0,0.0,0.0,0.0,0.0,9.0
Sushant Sail,3,Raider,Puneri Paltan,False,True,False,Puneri Paltan,2.33,0.0,1.0,0.0,7.0,5.0,0.0,0.0,0.0,0.0,0.0,7.0
Sachin Narwal,5,All Rounder,Jaipur Pink Panthers,False,False,True,Jaipur Pink Panthers,1.0,0.0,3.0,0.0,5.0,4.0,0.0,0.0,0.0,0.0,0.0,5.0
Mohit Sehrawat,5,"Defender, right cover",Bengaluru Bulls,True,False,False,Bengaluru Bulls,1.0,0.6,3.0,0.0,5.0,4.0,2.0,0.0,0.0,1.0,3.0,8.0
Harmanjit Singh,2,Raider,Gujarat Fortunegiants,False,True,False,Gujarat Fortunegiants,2.0,0.0,0.0,0.0,4.0,4.0,0.0,0.0,0.0,0.0,0.0,4.0
Jaideep,7,"Defender, left corner",Patna Pirates,True,False,False,Patna Pirates,0.0,3.43,0.0,2.0,0.0,0.0,22.0,0.0,0.0,2.0,24.0,24.0
V. Ajith Kumar,4,Raider,Tamil Thalaivas,False,True,False,Tamil Thalaivas,1.33,0.0,1.0,0.0,4.0,4.0,0.0,0.0,0.0,0.0,0.0,4.0
Meraj Sheykh,3,All Rounder,Dabang Delhi K.C.,False,False,True,Dabang Delhi K.C.,2.33,0.0,2.0,0.0,7.0,4.0,1.0,0.0,0.0,0.0,1.0,8.0
Surender Gill,5,Raider,U.P. Yoddha,False,True,False,U.P. Yoddha,1.4,0.0,3.0,0.0,7.0,4.0,1.0,0.0,0.0,1.0,2.0,9.0
Armaan,4,All Rounder,Telugu Titans,False,False,True,Telugu Titans,1.5,0.0,1.0,0.0,6.0,3.0,0.0,0.0,1.0,0.0,0.0,6.0
Azad Singh,3,Raider,U.P. Yoddha,False,True,False,U.P. Yoddha,1.67,0.0,0.0,0.0,5.0,3.0,0.0,0.0,0.0,0.0,0.0,5.0
Ankit Beniwal,2,Raider,Telugu Titans,False,True,False,Telugu Titans,1.5,0.0,0.0,0.0,3.0,3.0,0.0,0.0,0.0,0.0,0.0,3.0
Mohsen Maghsoudloujafari,6,All Rounder,U.P. Yoddha,False,False,True,U.P. Yoddha,0.67,0.0,2.0,0.0,4.0,3.0,1.0,0.0,0.0,0.0,1.0,5.0
Rakesh Gowda,3,Raider,Telugu Titans,False,True,False,Telugu Titans,1.0,0.0,1.0,0.0,3.0,2.0,1.0,0.0,0.0,1.0,2.0,5.0
Vinod Kumar,4,All Rounder,Gujarat Fortunegiants,False,False,True,Gujarat Fortunegiants,0.67,0.0,0.0,0.0,2.0,2.0,0.0,0.0,0.0,0.0,0.0,2.0
Vijay,5,All Rounder,Dabang Delhi K.C.,False,False,True,Dabang Delhi K.C.,0.5,0.4,0.0,0.0,2.0,2.0,2.0,0.0,0.0,0.0,2.0,4.0
Parvesh Bhainswal,8,"Defender, left cover",Gujarat Fortunegiants,True,False,False,Gujarat Fortunegiants,0.0,2.88,0.0,2.0,0.0,0.0,21.0,0.0,0.0,2.0,23.0,23.0
Gurvinder Singh,1,Raider,Gujarat Fortunegiants,False,True,False,Gujarat Fortunegiants,0.0,0.0,0.0,0.0,3.0,2.0,0.0,0.0,0.0,0.0,0.0,3.0
Ran Singh,6,All Rounder,Tamil Thalaivas,False,False,True,Tamil Thalaivas,0.0,1.83,0.0,0.0,2.0,2.0,11.0,0.0,0.0,0.0,11.0,13.0
Sandeep Narwal,7,All Rounder,U Mumba,False,False,True,U Mumba,0.33,1.86,0.0,0.0,2.0,2.0,11.0,0.0,0.0,2.0,13.0,15.0
Prashanth Kumar Rai,1,Raider,Haryana Steelers,False,True,False,Haryana Steelers,3.0,0.0,2.0,0.0,3.0,2.0,0.0,0.0,0.0,0.0,0.0,3.0
Ashish,3,Raider,Patna Pirates,False,True,False,Patna Pirates,1.0,0.0,0.0,0.0,3.0,2.0,0.0,0.0,0.0,0.0,0.0,3.0
Palle Mallikarjun,2,Raider,Telugu Titans,False,True,False,Telugu Titans,1.0,0.0,0.0,0.0,2.0,2.0,0.0,0.0,0.0,0.0,0.0,2.0
Banty,3,Raider,Bengaluru Bulls,False,True,False,Bengaluru Bulls,0.0,0.0,0.0,0.0,2.0,1.0,0.0,0.0,0.0,0.0,0.0,2.0
C. Arun,8,"Defender, left cover",Telugu Titans,True,False,False,Telugu Titans,0.0,0.88,0.0,0.0,2.0,1.0,7.0,0.0,0.0,0.0,7.0,9.0
Rakesh Narwal,1,Raider,Bengal Warriors,False,True,False,Bengal Warriors,0.0,0.0,0.0,0.0,3.0,1.0,0.0,0.0,0.0,0.0,0.0,3.0
Vishal Bhardwaj,8,Defender,Telugu Titans,True,False,False,Telugu Titans,0.0,3.25,0.0,2.0,0.0,0.0,23.0,0.0,0.0,3.0,26.0,26.0
Fazel Atrachali,7,"Defender, left corner",U Mumba,True,False,False,U Mumba,0.5,2.43,0.0,0.0,2.0,1.0,16.0,0.0,0.0,1.0,17.0,19.0
Hadi Tajik,3,"Defender, right corner",Puneri Paltan,True,False,False,Puneri Paltan,0.0,0.0,0.0,0.0,1.0,1.0,1.0,0.0,0.0,1.0,2.0,3.0
PO Surjeet Singh,7,"Defender, right cover",Puneri Paltan,True,False,False,Puneri Paltan,0.33,1.86,0.0,0.0,2.0,1.0,10.0,0.0,0.0,3.0,13.0,15.0
Arun Kumar HN,2,Raider,Haryana Steelers,False,True,False,Haryana Steelers,0.0,0.0,0.0,0.0,2.0,1.0,0.0,0.0,0.0,0.0,0.0,2.0
Aman Kadian,1,Raider,Dabang Delhi K.C.,False,True,False,Dabang Delhi K.C.,0.0,0.0,0.0,0.0,1.0,1.0,0.0,0.0,0.0,0.0,0.0,1.0
Purna Singh,1,Raider,Patna Pirates,False,True,False,Patna Pirates,0.0,0.0,0.0,0.0,1.0,1.0,0.0,0.0,0.0,0.0,0.0,1.0
Shubham Shinde,7,"Defender, right corner",Puneri Paltan,True,False,False,Puneri Paltan,0.0,1.0,0.0,0.0,1.0,1.0,6.0,0.0,0.0,1.0,7.0,8.0
Ajinkya Rohidas Kapre,2,All Rounder,U Mumba,False,False,True,U Mumba,0.0,0.0,0.0,0.0,1.0,1.0,0.0,0.0,0.0,0.0,0.0,1.0
Joginder Singh Narwal,6,"Defender, left corner",Dabang Delhi K.C.,True,False,False,Dabang Delhi K.C.,0.0,2.5,0.0,0.0,0.0,0.0,12.0,0.0,0.0,3.0,15.0,15.0
Dharmaraj Cheralathan,7,"Defender, right and left corner",Haryana Steelers,True,False,False,Haryana Steelers,0.0,2.29,0.0,0.0,0.0,0.0,14.0,0.0,0.0,2.0,16.0,16.0
Nitesh Kumar,8,Defender,U.P. Yoddha,True,False,False,U.P. Yoddha,0.0,2.25,0.0,0.0,1.0,0.0,16.0,0.0,0.0,2.0,18.0,19.0
Vishal,6,All Rounder,Jaipur Pink Panthers,False,False,True,Jaipur Pink Panthers,0.0,2.17,0.0,0.0,0.0,0.0,13.0,0.0,0.0,0.0,13.0,13.0
Ravinder Pahal,6,"Defender, right corner",Dabang Delhi K.C.,True,False,False,Dabang Delhi K.C.,0.0,1.83,0.0,0.0,0.0,0.0,11.0,0.0,0.0,0.0,11.0,11.0
Jeeva Kumar,6,"Defender, right and left cover",Bengal Warriors,True,False,False,Bengal Warriors,0.0,1.83,0.0,0.0,0.0,0.0,11.0,0.0,0.0,0.0,11.0,11.0
Abozar Mohajermighani,8,Defender,Telugu Titans,True,False,False,Telugu Titans,0.0,1.63,0.0,0.0,1.0,0.0,13.0,0.0,0.0,0.0,13.0,14.0
Saeid Ghaffari,5,"Defender, left cover",Dabang Delhi K.C.,True,False,False,Dabang Delhi K.C.,0.0,1.6,0.0,0.0,0.0,0.0,8.0,0.0,0.0,0.0,8.0,8.0
Viraj Vishnu Landge,4,"Defender, left cover",Bengal Warriors,True,False,False,Bengal Warriors,0.0,1.5,0.0,0.0,0.0,0.0,6.0,0.0,0.0,0.0,6.0,6.0
Ashu Singh,8,"Defender, right cover",U.P. Yoddha,True,False,False,U.P. Yoddha,0.0,1.5,0.0,0.0,0.0,0.0,12.0,0.0,0.0,0.0,12.0,12.0
Sanket Sawant,5,"Defender, left cover",Puneri Paltan,True,False,False,Puneri Paltan,0.0,1.4,0.0,0.0,0.0,0.0,7.0,0.0,0.0,0.0,7.0,7.0
Jadhav Balasaheb Shahaji,5,"Defender, right cover",Puneri Paltan,True,False,False,Puneri Paltan,0.0,1.4,0.0,0.0,0.0,0.0,4.0,0.0,0.0,3.0,7.0,7.0
Vishal Mane,6,"Defender, right cover",Dabang Delhi K.C.,True,False,False,Dabang Delhi K.C.,0.0,1.33,0.0,0.0,0.0,0.0,8.0,0.0,0.0,0.0,8.0,8.0
Ajeet,6,"Defender, right cover",Tamil Thalaivas,True,False,False,Tamil Thalaivas,0.0,1.33,0.0,0.0,0.0,0.0,7.0,0.0,0.0,1.0,8.0,8.0
Hadi Oshtorak,7,All Rounder,Patna Pirates,False,False,True,Patna Pirates,0.25,1.29,0.0,0.0,1.0,0.0,7.0,0.0,0.0,2.0,9.0,10.0
Sumit Malik,8,"Defender, left corner",Gujarat Fortunegiants,True,False,False,Gujarat Fortunegiants,0.0,1.25,0.0,0.0,0.0,0.0,10.0,0.0,0.0,0.0,10.0,10.0
Ankit,8,"Defender, right corner",Gujarat Fortunegiants,True,False,False,Gujarat Fortunegiants,0.0,1.25,0.0,0.0,0.0,0.0,8.0,0.0,0.0,2.0,10.0,10.0
Kuldeep Singh,5,Defender,Haryana Steelers,True,False,False,Haryana Steelers,0.0,1.2,0.0,0.0,0.0,0.0,6.0,0.0,0.0,0.0,6.0,6.0
Ravi Kumar,5,"Defender, right cover",Haryana Steelers,True,False,False,Haryana Steelers,0.0,1.2,0.0,0.0,0.0,0.0,5.0,0.0,0.0,1.0,6.0,6.0
Parveen,4,"Defender, left cover",Haryana Steelers,True,False,False,Haryana Steelers,0.0,1.0,0.0,0.0,0.0,0.0,3.0,0.0,0.0,1.0,4.0,4.0
Young Chang Ko,6,"Defender, left cover",U Mumba,True,False,False,U Mumba,0.0,1.0,0.0,0.0,0.0,0.0,4.0,0.0,0.0,2.0,6.0,6.0
Ashish Kumar,5,All Rounder,Bengaluru Bulls,False,False,True,Bengaluru Bulls,0.0,1.0,0.0,0.0,0.0,0.0,3.0,0.0,0.0,2.0,5.0,5.0
Vikas Jaglan,7,All Rounder,Patna Pirates,False,False,True,Patna Pirates,0.17,1.0,0.0,0.0,1.0,0.0,7.0,0.0,0.0,0.0,7.0,8.0
Vijay Kumar,5,"Defender, right corner",Bengaluru Bulls,True,False,False,Bengaluru Bulls,0.0,0.6,0.0,0.0,0.0,0.0,2.0,0.0,0.0,1.0,3.0,3.0
Anil Kumar,3,"Defender, left cover",Dabang Delhi K.C.,True,False,False,Dabang Delhi K.C.,0.0,0.33,0.0,0.0,0.0,0.0,1.0,0.0,0.0,0.0,1.0,1.0
Sunil Siddhgavali,6,Defender,Jaipur Pink Panthers,True,False,False,Jaipur Pink Panthers,0.0,0.33,0.0,0.0,0.0,0.0,2.0,0.0,0.0,0.0,2.0,2.0
Ruturaj Shivaji Koravi,6,Defender,Gujarat Fortunegiants,True,False,False,Gujarat Fortunegiants,0.0,0.33,0.0,0.0,0.0,0.0,2.0,0.0,0.0,0.0,2.0,2.0
Harendra Kumar,5,"Defender, left cover",U Mumba,True,False,False,U Mumba,0.0,0.0,0.0,0.0,0.0,0.0,0.0,0.0,0.0,0.0,0.0,0.0
Narender,2,All Rounder,U.P. Yoddha,False,False,True,U.P. Yoddha,0.0,0.0,0.0,0.0,0.0,0.0,0.0,0.0,0.0,0.0,0.0,0.0
Vineet Sharma,2,Raider,Tamil Thalaivas,False,True,False,Tamil Thalaivas,0.0,0.0,0.0,0.0,1.0,0.0,0.0,0.0,0.0,0.0,0.0,1.0
Abolfazl Maghsodloumahali,4,Raider,Gujarat Fortunegiants,False,True,False,Gujarat Fortunegiants,0.0,0.0,1.0,0.0,1.0,0.0,0.0,0.0,0.0,0.0,0.0,1.0
Adarsh T,3,"Defender, left corner",Bengal Warriors,True,False,False,Bengal Warriors,0.0,0.0,0.0,0.0,0.0,0.0,1.0,0.0,0.0,0.0,1.0,1.0
Pavan T. R.,2,"Defender, right cover",Jaipur Pink Panthers,True,False,False,Jaipur Pink Panthers,0.0,0.0,0.0,0.0,0.0,0.0,1.0,0.0,0.0,0.0,1.0,1.0
Aman,1,"Defender, left corner",Bengaluru Bulls,True,False,False,Bengaluru Bulls,0.0,0.0,0.0,0.0,0.0,0.0,1.0,0.0,0.0,0.0,1.0,1.0
Vijin Thangadurai,1,"Defender, right cover",Bengal Warriors,True,False,False,Bengal Warriors,0.0,0.0,0.0,0.0,0.0,0.0,1.0,0.0,0.0,0.0,1.0,1.0
Sachin Kumar,5,All Rounder,U.P. Yoddha,False,False,True,U.P. Yoddha,0.0,0.0,0.0,0.0,0.0,0.0,1.0,0.0,0.0,0.0,1.0,1.0
Mohammad Taghi Paein Mahali,2,Raider,Bengal Warriors,False,True,False,Bengal Warriors,0.0,0.0,0.0,0.0,0.0,0.0,1.0,0.0,0.0,0.0,1.0,1.0
Krushna Madane,2,Defender,Telugu Titans,True,False,False,Telugu Titans,0.0,0.0,0.0,0.0,0.0,0.0,2.0,0.0,0.0,0.0,2.0,2.0
Kamal Singh,1,Raider,Telugu Titans,False,True,False,Telugu Titans,0.0,0.0,0.0,0.0,0.0,0.0,2.0,0.0,0.0,0.0,2.0,2.0
R. Sriram,1,Raider,Puneri Paltan,False,True,False,Puneri Paltan,0.0,0.0,0.0,0.0,0.0,0.0,0.0,0.0,0.0,0.0,0.0,0.0
