name,all_outs_inflicted,avg_points_scored,avg_raid_points,avg_tackle_points,do_or_die_raid_points,raid_points,successful_raids,successful_tackles,super_raid,super_tackles,tackle_points,total_points_scored
Bengal Warriors,9.0,32.75,22.0,10.75,11.0,88.0,69.0,0.0,4.0,5.0,0.0,158.0
Bengaluru Bulls,6.0,31.2,20.2,11.0,0.0,101.0,79.0,41.0,3.0,15.0,55.0,178.0
Dabang Delhi K.C.,7.0,26.8,18.4,0.0,12.0,92.0,78.0,0.0,2.0,5.0,0.0,166.0
Gujarat Fortunegiants,8.0,29.0,17.6,11.4,19.0,88.0,71.0,54.0,2.0,3.0,57.0,168.0
Haryana Steelers,5.0,25.2,15.4,9.8,19.0,77.0,59.0,46.0,2.0,0.0,49.0,0.0
Jaipur Pink Panthers,8.0,28.0,17.0,11.0,21.0,85.0,68.0,53.0,0.0,0.0,55.0,164.0
Patna Pirates,5.0,0.0,0.0,10.17,15.0,78.0,69.0,52.0,2.0,9.0,61.0,157.0
Puneri Paltan,3.0,26.6,14.6,12.0,23.0,0.0,0.0,53.0,1.0,7.0,60.0,144.0
Tamil Thalaivas,6.0,26.0,14.8,11.2,15.0,74.0,63.0,53.0,1.0,5.0,56.0,154.0
Telugu Titans,0.0,24.0,15.33,0.0,10.0,92.0,79.0,47.0,2.0,6.0,52.0,152.0
U Mumba,7.0,23.83,14.83,9.0,25.0,89.0,68.0,47.0,2.0,8.0,54.0,168.0
U.P. Yoddha,0.0,0.0,0.0,9.6,0.0,0.0,0.0,44.0,0.0,4.0,48.0,0.0
