﻿web-scraper-order,web-scraper-start-url,name,rank,team_id,matches,points
1568115077-1,https://www.prokabaddi.com/stats/49-97-raid-points-statistics,"Bengaluru Bulls",1,/static-assets/images/teams/small/1.png?v=6.08,15,294
1568115077-10,https://www.prokabaddi.com/stats/49-97-raid-points-statistics,"U Mumba",10,/static-assets/images/teams/small/5.png?v=6.08,13,208
1568115077-11,https://www.prokabaddi.com/stats/49-97-raid-points-statistics,"U.P. Yoddha",11,/static-assets/images/teams/small/30.png?v=6.08,14,205
1568115077-12,https://www.prokabaddi.com/stats/49-97-raid-points-statistics,"Jaipur Pink Panthers",12,/static-assets/images/teams/small/3.png?v=6.08,13,194
1568115083-13,https://www.prokabaddi.com/stats/49-134-super-raid-statistics,"Bengal Warriors",1,/static-assets/images/teams/small/4.png?v=6.08,14,10
1568115083-14,https://www.prokabaddi.com/stats/49-134-super-raid-statistics,"Haryana Steelers",2,/static-assets/images/teams/small/28.png?v=6.08,13,9
1568115083-15,https://www.prokabaddi.com/stats/49-134-super-raid-statistics,"Patna Pirates",3,/static-assets/images/teams/small/6.png?v=6.08,14,8
1568115083-16,https://www.prokabaddi.com/stats/49-134-super-raid-statistics,"Dabang Delhi K.C.",4,/static-assets/images/teams/small/2.png?v=6.08,14,6
1568115083-17,https://www.prokabaddi.com/stats/49-134-super-raid-statistics,"Bengaluru Bulls",5,/static-assets/images/teams/small/1.png?v=6.08,15,5
1568115083-18,https://www.prokabaddi.com/stats/49-134-super-raid-statistics,"Telugu Titans",6,/static-assets/images/teams/small/8.png?v=6.08,13,4
1568115083-19,https://www.prokabaddi.com/stats/49-134-super-raid-statistics,"Jaipur Pink Panthers",6,/static-assets/images/teams/small/3.png?v=6.08,13,4
1568115077-2,https://www.prokabaddi.com/stats/49-97-raid-points-statistics,"Dabang Delhi K.C.",2,/static-assets/images/teams/small/2.png?v=6.08,14,290
1568115083-20,https://www.prokabaddi.com/stats/49-134-super-raid-statistics,"U Mumba",6,/static-assets/images/teams/small/5.png?v=6.08,13,4
1568115083-21,https://www.prokabaddi.com/stats/49-134-super-raid-statistics,"Tamil Thalaivas",6,/static-assets/images/teams/small/29.png?v=6.08,15,4
1568115083-22,https://www.prokabaddi.com/stats/49-134-super-raid-statistics,"Gujarat Fortunegiants",6,/static-assets/images/teams/small/31.png?v=6.08,14,4
1568115083-23,https://www.prokabaddi.com/stats/49-134-super-raid-statistics,"Puneri Paltan",11,/static-assets/images/teams/small/7.png?v=6.08,14,3
1568115083-24,https://www.prokabaddi.com/stats/49-134-super-raid-statistics,"U.P. Yoddha",12,/static-assets/images/teams/small/30.png?v=6.08,14,1
1568115087-25,https://www.prokabaddi.com/stats/49-15-successful-tackles-statistics,"Puneri Paltan",1,/static-assets/images/teams/small/7.png?v=6.08,14,141
1568115087-26,https://www.prokabaddi.com/stats/49-15-successful-tackles-statistics,"U.P. Yoddha",2,/static-assets/images/teams/small/30.png?v=6.08,14,139
1568115087-27,https://www.prokabaddi.com/stats/49-15-successful-tackles-statistics,"Bengaluru Bulls",3,/static-assets/images/teams/small/1.png?v=6.08,15,135
1568115087-28,https://www.prokabaddi.com/stats/49-15-successful-tackles-statistics,"Gujarat Fortunegiants",4,/static-assets/images/teams/small/31.png?v=6.08,14,128
1568115087-29,https://www.prokabaddi.com/stats/49-15-successful-tackles-statistics,"Jaipur Pink Panthers",5,/static-assets/images/teams/small/3.png?v=6.08,13,126
1568115077-3,https://www.prokabaddi.com/stats/49-97-raid-points-statistics,"Bengal Warriors",3,/static-assets/images/teams/small/4.png?v=6.08,14,277
1568115087-30,https://www.prokabaddi.com/stats/49-15-successful-tackles-statistics,"Haryana Steelers",5,/static-assets/images/teams/small/28.png?v=6.08,13,126
1568115087-31,https://www.prokabaddi.com/stats/49-15-successful-tackles-statistics,"Tamil Thalaivas",7,/static-assets/images/teams/small/29.png?v=6.08,15,124
1568115087-32,https://www.prokabaddi.com/stats/49-15-successful-tackles-statistics,"Bengal Warriors",7,/static-assets/images/teams/small/4.png?v=6.08,14,124
1568115087-33,https://www.prokabaddi.com/stats/49-15-successful-tackles-statistics,"Patna Pirates",7,/static-assets/images/teams/small/6.png?v=6.08,14,124
1568115087-34,https://www.prokabaddi.com/stats/49-15-successful-tackles-statistics,"Dabang Delhi K.C.",10,/static-assets/images/teams/small/2.png?v=6.08,14,122
1568115087-35,https://www.prokabaddi.com/stats/49-15-successful-tackles-statistics,"Telugu Titans",11,/static-assets/images/teams/small/8.png?v=6.08,13,121
1568115087-36,https://www.prokabaddi.com/stats/49-15-successful-tackles-statistics,"U Mumba",12,/static-assets/images/teams/small/5.png?v=6.08,13,114
1568115077-4,https://www.prokabaddi.com/stats/49-97-raid-points-statistics,"Tamil Thalaivas",4,/static-assets/images/teams/small/29.png?v=6.08,15,253
1568115077-5,https://www.prokabaddi.com/stats/49-97-raid-points-statistics,"Haryana Steelers",5,/static-assets/images/teams/small/28.png?v=6.08,13,243
1568115077-6,https://www.prokabaddi.com/stats/49-97-raid-points-statistics,"Patna Pirates",6,/static-assets/images/teams/small/6.png?v=6.08,14,236
1568115077-7,https://www.prokabaddi.com/stats/49-97-raid-points-statistics,"Puneri Paltan",7,/static-assets/images/teams/small/7.png?v=6.08,14,226
1568115077-8,https://www.prokabaddi.com/stats/49-97-raid-points-statistics,"Gujarat Fortunegiants",8,/static-assets/images/teams/small/31.png?v=6.08,14,215
1568115077-9,https://www.prokabaddi.com/stats/49-97-raid-points-statistics,"Telugu Titans",9,/static-assets/images/teams/small/8.png?v=6.08,13,209
1568115094-37,https://www.prokabaddi.com/stats/49-95-tackle-points-statistics,"Bengaluru Bulls",1,/static-assets/images/teams/small/1.png?v=6.08,15,157
1568115094-46,https://www.prokabaddi.com/stats/49-95-tackle-points-statistics,"Tamil Thalaivas",10,/static-assets/images/teams/small/29.png?v=6.08,15,132
1568115094-47,https://www.prokabaddi.com/stats/49-95-tackle-points-statistics,"U Mumba",11,/static-assets/images/teams/small/5.png?v=6.08,13,127
1568115094-48,https://www.prokabaddi.com/stats/49-95-tackle-points-statistics,"Dabang Delhi K.C.",11,/static-assets/images/teams/small/2.png?v=6.08,14,127
1568115098-49,https://www.prokabaddi.com/stats/49-136-all-outs-inflicted-statistics,"Dabang Delhi K.C.",1,/static-assets/images/teams/small/2.png?v=6.08,14,22
1568115098-50,https://www.prokabaddi.com/stats/49-136-all-outs-inflicted-statistics,"Bengal Warriors",2,/static-assets/images/teams/small/4.png?v=6.08,14,21
1568115098-51,https://www.prokabaddi.com/stats/49-136-all-outs-inflicted-statistics,"Patna Pirates",3,/static-assets/images/teams/small/6.png?v=6.08,14,19
1568115098-52,https://www.prokabaddi.com/stats/49-136-all-outs-inflicted-statistics,"Haryana Steelers",4,/static-assets/images/teams/small/28.png?v=6.08,13,18
1568115098-53,https://www.prokabaddi.com/stats/49-136-all-outs-inflicted-statistics,"U Mumba",5,/static-assets/images/teams/small/5.png?v=6.08,13,17
1568115098-54,https://www.prokabaddi.com/stats/49-136-all-outs-inflicted-statistics,"Bengaluru Bulls",6,/static-assets/images/teams/small/1.png?v=6.08,15,16
1568115098-55,https://www.prokabaddi.com/stats/49-136-all-outs-inflicted-statistics,"U.P. Yoddha",7,/static-assets/images/teams/small/30.png?v=6.08,14,14
1568115094-38,https://www.prokabaddi.com/stats/49-95-tackle-points-statistics,"Puneri Paltan",1,/static-assets/images/teams/small/7.png?v=6.08,14,157
1568115098-56,https://www.prokabaddi.com/stats/49-136-all-outs-inflicted-statistics,"Gujarat Fortunegiants",8,/static-assets/images/teams/small/31.png?v=6.08,14,13
1568115098-57,https://www.prokabaddi.com/stats/49-136-all-outs-inflicted-statistics,"Jaipur Pink Panthers",8,/static-assets/images/teams/small/3.png?v=6.08,13,13
1568115098-58,https://www.prokabaddi.com/stats/49-136-all-outs-inflicted-statistics,"Puneri Paltan",10,/static-assets/images/teams/small/7.png?v=6.08,14,11
1568115098-59,https://www.prokabaddi.com/stats/49-136-all-outs-inflicted-statistics,"Tamil Thalaivas",11,/static-assets/images/teams/small/29.png?v=6.08,15,10
1568115098-60,https://www.prokabaddi.com/stats/49-136-all-outs-inflicted-statistics,"Telugu Titans",12,/static-assets/images/teams/small/8.png?v=6.08,13,6
1568115101-61,https://www.prokabaddi.com/stats/49-135-do-or-die-raid-points-statistics,"Jaipur Pink Panthers",1,/static-assets/images/teams/small/3.png?v=6.08,13,52
1568115101-62,https://www.prokabaddi.com/stats/49-135-do-or-die-raid-points-statistics,"Patna Pirates",1,/static-assets/images/teams/small/6.png?v=6.08,14,52
1568115101-63,https://www.prokabaddi.com/stats/49-135-do-or-die-raid-points-statistics,"Puneri Paltan",3,/static-assets/images/teams/small/7.png?v=6.08,14,50
1568115101-64,https://www.prokabaddi.com/stats/49-135-do-or-die-raid-points-statistics,"U.P. Yoddha",3,/static-assets/images/teams/small/30.png?v=6.08,14,50
1568115101-65,https://www.prokabaddi.com/stats/49-135-do-or-die-raid-points-statistics,"U Mumba",5,/static-assets/images/teams/small/5.png?v=6.08,13,49
1568115094-39,https://www.prokabaddi.com/stats/49-95-tackle-points-statistics,"U.P. Yoddha",3,/static-assets/images/teams/small/30.png?v=6.08,14,149
1568115101-66,https://www.prokabaddi.com/stats/49-135-do-or-die-raid-points-statistics,"Haryana Steelers",6,/static-assets/images/teams/small/28.png?v=6.08,13,46
1568115101-67,https://www.prokabaddi.com/stats/49-135-do-or-die-raid-points-statistics,"Gujarat Fortunegiants",7,/static-assets/images/teams/small/31.png?v=6.08,14,44
1568115101-68,https://www.prokabaddi.com/stats/49-135-do-or-die-raid-points-statistics,"Tamil Thalaivas",8,/static-assets/images/teams/small/29.png?v=6.08,15,43
1568115101-69,https://www.prokabaddi.com/stats/49-135-do-or-die-raid-points-statistics,"Dabang Delhi K.C.",9,/static-assets/images/teams/small/2.png?v=6.08,14,35
1568115101-70,https://www.prokabaddi.com/stats/49-135-do-or-die-raid-points-statistics,"Bengaluru Bulls",10,/static-assets/images/teams/small/1.png?v=6.08,15,34
1568115101-71,https://www.prokabaddi.com/stats/49-135-do-or-die-raid-points-statistics,"Bengal Warriors",11,/static-assets/images/teams/small/4.png?v=6.08,14,32
1568115101-72,https://www.prokabaddi.com/stats/49-135-do-or-die-raid-points-statistics,"Telugu Titans",12,/static-assets/images/teams/small/8.png?v=6.08,13,31
1568115104-73,https://www.prokabaddi.com/stats/49-140-avg-points-scored-statistics,"Bengaluru Bulls",1,/static-assets/images/teams/small/1.png?v=6.08,15,30.06
1568115104-74,https://www.prokabaddi.com/stats/49-140-avg-points-scored-statistics,"Dabang Delhi K.C.",2,/static-assets/images/teams/small/2.png?v=6.08,14,29.78
1568115104-75,https://www.prokabaddi.com/stats/49-140-avg-points-scored-statistics,"Bengal Warriors",3,/static-assets/images/teams/small/4.png?v=6.08,14,29.28
1568115094-40,https://www.prokabaddi.com/stats/49-95-tackle-points-statistics,"Jaipur Pink Panthers",4,/static-assets/images/teams/small/3.png?v=6.08,13,145
1568115104-76,https://www.prokabaddi.com/stats/49-140-avg-points-scored-statistics,"Haryana Steelers",4,/static-assets/images/teams/small/28.png?v=6.08,13,29.07
1568115104-77,https://www.prokabaddi.com/stats/49-140-avg-points-scored-statistics,"Puneri Paltan",5,/static-assets/images/teams/small/7.png?v=6.08,14,27.35
1568115104-78,https://www.prokabaddi.com/stats/49-140-avg-points-scored-statistics,"Patna Pirates",6,/static-assets/images/teams/small/6.png?v=6.08,14,27.14
1568115104-79,https://www.prokabaddi.com/stats/49-140-avg-points-scored-statistics,"Telugu Titans",7,/static-assets/images/teams/small/8.png?v=6.08,13,26.61
1568115104-80,https://www.prokabaddi.com/stats/49-140-avg-points-scored-statistics,"Jaipur Pink Panthers",8,/static-assets/images/teams/small/3.png?v=6.08,13,26.07
1568115104-81,https://www.prokabaddi.com/stats/49-140-avg-points-scored-statistics,"U Mumba",9,/static-assets/images/teams/small/5.png?v=6.08,13,25.76
1568115104-82,https://www.prokabaddi.com/stats/49-140-avg-points-scored-statistics,"Tamil Thalaivas",10,/static-assets/images/teams/small/29.png?v=6.08,15,25.66
1568115104-83,https://www.prokabaddi.com/stats/49-140-avg-points-scored-statistics,"Gujarat Fortunegiants",11,/static-assets/images/teams/small/31.png?v=6.08,14,25.42
1568115104-84,https://www.prokabaddi.com/stats/49-140-avg-points-scored-statistics,"U.P. Yoddha",12,/static-assets/images/teams/small/30.png?v=6.08,14,25.28
1568115107-85,https://www.prokabaddi.com/stats/49-99-avg-tackle-points-statistics,"Puneri Paltan",1,/static-assets/images/teams/small/7.png?v=6.08,14,11.21
1568115094-41,https://www.prokabaddi.com/stats/49-95-tackle-points-statistics,"Patna Pirates",5,/static-assets/images/teams/small/6.png?v=6.08,14,144
1568115107-86,https://www.prokabaddi.com/stats/49-99-avg-tackle-points-statistics,"Jaipur Pink Panthers",2,/static-assets/images/teams/small/3.png?v=6.08,13,11.15
1568115107-87,https://www.prokabaddi.com/stats/49-99-avg-tackle-points-statistics,"U.P. Yoddha",3,/static-assets/images/teams/small/30.png?v=6.08,14,10.64
1568115107-88,https://www.prokabaddi.com/stats/49-99-avg-tackle-points-statistics,"Telugu Titans",4,/static-assets/images/teams/small/8.png?v=6.08,13,10.54
1568115107-89,https://www.prokabaddi.com/stats/49-99-avg-tackle-points-statistics,"Bengaluru Bulls",5,/static-assets/images/teams/small/1.png?v=6.08,15,10.47
1568115107-90,https://www.prokabaddi.com/stats/49-99-avg-tackle-points-statistics,"Haryana Steelers",6,/static-assets/images/teams/small/28.png?v=6.08,13,10.38
1568115107-91,https://www.prokabaddi.com/stats/49-99-avg-tackle-points-statistics,"Patna Pirates",7,/static-assets/images/teams/small/6.png?v=6.08,14,10.29
1568115107-92,https://www.prokabaddi.com/stats/49-99-avg-tackle-points-statistics,"Gujarat Fortunegiants",8,/static-assets/images/teams/small/31.png?v=6.08,14,10.07
1568115107-93,https://www.prokabaddi.com/stats/49-99-avg-tackle-points-statistics,"U Mumba",9,/static-assets/images/teams/small/5.png?v=6.08,13,9.77
1568115107-94,https://www.prokabaddi.com/stats/49-99-avg-tackle-points-statistics,"Bengal Warriors",10,/static-assets/images/teams/small/4.png?v=6.08,14,9.5
1568115107-95,https://www.prokabaddi.com/stats/49-99-avg-tackle-points-statistics,"Dabang Delhi K.C.",11,/static-assets/images/teams/small/2.png?v=6.08,14,9.07
1568115094-42,https://www.prokabaddi.com/stats/49-95-tackle-points-statistics,"Gujarat Fortunegiants",6,/static-assets/images/teams/small/31.png?v=6.08,14,141
1568115107-96,https://www.prokabaddi.com/stats/49-99-avg-tackle-points-statistics,"Tamil Thalaivas",12,/static-assets/images/teams/small/29.png?v=6.08,15,8.8
1568115094-43,https://www.prokabaddi.com/stats/49-95-tackle-points-statistics,"Telugu Titans",7,/static-assets/images/teams/small/8.png?v=6.08,13,137
1568115094-44,https://www.prokabaddi.com/stats/49-95-tackle-points-statistics,"Haryana Steelers",8,/static-assets/images/teams/small/28.png?v=6.08,13,135
1568115094-45,https://www.prokabaddi.com/stats/49-95-tackle-points-statistics,"Bengal Warriors",9,/static-assets/images/teams/small/4.png?v=6.08,14,133
1568115111-97,https://www.prokabaddi.com/stats/49-20-super-tackles-statistics,"Bengaluru Bulls",1,/static-assets/images/teams/small/1.png?v=6.08,15,23
1568115111-106,https://www.prokabaddi.com/stats/49-20-super-tackles-statistics,"Tamil Thalaivas",10,/static-assets/images/teams/small/29.png?v=6.08,15,10
1568115111-107,https://www.prokabaddi.com/stats/49-20-super-tackles-statistics,"Haryana Steelers",11,/static-assets/images/teams/small/28.png?v=6.08,13,9
1568115111-108,https://www.prokabaddi.com/stats/49-20-super-tackles-statistics,"Dabang Delhi K.C.",12,/static-assets/images/teams/small/2.png?v=6.08,14,7
1568115115-109,https://www.prokabaddi.com/stats/49-13-successful-raids-statistics,"Dabang Delhi K.C.",1,/static-assets/images/teams/small/2.png?v=6.08,14,242
1568115115-110,https://www.prokabaddi.com/stats/49-13-successful-raids-statistics,"Bengaluru Bulls",2,/static-assets/images/teams/small/1.png?v=6.08,15,237
1568115115-111,https://www.prokabaddi.com/stats/49-13-successful-raids-statistics,"Bengal Warriors",3,/static-assets/images/teams/small/4.png?v=6.08,14,224
1568115115-112,https://www.prokabaddi.com/stats/49-13-successful-raids-statistics,"Tamil Thalaivas",4,/static-assets/images/teams/small/29.png?v=6.08,15,203
1568115115-113,https://www.prokabaddi.com/stats/49-13-successful-raids-statistics,"Haryana Steelers",5,/static-assets/images/teams/small/28.png?v=6.08,13,191
1568115115-114,https://www.prokabaddi.com/stats/49-13-successful-raids-statistics,"Patna Pirates",5,/static-assets/images/teams/small/6.png?v=6.08,14,191
1568115115-115,https://www.prokabaddi.com/stats/49-13-successful-raids-statistics,"Puneri Paltan",7,/static-assets/images/teams/small/7.png?v=6.08,14,185
1568115111-98,https://www.prokabaddi.com/stats/49-20-super-tackles-statistics,"Jaipur Pink Panthers",2,/static-assets/images/teams/small/3.png?v=6.08,13,20
1568115115-116,https://www.prokabaddi.com/stats/49-13-successful-raids-statistics,"Telugu Titans",8,/static-assets/images/teams/small/8.png?v=6.08,13,181
1568115115-117,https://www.prokabaddi.com/stats/49-13-successful-raids-statistics,"Gujarat Fortunegiants",9,/static-assets/images/teams/small/31.png?v=6.08,14,176
1568115115-118,https://www.prokabaddi.com/stats/49-13-successful-raids-statistics,"U.P. Yoddha",10,/static-assets/images/teams/small/30.png?v=6.08,14,163
1568115115-119,https://www.prokabaddi.com/stats/49-13-successful-raids-statistics,"U Mumba",11,/static-assets/images/teams/small/5.png?v=6.08,13,161
1568115115-120,https://www.prokabaddi.com/stats/49-13-successful-raids-statistics,"Jaipur Pink Panthers",12,/static-assets/images/teams/small/3.png?v=6.08,13,156
1568115118-121,https://www.prokabaddi.com/stats/49-98-avg-raid-points-statistics,"Dabang Delhi K.C.",1,/static-assets/images/teams/small/2.png?v=6.08,14,20.71
1568115118-122,https://www.prokabaddi.com/stats/49-98-avg-raid-points-statistics,"Bengal Warriors",2,/static-assets/images/teams/small/4.png?v=6.08,14,19.79
1568115118-123,https://www.prokabaddi.com/stats/49-98-avg-raid-points-statistics,"Bengaluru Bulls",3,/static-assets/images/teams/small/1.png?v=6.08,15,19.6
1568115118-124,https://www.prokabaddi.com/stats/49-98-avg-raid-points-statistics,"Haryana Steelers",4,/static-assets/images/teams/small/28.png?v=6.08,13,18.69
1568115118-125,https://www.prokabaddi.com/stats/49-98-avg-raid-points-statistics,"Tamil Thalaivas",5,/static-assets/images/teams/small/29.png?v=6.08,15,16.87
1568115111-99,https://www.prokabaddi.com/stats/49-20-super-tackles-statistics,"Patna Pirates",2,/static-assets/images/teams/small/6.png?v=6.08,14,20
1568115118-126,https://www.prokabaddi.com/stats/49-98-avg-raid-points-statistics,"Patna Pirates",6,/static-assets/images/teams/small/6.png?v=6.08,14,16.86
1568115118-127,https://www.prokabaddi.com/stats/49-98-avg-raid-points-statistics,"Puneri Paltan",7,/static-assets/images/teams/small/7.png?v=6.08,14,16.14
1568115118-128,https://www.prokabaddi.com/stats/49-98-avg-raid-points-statistics,"Telugu Titans",8,/static-assets/images/teams/small/8.png?v=6.08,13,16.08
1568115118-129,https://www.prokabaddi.com/stats/49-98-avg-raid-points-statistics,"U Mumba",9,/static-assets/images/teams/small/5.png?v=6.08,13,16
1568115118-130,https://www.prokabaddi.com/stats/49-98-avg-raid-points-statistics,"Gujarat Fortunegiants",10,/static-assets/images/teams/small/31.png?v=6.08,14,15.36
1568115118-131,https://www.prokabaddi.com/stats/49-98-avg-raid-points-statistics,"Jaipur Pink Panthers",11,/static-assets/images/teams/small/3.png?v=6.08,13,14.92
1568115118-132,https://www.prokabaddi.com/stats/49-98-avg-raid-points-statistics,"U.P. Yoddha",12,/static-assets/images/teams/small/30.png?v=6.08,14,14.64
1568115122-133,https://www.prokabaddi.com/stats/49-96-total-points-scored-statistics,"Bengaluru Bulls",1,/static-assets/images/teams/small/1.png?v=6.08,15,504
1568115122-134,https://www.prokabaddi.com/stats/49-96-total-points-scored-statistics,"Dabang Delhi K.C.",2,/static-assets/images/teams/small/2.png?v=6.08,14,496
1568115122-135,https://www.prokabaddi.com/stats/49-96-total-points-scored-statistics,"Bengal Warriors",3,/static-assets/images/teams/small/4.png?v=6.08,14,476
1568115111-100,https://www.prokabaddi.com/stats/49-20-super-tackles-statistics,"Telugu Titans",4,/static-assets/images/teams/small/8.png?v=6.08,13,17
1568115122-136,https://www.prokabaddi.com/stats/49-96-total-points-scored-statistics,"Patna Pirates",4,/static-assets/images/teams/small/6.png?v=6.08,14,434
1568115122-137,https://www.prokabaddi.com/stats/49-96-total-points-scored-statistics,"Haryana Steelers",5,/static-assets/images/teams/small/28.png?v=6.08,13,432
1568115122-138,https://www.prokabaddi.com/stats/49-96-total-points-scored-statistics,"Tamil Thalaivas",5,/static-assets/images/teams/small/29.png?v=6.08,15,432
1568115122-139,https://www.prokabaddi.com/stats/49-96-total-points-scored-statistics,"Puneri Paltan",7,/static-assets/images/teams/small/7.png?v=6.08,14,424
1568115122-140,https://www.prokabaddi.com/stats/49-96-total-points-scored-statistics,"Gujarat Fortunegiants",8,/static-assets/images/teams/small/31.png?v=6.08,14,402
1568115122-141,https://www.prokabaddi.com/stats/49-96-total-points-scored-statistics,"U.P. Yoddha",9,/static-assets/images/teams/small/30.png?v=6.08,14,398
1568115122-142,https://www.prokabaddi.com/stats/49-96-total-points-scored-statistics,"U Mumba",10,/static-assets/images/teams/small/5.png?v=6.08,13,392
1568115122-143,https://www.prokabaddi.com/stats/49-96-total-points-scored-statistics,"Jaipur Pink Panthers",11,/static-assets/images/teams/small/3.png?v=6.08,13,387
1568115122-144,https://www.prokabaddi.com/stats/49-96-total-points-scored-statistics,"Telugu Titans",12,/static-assets/images/teams/small/8.png?v=6.08,13,376
1568115126-145,https://www.prokabaddi.com/stats/49-133-total-points-conceded-statistics,"Bengaluru Bulls",1,/static-assets/images/teams/small/1.png?v=6.08,15,488
1568115111-101,https://www.prokabaddi.com/stats/49-20-super-tackles-statistics,"Puneri Paltan",5,/static-assets/images/teams/small/7.png?v=6.08,14,16
1568115126-146,https://www.prokabaddi.com/stats/49-133-total-points-conceded-statistics,"Tamil Thalaivas",1,/static-assets/images/teams/small/29.png?v=6.08,15,488
1568115126-147,https://www.prokabaddi.com/stats/49-133-total-points-conceded-statistics,"Puneri Paltan",3,/static-assets/images/teams/small/7.png?v=6.08,14,458
1568115126-148,https://www.prokabaddi.com/stats/49-133-total-points-conceded-statistics,"Patna Pirates",4,/static-assets/images/teams/small/6.png?v=6.08,14,451
1568115126-149,https://www.prokabaddi.com/stats/49-133-total-points-conceded-statistics,"U.P. Yoddha",5,/static-assets/images/teams/small/30.png?v=6.08,14,447
1568115126-150,https://www.prokabaddi.com/stats/49-133-total-points-conceded-statistics,"Dabang Delhi K.C.",6,/static-assets/images/teams/small/2.png?v=6.08,14,440
1568115126-151,https://www.prokabaddi.com/stats/49-133-total-points-conceded-statistics,"Telugu Titans",7,/static-assets/images/teams/small/8.png?v=6.08,13,412
1568115126-152,https://www.prokabaddi.com/stats/49-133-total-points-conceded-statistics,"Bengal Warriors",8,/static-assets/images/teams/small/4.png?v=6.08,14,409
1568115126-153,https://www.prokabaddi.com/stats/49-133-total-points-conceded-statistics,"Haryana Steelers",9,/static-assets/images/teams/small/28.png?v=6.08,13,403
1568115126-154,https://www.prokabaddi.com/stats/49-133-total-points-conceded-statistics,"Gujarat Fortunegiants",10,/static-assets/images/teams/small/31.png?v=6.08,14,396
1568115126-155,https://www.prokabaddi.com/stats/49-133-total-points-conceded-statistics,"Jaipur Pink Panthers",11,/static-assets/images/teams/small/3.png?v=6.08,13,384
1568115111-102,https://www.prokabaddi.com/stats/49-20-super-tackles-statistics,"U Mumba",6,/static-assets/images/teams/small/5.png?v=6.08,13,15
1568115126-156,https://www.prokabaddi.com/stats/49-133-total-points-conceded-statistics,"U Mumba",12,/static-assets/images/teams/small/5.png?v=6.08,13,377
1568115111-103,https://www.prokabaddi.com/stats/49-20-super-tackles-statistics,"Gujarat Fortunegiants",7,/static-assets/images/teams/small/31.png?v=6.08,14,13
1568115111-104,https://www.prokabaddi.com/stats/49-20-super-tackles-statistics,"U.P. Yoddha",8,/static-assets/images/teams/small/30.png?v=6.08,14,11
1568115111-105,https://www.prokabaddi.com/stats/49-20-super-tackles-statistics,"Bengal Warriors",8,/static-assets/images/teams/small/4.png?v=6.08,14,11
