﻿web-scraper-order,web-scraper-start-url,name,team,type,points,credits,announced
1565448358-1,https://www.dream11.com/kabaddi/create-team/1092/15099,"R Pahal",DEL,DEF,77,15,Announced
1565448358-10,https://www.dream11.com/kabaddi/create-team/1092/15099,"J B Shahaji",PUN,DEF,31,12.5,
1565448358-11,https://www.dream11.com/kabaddi/create-team/1092/15099,"D Yadav",PUN,DEF,0,12.5,
1565448358-12,https://www.dream11.com/kabaddi/create-team/1092/15099,Satpal,PUN,DEF,0,12.5,
1565448358-13,https://www.dream11.com/kabaddi/create-team/1092/15099,"S Sawant",PUN,DEF,46,11.5,Announced
1565448358-14,https://www.dream11.com/kabaddi/create-team/1092/15099,"P Patil",DEL,DEF,0,10.5,
1565448358-15,https://www.dream11.com/kabaddi/create-team/1092/15099,"S Ghaffari",DEL,DEF,67,10.5,Announced
1565448358-16,https://www.dream11.com/kabaddi/create-team/1092/15099,Mohit-I,DEL,DEF,0,10,
1565448358-17,https://www.dream11.com/kabaddi/create-team/1092/15099,Satywan,DEL,DEF,0,9.5,
1565448358-18,https://www.dream11.com/kabaddi/create-team/1092/15099,"M Sheykh",DEL,ALL,42,15,
1565448358-19,https://www.dream11.com/kabaddi/create-team/1092/15099,Manjeet,PUN,ALL,90,14.5,Announced
1565448358-2,https://www.dream11.com/kabaddi/create-team/1092/15099,"S Singh",PUN,DEF,56,14.5,Announced
1565448358-20,https://www.dream11.com/kabaddi/create-team/1092/15099,"S Krishna",PUN,ALL,2,13,
1565448358-21,https://www.dream11.com/kabaddi/create-team/1092/15099,Vijay,DEL,ALL,26,13,Announced
1565448358-22,https://www.dream11.com/kabaddi/create-team/1092/15099,Sandeep-Jr.,PUN,ALL,0,12.5,
1565448358-23,https://www.dream11.com/kabaddi/create-team/1092/15099,Amit-Kumar-Jr,PUN,ALL,0,11.5,
1565448358-24,https://www.dream11.com/kabaddi/create-team/1092/15099,Balram,DEL,ALL,0,9.5,
1565448358-25,https://www.dream11.com/kabaddi/create-team/1092/15099,"P Kumar-Kadian",PUN,RAI,80,15.5,
1565448358-26,https://www.dream11.com/kabaddi/create-team/1092/15099,Naveen-Kumar,DEL,RAI,234,15.5,Announced
1565448358-27,https://www.dream11.com/kabaddi/create-team/1092/15099,"N Tomar",PUN,RAI,0,15,Announced
1565448358-28,https://www.dream11.com/kabaddi/create-team/1092/15099,"D Kadian",PUN,RAI,2,14,
1565448358-29,https://www.dream11.com/kabaddi/create-team/1092/15099,"C Ranjit",DEL,RAI,144,14,Announced
1565448358-3,https://www.dream11.com/kabaddi/create-team/1092/15099,"G M Ernak",PUN,DEF,79,14.5,Announced
1565448358-30,https://www.dream11.com/kabaddi/create-team/1092/15099,"A Kumar.Sr",PUN,RAI,86,13,Announced
1565448358-31,https://www.dream11.com/kabaddi/create-team/1092/15099,"R Sriram",PUN,RAI,-2,12.5,
1565448358-32,https://www.dream11.com/kabaddi/create-team/1092/15099,"E Sedaghatnia",PUN,RAI,0,12.5,
1565448358-33,https://www.dream11.com/kabaddi/create-team/1092/15099,"S Sail",PUN,RAI,17,12,
1565448358-34,https://www.dream11.com/kabaddi/create-team/1092/15099,"P Mohite",PUN,RAI,69,11.5,
1565448358-35,https://www.dream11.com/kabaddi/create-team/1092/15099,"S Kumar",DEL,RAI,0,11.5,
1565448358-36,https://www.dream11.com/kabaddi/create-team/1092/15099,"N Narwal",DEL,RAI,0,11,
1565448358-37,https://www.dream11.com/kabaddi/create-team/1092/15099,"A Kadian",DEL,RAI,6,10.5,
1565448358-4,https://www.dream11.com/kabaddi/create-team/1092/15099,"J Narwal",DEL,DEF,104,14.5,Announced
1565448358-5,https://www.dream11.com/kabaddi/create-team/1092/15099,"V Mane",DEL,DEF,67,14,Announced
1565448358-6,https://www.dream11.com/kabaddi/create-team/1092/15099,"S Shinde",PUN,DEF,49,13,Announced
1565448358-7,https://www.dream11.com/kabaddi/create-team/1092/15099,"H Tajik",PUN,DEF,0,13,
1565448358-8,https://www.dream11.com/kabaddi/create-team/1092/15099,Sombir,DEL,DEF,6,13,
1565448358-9,https://www.dream11.com/kabaddi/create-team/1092/15099,Anil-Kumar-I,DEL,DEF,12,13,
