﻿web-scraper-order,web-scraper-start-url,name,team,type,points,credits,announced
1568123206-1,https://www.dream11.com/kabaddi/create-team/1092/15151,"F Atrachali",MUM,DEF,271,15.5,Announced
1568123206-10,https://www.dream11.com/kabaddi/create-team/1092/15151,"K Madane",HYD,DEF,26,12.5,
1568123206-11,https://www.dream11.com/kabaddi/create-team/1092/15151,Manish-I,HYD,DEF,0,12,
1568123206-12,https://www.dream11.com/kabaddi/create-team/1092/15151,"A Choudhary",HYD,DEF,0,11.5,
1568123206-13,https://www.dream11.com/kabaddi/create-team/1092/15151,"H Vardhan",MUM,DEF,8,11,
1568123206-14,https://www.dream11.com/kabaddi/create-team/1092/15151,"A D Arsul",HYD,DEF,2,10.5,
1568123206-15,https://www.dream11.com/kabaddi/create-team/1092/15151,"S Narwal",MUM,ALL,263,14.5,Announced
1568123206-16,https://www.dream11.com/kabaddi/create-team/1092/15151,"F Milaghardan",HYD,ALL,194,14.5,Announced
1568123206-17,https://www.dream11.com/kabaddi/create-team/1092/15151,Armaan,HYD,ALL,37,13.5,
1568123206-18,https://www.dream11.com/kabaddi/create-team/1092/15151,"R Gowda",HYD,ALL,35,13,Announced
1568123206-19,https://www.dream11.com/kabaddi/create-team/1092/15151,"A R Kapre",MUM,ALL,4,12.5,
1568123206-2,https://www.dream11.com/kabaddi/create-team/1092/15151,"V Bharadwaj",HYD,DEF,273,15,Announced
1568123206-20,https://www.dream11.com/kabaddi/create-team/1092/15151,"M Balyan",MUM,ALL,0,12,
1568123206-21,https://www.dream11.com/kabaddi/create-team/1092/15151,Siddharth-Desai,HYD,RAI,397,16,Announced
1568123206-22,https://www.dream11.com/kabaddi/create-team/1092/15151,Abhishek-Singh,MUM,RAI,302,15,Announced
1568123206-23,https://www.dream11.com/kabaddi/create-team/1092/15151,"R Baliyan",MUM,RAI,148,14.5,Announced
1568123206-24,https://www.dream11.com/kabaddi/create-team/1092/15151,"A Deshwal",MUM,RAI,209,14,Announced
1568123206-25,https://www.dream11.com/kabaddi/create-team/1092/15151,Rajnish,HYD,RAI,50,14,
1568123206-26,https://www.dream11.com/kabaddi/create-team/1092/15151,"M Athul",MUM,RAI,138,13.5,
1568123206-27,https://www.dream11.com/kabaddi/create-team/1092/15151,"D Geon-Lee",MUM,RAI,37,13,
1568123206-28,https://www.dream11.com/kabaddi/create-team/1092/15151,"S Desai",HYD,RAI,160,13,Announced
1568123206-29,https://www.dream11.com/kabaddi/create-team/1092/15151,Gaurav-Kumar,MUM,RAI,0,12.5,
1568123206-3,https://www.dream11.com/kabaddi/create-team/1092/15151,Surinder-Singh,MUM,DEF,233,14.5,Announced
1568123206-30,https://www.dream11.com/kabaddi/create-team/1092/15151,Kamal-Singh,HYD,RAI,10,12.5,
1568123206-31,https://www.dream11.com/kabaddi/create-team/1092/15151,Navneet,MUM,RAI,0,12,
1568123206-32,https://www.dream11.com/kabaddi/create-team/1092/15151,Vinoth-Kumar,MUM,RAI,4,12,
1568123206-33,https://www.dream11.com/kabaddi/create-team/1092/15151,"A Kumar-II",HYD,RAI,88,12,
1568123206-34,https://www.dream11.com/kabaddi/create-team/1092/15151,"A Beniwal",HYD,RAI,20,11.5,
1568123206-35,https://www.dream11.com/kabaddi/create-team/1092/15151,"P Mallikarjun",HYD,RAI,7,11,
1568123206-36,https://www.dream11.com/kabaddi/create-team/1092/15151,"M S G Reddy",HYD,RAI,1,10,
1568123206-4,https://www.dream11.com/kabaddi/create-team/1092/15151,"A Mohajermighani",HYD,DEF,173,14.5,Announced
1568123206-5,https://www.dream11.com/kabaddi/create-team/1092/15151,"C Arun",HYD,DEF,137,13.5,Announced
1568123206-6,https://www.dream11.com/kabaddi/create-team/1092/15151,"H Kumar",MUM,DEF,120,13,Announced
1568123206-7,https://www.dream11.com/kabaddi/create-team/1092/15151,"R Subramanian",MUM,DEF,18,13,
1568123206-8,https://www.dream11.com/kabaddi/create-team/1092/15151,"Y Chang-Ko",MUM,DEF,57,13,
1568123206-9,https://www.dream11.com/kabaddi/create-team/1092/15151,Anil,MUM,DEF,0,12.5,
