web-scraper-order,web-scraper-start-url,name,team,type,points,credits,announced
1568557702-36,https://www.dream11.com/kabaddi/create-team/1092/15144,A Kadian,DEL,RAI,9,10.5,
1568557702-6,https://www.dream11.com/kabaddi/create-team/1092/15144,Anil-Kumar-I,DEL,DEF,81,13,Announced
1568557702-24,https://www.dream11.com/kabaddi/create-team/1092/15144,Balram,DEL,ALL,10,9.5,
1568557702-28,https://www.dream11.com/kabaddi/create-team/1092/15144,C Ranjit,DEL,RAI,306,14,
1568557702-1,https://www.dream11.com/kabaddi/create-team/1092/15144,J Narwal,DEL,DEF,268,14.5,Announced
1568557702-19,https://www.dream11.com/kabaddi/create-team/1092/15144,M Sheykh,DEL,ALL,92,14.5,Announced
1568557702-16,https://www.dream11.com/kabaddi/create-team/1092/15144,Mohit-I,DEL,DEF,0,10,
1568557702-35,https://www.dream11.com/kabaddi/create-team/1092/15144,N Narwal,DEL,RAI,1,11,
1568557702-25,https://www.dream11.com/kabaddi/create-team/1092/15144,Naveen-Kumar,DEL,RAI,617,16,Announced
1568557702-14,https://www.dream11.com/kabaddi/create-team/1092/15144,P Patil,DEL,DEF,0,10.5,
1568557702-2,https://www.dream11.com/kabaddi/create-team/1092/15144,R Pahal,DEL,DEF,265,15,Announced
1568557702-7,https://www.dream11.com/kabaddi/create-team/1092/15144,S Ghaffari,DEL,DEF,96,12.5,
1568557702-32,https://www.dream11.com/kabaddi/create-team/1092/15144,S Kumar,DEL,RAI,0,11.5,
1568557702-17,https://www.dream11.com/kabaddi/create-team/1092/15144,Satywan,DEL,DEF,7,9.5,
1568557702-5,https://www.dream11.com/kabaddi/create-team/1092/15144,Sombir,DEL,DEF,12,13,
1568557702-3,https://www.dream11.com/kabaddi/create-team/1092/15144,V Mane,DEL,DEF,172,14,Announced
1568557702-21,https://www.dream11.com/kabaddi/create-team/1092/15144,Vijay,DEL,ALL,112,13,Announced
1568557702-26,https://www.dream11.com/kabaddi/create-team/1092/15144,A Thakur,TAM,RAI,230,16.5,Announced
1568557702-8,https://www.dream11.com/kabaddi/create-team/1092/15144,Ajeet,TAM,DEF,123,12.5,Announced
1568557702-33,https://www.dream11.com/kabaddi/create-team/1092/15144,Anand,TAM,RAI,26,11.5,
1568557702-23,https://www.dream11.com/kabaddi/create-team/1092/15144,H Chauhan,TAM,ALL,2,12.5,
1568557702-11,https://www.dream11.com/kabaddi/create-team/1092/15144,Himanshu,TAM,DEF,-2,11.5,
1568557702-12,https://www.dream11.com/kabaddi/create-team/1092/15144,M A Robbani,TAM,DEF,0,11,
1568557702-10,https://www.dream11.com/kabaddi/create-team/1092/15144,M Abishek,TAM,DEF,0,12,
1568557702-15,https://www.dream11.com/kabaddi/create-team/1092/15144,M Sheibak,TAM,DEF,2,10.5,
1568557702-18,https://www.dream11.com/kabaddi/create-team/1092/15144,Manjeet-Chhillar,TAM,ALL,215,15.5,Announced
1568557702-4,https://www.dream11.com/kabaddi/create-team/1092/15144,Mohit-Chillar,TAM,DEF,205,14,Announced
1568557702-9,https://www.dream11.com/kabaddi/create-team/1092/15144,P Subramanian,TAM,DEF,13,12.5,
1568557702-27,https://www.dream11.com/kabaddi/create-team/1092/15144,R Chaudhari,TAM,RAI,316,16,Announced
1568557702-20,https://www.dream11.com/kabaddi/create-team/1092/15144,R Singh,TAM,ALL,181,13.5,Announced
1568557702-30,https://www.dream11.com/kabaddi/create-team/1092/15144,S Bappu,TAM,RAI,125,13,
1568557702-13,https://www.dream11.com/kabaddi/create-team/1092/15144,Sagar,TAM,DEF,33,11,
1568557702-31,https://www.dream11.com/kabaddi/create-team/1092/15144,V A Kumar,TAM,RAI,156,12,Announced
1568557702-22,https://www.dream11.com/kabaddi/create-team/1092/15144,V O Obiero,TAM,ALL,23,13,
1568557702-29,https://www.dream11.com/kabaddi/create-team/1092/15144,V Sharma,TAM,RAI,52,13,
1568557702-34,https://www.dream11.com/kabaddi/create-team/1092/15144,Y Bishnoi,TAM,RAI,0,11.5,