﻿web-scraper-order,web-scraper-start-url,name,team,type,points,credits,announced
1565361956-1,https://www.dream11.com/kabaddi/create-team/1092/15097,"S Nada",PAT,DEF,0,14.5,
1565361956-10,https://www.dream11.com/kabaddi/create-team/1092/15097,"A Nagar",UP,DEF,0,12.5,
1565361956-11,https://www.dream11.com/kabaddi/create-team/1092/15097,"B Narwal",PAT,DEF,0,12,
1565361956-12,https://www.dream11.com/kabaddi/create-team/1092/15097,"M Choudhary",PAT,DEF,0,12,
1565361956-13,https://www.dream11.com/kabaddi/create-team/1092/15097,"V Jaglan",PAT,ALL,44,14,Announced
1565361956-14,https://www.dream11.com/kabaddi/create-team/1092/15097,Monu,PAT,ALL,84,13.5,
1565361956-15,https://www.dream11.com/kabaddi/create-team/1092/15097,Sachin-Kumar,UP,ALL,6,13.5,
1565361956-16,https://www.dream11.com/kabaddi/create-team/1092/15097,"M Maghsoudlou",UP,ALL,3,13.5,
1565361956-17,https://www.dream11.com/kabaddi/create-team/1092/15097,Ravinder-I,PAT,ALL,0,13,
1565361956-18,https://www.dream11.com/kabaddi/create-team/1092/15097,Narender,UP,ALL,-6,13,
1565361956-19,https://www.dream11.com/kabaddi/create-team/1092/15097,Gurdeep,UP,ALL,0,11.5,
1565361956-2,https://www.dream11.com/kabaddi/create-team/1092/15097,Nitesh-Kumar,UP,DEF,73,14,Announced
1565361956-20,https://www.dream11.com/kabaddi/create-team/1092/15097,Arkam-Shaikh,UP,ALL,0,11.5,
1565361956-21,https://www.dream11.com/kabaddi/create-team/1092/15097,"S Mann",PAT,ALL,0,11,
1565361956-22,https://www.dream11.com/kabaddi/create-team/1092/15097,Amit-Kumar-II,PAT,ALL,0,10.5,
1565361956-23,https://www.dream11.com/kabaddi/create-team/1092/15097,"P Narwal",PAT,RAI,163,17.5,Announced
1565361956-24,https://www.dream11.com/kabaddi/create-team/1092/15097,"M Goyat",UP,RAI,59,16,Announced
1565361956-25,https://www.dream11.com/kabaddi/create-team/1092/15097,"J Kun-Lee",PAT,RAI,52,15,Announced
1565361956-26,https://www.dream11.com/kabaddi/create-team/1092/15097,"R Devadiga",UP,RAI,38,15,Announced
1565361956-27,https://www.dream11.com/kabaddi/create-team/1092/15097,"M E M Mahalli",PAT,RAI,60,14.5,Announced
1565361956-28,https://www.dream11.com/kabaddi/create-team/1092/15097,"S Jadhav",UP,RAI,43,14.5,Announced
1565361956-29,https://www.dream11.com/kabaddi/create-team/1092/15097,Surender-Singh,UP,RAI,4,14,
1565361956-3,https://www.dream11.com/kabaddi/create-team/1092/15097,Jaideep,PAT,DEF,128,13.5,Announced
1565361956-30,https://www.dream11.com/kabaddi/create-team/1092/15097,Azad-Singh,UP,RAI,2,13,
1565361956-31,https://www.dream11.com/kabaddi/create-team/1092/15097,"M M Karim",UP,RAI,0,12.5,
1565361956-32,https://www.dream11.com/kabaddi/create-team/1092/15097,"P Singh",PAT,RAI,4,12,
1565361956-33,https://www.dream11.com/kabaddi/create-team/1092/15097,Surender-Gill,UP,RAI,21,12,
1565361956-34,https://www.dream11.com/kabaddi/create-team/1092/15097,Ankush,UP,RAI,0,12,
1565361956-35,https://www.dream11.com/kabaddi/create-team/1092/15097,"R P Rao-Chavan",PAT,RAI,0,11.5,
1565361956-36,https://www.dream11.com/kabaddi/create-team/1092/15097,Mohit,PAT,RAI,0,11.5,
1565361956-37,https://www.dream11.com/kabaddi/create-team/1092/15097,Gulveer-Singh,UP,RAI,0,11.5,
1565361956-38,https://www.dream11.com/kabaddi/create-team/1092/15097,Ashish,PAT,RAI,14,11,
1565361956-39,https://www.dream11.com/kabaddi/create-team/1092/15097,Naveen,PAT,RAI,0,11,
1565361956-4,https://www.dream11.com/kabaddi/create-team/1092/15097,"J Dagar",PAT,DEF,2,13.5,
1565361956-5,https://www.dream11.com/kabaddi/create-team/1092/15097,"H Oshtorak",PAT,DEF,67,13.5,Announced
1565361956-6,https://www.dream11.com/kabaddi/create-team/1092/15097,Amit,UP,DEF,52,13.5,Announced
1565361956-7,https://www.dream11.com/kabaddi/create-team/1092/15097,Sumit,UP,DEF,86,13,Announced
1565361956-8,https://www.dream11.com/kabaddi/create-team/1092/15097,Neeraj-Kumar,PAT,DEF,77,12.5,Announced
1565361956-9,https://www.dream11.com/kabaddi/create-team/1092/15097,Ashu-Singh,UP,DEF,60,12.5,Announced
