web-scraper-order,web-scraper-start-url,name,team,type,points,credits,announced
1568558030-1,https://www.dream11.com/kabaddi/create-team/1092/15152,A Sheoran,BLR,DEF,230,14.5,Announced
1568558030-22,https://www.dream11.com/kabaddi/create-team/1092/15152,Ajay,BLR,ALL,30,12,Announced
1568558030-13,https://www.dream11.com/kabaddi/create-team/1092/15152,Aman,BLR,DEF,5,11.5,
1568558030-20,https://www.dream11.com/kabaddi/create-team/1092/15152,Ankit,BLR,ALL,26,12.5,Announced
1568558030-18,https://www.dream11.com/kabaddi/create-team/1092/15152,Ashish-Kumar,BLR,ALL,41,14.5,
1568558030-37,https://www.dream11.com/kabaddi/create-team/1092/15152,Banty,BLR,RAI,59,11.5,
1568558030-38,https://www.dream11.com/kabaddi/create-team/1092/15152,L Mohar-Yadav,BLR,RAI,0,11.5,
1568558030-23,https://www.dream11.com/kabaddi/create-team/1092/15152,M Sehrawat,BLR,ALL,113,11.5,
1568558030-2,https://www.dream11.com/kabaddi/create-team/1092/15152,Mahender-Singh,BLR,DEF,273,14.5,
1568558030-28,https://www.dream11.com/kabaddi/create-team/1092/15152,P Kumar-Sherawat,BLR,RAI,719,17,Announced
1568558030-8,https://www.dream11.com/kabaddi/create-team/1092/15152,R Lal-Choudhary,BLR,DEF,0,13,
1568558030-30,https://www.dream11.com/kabaddi/create-team/1092/15152,Rohit-Kumar,BLR,RAI,293,16,Announced
1568558030-7,https://www.dream11.com/kabaddi/create-team/1092/15152,S Nandal,BLR,DEF,248,13,Announced
1568558030-24,https://www.dream11.com/kabaddi/create-team/1092/15152,S Shrestha,BLR,ALL,0,11.5,
1568558030-11,https://www.dream11.com/kabaddi/create-team/1092/15152,Sandeep,BLR,DEF,2,12.5,
1568558030-34,https://www.dream11.com/kabaddi/create-team/1092/15152,Sumit-Singh,BLR,RAI,78,13.5,Announced
1568558030-35,https://www.dream11.com/kabaddi/create-team/1092/15152,V Kumar-II,BLR,RAI,6,13,
1568558030-9,https://www.dream11.com/kabaddi/create-team/1092/15152,Vijay-Kumar,BLR,DEF,67,13,
1568558030-26,https://www.dream11.com/kabaddi/create-team/1092/15152,A S Dhumal,BEN,ALL,0,11,
1568558030-14,https://www.dream11.com/kabaddi/create-team/1092/15152,Adarsh-T,BEN,DEF,19,11,
1568558030-15,https://www.dream11.com/kabaddi/create-team/1092/15152,Amit-I,BEN,DEF,4,10.5,
1568558030-21,https://www.dream11.com/kabaddi/create-team/1092/15152,Avinash-AR,BEN,ALL,0,12,
1568558030-3,https://www.dream11.com/kabaddi/create-team/1092/15152,Baldev-Singh,BEN,DEF,306,14,Announced
1568558030-16,https://www.dream11.com/kabaddi/create-team/1092/15152,Dharmendra-Singh,BEN,DEF,0,10,
1568558030-5,https://www.dream11.com/kabaddi/create-team/1092/15152,Jeeva-Kumar,BEN,DEF,219,14,Announced
1568558030-31,https://www.dream11.com/kabaddi/create-team/1092/15152,K Prapanjan,BEN,RAI,374,15,
1568558030-17,https://www.dream11.com/kabaddi/create-team/1092/15152,M Esmaeil-Nabibakhsh,BEN,ALL,386,15,Announced
1568558030-19,https://www.dream11.com/kabaddi/create-team/1092/15152,M Shivtarkar,BEN,ALL,27,13,Announced
1568558030-39,https://www.dream11.com/kabaddi/create-team/1092/15152,M T P Mahali,BEN,RAI,12,11,
1568558030-29,https://www.dream11.com/kabaddi/create-team/1092/15152,Maninder-Singh,BEN,RAI,501,16,Announced
1568558030-12,https://www.dream11.com/kabaddi/create-team/1092/15152,N Narwal,BEN,DEF,33,11.5,
1568558030-32,https://www.dream11.com/kabaddi/create-team/1092/15152,R Kumawat,BEN,RAI,1,14,
1568558030-4,https://www.dream11.com/kabaddi/create-team/1092/15152,R Narwal,BEN,DEF,310,14,Announced
1568558030-36,https://www.dream11.com/kabaddi/create-team/1092/15152,R Narwal,BEN,RAI,9,12,
1568558030-33,https://www.dream11.com/kabaddi/create-team/1092/15152,S Hegde,BEN,RAI,96,13.5,Announced
1568558030-27,https://www.dream11.com/kabaddi/create-team/1092/15152,S M Dubile,BEN,ALL,0,10.5,
1568558030-25,https://www.dream11.com/kabaddi/create-team/1092/15152,S T Patil,BEN,ALL,0,11,
1568558030-6,https://www.dream11.com/kabaddi/create-team/1092/15152,V Landge,BEN,DEF,68,13,
1568558030-10,https://www.dream11.com/kabaddi/create-team/1092/15152,V Thangadurai,BEN,DEF,25,12.5,