﻿web-scraper-order,web-scraper-start-url,name,rank,team_id,matches,points
1568547052-1,https://www.prokabaddi.com/stats/49-97-raid-points-statistics,"Bengaluru Bulls",1,/static-assets/images/teams/small/1.png?v=6.09,16,322
1568547052-10,https://www.prokabaddi.com/stats/49-97-raid-points-statistics,"Gujarat Fortunegiants",10,/static-assets/images/teams/small/31.png?v=6.09,15,232
1568547052-11,https://www.prokabaddi.com/stats/49-97-raid-points-statistics,"Telugu Titans",11,/static-assets/images/teams/small/8.png?v=6.09,14,224
1568547052-12,https://www.prokabaddi.com/stats/49-97-raid-points-statistics,"U.P. Yoddha",12,/static-assets/images/teams/small/30.png?v=6.09,14,205
1568547057-13,https://www.prokabaddi.com/stats/49-140-avg-points-scored-statistics,"Bengaluru Bulls",1,/static-assets/images/teams/small/1.png?v=6.09,16,30.37
1568547057-14,https://www.prokabaddi.com/stats/49-140-avg-points-scored-statistics,"Dabang Delhi K.C.",2,/static-assets/images/teams/small/2.png?v=6.09,14,29.78
1568547057-15,https://www.prokabaddi.com/stats/49-140-avg-points-scored-statistics,"Haryana Steelers",3,/static-assets/images/teams/small/28.png?v=6.09,15,29.73
1568547057-16,https://www.prokabaddi.com/stats/49-140-avg-points-scored-statistics,"Bengal Warriors",4,/static-assets/images/teams/small/4.png?v=6.09,16,29.56
1568547057-17,https://www.prokabaddi.com/stats/49-140-avg-points-scored-statistics,"Puneri Paltan",5,/static-assets/images/teams/small/7.png?v=6.09,15,28.06
1568547057-18,https://www.prokabaddi.com/stats/49-140-avg-points-scored-statistics,"Patna Pirates",6,/static-assets/images/teams/small/6.png?v=6.09,15,27.53
1568547057-19,https://www.prokabaddi.com/stats/49-140-avg-points-scored-statistics,"Jaipur Pink Panthers",7,/static-assets/images/teams/small/3.png?v=6.09,15,26.46
1568547052-2,https://www.prokabaddi.com/stats/49-97-raid-points-statistics,"Bengal Warriors",2,/static-assets/images/teams/small/4.png?v=6.09,16,318
1568547057-20,https://www.prokabaddi.com/stats/49-140-avg-points-scored-statistics,"Telugu Titans",8,/static-assets/images/teams/small/8.png?v=6.09,14,26.42
1568547057-21,https://www.prokabaddi.com/stats/49-140-avg-points-scored-statistics,"U Mumba",9,/static-assets/images/teams/small/5.png?v=6.09,15,26.26
1568547057-22,https://www.prokabaddi.com/stats/49-140-avg-points-scored-statistics,"Tamil Thalaivas",10,/static-assets/images/teams/small/29.png?v=6.09,16,26
1568547057-23,https://www.prokabaddi.com/stats/49-140-avg-points-scored-statistics,"Gujarat Fortunegiants",11,/static-assets/images/teams/small/31.png?v=6.09,15,25.4
1568547057-24,https://www.prokabaddi.com/stats/49-140-avg-points-scored-statistics,"U.P. Yoddha",12,/static-assets/images/teams/small/30.png?v=6.09,14,25.28
1568547063-25,https://www.prokabaddi.com/stats/49-134-super-raid-statistics,"Bengal Warriors",1,/static-assets/images/teams/small/4.png?v=6.09,16,12
1568547063-26,https://www.prokabaddi.com/stats/49-134-super-raid-statistics,"Haryana Steelers",2,/static-assets/images/teams/small/28.png?v=6.09,15,11
1568547063-27,https://www.prokabaddi.com/stats/49-134-super-raid-statistics,"Patna Pirates",3,/static-assets/images/teams/small/6.png?v=6.09,15,9
1568547063-28,https://www.prokabaddi.com/stats/49-134-super-raid-statistics,"U Mumba",4,/static-assets/images/teams/small/5.png?v=6.09,15,6
1568547063-29,https://www.prokabaddi.com/stats/49-134-super-raid-statistics,"Bengaluru Bulls",4,/static-assets/images/teams/small/1.png?v=6.09,16,6
1568547052-3,https://www.prokabaddi.com/stats/49-97-raid-points-statistics,"Dabang Delhi K.C.",3,/static-assets/images/teams/small/2.png?v=6.09,14,290
1568547063-30,https://www.prokabaddi.com/stats/49-134-super-raid-statistics,"Dabang Delhi K.C.",4,/static-assets/images/teams/small/2.png?v=6.09,14,6
1568547063-31,https://www.prokabaddi.com/stats/49-134-super-raid-statistics,"Jaipur Pink Panthers",7,/static-assets/images/teams/small/3.png?v=6.09,15,5
1568547063-32,https://www.prokabaddi.com/stats/49-134-super-raid-statistics,"Tamil Thalaivas",8,/static-assets/images/teams/small/29.png?v=6.09,16,4
1568547063-33,https://www.prokabaddi.com/stats/49-134-super-raid-statistics,"Telugu Titans",8,/static-assets/images/teams/small/8.png?v=6.09,14,4
1568547063-34,https://www.prokabaddi.com/stats/49-134-super-raid-statistics,"Gujarat Fortunegiants",8,/static-assets/images/teams/small/31.png?v=6.09,15,4
1568547063-35,https://www.prokabaddi.com/stats/49-134-super-raid-statistics,"Puneri Paltan",11,/static-assets/images/teams/small/7.png?v=6.09,15,3
1568547063-36,https://www.prokabaddi.com/stats/49-134-super-raid-statistics,"U.P. Yoddha",12,/static-assets/images/teams/small/30.png?v=6.09,14,1
1568547068-37,https://www.prokabaddi.com/stats/49-15-successful-tackles-statistics,"Puneri Paltan",1,/static-assets/images/teams/small/7.png?v=6.09,15,157
1568547068-38,https://www.prokabaddi.com/stats/49-15-successful-tackles-statistics,"Haryana Steelers",2,/static-assets/images/teams/small/28.png?v=6.09,15,152
1568547068-39,https://www.prokabaddi.com/stats/49-15-successful-tackles-statistics,"Bengal Warriors",3,/static-assets/images/teams/small/4.png?v=6.09,16,145
1568547052-4,https://www.prokabaddi.com/stats/49-97-raid-points-statistics,"Haryana Steelers",4,/static-assets/images/teams/small/28.png?v=6.09,15,283
1568547068-40,https://www.prokabaddi.com/stats/49-15-successful-tackles-statistics,"Jaipur Pink Panthers",4,/static-assets/images/teams/small/3.png?v=6.09,15,142
1568547068-41,https://www.prokabaddi.com/stats/49-15-successful-tackles-statistics,"Bengaluru Bulls",5,/static-assets/images/teams/small/1.png?v=6.09,16,141
1568547068-42,https://www.prokabaddi.com/stats/49-15-successful-tackles-statistics,"U.P. Yoddha",6,/static-assets/images/teams/small/30.png?v=6.09,14,139
1568547068-43,https://www.prokabaddi.com/stats/49-15-successful-tackles-statistics,"Gujarat Fortunegiants",7,/static-assets/images/teams/small/31.png?v=6.09,15,135
1568547068-44,https://www.prokabaddi.com/stats/49-15-successful-tackles-statistics,"U Mumba",7,/static-assets/images/teams/small/5.png?v=6.09,15,135
1568547068-45,https://www.prokabaddi.com/stats/49-15-successful-tackles-statistics,"Patna Pirates",9,/static-assets/images/teams/small/6.png?v=6.09,15,133
1568547068-46,https://www.prokabaddi.com/stats/49-15-successful-tackles-statistics,"Tamil Thalaivas",10,/static-assets/images/teams/small/29.png?v=6.09,16,131
1568547068-47,https://www.prokabaddi.com/stats/49-15-successful-tackles-statistics,"Telugu Titans",11,/static-assets/images/teams/small/8.png?v=6.09,14,128
1568547068-48,https://www.prokabaddi.com/stats/49-15-successful-tackles-statistics,"Dabang Delhi K.C.",12,/static-assets/images/teams/small/2.png?v=6.09,14,122
1568547073-49,https://www.prokabaddi.com/stats/49-99-avg-tackle-points-statistics,"Puneri Paltan",1,/static-assets/images/teams/small/7.png?v=6.09,15,11.67
1568547052-5,https://www.prokabaddi.com/stats/49-97-raid-points-statistics,"Tamil Thalaivas",5,/static-assets/images/teams/small/29.png?v=6.09,16,275
1568547073-50,https://www.prokabaddi.com/stats/49-99-avg-tackle-points-statistics,"Jaipur Pink Panthers",2,/static-assets/images/teams/small/3.png?v=6.09,15,10.93
1568547073-51,https://www.prokabaddi.com/stats/49-99-avg-tackle-points-statistics,"Haryana Steelers",3,/static-assets/images/teams/small/28.png?v=6.09,15,10.87
1568547073-52,https://www.prokabaddi.com/stats/49-99-avg-tackle-points-statistics,"U.P. Yoddha",4,/static-assets/images/teams/small/30.png?v=6.09,14,10.64
1568547073-53,https://www.prokabaddi.com/stats/49-99-avg-tackle-points-statistics,"Telugu Titans",5,/static-assets/images/teams/small/8.png?v=6.09,14,10.43
1568547073-54,https://www.prokabaddi.com/stats/49-99-avg-tackle-points-statistics,"Patna Pirates",6,/static-assets/images/teams/small/6.png?v=6.09,15,10.27
1568547073-55,https://www.prokabaddi.com/stats/49-99-avg-tackle-points-statistics,"Bengaluru Bulls",7,/static-assets/images/teams/small/1.png?v=6.09,16,10.25
1568547073-56,https://www.prokabaddi.com/stats/49-99-avg-tackle-points-statistics,"Gujarat Fortunegiants",8,/static-assets/images/teams/small/31.png?v=6.09,15,9.93
1568547073-57,https://www.prokabaddi.com/stats/49-99-avg-tackle-points-statistics,"U Mumba",9,/static-assets/images/teams/small/5.png?v=6.09,15,9.87
1568547073-58,https://www.prokabaddi.com/stats/49-99-avg-tackle-points-statistics,"Bengal Warriors",10,/static-assets/images/teams/small/4.png?v=6.09,16,9.69
1568547073-59,https://www.prokabaddi.com/stats/49-99-avg-tackle-points-statistics,"Dabang Delhi K.C.",11,/static-assets/images/teams/small/2.png?v=6.09,14,9.07
1568547052-6,https://www.prokabaddi.com/stats/49-97-raid-points-statistics,"Patna Pirates",6,/static-assets/images/teams/small/6.png?v=6.09,15,259
1568547073-60,https://www.prokabaddi.com/stats/49-99-avg-tackle-points-statistics,"Tamil Thalaivas",12,/static-assets/images/teams/small/29.png?v=6.09,16,8.81
1568547052-7,https://www.prokabaddi.com/stats/49-97-raid-points-statistics,"Puneri Paltan",7,/static-assets/images/teams/small/7.png?v=6.09,15,246
1568547052-8,https://www.prokabaddi.com/stats/49-97-raid-points-statistics,"U Mumba",7,/static-assets/images/teams/small/5.png?v=6.09,15,246
1568547052-9,https://www.prokabaddi.com/stats/49-97-raid-points-statistics,"Jaipur Pink Panthers",9,/static-assets/images/teams/small/3.png?v=6.09,15,233
1568547079-61,https://www.prokabaddi.com/stats/49-96-total-points-scored-statistics,"Bengal Warriors",1,/static-assets/images/teams/small/4.png?v=6.09,16,547
1568547079-70,https://www.prokabaddi.com/stats/49-96-total-points-scored-statistics,"Gujarat Fortunegiants",10,/static-assets/images/teams/small/31.png?v=6.09,15,435
1568547079-71,https://www.prokabaddi.com/stats/49-96-total-points-scored-statistics,"Telugu Titans",11,/static-assets/images/teams/small/8.png?v=6.09,14,403
1568547079-72,https://www.prokabaddi.com/stats/49-96-total-points-scored-statistics,"U.P. Yoddha",12,/static-assets/images/teams/small/30.png?v=6.09,14,398
1568547085-73,https://www.prokabaddi.com/stats/49-133-total-points-conceded-statistics,"Tamil Thalaivas",1,/static-assets/images/teams/small/29.png?v=6.09,16,531
1568547085-74,https://www.prokabaddi.com/stats/49-133-total-points-conceded-statistics,"Bengaluru Bulls",2,/static-assets/images/teams/small/1.png?v=6.09,16,530
1568547085-75,https://www.prokabaddi.com/stats/49-133-total-points-conceded-statistics,"Puneri Paltan",3,/static-assets/images/teams/small/7.png?v=6.09,15,491
1568547085-76,https://www.prokabaddi.com/stats/49-133-total-points-conceded-statistics,"Patna Pirates",4,/static-assets/images/teams/small/6.png?v=6.09,15,484
1568547085-77,https://www.prokabaddi.com/stats/49-133-total-points-conceded-statistics,"Bengal Warriors",5,/static-assets/images/teams/small/4.png?v=6.09,16,475
1568547085-78,https://www.prokabaddi.com/stats/49-133-total-points-conceded-statistics,"Haryana Steelers",6,/static-assets/images/teams/small/28.png?v=6.09,15,470
1568547085-79,https://www.prokabaddi.com/stats/49-133-total-points-conceded-statistics,"Telugu Titans",7,/static-assets/images/teams/small/8.png?v=6.09,14,453
1568547079-62,https://www.prokabaddi.com/stats/49-96-total-points-scored-statistics,"Bengaluru Bulls",2,/static-assets/images/teams/small/1.png?v=6.09,16,544
1568547085-80,https://www.prokabaddi.com/stats/49-133-total-points-conceded-statistics,"Jaipur Pink Panthers",8,/static-assets/images/teams/small/3.png?v=6.09,15,452
1568547085-81,https://www.prokabaddi.com/stats/49-133-total-points-conceded-statistics,"U.P. Yoddha",9,/static-assets/images/teams/small/30.png?v=6.09,14,447
1568547085-82,https://www.prokabaddi.com/stats/49-133-total-points-conceded-statistics,"Dabang Delhi K.C.",10,/static-assets/images/teams/small/2.png?v=6.09,14,440
1568547085-83,https://www.prokabaddi.com/stats/49-133-total-points-conceded-statistics,"Gujarat Fortunegiants",11,/static-assets/images/teams/small/31.png?v=6.09,15,439
1568547085-84,https://www.prokabaddi.com/stats/49-133-total-points-conceded-statistics,"U Mumba",12,/static-assets/images/teams/small/5.png?v=6.09,15,433
1568547089-85,https://www.prokabaddi.com/stats/49-95-tackle-points-statistics,"Puneri Paltan",1,/static-assets/images/teams/small/7.png?v=6.09,15,175
1568547089-86,https://www.prokabaddi.com/stats/49-95-tackle-points-statistics,"Bengaluru Bulls",2,/static-assets/images/teams/small/1.png?v=6.09,16,164
1568547089-87,https://www.prokabaddi.com/stats/49-95-tackle-points-statistics,"Jaipur Pink Panthers",2,/static-assets/images/teams/small/3.png?v=6.09,15,164
1568547089-88,https://www.prokabaddi.com/stats/49-95-tackle-points-statistics,"Haryana Steelers",4,/static-assets/images/teams/small/28.png?v=6.09,15,163
1568547089-89,https://www.prokabaddi.com/stats/49-95-tackle-points-statistics,"Bengal Warriors",5,/static-assets/images/teams/small/4.png?v=6.09,16,155
1568547079-63,https://www.prokabaddi.com/stats/49-96-total-points-scored-statistics,"Haryana Steelers",3,/static-assets/images/teams/small/28.png?v=6.09,15,507
1568547089-90,https://www.prokabaddi.com/stats/49-95-tackle-points-statistics,"Patna Pirates",6,/static-assets/images/teams/small/6.png?v=6.09,15,154
1568547089-91,https://www.prokabaddi.com/stats/49-95-tackle-points-statistics,"U.P. Yoddha",7,/static-assets/images/teams/small/30.png?v=6.09,14,149
1568547089-92,https://www.prokabaddi.com/stats/49-95-tackle-points-statistics,"Gujarat Fortunegiants",7,/static-assets/images/teams/small/31.png?v=6.09,15,149
1568547089-93,https://www.prokabaddi.com/stats/49-95-tackle-points-statistics,"U Mumba",9,/static-assets/images/teams/small/5.png?v=6.09,15,148
1568547089-94,https://www.prokabaddi.com/stats/49-95-tackle-points-statistics,"Telugu Titans",10,/static-assets/images/teams/small/8.png?v=6.09,14,146
1568547089-95,https://www.prokabaddi.com/stats/49-95-tackle-points-statistics,"Tamil Thalaivas",11,/static-assets/images/teams/small/29.png?v=6.09,16,141
1568547089-96,https://www.prokabaddi.com/stats/49-95-tackle-points-statistics,"Dabang Delhi K.C.",12,/static-assets/images/teams/small/2.png?v=6.09,14,127
1568547094-97,https://www.prokabaddi.com/stats/49-136-all-outs-inflicted-statistics,"Bengal Warriors",1,/static-assets/images/teams/small/4.png?v=6.09,16,24
1568547094-98,https://www.prokabaddi.com/stats/49-136-all-outs-inflicted-statistics,"Dabang Delhi K.C.",2,/static-assets/images/teams/small/2.png?v=6.09,14,22
1568547094-99,https://www.prokabaddi.com/stats/49-136-all-outs-inflicted-statistics,"Haryana Steelers",3,/static-assets/images/teams/small/28.png?v=6.09,15,21
1568547079-64,https://www.prokabaddi.com/stats/49-96-total-points-scored-statistics,"Dabang Delhi K.C.",4,/static-assets/images/teams/small/2.png?v=6.09,14,496
1568547094-100,https://www.prokabaddi.com/stats/49-136-all-outs-inflicted-statistics,"U Mumba",4,/static-assets/images/teams/small/5.png?v=6.09,15,20
1568547094-101,https://www.prokabaddi.com/stats/49-136-all-outs-inflicted-statistics,"Patna Pirates",4,/static-assets/images/teams/small/6.png?v=6.09,15,20
1568547094-102,https://www.prokabaddi.com/stats/49-136-all-outs-inflicted-statistics,"Bengaluru Bulls",6,/static-assets/images/teams/small/1.png?v=6.09,16,17
1568547094-103,https://www.prokabaddi.com/stats/49-136-all-outs-inflicted-statistics,"Jaipur Pink Panthers",7,/static-assets/images/teams/small/3.png?v=6.09,15,15
1568547094-104,https://www.prokabaddi.com/stats/49-136-all-outs-inflicted-statistics,"U.P. Yoddha",8,/static-assets/images/teams/small/30.png?v=6.09,14,14
1568547094-105,https://www.prokabaddi.com/stats/49-136-all-outs-inflicted-statistics,"Gujarat Fortunegiants",8,/static-assets/images/teams/small/31.png?v=6.09,15,14
1568547094-106,https://www.prokabaddi.com/stats/49-136-all-outs-inflicted-statistics,"Puneri Paltan",10,/static-assets/images/teams/small/7.png?v=6.09,15,13
1568547094-107,https://www.prokabaddi.com/stats/49-136-all-outs-inflicted-statistics,"Tamil Thalaivas",11,/static-assets/images/teams/small/29.png?v=6.09,16,11
1568547094-108,https://www.prokabaddi.com/stats/49-136-all-outs-inflicted-statistics,"Telugu Titans",12,/static-assets/images/teams/small/8.png?v=6.09,14,7
1568547100-109,https://www.prokabaddi.com/stats/49-135-do-or-die-raid-points-statistics,"Jaipur Pink Panthers",1,/static-assets/images/teams/small/3.png?v=6.09,15,57
1568547079-65,https://www.prokabaddi.com/stats/49-96-total-points-scored-statistics,"Patna Pirates",5,/static-assets/images/teams/small/6.png?v=6.09,15,470
1568547100-110,https://www.prokabaddi.com/stats/49-135-do-or-die-raid-points-statistics,"U Mumba",2,/static-assets/images/teams/small/5.png?v=6.09,15,55
1568547100-111,https://www.prokabaddi.com/stats/49-135-do-or-die-raid-points-statistics,"Patna Pirates",2,/static-assets/images/teams/small/6.png?v=6.09,15,55
1568547100-112,https://www.prokabaddi.com/stats/49-135-do-or-die-raid-points-statistics,"Puneri Paltan",4,/static-assets/images/teams/small/7.png?v=6.09,15,51
1568547100-113,https://www.prokabaddi.com/stats/49-135-do-or-die-raid-points-statistics,"Haryana Steelers",4,/static-assets/images/teams/small/28.png?v=6.09,15,51
1568547100-114,https://www.prokabaddi.com/stats/49-135-do-or-die-raid-points-statistics,"U.P. Yoddha",6,/static-assets/images/teams/small/30.png?v=6.09,14,50
1568547100-115,https://www.prokabaddi.com/stats/49-135-do-or-die-raid-points-statistics,"Bengal Warriors",7,/static-assets/images/teams/small/4.png?v=6.09,16,46
1568547100-116,https://www.prokabaddi.com/stats/49-135-do-or-die-raid-points-statistics,"Gujarat Fortunegiants",8,/static-assets/images/teams/small/31.png?v=6.09,15,45
1568547100-117,https://www.prokabaddi.com/stats/49-135-do-or-die-raid-points-statistics,"Tamil Thalaivas",8,/static-assets/images/teams/small/29.png?v=6.09,16,45
1568547100-118,https://www.prokabaddi.com/stats/49-135-do-or-die-raid-points-statistics,"Bengaluru Bulls",10,/static-assets/images/teams/small/1.png?v=6.09,16,35
1568547100-119,https://www.prokabaddi.com/stats/49-135-do-or-die-raid-points-statistics,"Dabang Delhi K.C.",10,/static-assets/images/teams/small/2.png?v=6.09,14,35
1568547079-66,https://www.prokabaddi.com/stats/49-96-total-points-scored-statistics,"Puneri Paltan",6,/static-assets/images/teams/small/7.png?v=6.09,15,467
1568547100-120,https://www.prokabaddi.com/stats/49-135-do-or-die-raid-points-statistics,"Telugu Titans",12,/static-assets/images/teams/small/8.png?v=6.09,14,33
1568547079-67,https://www.prokabaddi.com/stats/49-96-total-points-scored-statistics,"Tamil Thalaivas",6,/static-assets/images/teams/small/29.png?v=6.09,16,467
1568547079-68,https://www.prokabaddi.com/stats/49-96-total-points-scored-statistics,"U Mumba",8,/static-assets/images/teams/small/5.png?v=6.09,15,459
1568547079-69,https://www.prokabaddi.com/stats/49-96-total-points-scored-statistics,"Jaipur Pink Panthers",9,/static-assets/images/teams/small/3.png?v=6.09,15,452
1568547106-121,https://www.prokabaddi.com/stats/49-20-super-tackles-statistics,"Bengaluru Bulls",1,/static-assets/images/teams/small/1.png?v=6.09,16,25
1568547106-130,https://www.prokabaddi.com/stats/49-20-super-tackles-statistics,"Haryana Steelers",10,/static-assets/images/teams/small/28.png?v=6.09,15,11
1568547106-131,https://www.prokabaddi.com/stats/49-20-super-tackles-statistics,"U.P. Yoddha",10,/static-assets/images/teams/small/30.png?v=6.09,14,11
1568547106-132,https://www.prokabaddi.com/stats/49-20-super-tackles-statistics,"Dabang Delhi K.C.",12,/static-assets/images/teams/small/2.png?v=6.09,14,7
1568547111-133,https://www.prokabaddi.com/stats/49-13-successful-raids-statistics,"Bengaluru Bulls",1,/static-assets/images/teams/small/1.png?v=6.09,16,256
1568547111-134,https://www.prokabaddi.com/stats/49-13-successful-raids-statistics,"Bengal Warriors",1,/static-assets/images/teams/small/4.png?v=6.09,16,256
1568547111-135,https://www.prokabaddi.com/stats/49-13-successful-raids-statistics,"Dabang Delhi K.C.",3,/static-assets/images/teams/small/2.png?v=6.09,14,242
1568547111-136,https://www.prokabaddi.com/stats/49-13-successful-raids-statistics,"Haryana Steelers",4,/static-assets/images/teams/small/28.png?v=6.09,15,219
1568547111-137,https://www.prokabaddi.com/stats/49-13-successful-raids-statistics,"Tamil Thalaivas",5,/static-assets/images/teams/small/29.png?v=6.09,16,218
1568547111-138,https://www.prokabaddi.com/stats/49-13-successful-raids-statistics,"Patna Pirates",6,/static-assets/images/teams/small/6.png?v=6.09,15,211
1568547111-139,https://www.prokabaddi.com/stats/49-13-successful-raids-statistics,"Puneri Paltan",7,/static-assets/images/teams/small/7.png?v=6.09,15,202
1568547106-122,https://www.prokabaddi.com/stats/49-20-super-tackles-statistics,"Jaipur Pink Panthers",2,/static-assets/images/teams/small/3.png?v=6.09,15,23
1568547111-140,https://www.prokabaddi.com/stats/49-13-successful-raids-statistics,"Telugu Titans",8,/static-assets/images/teams/small/8.png?v=6.09,14,192
1568547111-141,https://www.prokabaddi.com/stats/49-13-successful-raids-statistics,"U Mumba",8,/static-assets/images/teams/small/5.png?v=6.09,15,192
1568547111-142,https://www.prokabaddi.com/stats/49-13-successful-raids-statistics,"Gujarat Fortunegiants",10,/static-assets/images/teams/small/31.png?v=6.09,15,191
1568547111-143,https://www.prokabaddi.com/stats/49-13-successful-raids-statistics,"Jaipur Pink Panthers",11,/static-assets/images/teams/small/3.png?v=6.09,15,185
1568547111-144,https://www.prokabaddi.com/stats/49-13-successful-raids-statistics,"U.P. Yoddha",12,/static-assets/images/teams/small/30.png?v=6.09,14,163
1568547115-145,https://www.prokabaddi.com/stats/49-98-avg-raid-points-statistics,"Dabang Delhi K.C.",1,/static-assets/images/teams/small/2.png?v=6.09,14,20.71
1568547115-146,https://www.prokabaddi.com/stats/49-98-avg-raid-points-statistics,"Bengaluru Bulls",2,/static-assets/images/teams/small/1.png?v=6.09,16,20.13
1568547115-147,https://www.prokabaddi.com/stats/49-98-avg-raid-points-statistics,"Bengal Warriors",3,/static-assets/images/teams/small/4.png?v=6.09,16,19.88
1568547115-148,https://www.prokabaddi.com/stats/49-98-avg-raid-points-statistics,"Haryana Steelers",4,/static-assets/images/teams/small/28.png?v=6.09,15,18.87
1568547115-149,https://www.prokabaddi.com/stats/49-98-avg-raid-points-statistics,"Patna Pirates",5,/static-assets/images/teams/small/6.png?v=6.09,15,17.27
1568547106-123,https://www.prokabaddi.com/stats/49-20-super-tackles-statistics,"Patna Pirates",3,/static-assets/images/teams/small/6.png?v=6.09,15,21
1568547115-150,https://www.prokabaddi.com/stats/49-98-avg-raid-points-statistics,"Tamil Thalaivas",6,/static-assets/images/teams/small/29.png?v=6.09,16,17.19
1568547115-151,https://www.prokabaddi.com/stats/49-98-avg-raid-points-statistics,"Puneri Paltan",7,/static-assets/images/teams/small/7.png?v=6.09,15,16.4
1568547115-152,https://www.prokabaddi.com/stats/49-98-avg-raid-points-statistics,"U Mumba",7,/static-assets/images/teams/small/5.png?v=6.09,15,16.4
1568547115-153,https://www.prokabaddi.com/stats/49-98-avg-raid-points-statistics,"Telugu Titans",9,/static-assets/images/teams/small/8.png?v=6.09,14,16
1568547115-154,https://www.prokabaddi.com/stats/49-98-avg-raid-points-statistics,"Jaipur Pink Panthers",10,/static-assets/images/teams/small/3.png?v=6.09,15,15.53
1568547115-155,https://www.prokabaddi.com/stats/49-98-avg-raid-points-statistics,"Gujarat Fortunegiants",11,/static-assets/images/teams/small/31.png?v=6.09,15,15.47
1568547115-156,https://www.prokabaddi.com/stats/49-98-avg-raid-points-statistics,"U.P. Yoddha",12,/static-assets/images/teams/small/30.png?v=6.09,14,14.64
1568547106-124,https://www.prokabaddi.com/stats/49-20-super-tackles-statistics,"Telugu Titans",4,/static-assets/images/teams/small/8.png?v=6.09,14,19
1568547106-125,https://www.prokabaddi.com/stats/49-20-super-tackles-statistics,"Puneri Paltan",5,/static-assets/images/teams/small/7.png?v=6.09,15,18
1568547106-126,https://www.prokabaddi.com/stats/49-20-super-tackles-statistics,"U Mumba",6,/static-assets/images/teams/small/5.png?v=6.09,15,15
1568547106-127,https://www.prokabaddi.com/stats/49-20-super-tackles-statistics,"Gujarat Fortunegiants",7,/static-assets/images/teams/small/31.png?v=6.09,15,14
1568547106-128,https://www.prokabaddi.com/stats/49-20-super-tackles-statistics,"Tamil Thalaivas",8,/static-assets/images/teams/small/29.png?v=6.09,16,12
1568547106-129,https://www.prokabaddi.com/stats/49-20-super-tackles-statistics,"Bengal Warriors",8,/static-assets/images/teams/small/4.png?v=6.09,16,12
