﻿web-scraper-order,web-scraper-start-url,name,team,type,points,credits,announced
1567777555-1,https://www.dream11.com/kabaddi/create-team/1092/15140,"S Nada",PAT,DEF,0,14.5,
1567777555-10,https://www.dream11.com/kabaddi/create-team/1092/15140,"A Nagar",UP,DEF,0,12.5,
1567777555-11,https://www.dream11.com/kabaddi/create-team/1092/15140,"B Narwal",PAT,DEF,0,12,
1567777555-12,https://www.dream11.com/kabaddi/create-team/1092/15140,"M Choudhary",PAT,DEF,0,12,
1567777555-13,https://www.dream11.com/kabaddi/create-team/1092/15140,"R Devadiga",UP,ALL,80,14,Announced
1567777555-14,https://www.dream11.com/kabaddi/create-team/1092/15140,"V Jaglan",PAT,ALL,127,13.5,Announced
1567777555-15,https://www.dream11.com/kabaddi/create-team/1092/15140,Monu,PAT,ALL,147,13.5,Announced
1567777555-16,https://www.dream11.com/kabaddi/create-team/1092/15140,Sachin-Kumar,UP,ALL,21,13.5,
1567777555-17,https://www.dream11.com/kabaddi/create-team/1092/15140,"M Maghsoudlou",UP,ALL,41,13.5,
1567777555-18,https://www.dream11.com/kabaddi/create-team/1092/15140,Ravinder-I,PAT,ALL,16,13,
1567777555-19,https://www.dream11.com/kabaddi/create-team/1092/15140,Narender,UP,ALL,-4,13,
1567777555-2,https://www.dream11.com/kabaddi/create-team/1092/15140,Sumit,UP,DEF,264,14.5,Announced
1567777555-20,https://www.dream11.com/kabaddi/create-team/1092/15140,Gurdeep,UP,ALL,0,11.5,
1567777555-21,https://www.dream11.com/kabaddi/create-team/1092/15140,Arkam-Shaikh,UP,ALL,0,11.5,
1567777555-22,https://www.dream11.com/kabaddi/create-team/1092/15140,"S Mann",PAT,ALL,0,11,
1567777555-23,https://www.dream11.com/kabaddi/create-team/1092/15140,Amit-Kumar-II,PAT,ALL,16,10.5,
1567777555-24,https://www.dream11.com/kabaddi/create-team/1092/15140,"P Narwal",PAT,RAI,434,17,Announced
1567777555-25,https://www.dream11.com/kabaddi/create-team/1092/15140,"J Kun-Lee",PAT,RAI,96,15,
1567777555-26,https://www.dream11.com/kabaddi/create-team/1092/15140,"S Jadhav",UP,RAI,248,15,Announced
1567777555-27,https://www.dream11.com/kabaddi/create-team/1092/15140,"M Goyat",UP,RAI,150,14.5,
1567777555-28,https://www.dream11.com/kabaddi/create-team/1092/15140,"M E M Mahalli",PAT,RAI,162,14,Announced
1567777555-29,https://www.dream11.com/kabaddi/create-team/1092/15140,Surender-Singh,UP,RAI,24,14,
1567777555-3,https://www.dream11.com/kabaddi/create-team/1092/15140,Jaideep,PAT,DEF,205,14,
1567777555-30,https://www.dream11.com/kabaddi/create-team/1092/15140,Surender-Gill,UP,RAI,111,13,Announced
1567777555-31,https://www.dream11.com/kabaddi/create-team/1092/15140,Azad-Singh,UP,RAI,11,13,
1567777555-32,https://www.dream11.com/kabaddi/create-team/1092/15140,"M M Karim",UP,RAI,0,12.5,
1567777555-33,https://www.dream11.com/kabaddi/create-team/1092/15140,"P Singh",PAT,RAI,13,12,
1567777555-34,https://www.dream11.com/kabaddi/create-team/1092/15140,Ankush,UP,RAI,10,12,
1567777555-35,https://www.dream11.com/kabaddi/create-team/1092/15140,"R P Rao-Chavan",PAT,RAI,0,11.5,
1567777555-36,https://www.dream11.com/kabaddi/create-team/1092/15140,Mohit,PAT,RAI,0,11.5,
1567777555-37,https://www.dream11.com/kabaddi/create-team/1092/15140,Gulveer-Singh,UP,RAI,0,11.5,
1567777555-38,https://www.dream11.com/kabaddi/create-team/1092/15140,Ashish,PAT,RAI,21,11,
1567777555-39,https://www.dream11.com/kabaddi/create-team/1092/15140,Naveen,PAT,RAI,0,11,
1567777555-4,https://www.dream11.com/kabaddi/create-team/1092/15140,Nitesh-Kumar,UP,DEF,189,14,Announced
1567777555-5,https://www.dream11.com/kabaddi/create-team/1092/15140,"H Oshtorak",PAT,DEF,157,13.5,Announced
1567777555-6,https://www.dream11.com/kabaddi/create-team/1092/15140,Amit,UP,DEF,129,13.5,Announced
1567777555-7,https://www.dream11.com/kabaddi/create-team/1092/15140,Neeraj-Kumar,PAT,DEF,185,13,Announced
1567777555-8,https://www.dream11.com/kabaddi/create-team/1092/15140,"J Dagar",PAT,DEF,26,12.5,Announced
1567777555-9,https://www.dream11.com/kabaddi/create-team/1092/15140,Ashu-Singh,UP,DEF,148,12.5,Announced
