web-scraper-order,web-scraper-start-url,name,team,type,points,credits,announced
1566567930-1,https://www.dream11.com/kabaddi/create-team/1092/15117,S Nada,PAT,DEF,0,14.5,
1566567930-10,https://www.dream11.com/kabaddi/create-team/1092/15117,B Narwal,PAT,DEF,0,12,
1566567930-11,https://www.dream11.com/kabaddi/create-team/1092/15117,M Choudhary,PAT,DEF,0,12,
1566567930-12,https://www.dream11.com/kabaddi/create-team/1092/15117,V Landge,BEN,DEF,61,12,
1566567930-13,https://www.dream11.com/kabaddi/create-team/1092/15117,N Narwal,BEN,DEF,18,11.5,
1566567930-14,https://www.dream11.com/kabaddi/create-team/1092/15117,Adarsh-T,BEN,DEF,13,11,
1566567930-15,https://www.dream11.com/kabaddi/create-team/1092/15117,Amit-I,BEN,DEF,2,10.5,
1566567930-16,https://www.dream11.com/kabaddi/create-team/1092/15117,Dharmendra-Singh,BEN,DEF,0,10,
1566567930-17,https://www.dream11.com/kabaddi/create-team/1092/15117,M Esmaeil-Nabibakhsh,BEN,ALL,237,14.5,Announced
1566567930-18,https://www.dream11.com/kabaddi/create-team/1092/15117,V Jaglan,PAT,ALL,81,14,Announced
1566567930-19,https://www.dream11.com/kabaddi/create-team/1092/15117,Monu,PAT,ALL,97,13.5,Announced
1566567930-2,https://www.dream11.com/kabaddi/create-team/1092/15117,Jeeva-Kumar,BEN,DEF,127,14.5,Announced
1566567930-20,https://www.dream11.com/kabaddi/create-team/1092/15117,Ravinder-I,PAT,ALL,16,13,
1566567930-21,https://www.dream11.com/kabaddi/create-team/1092/15117,Avinash-AR,BEN,ALL,0,12,
1566567930-22,https://www.dream11.com/kabaddi/create-team/1092/15117,S Mann,PAT,ALL,0,11,
1566567930-23,https://www.dream11.com/kabaddi/create-team/1092/15117,S T Patil,BEN,ALL,0,11,
1566567930-24,https://www.dream11.com/kabaddi/create-team/1092/15117,A S Dhumal,BEN,ALL,0,11,
1566567930-25,https://www.dream11.com/kabaddi/create-team/1092/15117,Amit-Kumar-II,PAT,ALL,0,10.5,
1566567930-26,https://www.dream11.com/kabaddi/create-team/1092/15117,S M Dubile,BEN,ALL,0,10.5,
1566567930-27,https://www.dream11.com/kabaddi/create-team/1092/15117,P Narwal,PAT,RAI,243,17.5,Announced
1566567930-28,https://www.dream11.com/kabaddi/create-team/1092/15117,Maninder-Singh,BEN,RAI,249,16,Announced
1566567930-29,https://www.dream11.com/kabaddi/create-team/1092/15117,J Kun-Lee,PAT,RAI,96,15,
1566567930-3,https://www.dream11.com/kabaddi/create-team/1092/15117,Baldev-Singh,BEN,DEF,176,14,Announced
1566567930-30,https://www.dream11.com/kabaddi/create-team/1092/15117,K Prapanjan,BEN,RAI,223,15,Announced
1566567930-31,https://www.dream11.com/kabaddi/create-team/1092/15117,M E M Mahalli,PAT,RAI,102,14.5,Announced
1566567930-32,https://www.dream11.com/kabaddi/create-team/1092/15117,R Kumawat,BEN,RAI,0,14,
1566567930-33,https://www.dream11.com/kabaddi/create-team/1092/15117,S Hegde,BEN,RAI,16,14,
1566567930-34,https://www.dream11.com/kabaddi/create-team/1092/15117,P Singh,PAT,RAI,7,12,
1566567930-35,https://www.dream11.com/kabaddi/create-team/1092/15117,R Narwal,BEN,RAI,9,12,
1566567930-36,https://www.dream11.com/kabaddi/create-team/1092/15117,R P Rao-Chavan,PAT,RAI,0,11.5,
1566567930-37,https://www.dream11.com/kabaddi/create-team/1092/15117,Mohit,PAT,RAI,0,11.5,
1566567930-38,https://www.dream11.com/kabaddi/create-team/1092/15117,Ashish,PAT,RAI,14,11,
1566567930-39,https://www.dream11.com/kabaddi/create-team/1092/15117,Naveen,PAT,RAI,0,11,
1566567930-4,https://www.dream11.com/kabaddi/create-team/1092/15117,R Narwal,BEN,DEF,160,14,Announced
1566567930-40,https://www.dream11.com/kabaddi/create-team/1092/15117,M T P Mahali,BEN,RAI,10,9.5,
1566567930-5,https://www.dream11.com/kabaddi/create-team/1092/15117,Jaideep,PAT,DEF,169,13.5,Announced
1566567930-6,https://www.dream11.com/kabaddi/create-team/1092/15117,J Dagar,PAT,DEF,2,13.5,
1566567930-7,https://www.dream11.com/kabaddi/create-team/1092/15117,H Oshtorak,PAT,DEF,98,13.5,Announced
1566567930-8,https://www.dream11.com/kabaddi/create-team/1092/15117,V Thangadurai,BEN,DEF,17,13,Announced
1566567930-9,https://www.dream11.com/kabaddi/create-team/1092/15117,Neeraj-Kumar,PAT,DEF,135,12.5,Announced