web-scraper-order,web-scraper-start-url,name,team,type,points,credits,announced
1568557739-24,https://www.dream11.com/kabaddi/create-team/1092/15147,Amit-Kumar-II,PAT,ALL,18,10.5,
1568557739-38,https://www.dream11.com/kabaddi/create-team/1092/15147,Ashish,PAT,RAI,22,11,
1568557739-9,https://www.dream11.com/kabaddi/create-team/1092/15147,B Narwal,PAT,DEF,0,12,
1568557739-4,https://www.dream11.com/kabaddi/create-team/1092/15147,H Oshtorak,PAT,DEF,169,13.5,Announced
1568557739-6,https://www.dream11.com/kabaddi/create-team/1092/15147,J Dagar,PAT,DEF,32,12.5,
1568557739-28,https://www.dream11.com/kabaddi/create-team/1092/15147,J Kun-Lee,PAT,RAI,130,15,
1568557739-2,https://www.dream11.com/kabaddi/create-team/1092/15147,Jaideep,PAT,DEF,212,14,Announced
1568557739-10,https://www.dream11.com/kabaddi/create-team/1092/15147,M Choudhary,PAT,DEF,0,12,
1568557739-29,https://www.dream11.com/kabaddi/create-team/1092/15147,M E M Mahalli,PAT,RAI,163,14,Announced
1568557739-35,https://www.dream11.com/kabaddi/create-team/1092/15147,Mohit,PAT,RAI,0,11.5,
1568557739-18,https://www.dream11.com/kabaddi/create-team/1092/15147,Monu,PAT,ALL,161,13.5,Announced
1568557739-39,https://www.dream11.com/kabaddi/create-team/1092/15147,Naveen,PAT,RAI,0,11,
1568557739-5,https://www.dream11.com/kabaddi/create-team/1092/15147,Neeraj-Kumar,PAT,DEF,186,13,Announced
1568557739-25,https://www.dream11.com/kabaddi/create-team/1092/15147,P Narwal,PAT,RAI,484,17,Announced
1568557739-32,https://www.dream11.com/kabaddi/create-team/1092/15147,P Singh,PAT,RAI,13,12,
1568557739-34,https://www.dream11.com/kabaddi/create-team/1092/15147,R P Rao-Chavan,PAT,RAI,0,11.5,
1568557739-20,https://www.dream11.com/kabaddi/create-team/1092/15147,Ravinder-I,PAT,ALL,18,13,
1568557739-23,https://www.dream11.com/kabaddi/create-team/1092/15147,S Mann,PAT,ALL,0,11,
1568557739-1,https://www.dream11.com/kabaddi/create-team/1092/15147,S Nada,PAT,DEF,0,14.5,
1568557739-17,https://www.dream11.com/kabaddi/create-team/1092/15147,V Jaglan,PAT,ALL,139,14,Announced
1568557739-26,https://www.dream11.com/kabaddi/create-team/1092/15147,A Thakur,TAM,RAI,227,16.5,
1568557739-7,https://www.dream11.com/kabaddi/create-team/1092/15147,Ajeet,TAM,DEF,121,12.5,Announced
1568557739-36,https://www.dream11.com/kabaddi/create-team/1092/15147,Anand,TAM,RAI,21,11.5,
1568557739-22,https://www.dream11.com/kabaddi/create-team/1092/15147,H Chauhan,TAM,ALL,2,12.5,
1568557739-12,https://www.dream11.com/kabaddi/create-team/1092/15147,Himanshu,TAM,DEF,2,11.5,Announced
1568557739-13,https://www.dream11.com/kabaddi/create-team/1092/15147,M A Robbani,TAM,DEF,0,11,
1568557739-11,https://www.dream11.com/kabaddi/create-team/1092/15147,M Abishek,TAM,DEF,2,12,
1568557739-15,https://www.dream11.com/kabaddi/create-team/1092/15147,M Sheibak,TAM,DEF,2,10.5,
1568557739-16,https://www.dream11.com/kabaddi/create-team/1092/15147,Manjeet-Chhillar,TAM,ALL,215,15.5,Announced
1568557739-3,https://www.dream11.com/kabaddi/create-team/1092/15147,Mohit-Chillar,TAM,DEF,230,14,
1568557739-8,https://www.dream11.com/kabaddi/create-team/1092/15147,P Subramanian,TAM,DEF,13,12.5,
1568557739-27,https://www.dream11.com/kabaddi/create-team/1092/15147,R Chaudhari,TAM,RAI,350,16,Announced
1568557739-19,https://www.dream11.com/kabaddi/create-team/1092/15147,R Singh,TAM,ALL,193,13.5,
1568557739-31,https://www.dream11.com/kabaddi/create-team/1092/15147,S Bappu,TAM,RAI,125,13,
1568557739-14,https://www.dream11.com/kabaddi/create-team/1092/15147,Sagar,TAM,DEF,45,11,Announced
1568557739-33,https://www.dream11.com/kabaddi/create-team/1092/15147,V A Kumar,TAM,RAI,180,12,Announced
1568557739-21,https://www.dream11.com/kabaddi/create-team/1092/15147,V O Obiero,TAM,ALL,0,13,
1568557739-30,https://www.dream11.com/kabaddi/create-team/1092/15147,V Sharma,TAM,RAI,54,13,Announced
1568557739-37,https://www.dream11.com/kabaddi/create-team/1092/15147,Y Bishnoi,TAM,RAI,1,11.5,