﻿web-scraper-order,web-scraper-start-url,name,rank,team_id,matches,points
1566991836-1,https://www.prokabaddi.com/stats/49-97-raid-points-statistics,"Bengaluru Bulls",1,/static-assets/images/teams/small/1.png?v=6.08,11,211
1566991836-10,https://www.prokabaddi.com/stats/49-97-raid-points-statistics,"Tamil Thalaivas",10,/static-assets/images/teams/small/29.png?v=6.08,10,152
1566991836-11,https://www.prokabaddi.com/stats/49-97-raid-points-statistics,"Telugu Titans",11,/static-assets/images/teams/small/8.png?v=6.08,10,149
1566991836-12,https://www.prokabaddi.com/stats/49-97-raid-points-statistics,"Patna Pirates",12,/static-assets/images/teams/small/6.png?v=6.08,10,144
1566991839-13,https://www.prokabaddi.com/stats/49-140-avg-points-scored-statistics,"Bengaluru Bulls",1,/static-assets/images/teams/small/1.png?v=6.08,11,29.72
1566991839-14,https://www.prokabaddi.com/stats/49-140-avg-points-scored-statistics,"Bengal Warriors",2,/static-assets/images/teams/small/4.png?v=6.08,10,29.1
1566991839-15,https://www.prokabaddi.com/stats/49-140-avg-points-scored-statistics,"Dabang Delhi K.C.",3,/static-assets/images/teams/small/2.png?v=6.08,9,27.55
1566991839-16,https://www.prokabaddi.com/stats/49-140-avg-points-scored-statistics,"Puneri Paltan",4,/static-assets/images/teams/small/7.png?v=6.08,10,27
1566991839-17,https://www.prokabaddi.com/stats/49-140-avg-points-scored-statistics,"Haryana Steelers",5,/static-assets/images/teams/small/28.png?v=6.08,10,26.9
1566991839-18,https://www.prokabaddi.com/stats/49-140-avg-points-scored-statistics,"Gujarat Fortunegiants",6,/static-assets/images/teams/small/31.png?v=6.08,10,26.1
1566991839-19,https://www.prokabaddi.com/stats/49-140-avg-points-scored-statistics,"Jaipur Pink Panthers",7,/static-assets/images/teams/small/3.png?v=6.08,11,25.81
1566991836-2,https://www.prokabaddi.com/stats/49-97-raid-points-statistics,"Bengal Warriors",2,/static-assets/images/teams/small/4.png?v=6.08,10,197
1566991839-20,https://www.prokabaddi.com/stats/49-140-avg-points-scored-statistics,"Telugu Titans",8,/static-assets/images/teams/small/8.png?v=6.08,10,25.2
1566991839-21,https://www.prokabaddi.com/stats/49-140-avg-points-scored-statistics,"Tamil Thalaivas",9,/static-assets/images/teams/small/29.png?v=6.08,10,24.9
1566991839-22,https://www.prokabaddi.com/stats/49-140-avg-points-scored-statistics,"U Mumba",10,/static-assets/images/teams/small/5.png?v=6.08,10,24.5
1566991839-23,https://www.prokabaddi.com/stats/49-140-avg-points-scored-statistics,"Patna Pirates",11,/static-assets/images/teams/small/6.png?v=6.08,10,24.4
1566991839-24,https://www.prokabaddi.com/stats/49-140-avg-points-scored-statistics,"U.P. Yoddha",12,/static-assets/images/teams/small/30.png?v=6.08,11,24
1566991842-25,https://www.prokabaddi.com/stats/49-134-super-raid-statistics,"Bengal Warriors",1,/static-assets/images/teams/small/4.png?v=6.08,10,7
1566991842-26,https://www.prokabaddi.com/stats/49-134-super-raid-statistics,"Haryana Steelers",2,/static-assets/images/teams/small/28.png?v=6.08,10,5
1566991842-27,https://www.prokabaddi.com/stats/49-134-super-raid-statistics,"Bengaluru Bulls",3,/static-assets/images/teams/small/1.png?v=6.08,11,4
1566991842-28,https://www.prokabaddi.com/stats/49-134-super-raid-statistics,"Dabang Delhi K.C.",4,/static-assets/images/teams/small/2.png?v=6.08,9,3
1566991842-29,https://www.prokabaddi.com/stats/49-134-super-raid-statistics,"Tamil Thalaivas",4,/static-assets/images/teams/small/29.png?v=6.08,10,3
1566991836-3,https://www.prokabaddi.com/stats/49-97-raid-points-statistics,"Haryana Steelers",3,/static-assets/images/teams/small/28.png?v=6.08,10,176
1566991842-30,https://www.prokabaddi.com/stats/49-134-super-raid-statistics,"U Mumba",4,/static-assets/images/teams/small/5.png?v=6.08,10,3
1566991842-31,https://www.prokabaddi.com/stats/49-134-super-raid-statistics,"Patna Pirates",4,/static-assets/images/teams/small/6.png?v=6.08,10,3
1566991842-32,https://www.prokabaddi.com/stats/49-134-super-raid-statistics,"Jaipur Pink Panthers",8,/static-assets/images/teams/small/3.png?v=6.08,11,2
1566991842-33,https://www.prokabaddi.com/stats/49-134-super-raid-statistics,"Telugu Titans",8,/static-assets/images/teams/small/8.png?v=6.08,10,2
1566991842-34,https://www.prokabaddi.com/stats/49-134-super-raid-statistics,"Gujarat Fortunegiants",8,/static-assets/images/teams/small/31.png?v=6.08,10,2
1566991842-35,https://www.prokabaddi.com/stats/49-134-super-raid-statistics,"U.P. Yoddha",11,/static-assets/images/teams/small/30.png?v=6.08,11,1
1566991842-36,https://www.prokabaddi.com/stats/49-134-super-raid-statistics,"Puneri Paltan",11,/static-assets/images/teams/small/7.png?v=6.08,10,1
1566991844-37,https://www.prokabaddi.com/stats/49-15-successful-tackles-statistics,"Jaipur Pink Panthers",1,/static-assets/images/teams/small/3.png?v=6.08,11,112
1566991844-38,https://www.prokabaddi.com/stats/49-15-successful-tackles-statistics,"Bengaluru Bulls",2,/static-assets/images/teams/small/1.png?v=6.08,11,101
1566991844-39,https://www.prokabaddi.com/stats/49-15-successful-tackles-statistics,"U.P. Yoddha",3,/static-assets/images/teams/small/30.png?v=6.08,11,100
1566991836-4,https://www.prokabaddi.com/stats/49-97-raid-points-statistics,"Dabang Delhi K.C.",4,/static-assets/images/teams/small/2.png?v=6.08,9,170
1566991844-40,https://www.prokabaddi.com/stats/49-15-successful-tackles-statistics,"Puneri Paltan",4,/static-assets/images/teams/small/7.png?v=6.08,10,98
1566991844-41,https://www.prokabaddi.com/stats/49-15-successful-tackles-statistics,"Gujarat Fortunegiants",5,/static-assets/images/teams/small/31.png?v=6.08,10,96
1566991844-42,https://www.prokabaddi.com/stats/49-15-successful-tackles-statistics,"Telugu Titans",6,/static-assets/images/teams/small/8.png?v=6.08,10,95
1566991844-43,https://www.prokabaddi.com/stats/49-15-successful-tackles-statistics,"Tamil Thalaivas",7,/static-assets/images/teams/small/29.png?v=6.08,10,93
1566991844-44,https://www.prokabaddi.com/stats/49-15-successful-tackles-statistics,"Bengal Warriors",8,/static-assets/images/teams/small/4.png?v=6.08,10,88
1566991844-45,https://www.prokabaddi.com/stats/49-15-successful-tackles-statistics,"Patna Pirates",9,/static-assets/images/teams/small/6.png?v=6.08,10,87
1566991844-46,https://www.prokabaddi.com/stats/49-15-successful-tackles-statistics,"Haryana Steelers",10,/static-assets/images/teams/small/28.png?v=6.08,10,86
1566991844-47,https://www.prokabaddi.com/stats/49-15-successful-tackles-statistics,"U Mumba",11,/static-assets/images/teams/small/5.png?v=6.08,10,80
1566991844-48,https://www.prokabaddi.com/stats/49-15-successful-tackles-statistics,"Dabang Delhi K.C.",12,/static-assets/images/teams/small/2.png?v=6.08,9,73
1566991847-49,https://www.prokabaddi.com/stats/49-99-avg-tackle-points-statistics,"Jaipur Pink Panthers",1,/static-assets/images/teams/small/3.png?v=6.08,11,11.55
1566991836-5,https://www.prokabaddi.com/stats/49-97-raid-points-statistics,"Puneri Paltan",5,/static-assets/images/teams/small/7.png?v=6.08,10,159
1566991847-50,https://www.prokabaddi.com/stats/49-99-avg-tackle-points-statistics,"Puneri Paltan",2,/static-assets/images/teams/small/7.png?v=6.08,10,11.1
1566991847-51,https://www.prokabaddi.com/stats/49-99-avg-tackle-points-statistics,"Bengaluru Bulls",3,/static-assets/images/teams/small/1.png?v=6.08,11,10.55
1566991847-52,https://www.prokabaddi.com/stats/49-99-avg-tackle-points-statistics,"Gujarat Fortunegiants",4,/static-assets/images/teams/small/31.png?v=6.08,10,10.5
1566991847-53,https://www.prokabaddi.com/stats/49-99-avg-tackle-points-statistics,"Telugu Titans",5,/static-assets/images/teams/small/8.png?v=6.08,10,10.3
1566991847-54,https://www.prokabaddi.com/stats/49-99-avg-tackle-points-statistics,"Patna Pirates",6,/static-assets/images/teams/small/6.png?v=6.08,10,10
1566991847-55,https://www.prokabaddi.com/stats/49-99-avg-tackle-points-statistics,"U.P. Yoddha",7,/static-assets/images/teams/small/30.png?v=6.08,11,9.73
1566991847-56,https://www.prokabaddi.com/stats/49-99-avg-tackle-points-statistics,"Tamil Thalaivas",8,/static-assets/images/teams/small/29.png?v=6.08,10,9.7
1566991847-57,https://www.prokabaddi.com/stats/49-99-avg-tackle-points-statistics,"Bengal Warriors",9,/static-assets/images/teams/small/4.png?v=6.08,10,9.4
1566991847-58,https://www.prokabaddi.com/stats/49-99-avg-tackle-points-statistics,"Haryana Steelers",10,/static-assets/images/teams/small/28.png?v=6.08,10,9.3
1566991847-59,https://www.prokabaddi.com/stats/49-99-avg-tackle-points-statistics,"U Mumba",11,/static-assets/images/teams/small/5.png?v=6.08,10,9.1
1566991836-6,https://www.prokabaddi.com/stats/49-97-raid-points-statistics,"Jaipur Pink Panthers",6,/static-assets/images/teams/small/3.png?v=6.08,11,157
1566991847-60,https://www.prokabaddi.com/stats/49-99-avg-tackle-points-statistics,"Dabang Delhi K.C.",12,/static-assets/images/teams/small/2.png?v=6.08,9,8.67
1566991836-7,https://www.prokabaddi.com/stats/49-97-raid-points-statistics,"U.P. Yoddha",6,/static-assets/images/teams/small/30.png?v=6.08,11,157
1566991836-8,https://www.prokabaddi.com/stats/49-97-raid-points-statistics,"Gujarat Fortunegiants",8,/static-assets/images/teams/small/31.png?v=6.08,10,156
1566991836-9,https://www.prokabaddi.com/stats/49-97-raid-points-statistics,"U Mumba",9,/static-assets/images/teams/small/5.png?v=6.08,10,154
1566991850-61,https://www.prokabaddi.com/stats/49-96-total-points-scored-statistics,"Bengaluru Bulls",1,/static-assets/images/teams/small/1.png?v=6.08,11,368
1566991850-70,https://www.prokabaddi.com/stats/49-96-total-points-scored-statistics,"U Mumba",10,/static-assets/images/teams/small/5.png?v=6.08,10,288
1566991850-71,https://www.prokabaddi.com/stats/49-96-total-points-scored-statistics,"Patna Pirates",11,/static-assets/images/teams/small/6.png?v=6.08,10,280
1566991850-72,https://www.prokabaddi.com/stats/49-96-total-points-scored-statistics,"Telugu Titans",12,/static-assets/images/teams/small/8.png?v=6.08,10,275
1566991853-73,https://www.prokabaddi.com/stats/49-133-total-points-conceded-statistics,"U.P. Yoddha",1,/static-assets/images/teams/small/30.png?v=6.08,11,363
1566991853-74,https://www.prokabaddi.com/stats/49-133-total-points-conceded-statistics,"Bengaluru Bulls",2,/static-assets/images/teams/small/1.png?v=6.08,11,351
1566991853-75,https://www.prokabaddi.com/stats/49-133-total-points-conceded-statistics,"Haryana Steelers",3,/static-assets/images/teams/small/28.png?v=6.08,10,326
1566991853-76,https://www.prokabaddi.com/stats/49-133-total-points-conceded-statistics,"Puneri Paltan",4,/static-assets/images/teams/small/7.png?v=6.08,10,315
1566991853-77,https://www.prokabaddi.com/stats/49-133-total-points-conceded-statistics,"Telugu Titans",5,/static-assets/images/teams/small/8.png?v=6.08,10,308
1566991853-78,https://www.prokabaddi.com/stats/49-133-total-points-conceded-statistics,"Patna Pirates",6,/static-assets/images/teams/small/6.png?v=6.08,10,307
1566991853-79,https://www.prokabaddi.com/stats/49-133-total-points-conceded-statistics,"Jaipur Pink Panthers",7,/static-assets/images/teams/small/3.png?v=6.08,11,291
1566991850-62,https://www.prokabaddi.com/stats/49-96-total-points-scored-statistics,"Bengal Warriors",2,/static-assets/images/teams/small/4.png?v=6.08,10,345
1566991853-80,https://www.prokabaddi.com/stats/49-133-total-points-conceded-statistics,"Bengal Warriors",8,/static-assets/images/teams/small/4.png?v=6.08,10,287
1566991853-81,https://www.prokabaddi.com/stats/49-133-total-points-conceded-statistics,"Tamil Thalaivas",9,/static-assets/images/teams/small/29.png?v=6.08,10,284
1566991853-82,https://www.prokabaddi.com/stats/49-133-total-points-conceded-statistics,"U Mumba",10,/static-assets/images/teams/small/5.png?v=6.08,10,283
1566991853-83,https://www.prokabaddi.com/stats/49-133-total-points-conceded-statistics,"Gujarat Fortunegiants",11,/static-assets/images/teams/small/31.png?v=6.08,10,274
1566991853-84,https://www.prokabaddi.com/stats/49-133-total-points-conceded-statistics,"Dabang Delhi K.C.",12,/static-assets/images/teams/small/2.png?v=6.08,9,256
1566991856-85,https://www.prokabaddi.com/stats/49-95-tackle-points-statistics,"Jaipur Pink Panthers",1,/static-assets/images/teams/small/3.png?v=6.08,11,127
1566991856-86,https://www.prokabaddi.com/stats/49-95-tackle-points-statistics,"Bengaluru Bulls",2,/static-assets/images/teams/small/1.png?v=6.08,11,116
1566991856-87,https://www.prokabaddi.com/stats/49-95-tackle-points-statistics,"Puneri Paltan",3,/static-assets/images/teams/small/7.png?v=6.08,10,111
1566991856-88,https://www.prokabaddi.com/stats/49-95-tackle-points-statistics,"U.P. Yoddha",4,/static-assets/images/teams/small/30.png?v=6.08,11,107
1566991856-89,https://www.prokabaddi.com/stats/49-95-tackle-points-statistics,"Gujarat Fortunegiants",5,/static-assets/images/teams/small/31.png?v=6.08,10,105
1566991850-63,https://www.prokabaddi.com/stats/49-96-total-points-scored-statistics,"Jaipur Pink Panthers",3,/static-assets/images/teams/small/3.png?v=6.08,11,322
1566991856-90,https://www.prokabaddi.com/stats/49-95-tackle-points-statistics,"Telugu Titans",6,/static-assets/images/teams/small/8.png?v=6.08,10,103
1566991856-91,https://www.prokabaddi.com/stats/49-95-tackle-points-statistics,"Patna Pirates",7,/static-assets/images/teams/small/6.png?v=6.08,10,100
1566991856-92,https://www.prokabaddi.com/stats/49-95-tackle-points-statistics,"Tamil Thalaivas",8,/static-assets/images/teams/small/29.png?v=6.08,10,97
1566991856-93,https://www.prokabaddi.com/stats/49-95-tackle-points-statistics,"Bengal Warriors",9,/static-assets/images/teams/small/4.png?v=6.08,10,94
1566991856-94,https://www.prokabaddi.com/stats/49-95-tackle-points-statistics,"Haryana Steelers",10,/static-assets/images/teams/small/28.png?v=6.08,10,93
1566991856-95,https://www.prokabaddi.com/stats/49-95-tackle-points-statistics,"U Mumba",11,/static-assets/images/teams/small/5.png?v=6.08,10,91
1566991856-96,https://www.prokabaddi.com/stats/49-95-tackle-points-statistics,"Dabang Delhi K.C.",12,/static-assets/images/teams/small/2.png?v=6.08,9,78
1566991860-97,https://www.prokabaddi.com/stats/49-136-all-outs-inflicted-statistics,"Bengal Warriors",1,/static-assets/images/teams/small/4.png?v=6.08,10,17
1566991860-98,https://www.prokabaddi.com/stats/49-136-all-outs-inflicted-statistics,"U Mumba",2,/static-assets/images/teams/small/5.png?v=6.08,10,12
1566991860-99,https://www.prokabaddi.com/stats/49-136-all-outs-inflicted-statistics,"Bengaluru Bulls",2,/static-assets/images/teams/small/1.png?v=6.08,11,12
1566991850-64,https://www.prokabaddi.com/stats/49-96-total-points-scored-statistics,"Haryana Steelers",4,/static-assets/images/teams/small/28.png?v=6.08,10,303
1566991860-100,https://www.prokabaddi.com/stats/49-136-all-outs-inflicted-statistics,"Dabang Delhi K.C.",2,/static-assets/images/teams/small/2.png?v=6.08,9,12
1566991860-101,https://www.prokabaddi.com/stats/49-136-all-outs-inflicted-statistics,"Jaipur Pink Panthers",5,/static-assets/images/teams/small/3.png?v=6.08,11,11
1566991860-102,https://www.prokabaddi.com/stats/49-136-all-outs-inflicted-statistics,"Patna Pirates",5,/static-assets/images/teams/small/6.png?v=6.08,10,11
1566991860-103,https://www.prokabaddi.com/stats/49-136-all-outs-inflicted-statistics,"Haryana Steelers",7,/static-assets/images/teams/small/28.png?v=6.08,10,10
1566991860-104,https://www.prokabaddi.com/stats/49-136-all-outs-inflicted-statistics,"Tamil Thalaivas",7,/static-assets/images/teams/small/29.png?v=6.08,10,10
1566991860-105,https://www.prokabaddi.com/stats/49-136-all-outs-inflicted-statistics,"Gujarat Fortunegiants",7,/static-assets/images/teams/small/31.png?v=6.08,10,10
1566991860-106,https://www.prokabaddi.com/stats/49-136-all-outs-inflicted-statistics,"U.P. Yoddha",10,/static-assets/images/teams/small/30.png?v=6.08,11,8
1566991860-107,https://www.prokabaddi.com/stats/49-136-all-outs-inflicted-statistics,"Puneri Paltan",11,/static-assets/images/teams/small/7.png?v=6.08,10,6
1566991860-108,https://www.prokabaddi.com/stats/49-136-all-outs-inflicted-statistics,"Telugu Titans",12,/static-assets/images/teams/small/8.png?v=6.08,10,4
1566991863-109,https://www.prokabaddi.com/stats/49-135-do-or-die-raid-points-statistics,"Jaipur Pink Panthers",1,/static-assets/images/teams/small/3.png?v=6.08,11,43
1566991850-65,https://www.prokabaddi.com/stats/49-96-total-points-scored-statistics,"Dabang Delhi K.C.",5,/static-assets/images/teams/small/2.png?v=6.08,9,297
1566991863-110,https://www.prokabaddi.com/stats/49-135-do-or-die-raid-points-statistics,"Puneri Paltan",2,/static-assets/images/teams/small/7.png?v=6.08,10,42
1566991863-111,https://www.prokabaddi.com/stats/49-135-do-or-die-raid-points-statistics,"U Mumba",3,/static-assets/images/teams/small/5.png?v=6.08,10,41
1566991863-112,https://www.prokabaddi.com/stats/49-135-do-or-die-raid-points-statistics,"U.P. Yoddha",4,/static-assets/images/teams/small/30.png?v=6.08,11,34
1566991863-113,https://www.prokabaddi.com/stats/49-135-do-or-die-raid-points-statistics,"Gujarat Fortunegiants",5,/static-assets/images/teams/small/31.png?v=6.08,10,33
1566991863-114,https://www.prokabaddi.com/stats/49-135-do-or-die-raid-points-statistics,"Haryana Steelers",6,/static-assets/images/teams/small/28.png?v=6.08,10,31
1566991863-115,https://www.prokabaddi.com/stats/49-135-do-or-die-raid-points-statistics,"Tamil Thalaivas",6,/static-assets/images/teams/small/29.png?v=6.08,10,31
1566991863-116,https://www.prokabaddi.com/stats/49-135-do-or-die-raid-points-statistics,"Patna Pirates",8,/static-assets/images/teams/small/6.png?v=6.08,10,29
1566991863-117,https://www.prokabaddi.com/stats/49-135-do-or-die-raid-points-statistics,"Telugu Titans",9,/static-assets/images/teams/small/8.png?v=6.08,10,26
1566991863-118,https://www.prokabaddi.com/stats/49-135-do-or-die-raid-points-statistics,"Bengal Warriors",10,/static-assets/images/teams/small/4.png?v=6.08,10,25
1566991863-119,https://www.prokabaddi.com/stats/49-135-do-or-die-raid-points-statistics,"Dabang Delhi K.C.",11,/static-assets/images/teams/small/2.png?v=6.08,9,21
1566991850-66,https://www.prokabaddi.com/stats/49-96-total-points-scored-statistics,"Gujarat Fortunegiants",6,/static-assets/images/teams/small/31.png?v=6.08,10,294
1566991863-120,https://www.prokabaddi.com/stats/49-135-do-or-die-raid-points-statistics,"Bengaluru Bulls",12,/static-assets/images/teams/small/1.png?v=6.08,11,20
1566991850-67,https://www.prokabaddi.com/stats/49-96-total-points-scored-statistics,"U.P. Yoddha",7,/static-assets/images/teams/small/30.png?v=6.08,11,292
1566991850-68,https://www.prokabaddi.com/stats/49-96-total-points-scored-statistics,"Puneri Paltan",8,/static-assets/images/teams/small/7.png?v=6.08,10,291
1566991850-69,https://www.prokabaddi.com/stats/49-96-total-points-scored-statistics,"Tamil Thalaivas",9,/static-assets/images/teams/small/29.png?v=6.08,10,290
1566991866-121,https://www.prokabaddi.com/stats/49-20-super-tackles-statistics,"Bengaluru Bulls",1,/static-assets/images/teams/small/1.png?v=6.08,11,16
1566991866-130,https://www.prokabaddi.com/stats/49-20-super-tackles-statistics,"Bengal Warriors",9,/static-assets/images/teams/small/4.png?v=6.08,10,7
1566991866-131,https://www.prokabaddi.com/stats/49-20-super-tackles-statistics,"Dabang Delhi K.C.",11,/static-assets/images/teams/small/2.png?v=6.08,9,6
1566991866-132,https://www.prokabaddi.com/stats/49-20-super-tackles-statistics,"Tamil Thalaivas",11,/static-assets/images/teams/small/29.png?v=6.08,10,6
1566991870-133,https://www.prokabaddi.com/stats/49-13-successful-raids-statistics,"Bengaluru Bulls",1,/static-assets/images/teams/small/1.png?v=6.08,11,172
1566991870-134,https://www.prokabaddi.com/stats/49-13-successful-raids-statistics,"Bengal Warriors",2,/static-assets/images/teams/small/4.png?v=6.08,10,162
1566991870-135,https://www.prokabaddi.com/stats/49-13-successful-raids-statistics,"Dabang Delhi K.C.",3,/static-assets/images/teams/small/2.png?v=6.08,9,145
1566991870-136,https://www.prokabaddi.com/stats/49-13-successful-raids-statistics,"Haryana Steelers",4,/static-assets/images/teams/small/28.png?v=6.08,10,141
1566991870-137,https://www.prokabaddi.com/stats/49-13-successful-raids-statistics,"Puneri Paltan",5,/static-assets/images/teams/small/7.png?v=6.08,10,132
1566991870-138,https://www.prokabaddi.com/stats/49-13-successful-raids-statistics,"Jaipur Pink Panthers",5,/static-assets/images/teams/small/3.png?v=6.08,11,132
1566991870-139,https://www.prokabaddi.com/stats/49-13-successful-raids-statistics,"Telugu Titans",7,/static-assets/images/teams/small/8.png?v=6.08,10,131
1566991866-122,https://www.prokabaddi.com/stats/49-20-super-tackles-statistics,"Jaipur Pink Panthers",2,/static-assets/images/teams/small/3.png?v=6.08,11,15
1566991870-140,https://www.prokabaddi.com/stats/49-13-successful-raids-statistics,"Patna Pirates",8,/static-assets/images/teams/small/6.png?v=6.08,10,127
1566991870-141,https://www.prokabaddi.com/stats/49-13-successful-raids-statistics,"Gujarat Fortunegiants",8,/static-assets/images/teams/small/31.png?v=6.08,10,127
1566991870-142,https://www.prokabaddi.com/stats/49-13-successful-raids-statistics,"Tamil Thalaivas",10,/static-assets/images/teams/small/29.png?v=6.08,10,124
1566991870-143,https://www.prokabaddi.com/stats/49-13-successful-raids-statistics,"U.P. Yoddha",11,/static-assets/images/teams/small/30.png?v=6.08,11,123
1566991870-144,https://www.prokabaddi.com/stats/49-13-successful-raids-statistics,"U Mumba",12,/static-assets/images/teams/small/5.png?v=6.08,10,117
1566991872-145,https://www.prokabaddi.com/stats/49-98-avg-raid-points-statistics,"Bengal Warriors",1,/static-assets/images/teams/small/4.png?v=6.08,10,19.7
1566991872-146,https://www.prokabaddi.com/stats/49-98-avg-raid-points-statistics,"Bengaluru Bulls",2,/static-assets/images/teams/small/1.png?v=6.08,11,19.18
1566991872-147,https://www.prokabaddi.com/stats/49-98-avg-raid-points-statistics,"Dabang Delhi K.C.",3,/static-assets/images/teams/small/2.png?v=6.08,9,18.89
1566991872-148,https://www.prokabaddi.com/stats/49-98-avg-raid-points-statistics,"Haryana Steelers",4,/static-assets/images/teams/small/28.png?v=6.08,10,17.6
1566991872-149,https://www.prokabaddi.com/stats/49-98-avg-raid-points-statistics,"Puneri Paltan",5,/static-assets/images/teams/small/7.png?v=6.08,10,15.9
1566991866-123,https://www.prokabaddi.com/stats/49-20-super-tackles-statistics,"U Mumba",3,/static-assets/images/teams/small/5.png?v=6.08,10,13
1566991872-150,https://www.prokabaddi.com/stats/49-98-avg-raid-points-statistics,"Gujarat Fortunegiants",6,/static-assets/images/teams/small/31.png?v=6.08,10,15.6
1566991872-151,https://www.prokabaddi.com/stats/49-98-avg-raid-points-statistics,"U Mumba",7,/static-assets/images/teams/small/5.png?v=6.08,10,15.4
1566991872-152,https://www.prokabaddi.com/stats/49-98-avg-raid-points-statistics,"Tamil Thalaivas",8,/static-assets/images/teams/small/29.png?v=6.08,10,15.2
1566991872-153,https://www.prokabaddi.com/stats/49-98-avg-raid-points-statistics,"Telugu Titans",9,/static-assets/images/teams/small/8.png?v=6.08,10,14.9
1566991872-154,https://www.prokabaddi.com/stats/49-98-avg-raid-points-statistics,"Patna Pirates",10,/static-assets/images/teams/small/6.png?v=6.08,10,14.4
1566991872-155,https://www.prokabaddi.com/stats/49-98-avg-raid-points-statistics,"Jaipur Pink Panthers",11,/static-assets/images/teams/small/3.png?v=6.08,11,14.27
1566991872-156,https://www.prokabaddi.com/stats/49-98-avg-raid-points-statistics,"U.P. Yoddha",11,/static-assets/images/teams/small/30.png?v=6.08,11,14.27
1566991866-124,https://www.prokabaddi.com/stats/49-20-super-tackles-statistics,"Patna Pirates",3,/static-assets/images/teams/small/6.png?v=6.08,10,13
1566991866-125,https://www.prokabaddi.com/stats/49-20-super-tackles-statistics,"Puneri Paltan",3,/static-assets/images/teams/small/7.png?v=6.08,10,13
1566991866-126,https://www.prokabaddi.com/stats/49-20-super-tackles-statistics,"Telugu Titans",6,/static-assets/images/teams/small/8.png?v=6.08,10,9
1566991866-127,https://www.prokabaddi.com/stats/49-20-super-tackles-statistics,"Gujarat Fortunegiants",6,/static-assets/images/teams/small/31.png?v=6.08,10,9
1566991866-128,https://www.prokabaddi.com/stats/49-20-super-tackles-statistics,"U.P. Yoddha",8,/static-assets/images/teams/small/30.png?v=6.08,11,8
1566991866-129,https://www.prokabaddi.com/stats/49-20-super-tackles-statistics,"Haryana Steelers",9,/static-assets/images/teams/small/28.png?v=6.08,10,7
