﻿web-scraper-order,web-scraper-start-url,name,rank,team_id,matches,points
1566473443-1,https://www.prokabaddi.com/stats/49-97-raid-points-statistics,"Bengaluru Bulls",1,/static-assets/images/teams/small/1.png?v=6.08,9,171
1566473443-10,https://www.prokabaddi.com/stats/49-97-raid-points-statistics,"Dabang Delhi K.C.",10,/static-assets/images/teams/small/2.png?v=6.08,7,129
1566473443-11,https://www.prokabaddi.com/stats/49-97-raid-points-statistics,"U.P. Yoddha",11,/static-assets/images/teams/small/30.png?v=6.08,9,119
1566473443-12,https://www.prokabaddi.com/stats/49-97-raid-points-statistics,"Patna Pirates",12,/static-assets/images/teams/small/6.png?v=6.08,8,112
1566473445-13,https://www.prokabaddi.com/stats/49-140-avg-points-scored-statistics,"Bengaluru Bulls",1,/static-assets/images/teams/small/1.png?v=6.08,9,29
1566473445-14,https://www.prokabaddi.com/stats/49-140-avg-points-scored-statistics,"Bengal Warriors",2,/static-assets/images/teams/small/4.png?v=6.08,8,28.87
1566473445-15,https://www.prokabaddi.com/stats/49-140-avg-points-scored-statistics,"Puneri Paltan",3,/static-assets/images/teams/small/7.png?v=6.08,9,27
1566473445-16,https://www.prokabaddi.com/stats/49-140-avg-points-scored-statistics,"Dabang Delhi K.C.",4,/static-assets/images/teams/small/2.png?v=6.08,7,26.71
1566473445-17,https://www.prokabaddi.com/stats/49-140-avg-points-scored-statistics,"Jaipur Pink Panthers",5,/static-assets/images/teams/small/3.png?v=6.08,9,26.55
1566473445-18,https://www.prokabaddi.com/stats/49-140-avg-points-scored-statistics,"Haryana Steelers",6,/static-assets/images/teams/small/28.png?v=6.08,9,26.44
1566473445-19,https://www.prokabaddi.com/stats/49-140-avg-points-scored-statistics,"Gujarat Fortunegiants",7,/static-assets/images/teams/small/31.png?v=6.08,9,26
1566473443-2,https://www.prokabaddi.com/stats/49-97-raid-points-statistics,"Bengal Warriors",2,/static-assets/images/teams/small/4.png?v=6.08,8,153
1566473445-20,https://www.prokabaddi.com/stats/49-140-avg-points-scored-statistics,"Tamil Thalaivas",8,/static-assets/images/teams/small/29.png?v=6.08,9,25.44
1566473445-21,https://www.prokabaddi.com/stats/49-140-avg-points-scored-statistics,"Telugu Titans",9,/static-assets/images/teams/small/8.png?v=6.08,9,25.33
1566473445-22,https://www.prokabaddi.com/stats/49-140-avg-points-scored-statistics,"Patna Pirates",10,/static-assets/images/teams/small/6.png?v=6.08,8,24.62
1566473445-23,https://www.prokabaddi.com/stats/49-140-avg-points-scored-statistics,"U Mumba",11,/static-assets/images/teams/small/5.png?v=6.08,9,24.44
1566473445-24,https://www.prokabaddi.com/stats/49-140-avg-points-scored-statistics,"U.P. Yoddha",12,/static-assets/images/teams/small/30.png?v=6.08,9,23
1566473448-25,https://www.prokabaddi.com/stats/49-134-super-raid-statistics,"Bengal Warriors",1,/static-assets/images/teams/small/4.png?v=6.08,8,6
1566473448-26,https://www.prokabaddi.com/stats/49-134-super-raid-statistics,"Haryana Steelers",2,/static-assets/images/teams/small/28.png?v=6.08,9,4
1566473448-27,https://www.prokabaddi.com/stats/49-134-super-raid-statistics,"Tamil Thalaivas",3,/static-assets/images/teams/small/29.png?v=6.08,9,3
1566473448-28,https://www.prokabaddi.com/stats/49-134-super-raid-statistics,"Bengaluru Bulls",3,/static-assets/images/teams/small/1.png?v=6.08,9,3
1566473448-29,https://www.prokabaddi.com/stats/49-134-super-raid-statistics,"Dabang Delhi K.C.",3,/static-assets/images/teams/small/2.png?v=6.08,7,3
1566473443-3,https://www.prokabaddi.com/stats/49-97-raid-points-statistics,"Haryana Steelers",2,/static-assets/images/teams/small/28.png?v=6.08,9,153
1566473448-30,https://www.prokabaddi.com/stats/49-134-super-raid-statistics,"U Mumba",3,/static-assets/images/teams/small/5.png?v=6.08,9,3
1566473448-31,https://www.prokabaddi.com/stats/49-134-super-raid-statistics,"Patna Pirates",7,/static-assets/images/teams/small/6.png?v=6.08,8,2
1566473448-32,https://www.prokabaddi.com/stats/49-134-super-raid-statistics,"Jaipur Pink Panthers",7,/static-assets/images/teams/small/3.png?v=6.08,9,2
1566473448-33,https://www.prokabaddi.com/stats/49-134-super-raid-statistics,"Gujarat Fortunegiants",7,/static-assets/images/teams/small/31.png?v=6.08,9,2
1566473448-34,https://www.prokabaddi.com/stats/49-134-super-raid-statistics,"Telugu Titans",7,/static-assets/images/teams/small/8.png?v=6.08,9,2
1566473448-35,https://www.prokabaddi.com/stats/49-134-super-raid-statistics,"Puneri Paltan",11,/static-assets/images/teams/small/7.png?v=6.08,9,1
1566473451-36,https://www.prokabaddi.com/stats/49-15-successful-tackles-statistics,"Jaipur Pink Panthers",1,/static-assets/images/teams/small/3.png?v=6.08,9,93
1566473451-37,https://www.prokabaddi.com/stats/49-15-successful-tackles-statistics,"Puneri Paltan",2,/static-assets/images/teams/small/7.png?v=6.08,9,91
1566473451-38,https://www.prokabaddi.com/stats/49-15-successful-tackles-statistics,"Tamil Thalaivas",3,/static-assets/images/teams/small/29.png?v=6.08,9,87
1566473451-39,https://www.prokabaddi.com/stats/49-15-successful-tackles-statistics,"Gujarat Fortunegiants",4,/static-assets/images/teams/small/31.png?v=6.08,9,85
1566473443-4,https://www.prokabaddi.com/stats/49-97-raid-points-statistics,"Puneri Paltan",4,/static-assets/images/teams/small/7.png?v=6.08,9,140
1566473451-40,https://www.prokabaddi.com/stats/49-15-successful-tackles-statistics,"Telugu Titans",5,/static-assets/images/teams/small/8.png?v=6.08,9,83
1566473451-41,https://www.prokabaddi.com/stats/49-15-successful-tackles-statistics,"U.P. Yoddha",6,/static-assets/images/teams/small/30.png?v=6.08,9,82
1566473451-42,https://www.prokabaddi.com/stats/49-15-successful-tackles-statistics,"Haryana Steelers",7,/static-assets/images/teams/small/28.png?v=6.08,9,79
1566473451-43,https://www.prokabaddi.com/stats/49-15-successful-tackles-statistics,"Bengaluru Bulls",8,/static-assets/images/teams/small/1.png?v=6.08,9,75
1566473451-44,https://www.prokabaddi.com/stats/49-15-successful-tackles-statistics,"Patna Pirates",9,/static-assets/images/teams/small/6.png?v=6.08,8,74
1566473451-45,https://www.prokabaddi.com/stats/49-15-successful-tackles-statistics,"Bengal Warriors",10,/static-assets/images/teams/small/4.png?v=6.08,8,72
1566473451-46,https://www.prokabaddi.com/stats/49-15-successful-tackles-statistics,"U Mumba",11,/static-assets/images/teams/small/5.png?v=6.08,9,70
1566473451-47,https://www.prokabaddi.com/stats/49-15-successful-tackles-statistics,"Dabang Delhi K.C.",12,/static-assets/images/teams/small/2.png?v=6.08,7,53
1566473454-48,https://www.prokabaddi.com/stats/49-99-avg-tackle-points-statistics,"Puneri Paltan",1,/static-assets/images/teams/small/7.png?v=6.08,9,11.44
1566473454-49,https://www.prokabaddi.com/stats/49-99-avg-tackle-points-statistics,"Jaipur Pink Panthers",2,/static-assets/images/teams/small/3.png?v=6.08,9,11.22
1566473443-5,https://www.prokabaddi.com/stats/49-97-raid-points-statistics,"Telugu Titans",4,/static-assets/images/teams/small/8.png?v=6.08,9,140
1566473454-50,https://www.prokabaddi.com/stats/49-99-avg-tackle-points-statistics,"Patna Pirates",3,/static-assets/images/teams/small/6.png?v=6.08,8,10.63
1566473454-51,https://www.prokabaddi.com/stats/49-99-avg-tackle-points-statistics,"Gujarat Fortunegiants",4,/static-assets/images/teams/small/31.png?v=6.08,9,10.44
1566473454-52,https://www.prokabaddi.com/stats/49-99-avg-tackle-points-statistics,"Tamil Thalaivas",5,/static-assets/images/teams/small/29.png?v=6.08,9,10.11
1566473454-53,https://www.prokabaddi.com/stats/49-99-avg-tackle-points-statistics,"Bengaluru Bulls",6,/static-assets/images/teams/small/1.png?v=6.08,9,10
1566473454-54,https://www.prokabaddi.com/stats/49-99-avg-tackle-points-statistics,"U.P. Yoddha",7,/static-assets/images/teams/small/30.png?v=6.08,9,9.78
1566473454-55,https://www.prokabaddi.com/stats/49-99-avg-tackle-points-statistics,"Telugu Titans",7,/static-assets/images/teams/small/8.png?v=6.08,9,9.78
1566473454-56,https://www.prokabaddi.com/stats/49-99-avg-tackle-points-statistics,"Bengal Warriors",9,/static-assets/images/teams/small/4.png?v=6.08,8,9.75
1566473454-57,https://www.prokabaddi.com/stats/49-99-avg-tackle-points-statistics,"Haryana Steelers",10,/static-assets/images/teams/small/28.png?v=6.08,9,9.44
1566473454-58,https://www.prokabaddi.com/stats/49-99-avg-tackle-points-statistics,"U Mumba",11,/static-assets/images/teams/small/5.png?v=6.08,9,8.89
1566473454-59,https://www.prokabaddi.com/stats/49-99-avg-tackle-points-statistics,"Dabang Delhi K.C.",12,/static-assets/images/teams/small/2.png?v=6.08,7,8.29
1566473443-6,https://www.prokabaddi.com/stats/49-97-raid-points-statistics,"U Mumba",4,/static-assets/images/teams/small/5.png?v=6.08,9,140
1566473443-7,https://www.prokabaddi.com/stats/49-97-raid-points-statistics,"Gujarat Fortunegiants",4,/static-assets/images/teams/small/31.png?v=6.08,9,140
1566473443-8,https://www.prokabaddi.com/stats/49-97-raid-points-statistics,"Jaipur Pink Panthers",8,/static-assets/images/teams/small/3.png?v=6.08,9,138
1566473443-9,https://www.prokabaddi.com/stats/49-97-raid-points-statistics,"Tamil Thalaivas",8,/static-assets/images/teams/small/29.png?v=6.08,9,138
1566473457-60,https://www.prokabaddi.com/stats/49-96-total-points-scored-statistics,"Bengaluru Bulls",1,/static-assets/images/teams/small/1.png?v=6.08,9,296
1566473457-69,https://www.prokabaddi.com/stats/49-96-total-points-scored-statistics,"U.P. Yoddha",10,/static-assets/images/teams/small/30.png?v=6.08,9,230
1566473457-70,https://www.prokabaddi.com/stats/49-96-total-points-scored-statistics,"Patna Pirates",11,/static-assets/images/teams/small/6.png?v=6.08,8,228
1566473457-71,https://www.prokabaddi.com/stats/49-96-total-points-scored-statistics,"Dabang Delhi K.C.",11,/static-assets/images/teams/small/2.png?v=6.08,7,228
1566473460-72,https://www.prokabaddi.com/stats/49-133-total-points-conceded-statistics,"U.P. Yoddha",1,/static-assets/images/teams/small/30.png?v=6.08,9,297
1566473460-73,https://www.prokabaddi.com/stats/49-133-total-points-conceded-statistics,"Haryana Steelers",2,/static-assets/images/teams/small/28.png?v=6.08,9,293
1566473460-74,https://www.prokabaddi.com/stats/49-133-total-points-conceded-statistics,"Bengaluru Bulls",3,/static-assets/images/teams/small/1.png?v=6.08,9,288
1566473460-75,https://www.prokabaddi.com/stats/49-133-total-points-conceded-statistics,"Telugu Titans",4,/static-assets/images/teams/small/8.png?v=6.08,9,287
1566473460-76,https://www.prokabaddi.com/stats/49-133-total-points-conceded-statistics,"Puneri Paltan",5,/static-assets/images/teams/small/7.png?v=6.08,9,280
1566473460-77,https://www.prokabaddi.com/stats/49-133-total-points-conceded-statistics,"U Mumba",6,/static-assets/images/teams/small/5.png?v=6.08,9,259
1566473460-78,https://www.prokabaddi.com/stats/49-133-total-points-conceded-statistics,"Tamil Thalaivas",7,/static-assets/images/teams/small/29.png?v=6.08,9,255
1566473457-61,https://www.prokabaddi.com/stats/49-96-total-points-scored-statistics,"Bengal Warriors",2,/static-assets/images/teams/small/4.png?v=6.08,8,277
1566473460-79,https://www.prokabaddi.com/stats/49-133-total-points-conceded-statistics,"Gujarat Fortunegiants",8,/static-assets/images/teams/small/31.png?v=6.08,9,248
1566473460-80,https://www.prokabaddi.com/stats/49-133-total-points-conceded-statistics,"Patna Pirates",9,/static-assets/images/teams/small/6.png?v=6.08,8,243
1566473460-81,https://www.prokabaddi.com/stats/49-133-total-points-conceded-statistics,"Jaipur Pink Panthers",10,/static-assets/images/teams/small/3.png?v=6.08,9,226
1566473460-82,https://www.prokabaddi.com/stats/49-133-total-points-conceded-statistics,"Bengal Warriors",11,/static-assets/images/teams/small/4.png?v=6.08,8,225
1566473460-83,https://www.prokabaddi.com/stats/49-133-total-points-conceded-statistics,"Dabang Delhi K.C.",12,/static-assets/images/teams/small/2.png?v=6.08,7,198
1566473463-84,https://www.prokabaddi.com/stats/49-95-tackle-points-statistics,"Puneri Paltan",1,/static-assets/images/teams/small/7.png?v=6.08,9,103
1566473463-85,https://www.prokabaddi.com/stats/49-95-tackle-points-statistics,"Jaipur Pink Panthers",2,/static-assets/images/teams/small/3.png?v=6.08,9,101
1566473463-86,https://www.prokabaddi.com/stats/49-95-tackle-points-statistics,"Gujarat Fortunegiants",3,/static-assets/images/teams/small/31.png?v=6.08,9,94
1566473463-87,https://www.prokabaddi.com/stats/49-95-tackle-points-statistics,"Tamil Thalaivas",4,/static-assets/images/teams/small/29.png?v=6.08,9,91
1566473463-88,https://www.prokabaddi.com/stats/49-95-tackle-points-statistics,"Bengaluru Bulls",5,/static-assets/images/teams/small/1.png?v=6.08,9,90
1566473457-62,https://www.prokabaddi.com/stats/49-96-total-points-scored-statistics,"Jaipur Pink Panthers",3,/static-assets/images/teams/small/3.png?v=6.08,9,271
1566473463-89,https://www.prokabaddi.com/stats/49-95-tackle-points-statistics,"Telugu Titans",6,/static-assets/images/teams/small/8.png?v=6.08,9,88
1566473463-90,https://www.prokabaddi.com/stats/49-95-tackle-points-statistics,"U.P. Yoddha",6,/static-assets/images/teams/small/30.png?v=6.08,9,88
1566473463-91,https://www.prokabaddi.com/stats/49-95-tackle-points-statistics,"Haryana Steelers",8,/static-assets/images/teams/small/28.png?v=6.08,9,85
1566473463-92,https://www.prokabaddi.com/stats/49-95-tackle-points-statistics,"Patna Pirates",8,/static-assets/images/teams/small/6.png?v=6.08,8,85
1566473463-93,https://www.prokabaddi.com/stats/49-95-tackle-points-statistics,"U Mumba",10,/static-assets/images/teams/small/5.png?v=6.08,9,80
1566473463-94,https://www.prokabaddi.com/stats/49-95-tackle-points-statistics,"Bengal Warriors",11,/static-assets/images/teams/small/4.png?v=6.08,8,78
1566473463-95,https://www.prokabaddi.com/stats/49-95-tackle-points-statistics,"Dabang Delhi K.C.",12,/static-assets/images/teams/small/2.png?v=6.08,7,58
1566473466-96,https://www.prokabaddi.com/stats/49-136-all-outs-inflicted-statistics,"Bengal Warriors",1,/static-assets/images/teams/small/4.png?v=6.08,8,14
1566473466-97,https://www.prokabaddi.com/stats/49-136-all-outs-inflicted-statistics,"U Mumba",2,/static-assets/images/teams/small/5.png?v=6.08,9,11
1566473466-98,https://www.prokabaddi.com/stats/49-136-all-outs-inflicted-statistics,"Jaipur Pink Panthers",3,/static-assets/images/teams/small/3.png?v=6.08,9,10
1566473457-63,https://www.prokabaddi.com/stats/49-96-total-points-scored-statistics,"Haryana Steelers",4,/static-assets/images/teams/small/28.png?v=6.08,9,267
1566473466-99,https://www.prokabaddi.com/stats/49-136-all-outs-inflicted-statistics,"Tamil Thalaivas",3,/static-assets/images/teams/small/29.png?v=6.08,9,10
1566473466-100,https://www.prokabaddi.com/stats/49-136-all-outs-inflicted-statistics,"Gujarat Fortunegiants",5,/static-assets/images/teams/small/31.png?v=6.08,9,9
1566473466-101,https://www.prokabaddi.com/stats/49-136-all-outs-inflicted-statistics,"Haryana Steelers",5,/static-assets/images/teams/small/28.png?v=6.08,9,9
1566473466-102,https://www.prokabaddi.com/stats/49-136-all-outs-inflicted-statistics,"Bengaluru Bulls",5,/static-assets/images/teams/small/1.png?v=6.08,9,9
1566473466-103,https://www.prokabaddi.com/stats/49-136-all-outs-inflicted-statistics,"Dabang Delhi K.C.",5,/static-assets/images/teams/small/2.png?v=6.08,7,9
1566473466-104,https://www.prokabaddi.com/stats/49-136-all-outs-inflicted-statistics,"Patna Pirates",5,/static-assets/images/teams/small/6.png?v=6.08,8,9
1566473466-105,https://www.prokabaddi.com/stats/49-136-all-outs-inflicted-statistics,"U.P. Yoddha",10,/static-assets/images/teams/small/30.png?v=6.08,9,6
1566473466-106,https://www.prokabaddi.com/stats/49-136-all-outs-inflicted-statistics,"Puneri Paltan",11,/static-assets/images/teams/small/7.png?v=6.08,9,5
1566473466-107,https://www.prokabaddi.com/stats/49-136-all-outs-inflicted-statistics,"Telugu Titans",12,/static-assets/images/teams/small/8.png?v=6.08,9,4
1566473469-108,https://www.prokabaddi.com/stats/49-135-do-or-die-raid-points-statistics,"Puneri Paltan",1,/static-assets/images/teams/small/7.png?v=6.08,9,38
1566473457-64,https://www.prokabaddi.com/stats/49-96-total-points-scored-statistics,"Tamil Thalaivas",5,/static-assets/images/teams/small/29.png?v=6.08,9,266
1566473469-109,https://www.prokabaddi.com/stats/49-135-do-or-die-raid-points-statistics,"U Mumba",2,/static-assets/images/teams/small/5.png?v=6.08,9,36
1566473469-110,https://www.prokabaddi.com/stats/49-135-do-or-die-raid-points-statistics,"Jaipur Pink Panthers",3,/static-assets/images/teams/small/3.png?v=6.08,9,35
1566473469-111,https://www.prokabaddi.com/stats/49-135-do-or-die-raid-points-statistics,"Tamil Thalaivas",4,/static-assets/images/teams/small/29.png?v=6.08,9,30
1566473469-112,https://www.prokabaddi.com/stats/49-135-do-or-die-raid-points-statistics,"Haryana Steelers",5,/static-assets/images/teams/small/28.png?v=6.08,9,29
1566473469-113,https://www.prokabaddi.com/stats/49-135-do-or-die-raid-points-statistics,"U.P. Yoddha",6,/static-assets/images/teams/small/30.png?v=6.08,9,28
1566473469-114,https://www.prokabaddi.com/stats/49-135-do-or-die-raid-points-statistics,"Gujarat Fortunegiants",7,/static-assets/images/teams/small/31.png?v=6.08,9,27
1566473469-115,https://www.prokabaddi.com/stats/49-135-do-or-die-raid-points-statistics,"Patna Pirates",8,/static-assets/images/teams/small/6.png?v=6.08,8,26
1566473469-116,https://www.prokabaddi.com/stats/49-135-do-or-die-raid-points-statistics,"Telugu Titans",9,/static-assets/images/teams/small/8.png?v=6.08,9,21
1566473469-117,https://www.prokabaddi.com/stats/49-135-do-or-die-raid-points-statistics,"Bengal Warriors",10,/static-assets/images/teams/small/4.png?v=6.08,8,20
1566473469-118,https://www.prokabaddi.com/stats/49-135-do-or-die-raid-points-statistics,"Bengaluru Bulls",11,/static-assets/images/teams/small/1.png?v=6.08,9,16
1566473457-65,https://www.prokabaddi.com/stats/49-96-total-points-scored-statistics,"Gujarat Fortunegiants",6,/static-assets/images/teams/small/31.png?v=6.08,9,265
1566473469-119,https://www.prokabaddi.com/stats/49-135-do-or-die-raid-points-statistics,"Dabang Delhi K.C.",11,/static-assets/images/teams/small/2.png?v=6.08,7,16
1566473457-66,https://www.prokabaddi.com/stats/49-96-total-points-scored-statistics,"Puneri Paltan",7,/static-assets/images/teams/small/7.png?v=6.08,9,261
1566473457-67,https://www.prokabaddi.com/stats/49-96-total-points-scored-statistics,"U Mumba",8,/static-assets/images/teams/small/5.png?v=6.08,9,259
1566473457-68,https://www.prokabaddi.com/stats/49-96-total-points-scored-statistics,"Telugu Titans",9,/static-assets/images/teams/small/8.png?v=6.08,9,251
1566473472-120,https://www.prokabaddi.com/stats/49-20-super-tackles-statistics,"Bengaluru Bulls",1,/static-assets/images/teams/small/1.png?v=6.08,9,16
1566473472-129,https://www.prokabaddi.com/stats/49-20-super-tackles-statistics,"Telugu Titans",9,/static-assets/images/teams/small/8.png?v=6.08,9,6
1566473472-130,https://www.prokabaddi.com/stats/49-20-super-tackles-statistics,"Haryana Steelers",9,/static-assets/images/teams/small/28.png?v=6.08,9,6
1566473472-131,https://www.prokabaddi.com/stats/49-20-super-tackles-statistics,"Tamil Thalaivas",9,/static-assets/images/teams/small/29.png?v=6.08,9,6
1566473475-132,https://www.prokabaddi.com/stats/49-13-successful-raids-statistics,"Bengaluru Bulls",1,/static-assets/images/teams/small/1.png?v=6.08,9,140
1566473475-133,https://www.prokabaddi.com/stats/49-13-successful-raids-statistics,"Bengal Warriors",2,/static-assets/images/teams/small/4.png?v=6.08,8,123
1566473475-134,https://www.prokabaddi.com/stats/49-13-successful-raids-statistics,"Haryana Steelers",2,/static-assets/images/teams/small/28.png?v=6.08,9,123
1566473475-135,https://www.prokabaddi.com/stats/49-13-successful-raids-statistics,"Telugu Titans",4,/static-assets/images/teams/small/8.png?v=6.08,9,122
1566473475-136,https://www.prokabaddi.com/stats/49-13-successful-raids-statistics,"Jaipur Pink Panthers",5,/static-assets/images/teams/small/3.png?v=6.08,9,116
1566473475-137,https://www.prokabaddi.com/stats/49-13-successful-raids-statistics,"Puneri Paltan",5,/static-assets/images/teams/small/7.png?v=6.08,9,116
1566473475-138,https://www.prokabaddi.com/stats/49-13-successful-raids-statistics,"Gujarat Fortunegiants",7,/static-assets/images/teams/small/31.png?v=6.08,9,114
1566473472-121,https://www.prokabaddi.com/stats/49-20-super-tackles-statistics,"Puneri Paltan",2,/static-assets/images/teams/small/7.png?v=6.08,9,12
1566473475-139,https://www.prokabaddi.com/stats/49-13-successful-raids-statistics,"Dabang Delhi K.C.",8,/static-assets/images/teams/small/2.png?v=6.08,7,113
1566473475-140,https://www.prokabaddi.com/stats/49-13-successful-raids-statistics,"Tamil Thalaivas",9,/static-assets/images/teams/small/29.png?v=6.08,9,112
1566473475-141,https://www.prokabaddi.com/stats/49-13-successful-raids-statistics,"U Mumba",10,/static-assets/images/teams/small/5.png?v=6.08,9,106
1566473475-142,https://www.prokabaddi.com/stats/49-13-successful-raids-statistics,"Patna Pirates",11,/static-assets/images/teams/small/6.png?v=6.08,8,101
1566473475-143,https://www.prokabaddi.com/stats/49-13-successful-raids-statistics,"U.P. Yoddha",12,/static-assets/images/teams/small/30.png?v=6.08,9,94
1566473478-144,https://www.prokabaddi.com/stats/49-98-avg-raid-points-statistics,"Bengal Warriors",1,/static-assets/images/teams/small/4.png?v=6.08,8,19.13
1566473478-145,https://www.prokabaddi.com/stats/49-98-avg-raid-points-statistics,"Bengaluru Bulls",2,/static-assets/images/teams/small/1.png?v=6.08,9,19
1566473478-146,https://www.prokabaddi.com/stats/49-98-avg-raid-points-statistics,"Dabang Delhi K.C.",3,/static-assets/images/teams/small/2.png?v=6.08,7,18.43
1566473478-147,https://www.prokabaddi.com/stats/49-98-avg-raid-points-statistics,"Haryana Steelers",4,/static-assets/images/teams/small/28.png?v=6.08,9,17
1566473478-148,https://www.prokabaddi.com/stats/49-98-avg-raid-points-statistics,"Puneri Paltan",5,/static-assets/images/teams/small/7.png?v=6.08,9,15.56
1566473472-122,https://www.prokabaddi.com/stats/49-20-super-tackles-statistics,"U Mumba",2,/static-assets/images/teams/small/5.png?v=6.08,9,12
1566473478-149,https://www.prokabaddi.com/stats/49-98-avg-raid-points-statistics,"Telugu Titans",5,/static-assets/images/teams/small/8.png?v=6.08,9,15.56
1566473478-150,https://www.prokabaddi.com/stats/49-98-avg-raid-points-statistics,"U Mumba",5,/static-assets/images/teams/small/5.png?v=6.08,9,15.56
1566473478-151,https://www.prokabaddi.com/stats/49-98-avg-raid-points-statistics,"Gujarat Fortunegiants",5,/static-assets/images/teams/small/31.png?v=6.08,9,15.56
1566473478-152,https://www.prokabaddi.com/stats/49-98-avg-raid-points-statistics,"Jaipur Pink Panthers",9,/static-assets/images/teams/small/3.png?v=6.08,9,15.33
1566473478-153,https://www.prokabaddi.com/stats/49-98-avg-raid-points-statistics,"Tamil Thalaivas",9,/static-assets/images/teams/small/29.png?v=6.08,9,15.33
1566473478-154,https://www.prokabaddi.com/stats/49-98-avg-raid-points-statistics,"Patna Pirates",11,/static-assets/images/teams/small/6.png?v=6.08,8,14
1566473478-155,https://www.prokabaddi.com/stats/49-98-avg-raid-points-statistics,"U.P. Yoddha",12,/static-assets/images/teams/small/30.png?v=6.08,9,13.22
1566473472-123,https://www.prokabaddi.com/stats/49-20-super-tackles-statistics,"Patna Pirates",4,/static-assets/images/teams/small/6.png?v=6.08,8,11
1566473472-124,https://www.prokabaddi.com/stats/49-20-super-tackles-statistics,"Gujarat Fortunegiants",5,/static-assets/images/teams/small/31.png?v=6.08,9,9
1566473472-125,https://www.prokabaddi.com/stats/49-20-super-tackles-statistics,"Jaipur Pink Panthers",6,/static-assets/images/teams/small/3.png?v=6.08,9,8
1566473472-126,https://www.prokabaddi.com/stats/49-20-super-tackles-statistics,"Bengal Warriors",7,/static-assets/images/teams/small/4.png?v=6.08,8,7
1566473472-127,https://www.prokabaddi.com/stats/49-20-super-tackles-statistics,"U.P. Yoddha",7,/static-assets/images/teams/small/30.png?v=6.08,9,7
1566473472-128,https://www.prokabaddi.com/stats/49-20-super-tackles-statistics,"Dabang Delhi K.C.",9,/static-assets/images/teams/small/2.png?v=6.08,7,6
