web-scraper-order,web-scraper-start-url,name,team,type,points,credits,announced
1568557722-30,https://www.dream11.com/kabaddi/create-team/1092/15146,A Maghsodlou,GUJ,RAI,17,13.5,
1568557722-12,https://www.dream11.com/kabaddi/create-team/1092/15146,Amit-Kharb,GUJ,DEF,4,11,
1568557722-7,https://www.dream11.com/kabaddi/create-team/1092/15146,Ankit-I,GUJ,DEF,110,12,Announced
1568557722-14,https://www.dream11.com/kabaddi/create-team/1092/15146,G More,GUJ,ALL,231,14.5,
1568557722-29,https://www.dream11.com/kabaddi/create-team/1092/15146,G Singh-Sr,GUJ,RAI,12,13,
1568557722-34,https://www.dream11.com/kabaddi/create-team/1092/15146,H Singh,GUJ,RAI,21,12,
1568557722-37,https://www.dream11.com/kabaddi/create-team/1092/15146,Lalit-Chaudhary,GUJ,RAI,11,11,
1568557722-23,https://www.dream11.com/kabaddi/create-team/1092/15146,M S Hossain,GUJ,ALL,0,10.5,
1568557722-2,https://www.dream11.com/kabaddi/create-team/1092/15146,P Bhainswal,GUJ,DEF,217,15,Announced
1568557722-18,https://www.dream11.com/kabaddi/create-team/1092/15146,Pankaj,GUJ,ALL,61,13,
1568557722-13,https://www.dream11.com/kabaddi/create-team/1092/15146,R Gulia,GUJ,ALL,274,14.5,Announced
1568557722-8,https://www.dream11.com/kabaddi/create-team/1092/15146,R Koravi,GUJ,DEF,52,13,
1568557722-11,https://www.dream11.com/kabaddi/create-team/1092/15146,S Gahlawat,GUJ,DEF,0,11.5,
1568557722-28,https://www.dream11.com/kabaddi/create-team/1092/15146,S Jaglan,GUJ,RAI,133,13.5,Announced
1568557722-6,https://www.dream11.com/kabaddi/create-team/1092/15146,S Malik,GUJ,DEF,135,13,Announced
1568557722-24,https://www.dream11.com/kabaddi/create-team/1092/15146,S Tanwar,GUJ,RAI,231,16,Announced
1568557722-1,https://www.dream11.com/kabaddi/create-team/1092/15146,Sunil-Kumar,GUJ,DEF,235,15,Announced
1568557722-19,https://www.dream11.com/kabaddi/create-team/1092/15146,V Kumar,GUJ,ALL,30,13,
1568557722-10,https://www.dream11.com/kabaddi/create-team/1092/15146,A Nagar,UP,DEF,0,12.5,
1568557722-5,https://www.dream11.com/kabaddi/create-team/1092/15146,Amit,UP,DEF,145,13.5,Announced
1568557722-35,https://www.dream11.com/kabaddi/create-team/1092/15146,Ankush,UP,RAI,26,12,
1568557722-22,https://www.dream11.com/kabaddi/create-team/1092/15146,Arkam-Shaikh,UP,ALL,0,11.5,
1568557722-9,https://www.dream11.com/kabaddi/create-team/1092/15146,Ashu-Singh,UP,DEF,179,12.5,Announced
1568557722-32,https://www.dream11.com/kabaddi/create-team/1092/15146,Azad-Singh,UP,RAI,11,13,
1568557722-36,https://www.dream11.com/kabaddi/create-team/1092/15146,Gulveer-Singh,UP,RAI,0,11.5,
1568557722-21,https://www.dream11.com/kabaddi/create-team/1092/15146,Gurdeep,UP,ALL,2,11.5,
1568557722-26,https://www.dream11.com/kabaddi/create-team/1092/15146,M Goyat,UP,RAI,150,14.5,
1568557722-33,https://www.dream11.com/kabaddi/create-team/1092/15146,M M Karim,UP,RAI,0,12.5,
1568557722-17,https://www.dream11.com/kabaddi/create-team/1092/15146,M Maghsoudlou,UP,ALL,41,13.5,
1568557722-20,https://www.dream11.com/kabaddi/create-team/1092/15146,Narender,UP,ALL,-4,13,
1568557722-4,https://www.dream11.com/kabaddi/create-team/1092/15146,Nitesh-Kumar,UP,DEF,224,14,Announced
1568557722-15,https://www.dream11.com/kabaddi/create-team/1092/15146,R Devadiga,UP,ALL,100,14.5,Announced
1568557722-25,https://www.dream11.com/kabaddi/create-team/1092/15146,S Jadhav,UP,RAI,294,15,Announced
1568557722-16,https://www.dream11.com/kabaddi/create-team/1092/15146,Sachin-Kumar,UP,ALL,23,13.5,
1568557722-3,https://www.dream11.com/kabaddi/create-team/1092/15146,Sumit,UP,DEF,280,14,Announced
1568557722-31,https://www.dream11.com/kabaddi/create-team/1092/15146,Surender-Gill,UP,RAI,149,12.5,Announced
1568557722-27,https://www.dream11.com/kabaddi/create-team/1092/15146,Surender-Singh,UP,RAI,24,14,