﻿web-scraper-order,web-scraper-start-url,name,rank,team_id,matches,points
1568201423-1,https://www.prokabaddi.com/stats/49-97-raid-points-statistics,"Bengaluru Bulls",1,/static-assets/images/teams/small/1.png?v=6.09,15,294
1568201423-10,https://www.prokabaddi.com/stats/49-97-raid-points-statistics,"Gujarat Fortunegiants",10,/static-assets/images/teams/small/31.png?v=6.09,14,215
1568201423-11,https://www.prokabaddi.com/stats/49-97-raid-points-statistics,"U.P. Yoddha",11,/static-assets/images/teams/small/30.png?v=6.09,14,205
1568201423-12,https://www.prokabaddi.com/stats/49-97-raid-points-statistics,"Jaipur Pink Panthers",12,/static-assets/images/teams/small/3.png?v=6.09,13,194
1568201425-13,https://www.prokabaddi.com/stats/49-140-avg-points-scored-statistics,"Bengaluru Bulls",1,/static-assets/images/teams/small/1.png?v=6.09,15,30.06
1568201425-14,https://www.prokabaddi.com/stats/49-140-avg-points-scored-statistics,"Dabang Delhi K.C.",2,/static-assets/images/teams/small/2.png?v=6.09,14,29.78
1568201425-15,https://www.prokabaddi.com/stats/49-140-avg-points-scored-statistics,"Bengal Warriors",3,/static-assets/images/teams/small/4.png?v=6.09,14,29.28
1568201425-16,https://www.prokabaddi.com/stats/49-140-avg-points-scored-statistics,"Haryana Steelers",4,/static-assets/images/teams/small/28.png?v=6.09,13,29.07
1568201425-17,https://www.prokabaddi.com/stats/49-140-avg-points-scored-statistics,"Puneri Paltan",5,/static-assets/images/teams/small/7.png?v=6.09,14,27.35
1568201425-18,https://www.prokabaddi.com/stats/49-140-avg-points-scored-statistics,"Patna Pirates",6,/static-assets/images/teams/small/6.png?v=6.09,14,27.14
1568201425-19,https://www.prokabaddi.com/stats/49-140-avg-points-scored-statistics,"Telugu Titans",7,/static-assets/images/teams/small/8.png?v=6.09,14,26.42
1568201423-2,https://www.prokabaddi.com/stats/49-97-raid-points-statistics,"Dabang Delhi K.C.",2,/static-assets/images/teams/small/2.png?v=6.09,14,290
1568201425-20,https://www.prokabaddi.com/stats/49-140-avg-points-scored-statistics,"U Mumba",8,/static-assets/images/teams/small/5.png?v=6.09,14,26.28
1568201425-21,https://www.prokabaddi.com/stats/49-140-avg-points-scored-statistics,"Jaipur Pink Panthers",9,/static-assets/images/teams/small/3.png?v=6.09,13,26.07
1568201425-22,https://www.prokabaddi.com/stats/49-140-avg-points-scored-statistics,"Tamil Thalaivas",10,/static-assets/images/teams/small/29.png?v=6.09,15,25.66
1568201425-23,https://www.prokabaddi.com/stats/49-140-avg-points-scored-statistics,"Gujarat Fortunegiants",11,/static-assets/images/teams/small/31.png?v=6.09,14,25.42
1568201425-24,https://www.prokabaddi.com/stats/49-140-avg-points-scored-statistics,"U.P. Yoddha",12,/static-assets/images/teams/small/30.png?v=6.09,14,25.28
1568201428-25,https://www.prokabaddi.com/stats/49-134-super-raid-statistics,"Bengal Warriors",1,/static-assets/images/teams/small/4.png?v=6.09,14,10
1568201428-26,https://www.prokabaddi.com/stats/49-134-super-raid-statistics,"Haryana Steelers",2,/static-assets/images/teams/small/28.png?v=6.09,13,9
1568201428-27,https://www.prokabaddi.com/stats/49-134-super-raid-statistics,"Patna Pirates",3,/static-assets/images/teams/small/6.png?v=6.09,14,8
1568201428-28,https://www.prokabaddi.com/stats/49-134-super-raid-statistics,"Dabang Delhi K.C.",4,/static-assets/images/teams/small/2.png?v=6.09,14,6
1568201428-29,https://www.prokabaddi.com/stats/49-134-super-raid-statistics,"Bengaluru Bulls",5,/static-assets/images/teams/small/1.png?v=6.09,15,5
1568201423-3,https://www.prokabaddi.com/stats/49-97-raid-points-statistics,"Bengal Warriors",3,/static-assets/images/teams/small/4.png?v=6.09,14,277
1568201428-30,https://www.prokabaddi.com/stats/49-134-super-raid-statistics,"Telugu Titans",6,/static-assets/images/teams/small/8.png?v=6.09,14,4
1568201428-31,https://www.prokabaddi.com/stats/49-134-super-raid-statistics,"Jaipur Pink Panthers",6,/static-assets/images/teams/small/3.png?v=6.09,13,4
1568201428-32,https://www.prokabaddi.com/stats/49-134-super-raid-statistics,"U Mumba",6,/static-assets/images/teams/small/5.png?v=6.09,14,4
1568201428-33,https://www.prokabaddi.com/stats/49-134-super-raid-statistics,"Tamil Thalaivas",6,/static-assets/images/teams/small/29.png?v=6.09,15,4
1568201428-34,https://www.prokabaddi.com/stats/49-134-super-raid-statistics,"Gujarat Fortunegiants",6,/static-assets/images/teams/small/31.png?v=6.09,14,4
1568201428-35,https://www.prokabaddi.com/stats/49-134-super-raid-statistics,"Puneri Paltan",11,/static-assets/images/teams/small/7.png?v=6.09,14,3
1568201428-36,https://www.prokabaddi.com/stats/49-134-super-raid-statistics,"U.P. Yoddha",12,/static-assets/images/teams/small/30.png?v=6.09,14,1
1568201431-37,https://www.prokabaddi.com/stats/49-15-successful-tackles-statistics,"Puneri Paltan",1,/static-assets/images/teams/small/7.png?v=6.09,14,141
1568201431-38,https://www.prokabaddi.com/stats/49-15-successful-tackles-statistics,"U.P. Yoddha",2,/static-assets/images/teams/small/30.png?v=6.09,14,139
1568201431-39,https://www.prokabaddi.com/stats/49-15-successful-tackles-statistics,"Bengaluru Bulls",3,/static-assets/images/teams/small/1.png?v=6.09,15,135
1568201423-4,https://www.prokabaddi.com/stats/49-97-raid-points-statistics,"Tamil Thalaivas",4,/static-assets/images/teams/small/29.png?v=6.09,15,253
1568201431-40,https://www.prokabaddi.com/stats/49-15-successful-tackles-statistics,"U Mumba",4,/static-assets/images/teams/small/5.png?v=6.09,14,129
1568201431-41,https://www.prokabaddi.com/stats/49-15-successful-tackles-statistics,"Gujarat Fortunegiants",5,/static-assets/images/teams/small/31.png?v=6.09,14,128
1568201431-42,https://www.prokabaddi.com/stats/49-15-successful-tackles-statistics,"Telugu Titans",5,/static-assets/images/teams/small/8.png?v=6.09,14,128
1568201431-43,https://www.prokabaddi.com/stats/49-15-successful-tackles-statistics,"Haryana Steelers",7,/static-assets/images/teams/small/28.png?v=6.09,13,126
1568201431-44,https://www.prokabaddi.com/stats/49-15-successful-tackles-statistics,"Jaipur Pink Panthers",7,/static-assets/images/teams/small/3.png?v=6.09,13,126
1568201431-45,https://www.prokabaddi.com/stats/49-15-successful-tackles-statistics,"Bengal Warriors",9,/static-assets/images/teams/small/4.png?v=6.09,14,124
1568201431-46,https://www.prokabaddi.com/stats/49-15-successful-tackles-statistics,"Tamil Thalaivas",9,/static-assets/images/teams/small/29.png?v=6.09,15,124
1568201431-47,https://www.prokabaddi.com/stats/49-15-successful-tackles-statistics,"Patna Pirates",9,/static-assets/images/teams/small/6.png?v=6.09,14,124
1568201431-48,https://www.prokabaddi.com/stats/49-15-successful-tackles-statistics,"Dabang Delhi K.C.",12,/static-assets/images/teams/small/2.png?v=6.09,14,122
1568201434-49,https://www.prokabaddi.com/stats/49-99-avg-tackle-points-statistics,"Puneri Paltan",1,/static-assets/images/teams/small/7.png?v=6.09,14,11.21
1568201423-5,https://www.prokabaddi.com/stats/49-97-raid-points-statistics,"Haryana Steelers",5,/static-assets/images/teams/small/28.png?v=6.09,13,243
1568201434-50,https://www.prokabaddi.com/stats/49-99-avg-tackle-points-statistics,"Jaipur Pink Panthers",2,/static-assets/images/teams/small/3.png?v=6.09,13,11.15
1568201434-51,https://www.prokabaddi.com/stats/49-99-avg-tackle-points-statistics,"U.P. Yoddha",3,/static-assets/images/teams/small/30.png?v=6.09,14,10.64
1568201434-52,https://www.prokabaddi.com/stats/49-99-avg-tackle-points-statistics,"Bengaluru Bulls",4,/static-assets/images/teams/small/1.png?v=6.09,15,10.47
1568201434-53,https://www.prokabaddi.com/stats/49-99-avg-tackle-points-statistics,"Telugu Titans",5,/static-assets/images/teams/small/8.png?v=6.09,14,10.43
1568201434-54,https://www.prokabaddi.com/stats/49-99-avg-tackle-points-statistics,"Haryana Steelers",6,/static-assets/images/teams/small/28.png?v=6.09,13,10.38
1568201434-55,https://www.prokabaddi.com/stats/49-99-avg-tackle-points-statistics,"Patna Pirates",7,/static-assets/images/teams/small/6.png?v=6.09,14,10.29
1568201434-56,https://www.prokabaddi.com/stats/49-99-avg-tackle-points-statistics,"U Mumba",8,/static-assets/images/teams/small/5.png?v=6.09,14,10.14
1568201434-57,https://www.prokabaddi.com/stats/49-99-avg-tackle-points-statistics,"Gujarat Fortunegiants",9,/static-assets/images/teams/small/31.png?v=6.09,14,10.07
1568201434-58,https://www.prokabaddi.com/stats/49-99-avg-tackle-points-statistics,"Bengal Warriors",10,/static-assets/images/teams/small/4.png?v=6.09,14,9.5
1568201434-59,https://www.prokabaddi.com/stats/49-99-avg-tackle-points-statistics,"Dabang Delhi K.C.",11,/static-assets/images/teams/small/2.png?v=6.09,14,9.07
1568201423-6,https://www.prokabaddi.com/stats/49-97-raid-points-statistics,"Patna Pirates",6,/static-assets/images/teams/small/6.png?v=6.09,14,236
1568201434-60,https://www.prokabaddi.com/stats/49-99-avg-tackle-points-statistics,"Tamil Thalaivas",12,/static-assets/images/teams/small/29.png?v=6.09,15,8.8
1568201423-7,https://www.prokabaddi.com/stats/49-97-raid-points-statistics,"Puneri Paltan",7,/static-assets/images/teams/small/7.png?v=6.09,14,226
1568201423-8,https://www.prokabaddi.com/stats/49-97-raid-points-statistics,"U Mumba",7,/static-assets/images/teams/small/5.png?v=6.09,14,226
1568201423-9,https://www.prokabaddi.com/stats/49-97-raid-points-statistics,"Telugu Titans",9,/static-assets/images/teams/small/8.png?v=6.09,14,224
1568201436-61,https://www.prokabaddi.com/stats/49-96-total-points-scored-statistics,"Bengaluru Bulls",1,/static-assets/images/teams/small/1.png?v=6.09,15,504
1568201436-70,https://www.prokabaddi.com/stats/49-96-total-points-scored-statistics,"Gujarat Fortunegiants",10,/static-assets/images/teams/small/31.png?v=6.09,14,402
1568201436-71,https://www.prokabaddi.com/stats/49-96-total-points-scored-statistics,"U.P. Yoddha",11,/static-assets/images/teams/small/30.png?v=6.09,14,398
1568201436-72,https://www.prokabaddi.com/stats/49-96-total-points-scored-statistics,"Jaipur Pink Panthers",12,/static-assets/images/teams/small/3.png?v=6.09,13,387
1568201439-73,https://www.prokabaddi.com/stats/49-133-total-points-conceded-statistics,"Bengaluru Bulls",1,/static-assets/images/teams/small/1.png?v=6.09,15,488
1568201439-74,https://www.prokabaddi.com/stats/49-133-total-points-conceded-statistics,"Tamil Thalaivas",1,/static-assets/images/teams/small/29.png?v=6.09,15,488
1568201439-75,https://www.prokabaddi.com/stats/49-133-total-points-conceded-statistics,"Puneri Paltan",3,/static-assets/images/teams/small/7.png?v=6.09,14,458
1568201439-76,https://www.prokabaddi.com/stats/49-133-total-points-conceded-statistics,"Telugu Titans",4,/static-assets/images/teams/small/8.png?v=6.09,14,453
1568201439-77,https://www.prokabaddi.com/stats/49-133-total-points-conceded-statistics,"Patna Pirates",5,/static-assets/images/teams/small/6.png?v=6.09,14,451
1568201439-78,https://www.prokabaddi.com/stats/49-133-total-points-conceded-statistics,"U.P. Yoddha",6,/static-assets/images/teams/small/30.png?v=6.09,14,447
1568201439-79,https://www.prokabaddi.com/stats/49-133-total-points-conceded-statistics,"Dabang Delhi K.C.",7,/static-assets/images/teams/small/2.png?v=6.09,14,440
1568201436-62,https://www.prokabaddi.com/stats/49-96-total-points-scored-statistics,"Dabang Delhi K.C.",2,/static-assets/images/teams/small/2.png?v=6.09,14,496
1568201439-80,https://www.prokabaddi.com/stats/49-133-total-points-conceded-statistics,"Bengal Warriors",8,/static-assets/images/teams/small/4.png?v=6.09,14,409
1568201439-81,https://www.prokabaddi.com/stats/49-133-total-points-conceded-statistics,"U Mumba",9,/static-assets/images/teams/small/5.png?v=6.09,14,404
1568201439-82,https://www.prokabaddi.com/stats/49-133-total-points-conceded-statistics,"Haryana Steelers",10,/static-assets/images/teams/small/28.png?v=6.09,13,403
1568201439-83,https://www.prokabaddi.com/stats/49-133-total-points-conceded-statistics,"Gujarat Fortunegiants",11,/static-assets/images/teams/small/31.png?v=6.09,14,396
1568201439-84,https://www.prokabaddi.com/stats/49-133-total-points-conceded-statistics,"Jaipur Pink Panthers",12,/static-assets/images/teams/small/3.png?v=6.09,13,384
1568201441-85,https://www.prokabaddi.com/stats/49-95-tackle-points-statistics,"Bengaluru Bulls",1,/static-assets/images/teams/small/1.png?v=6.09,15,157
1568201441-86,https://www.prokabaddi.com/stats/49-95-tackle-points-statistics,"Puneri Paltan",1,/static-assets/images/teams/small/7.png?v=6.09,14,157
1568201441-87,https://www.prokabaddi.com/stats/49-95-tackle-points-statistics,"U.P. Yoddha",3,/static-assets/images/teams/small/30.png?v=6.09,14,149
1568201441-88,https://www.prokabaddi.com/stats/49-95-tackle-points-statistics,"Telugu Titans",4,/static-assets/images/teams/small/8.png?v=6.09,14,146
1568201441-89,https://www.prokabaddi.com/stats/49-95-tackle-points-statistics,"Jaipur Pink Panthers",5,/static-assets/images/teams/small/3.png?v=6.09,13,145
1568201436-63,https://www.prokabaddi.com/stats/49-96-total-points-scored-statistics,"Bengal Warriors",3,/static-assets/images/teams/small/4.png?v=6.09,14,476
1568201441-90,https://www.prokabaddi.com/stats/49-95-tackle-points-statistics,"Patna Pirates",6,/static-assets/images/teams/small/6.png?v=6.09,14,144
1568201441-91,https://www.prokabaddi.com/stats/49-95-tackle-points-statistics,"U Mumba",7,/static-assets/images/teams/small/5.png?v=6.09,14,142
1568201441-92,https://www.prokabaddi.com/stats/49-95-tackle-points-statistics,"Gujarat Fortunegiants",8,/static-assets/images/teams/small/31.png?v=6.09,14,141
1568201441-93,https://www.prokabaddi.com/stats/49-95-tackle-points-statistics,"Haryana Steelers",9,/static-assets/images/teams/small/28.png?v=6.09,13,135
1568201441-94,https://www.prokabaddi.com/stats/49-95-tackle-points-statistics,"Bengal Warriors",10,/static-assets/images/teams/small/4.png?v=6.09,14,133
1568201441-95,https://www.prokabaddi.com/stats/49-95-tackle-points-statistics,"Tamil Thalaivas",11,/static-assets/images/teams/small/29.png?v=6.09,15,132
1568201441-96,https://www.prokabaddi.com/stats/49-95-tackle-points-statistics,"Dabang Delhi K.C.",12,/static-assets/images/teams/small/2.png?v=6.09,14,127
1568201444-97,https://www.prokabaddi.com/stats/49-136-all-outs-inflicted-statistics,"Dabang Delhi K.C.",1,/static-assets/images/teams/small/2.png?v=6.09,14,22
1568201444-98,https://www.prokabaddi.com/stats/49-136-all-outs-inflicted-statistics,"Bengal Warriors",2,/static-assets/images/teams/small/4.png?v=6.09,14,21
1568201444-99,https://www.prokabaddi.com/stats/49-136-all-outs-inflicted-statistics,"U Mumba",3,/static-assets/images/teams/small/5.png?v=6.09,14,20
1568201436-64,https://www.prokabaddi.com/stats/49-96-total-points-scored-statistics,"Patna Pirates",4,/static-assets/images/teams/small/6.png?v=6.09,14,434
1568201444-100,https://www.prokabaddi.com/stats/49-136-all-outs-inflicted-statistics,"Patna Pirates",4,/static-assets/images/teams/small/6.png?v=6.09,14,19
1568201444-101,https://www.prokabaddi.com/stats/49-136-all-outs-inflicted-statistics,"Haryana Steelers",5,/static-assets/images/teams/small/28.png?v=6.09,13,18
1568201444-102,https://www.prokabaddi.com/stats/49-136-all-outs-inflicted-statistics,"Bengaluru Bulls",6,/static-assets/images/teams/small/1.png?v=6.09,15,16
1568201444-103,https://www.prokabaddi.com/stats/49-136-all-outs-inflicted-statistics,"U.P. Yoddha",7,/static-assets/images/teams/small/30.png?v=6.09,14,14
1568201444-104,https://www.prokabaddi.com/stats/49-136-all-outs-inflicted-statistics,"Gujarat Fortunegiants",8,/static-assets/images/teams/small/31.png?v=6.09,14,13
1568201444-105,https://www.prokabaddi.com/stats/49-136-all-outs-inflicted-statistics,"Jaipur Pink Panthers",8,/static-assets/images/teams/small/3.png?v=6.09,13,13
1568201444-106,https://www.prokabaddi.com/stats/49-136-all-outs-inflicted-statistics,"Puneri Paltan",10,/static-assets/images/teams/small/7.png?v=6.09,14,11
1568201444-107,https://www.prokabaddi.com/stats/49-136-all-outs-inflicted-statistics,"Tamil Thalaivas",11,/static-assets/images/teams/small/29.png?v=6.09,15,10
1568201444-108,https://www.prokabaddi.com/stats/49-136-all-outs-inflicted-statistics,"Telugu Titans",12,/static-assets/images/teams/small/8.png?v=6.09,14,7
1568201447-109,https://www.prokabaddi.com/stats/49-135-do-or-die-raid-points-statistics,"Jaipur Pink Panthers",1,/static-assets/images/teams/small/3.png?v=6.09,13,52
1568201436-65,https://www.prokabaddi.com/stats/49-96-total-points-scored-statistics,"U Mumba",5,/static-assets/images/teams/small/5.png?v=6.09,14,433
1568201447-110,https://www.prokabaddi.com/stats/49-135-do-or-die-raid-points-statistics,"U Mumba",1,/static-assets/images/teams/small/5.png?v=6.09,14,52
1568201447-111,https://www.prokabaddi.com/stats/49-135-do-or-die-raid-points-statistics,"Patna Pirates",1,/static-assets/images/teams/small/6.png?v=6.09,14,52
1568201447-112,https://www.prokabaddi.com/stats/49-135-do-or-die-raid-points-statistics,"Puneri Paltan",4,/static-assets/images/teams/small/7.png?v=6.09,14,50
1568201447-113,https://www.prokabaddi.com/stats/49-135-do-or-die-raid-points-statistics,"U.P. Yoddha",4,/static-assets/images/teams/small/30.png?v=6.09,14,50
1568201447-114,https://www.prokabaddi.com/stats/49-135-do-or-die-raid-points-statistics,"Haryana Steelers",6,/static-assets/images/teams/small/28.png?v=6.09,13,46
1568201447-115,https://www.prokabaddi.com/stats/49-135-do-or-die-raid-points-statistics,"Gujarat Fortunegiants",7,/static-assets/images/teams/small/31.png?v=6.09,14,44
1568201447-116,https://www.prokabaddi.com/stats/49-135-do-or-die-raid-points-statistics,"Tamil Thalaivas",8,/static-assets/images/teams/small/29.png?v=6.09,15,43
1568201447-117,https://www.prokabaddi.com/stats/49-135-do-or-die-raid-points-statistics,"Dabang Delhi K.C.",9,/static-assets/images/teams/small/2.png?v=6.09,14,35
1568201447-118,https://www.prokabaddi.com/stats/49-135-do-or-die-raid-points-statistics,"Bengaluru Bulls",10,/static-assets/images/teams/small/1.png?v=6.09,15,34
1568201447-119,https://www.prokabaddi.com/stats/49-135-do-or-die-raid-points-statistics,"Telugu Titans",11,/static-assets/images/teams/small/8.png?v=6.09,14,33
1568201436-66,https://www.prokabaddi.com/stats/49-96-total-points-scored-statistics,"Haryana Steelers",6,/static-assets/images/teams/small/28.png?v=6.09,13,432
1568201447-120,https://www.prokabaddi.com/stats/49-135-do-or-die-raid-points-statistics,"Bengal Warriors",12,/static-assets/images/teams/small/4.png?v=6.09,14,32
1568201436-67,https://www.prokabaddi.com/stats/49-96-total-points-scored-statistics,"Tamil Thalaivas",6,/static-assets/images/teams/small/29.png?v=6.09,15,432
1568201436-68,https://www.prokabaddi.com/stats/49-96-total-points-scored-statistics,"Puneri Paltan",8,/static-assets/images/teams/small/7.png?v=6.09,14,424
1568201436-69,https://www.prokabaddi.com/stats/49-96-total-points-scored-statistics,"Telugu Titans",9,/static-assets/images/teams/small/8.png?v=6.09,14,403
1568201449-121,https://www.prokabaddi.com/stats/49-20-super-tackles-statistics,"Bengaluru Bulls",1,/static-assets/images/teams/small/1.png?v=6.09,15,23
1568201449-130,https://www.prokabaddi.com/stats/49-20-super-tackles-statistics,"Tamil Thalaivas",10,/static-assets/images/teams/small/29.png?v=6.09,15,10
1568201449-131,https://www.prokabaddi.com/stats/49-20-super-tackles-statistics,"Haryana Steelers",11,/static-assets/images/teams/small/28.png?v=6.09,13,9
1568201449-132,https://www.prokabaddi.com/stats/49-20-super-tackles-statistics,"Dabang Delhi K.C.",12,/static-assets/images/teams/small/2.png?v=6.09,14,7
1568201452-133,https://www.prokabaddi.com/stats/49-13-successful-raids-statistics,"Dabang Delhi K.C.",1,/static-assets/images/teams/small/2.png?v=6.09,14,242
1568201452-134,https://www.prokabaddi.com/stats/49-13-successful-raids-statistics,"Bengaluru Bulls",2,/static-assets/images/teams/small/1.png?v=6.09,15,237
1568201452-135,https://www.prokabaddi.com/stats/49-13-successful-raids-statistics,"Bengal Warriors",3,/static-assets/images/teams/small/4.png?v=6.09,14,224
1568201452-136,https://www.prokabaddi.com/stats/49-13-successful-raids-statistics,"Tamil Thalaivas",4,/static-assets/images/teams/small/29.png?v=6.09,15,203
1568201452-137,https://www.prokabaddi.com/stats/49-13-successful-raids-statistics,"Telugu Titans",5,/static-assets/images/teams/small/8.png?v=6.09,14,192
1568201452-138,https://www.prokabaddi.com/stats/49-13-successful-raids-statistics,"Haryana Steelers",6,/static-assets/images/teams/small/28.png?v=6.09,13,191
1568201452-139,https://www.prokabaddi.com/stats/49-13-successful-raids-statistics,"Patna Pirates",6,/static-assets/images/teams/small/6.png?v=6.09,14,191
1568201449-122,https://www.prokabaddi.com/stats/49-20-super-tackles-statistics,"Jaipur Pink Panthers",2,/static-assets/images/teams/small/3.png?v=6.09,13,20
1568201452-140,https://www.prokabaddi.com/stats/49-13-successful-raids-statistics,"Puneri Paltan",8,/static-assets/images/teams/small/7.png?v=6.09,14,185
1568201452-141,https://www.prokabaddi.com/stats/49-13-successful-raids-statistics,"U Mumba",9,/static-assets/images/teams/small/5.png?v=6.09,14,177
1568201452-142,https://www.prokabaddi.com/stats/49-13-successful-raids-statistics,"Gujarat Fortunegiants",10,/static-assets/images/teams/small/31.png?v=6.09,14,176
1568201452-143,https://www.prokabaddi.com/stats/49-13-successful-raids-statistics,"U.P. Yoddha",11,/static-assets/images/teams/small/30.png?v=6.09,14,163
1568201452-144,https://www.prokabaddi.com/stats/49-13-successful-raids-statistics,"Jaipur Pink Panthers",12,/static-assets/images/teams/small/3.png?v=6.09,13,156
1568201455-145,https://www.prokabaddi.com/stats/49-98-avg-raid-points-statistics,"Dabang Delhi K.C.",1,/static-assets/images/teams/small/2.png?v=6.09,14,20.71
1568201455-146,https://www.prokabaddi.com/stats/49-98-avg-raid-points-statistics,"Bengal Warriors",2,/static-assets/images/teams/small/4.png?v=6.09,14,19.79
1568201455-147,https://www.prokabaddi.com/stats/49-98-avg-raid-points-statistics,"Bengaluru Bulls",3,/static-assets/images/teams/small/1.png?v=6.09,15,19.6
1568201455-148,https://www.prokabaddi.com/stats/49-98-avg-raid-points-statistics,"Haryana Steelers",4,/static-assets/images/teams/small/28.png?v=6.09,13,18.69
1568201455-149,https://www.prokabaddi.com/stats/49-98-avg-raid-points-statistics,"Tamil Thalaivas",5,/static-assets/images/teams/small/29.png?v=6.09,15,16.87
1568201449-123,https://www.prokabaddi.com/stats/49-20-super-tackles-statistics,"Patna Pirates",2,/static-assets/images/teams/small/6.png?v=6.09,14,20
1568201455-150,https://www.prokabaddi.com/stats/49-98-avg-raid-points-statistics,"Patna Pirates",6,/static-assets/images/teams/small/6.png?v=6.09,14,16.86
1568201455-151,https://www.prokabaddi.com/stats/49-98-avg-raid-points-statistics,"Puneri Paltan",7,/static-assets/images/teams/small/7.png?v=6.09,14,16.14
1568201455-152,https://www.prokabaddi.com/stats/49-98-avg-raid-points-statistics,"U Mumba",7,/static-assets/images/teams/small/5.png?v=6.09,14,16.14
1568201455-153,https://www.prokabaddi.com/stats/49-98-avg-raid-points-statistics,"Telugu Titans",9,/static-assets/images/teams/small/8.png?v=6.09,14,16
1568201455-154,https://www.prokabaddi.com/stats/49-98-avg-raid-points-statistics,"Gujarat Fortunegiants",10,/static-assets/images/teams/small/31.png?v=6.09,14,15.36
1568201455-155,https://www.prokabaddi.com/stats/49-98-avg-raid-points-statistics,"Jaipur Pink Panthers",11,/static-assets/images/teams/small/3.png?v=6.09,13,14.92
1568201455-156,https://www.prokabaddi.com/stats/49-98-avg-raid-points-statistics,"U.P. Yoddha",12,/static-assets/images/teams/small/30.png?v=6.09,14,14.64
1568201449-124,https://www.prokabaddi.com/stats/49-20-super-tackles-statistics,"Telugu Titans",4,/static-assets/images/teams/small/8.png?v=6.09,14,19
1568201449-125,https://www.prokabaddi.com/stats/49-20-super-tackles-statistics,"Puneri Paltan",5,/static-assets/images/teams/small/7.png?v=6.09,14,16
1568201449-126,https://www.prokabaddi.com/stats/49-20-super-tackles-statistics,"U Mumba",6,/static-assets/images/teams/small/5.png?v=6.09,14,15
1568201449-127,https://www.prokabaddi.com/stats/49-20-super-tackles-statistics,"Gujarat Fortunegiants",7,/static-assets/images/teams/small/31.png?v=6.09,14,13
1568201449-128,https://www.prokabaddi.com/stats/49-20-super-tackles-statistics,"U.P. Yoddha",8,/static-assets/images/teams/small/30.png?v=6.09,14,11
1568201449-129,https://www.prokabaddi.com/stats/49-20-super-tackles-statistics,"Bengal Warriors",8,/static-assets/images/teams/small/4.png?v=6.09,14,11
