web-scraper-order,web-scraper-start-url,name,team,type,points,credits,announced
1568558042-34,https://www.dream11.com/kabaddi/create-team/1092/15153,A Maghsodlou,GUJ,RAI,18,13,
1568558042-16,https://www.dream11.com/kabaddi/create-team/1092/15153,Amit-Kharb,GUJ,DEF,2,11,
1568558042-9,https://www.dream11.com/kabaddi/create-team/1092/15153,Ankit-I,GUJ,DEF,118,13,Announced
1568558042-19,https://www.dream11.com/kabaddi/create-team/1092/15153,G More,GUJ,ALL,233,14.5,
1568558042-33,https://www.dream11.com/kabaddi/create-team/1092/15153,G Singh-Sr,GUJ,RAI,12,13,
1568558042-38,https://www.dream11.com/kabaddi/create-team/1092/15153,H Singh,GUJ,RAI,19,12,Announced
1568558042-39,https://www.dream11.com/kabaddi/create-team/1092/15153,Lalit-Chaudhary,GUJ,RAI,12,11,Announced
1568558042-25,https://www.dream11.com/kabaddi/create-team/1092/15153,M S Hossain,GUJ,ALL,0,10.5,
1568558042-2,https://www.dream11.com/kabaddi/create-team/1092/15153,P Bhainswal,GUJ,DEF,220,15,Announced
1568558042-21,https://www.dream11.com/kabaddi/create-team/1092/15153,Pankaj,GUJ,ALL,52,13,
1568558042-17,https://www.dream11.com/kabaddi/create-team/1092/15153,R Gulia,GUJ,ALL,278,15.5,
1568558042-13,https://www.dream11.com/kabaddi/create-team/1092/15153,R Koravi,GUJ,DEF,59,12.5,
1568558042-14,https://www.dream11.com/kabaddi/create-team/1092/15153,S Gahlawat,GUJ,DEF,0,11.5,
1568558042-31,https://www.dream11.com/kabaddi/create-team/1092/15153,S Jaglan,GUJ,RAI,142,13.5,
1568558042-8,https://www.dream11.com/kabaddi/create-team/1092/15153,S Malik,GUJ,DEF,138,13,Announced
1568558042-27,https://www.dream11.com/kabaddi/create-team/1092/15153,S Tanwar,GUJ,RAI,269,15,Announced
1568558042-1,https://www.dream11.com/kabaddi/create-team/1092/15153,Sunil-Kumar,GUJ,DEF,270,15,Announced
1568558042-22,https://www.dream11.com/kabaddi/create-team/1092/15153,V Kumar,GUJ,ALL,30,13,
1568558042-30,https://www.dream11.com/kabaddi/create-team/1092/15153,A Kumar.Sr,PUN,RAI,143,14,
1568558042-24,https://www.dream11.com/kabaddi/create-team/1092/15153,Amit-Kumar-Jr,PUN,ALL,28,11.5,
1568558042-15,https://www.dream11.com/kabaddi/create-team/1092/15153,Anil-III,PUN,DEF,0,11,
1568558042-32,https://www.dream11.com/kabaddi/create-team/1092/15153,D Kadian,PUN,RAI,12,13,
1568558042-12,https://www.dream11.com/kabaddi/create-team/1092/15153,D Yadav,PUN,DEF,7,12.5,
1568558042-36,https://www.dream11.com/kabaddi/create-team/1092/15153,E Sedaghatnia,PUN,RAI,8,12.5,
1568558042-4,https://www.dream11.com/kabaddi/create-team/1092/15153,G M Ernak,PUN,DEF,134,14.5,Announced
1568558042-7,https://www.dream11.com/kabaddi/create-team/1092/15153,H Tajik,PUN,DEF,73,13,Announced
1568558042-5,https://www.dream11.com/kabaddi/create-team/1092/15153,J B Shahaji,PUN,DEF,137,13.5,Announced
1568558042-18,https://www.dream11.com/kabaddi/create-team/1092/15153,Manjeet,PUN,ALL,366,15,Announced
1568558042-26,https://www.dream11.com/kabaddi/create-team/1092/15153,N Tomar,PUN,RAI,123,15,Announced
1568558042-28,https://www.dream11.com/kabaddi/create-team/1092/15153,P Kumar-Kadian,PUN,RAI,80,14.5,
1568558042-29,https://www.dream11.com/kabaddi/create-team/1092/15153,P Mohite,PUN,RAI,232,14,Announced
1568558042-35,https://www.dream11.com/kabaddi/create-team/1092/15153,R Sriram,PUN,RAI,-2,12.5,
1568558042-20,https://www.dream11.com/kabaddi/create-team/1092/15153,S Krishna,PUN,ALL,66,13,
1568558042-37,https://www.dream11.com/kabaddi/create-team/1092/15153,S Sail,PUN,RAI,32,12,
1568558042-11,https://www.dream11.com/kabaddi/create-team/1092/15153,S Sawant,PUN,DEF,48,12.5,
1568558042-6,https://www.dream11.com/kabaddi/create-team/1092/15153,S Shinde,PUN,DEF,121,13,
1568558042-3,https://www.dream11.com/kabaddi/create-team/1092/15153,S Singh,PUN,DEF,215,14.5,Announced
1568558042-23,https://www.dream11.com/kabaddi/create-team/1092/15153,Sandeep-Jr.,PUN,ALL,0,12.5,
1568558042-10,https://www.dream11.com/kabaddi/create-team/1092/15153,Satpal,PUN,DEF,0,12.5,