﻿web-scraper-order,web-scraper-start-url,name,rank,team_id,matches,points
1568633454-1,https://www.prokabaddi.com/stats/49-97-raid-points-statistics,"Bengaluru Bulls",1,/static-assets/images/teams/small/1.png?v=6.09,16,322
1568633454-10,https://www.prokabaddi.com/stats/49-97-raid-points-statistics,"Jaipur Pink Panthers",10,/static-assets/images/teams/small/3.png?v=6.09,15,233
1568633454-11,https://www.prokabaddi.com/stats/49-97-raid-points-statistics,"Telugu Titans",11,/static-assets/images/teams/small/8.png?v=6.09,14,224
1568633454-12,https://www.prokabaddi.com/stats/49-97-raid-points-statistics,"U.P. Yoddha",12,/static-assets/images/teams/small/30.png?v=6.09,14,205
1568633457-13,https://www.prokabaddi.com/stats/49-140-avg-points-scored-statistics,"Bengaluru Bulls",1,/static-assets/images/teams/small/1.png?v=6.09,16,30.37
1568633457-14,https://www.prokabaddi.com/stats/49-140-avg-points-scored-statistics,"Dabang Delhi K.C.",2,/static-assets/images/teams/small/2.png?v=6.09,15,29.73
1568633457-15,https://www.prokabaddi.com/stats/49-140-avg-points-scored-statistics,"Haryana Steelers",2,/static-assets/images/teams/small/28.png?v=6.09,15,29.73
1568633457-16,https://www.prokabaddi.com/stats/49-140-avg-points-scored-statistics,"Bengal Warriors",4,/static-assets/images/teams/small/4.png?v=6.09,16,29.56
1568633457-17,https://www.prokabaddi.com/stats/49-140-avg-points-scored-statistics,"Patna Pirates",5,/static-assets/images/teams/small/6.png?v=6.09,16,28.56
1568633457-18,https://www.prokabaddi.com/stats/49-140-avg-points-scored-statistics,"Puneri Paltan",6,/static-assets/images/teams/small/7.png?v=6.09,16,28.37
1568633457-19,https://www.prokabaddi.com/stats/49-140-avg-points-scored-statistics,"Jaipur Pink Panthers",7,/static-assets/images/teams/small/3.png?v=6.09,15,26.46
1568633454-2,https://www.prokabaddi.com/stats/49-97-raid-points-statistics,"Bengal Warriors",2,/static-assets/images/teams/small/4.png?v=6.09,16,318
1568633457-20,https://www.prokabaddi.com/stats/49-140-avg-points-scored-statistics,"Telugu Titans",8,/static-assets/images/teams/small/8.png?v=6.09,14,26.42
1568633457-21,https://www.prokabaddi.com/stats/49-140-avg-points-scored-statistics,"U Mumba",9,/static-assets/images/teams/small/5.png?v=6.09,15,26.26
1568633457-22,https://www.prokabaddi.com/stats/49-140-avg-points-scored-statistics,"Tamil Thalaivas",10,/static-assets/images/teams/small/29.png?v=6.09,16,26
1568633457-23,https://www.prokabaddi.com/stats/49-140-avg-points-scored-statistics,"Gujarat Fortunegiants",11,/static-assets/images/teams/small/31.png?v=6.09,16,25.31
1568633457-24,https://www.prokabaddi.com/stats/49-140-avg-points-scored-statistics,"U.P. Yoddha",12,/static-assets/images/teams/small/30.png?v=6.09,14,25.28
1568633460-25,https://www.prokabaddi.com/stats/49-134-super-raid-statistics,"Bengal Warriors",1,/static-assets/images/teams/small/4.png?v=6.09,16,12
1568633460-26,https://www.prokabaddi.com/stats/49-134-super-raid-statistics,"Haryana Steelers",2,/static-assets/images/teams/small/28.png?v=6.09,15,11
1568633460-27,https://www.prokabaddi.com/stats/49-134-super-raid-statistics,"Patna Pirates",3,/static-assets/images/teams/small/6.png?v=6.09,16,9
1568633460-28,https://www.prokabaddi.com/stats/49-134-super-raid-statistics,"Dabang Delhi K.C.",4,/static-assets/images/teams/small/2.png?v=6.09,15,7
1568633460-29,https://www.prokabaddi.com/stats/49-134-super-raid-statistics,"U Mumba",5,/static-assets/images/teams/small/5.png?v=6.09,15,6
1568633454-3,https://www.prokabaddi.com/stats/49-97-raid-points-statistics,"Dabang Delhi K.C.",3,/static-assets/images/teams/small/2.png?v=6.09,15,309
1568633460-30,https://www.prokabaddi.com/stats/49-134-super-raid-statistics,"Bengaluru Bulls",5,/static-assets/images/teams/small/1.png?v=6.09,16,6
1568633460-31,https://www.prokabaddi.com/stats/49-134-super-raid-statistics,"Jaipur Pink Panthers",7,/static-assets/images/teams/small/3.png?v=6.09,15,5
1568633460-32,https://www.prokabaddi.com/stats/49-134-super-raid-statistics,"Puneri Paltan",8,/static-assets/images/teams/small/7.png?v=6.09,16,4
1568633460-33,https://www.prokabaddi.com/stats/49-134-super-raid-statistics,"Telugu Titans",8,/static-assets/images/teams/small/8.png?v=6.09,14,4
1568633460-34,https://www.prokabaddi.com/stats/49-134-super-raid-statistics,"Tamil Thalaivas",8,/static-assets/images/teams/small/29.png?v=6.09,16,4
1568633460-35,https://www.prokabaddi.com/stats/49-134-super-raid-statistics,"Gujarat Fortunegiants",8,/static-assets/images/teams/small/31.png?v=6.09,16,4
1568633460-36,https://www.prokabaddi.com/stats/49-134-super-raid-statistics,"U.P. Yoddha",12,/static-assets/images/teams/small/30.png?v=6.09,14,1
1568633463-37,https://www.prokabaddi.com/stats/49-15-successful-tackles-statistics,"Puneri Paltan",1,/static-assets/images/teams/small/7.png?v=6.09,16,164
1568633463-38,https://www.prokabaddi.com/stats/49-15-successful-tackles-statistics,"Haryana Steelers",2,/static-assets/images/teams/small/28.png?v=6.09,15,152
1568633463-39,https://www.prokabaddi.com/stats/49-15-successful-tackles-statistics,"Patna Pirates",3,/static-assets/images/teams/small/6.png?v=6.09,16,150
1568633454-4,https://www.prokabaddi.com/stats/49-97-raid-points-statistics,"Patna Pirates",4,/static-assets/images/teams/small/6.png?v=6.09,16,285
1568633463-40,https://www.prokabaddi.com/stats/49-15-successful-tackles-statistics,"Bengal Warriors",4,/static-assets/images/teams/small/4.png?v=6.09,16,145
1568633463-41,https://www.prokabaddi.com/stats/49-15-successful-tackles-statistics,"Jaipur Pink Panthers",5,/static-assets/images/teams/small/3.png?v=6.09,15,142
1568633463-42,https://www.prokabaddi.com/stats/49-15-successful-tackles-statistics,"Bengaluru Bulls",6,/static-assets/images/teams/small/1.png?v=6.09,16,141
1568633463-43,https://www.prokabaddi.com/stats/49-15-successful-tackles-statistics,"Gujarat Fortunegiants",7,/static-assets/images/teams/small/31.png?v=6.09,16,140
1568633463-44,https://www.prokabaddi.com/stats/49-15-successful-tackles-statistics,"U.P. Yoddha",8,/static-assets/images/teams/small/30.png?v=6.09,14,139
1568633463-45,https://www.prokabaddi.com/stats/49-15-successful-tackles-statistics,"U Mumba",9,/static-assets/images/teams/small/5.png?v=6.09,15,135
1568633463-46,https://www.prokabaddi.com/stats/49-15-successful-tackles-statistics,"Dabang Delhi K.C.",10,/static-assets/images/teams/small/2.png?v=6.09,15,132
1568633463-47,https://www.prokabaddi.com/stats/49-15-successful-tackles-statistics,"Tamil Thalaivas",11,/static-assets/images/teams/small/29.png?v=6.09,16,131
1568633463-48,https://www.prokabaddi.com/stats/49-15-successful-tackles-statistics,"Telugu Titans",12,/static-assets/images/teams/small/8.png?v=6.09,14,128
1568633466-49,https://www.prokabaddi.com/stats/49-99-avg-tackle-points-statistics,"Puneri Paltan",1,/static-assets/images/teams/small/7.png?v=6.09,16,11.44
1568633454-5,https://www.prokabaddi.com/stats/49-97-raid-points-statistics,"Haryana Steelers",5,/static-assets/images/teams/small/28.png?v=6.09,15,283
1568633466-50,https://www.prokabaddi.com/stats/49-99-avg-tackle-points-statistics,"Jaipur Pink Panthers",2,/static-assets/images/teams/small/3.png?v=6.09,15,10.93
1568633466-51,https://www.prokabaddi.com/stats/49-99-avg-tackle-points-statistics,"Haryana Steelers",3,/static-assets/images/teams/small/28.png?v=6.09,15,10.87
1568633466-52,https://www.prokabaddi.com/stats/49-99-avg-tackle-points-statistics,"Patna Pirates",4,/static-assets/images/teams/small/6.png?v=6.09,16,10.75
1568633466-53,https://www.prokabaddi.com/stats/49-99-avg-tackle-points-statistics,"U.P. Yoddha",5,/static-assets/images/teams/small/30.png?v=6.09,14,10.64
1568633466-54,https://www.prokabaddi.com/stats/49-99-avg-tackle-points-statistics,"Telugu Titans",6,/static-assets/images/teams/small/8.png?v=6.09,14,10.43
1568633466-55,https://www.prokabaddi.com/stats/49-99-avg-tackle-points-statistics,"Bengaluru Bulls",7,/static-assets/images/teams/small/1.png?v=6.09,16,10.25
1568633466-56,https://www.prokabaddi.com/stats/49-99-avg-tackle-points-statistics,"U Mumba",8,/static-assets/images/teams/small/5.png?v=6.09,15,9.87
1568633466-57,https://www.prokabaddi.com/stats/49-99-avg-tackle-points-statistics,"Bengal Warriors",9,/static-assets/images/teams/small/4.png?v=6.09,16,9.69
1568633466-58,https://www.prokabaddi.com/stats/49-99-avg-tackle-points-statistics,"Gujarat Fortunegiants",10,/static-assets/images/teams/small/31.png?v=6.09,16,9.63
1568633466-59,https://www.prokabaddi.com/stats/49-99-avg-tackle-points-statistics,"Dabang Delhi K.C.",11,/static-assets/images/teams/small/2.png?v=6.09,15,9.13
1568633454-6,https://www.prokabaddi.com/stats/49-97-raid-points-statistics,"Tamil Thalaivas",6,/static-assets/images/teams/small/29.png?v=6.09,16,275
1568633466-60,https://www.prokabaddi.com/stats/49-99-avg-tackle-points-statistics,"Tamil Thalaivas",12,/static-assets/images/teams/small/29.png?v=6.09,16,8.81
1568633454-7,https://www.prokabaddi.com/stats/49-97-raid-points-statistics,"Puneri Paltan",7,/static-assets/images/teams/small/7.png?v=6.09,16,271
1568633454-8,https://www.prokabaddi.com/stats/49-97-raid-points-statistics,"Gujarat Fortunegiants",8,/static-assets/images/teams/small/31.png?v=6.09,16,251
1568633454-9,https://www.prokabaddi.com/stats/49-97-raid-points-statistics,"U Mumba",9,/static-assets/images/teams/small/5.png?v=6.09,15,246
1568633468-61,https://www.prokabaddi.com/stats/49-96-total-points-scored-statistics,"Bengal Warriors",1,/static-assets/images/teams/small/4.png?v=6.09,16,547
1568633468-70,https://www.prokabaddi.com/stats/49-96-total-points-scored-statistics,"Jaipur Pink Panthers",10,/static-assets/images/teams/small/3.png?v=6.09,15,452
1568633468-71,https://www.prokabaddi.com/stats/49-96-total-points-scored-statistics,"Telugu Titans",11,/static-assets/images/teams/small/8.png?v=6.09,14,403
1568633468-72,https://www.prokabaddi.com/stats/49-96-total-points-scored-statistics,"U.P. Yoddha",12,/static-assets/images/teams/small/30.png?v=6.09,14,398
1568633471-73,https://www.prokabaddi.com/stats/49-133-total-points-conceded-statistics,"Puneri Paltan",1,/static-assets/images/teams/small/7.png?v=6.09,16,546
1568633471-74,https://www.prokabaddi.com/stats/49-133-total-points-conceded-statistics,"Tamil Thalaivas",2,/static-assets/images/teams/small/29.png?v=6.09,16,531
1568633471-75,https://www.prokabaddi.com/stats/49-133-total-points-conceded-statistics,"Bengaluru Bulls",3,/static-assets/images/teams/small/1.png?v=6.09,16,530
1568633471-76,https://www.prokabaddi.com/stats/49-133-total-points-conceded-statistics,"Patna Pirates",4,/static-assets/images/teams/small/6.png?v=6.09,16,517
1568633471-77,https://www.prokabaddi.com/stats/49-133-total-points-conceded-statistics,"Bengal Warriors",5,/static-assets/images/teams/small/4.png?v=6.09,16,475
1568633471-78,https://www.prokabaddi.com/stats/49-133-total-points-conceded-statistics,"Gujarat Fortunegiants",6,/static-assets/images/teams/small/31.png?v=6.09,16,473
1568633471-79,https://www.prokabaddi.com/stats/49-133-total-points-conceded-statistics,"Dabang Delhi K.C.",7,/static-assets/images/teams/small/2.png?v=6.09,15,470
1568633468-62,https://www.prokabaddi.com/stats/49-96-total-points-scored-statistics,"Bengaluru Bulls",2,/static-assets/images/teams/small/1.png?v=6.09,16,544
1568633471-80,https://www.prokabaddi.com/stats/49-133-total-points-conceded-statistics,"Haryana Steelers",7,/static-assets/images/teams/small/28.png?v=6.09,15,470
1568633471-81,https://www.prokabaddi.com/stats/49-133-total-points-conceded-statistics,"Telugu Titans",9,/static-assets/images/teams/small/8.png?v=6.09,14,453
1568633471-82,https://www.prokabaddi.com/stats/49-133-total-points-conceded-statistics,"Jaipur Pink Panthers",10,/static-assets/images/teams/small/3.png?v=6.09,15,452
1568633471-83,https://www.prokabaddi.com/stats/49-133-total-points-conceded-statistics,"U.P. Yoddha",11,/static-assets/images/teams/small/30.png?v=6.09,14,447
1568633471-84,https://www.prokabaddi.com/stats/49-133-total-points-conceded-statistics,"U Mumba",12,/static-assets/images/teams/small/5.png?v=6.09,15,433
1568633473-85,https://www.prokabaddi.com/stats/49-95-tackle-points-statistics,"Puneri Paltan",1,/static-assets/images/teams/small/7.png?v=6.09,16,183
1568633473-86,https://www.prokabaddi.com/stats/49-95-tackle-points-statistics,"Patna Pirates",2,/static-assets/images/teams/small/6.png?v=6.09,16,172
1568633473-87,https://www.prokabaddi.com/stats/49-95-tackle-points-statistics,"Bengaluru Bulls",3,/static-assets/images/teams/small/1.png?v=6.09,16,164
1568633473-88,https://www.prokabaddi.com/stats/49-95-tackle-points-statistics,"Jaipur Pink Panthers",3,/static-assets/images/teams/small/3.png?v=6.09,15,164
1568633473-89,https://www.prokabaddi.com/stats/49-95-tackle-points-statistics,"Haryana Steelers",5,/static-assets/images/teams/small/28.png?v=6.09,15,163
1568633468-63,https://www.prokabaddi.com/stats/49-96-total-points-scored-statistics,"Dabang Delhi K.C.",3,/static-assets/images/teams/small/2.png?v=6.09,15,530
1568633473-90,https://www.prokabaddi.com/stats/49-95-tackle-points-statistics,"Bengal Warriors",6,/static-assets/images/teams/small/4.png?v=6.09,16,155
1568633473-91,https://www.prokabaddi.com/stats/49-95-tackle-points-statistics,"Gujarat Fortunegiants",7,/static-assets/images/teams/small/31.png?v=6.09,16,154
1568633473-92,https://www.prokabaddi.com/stats/49-95-tackle-points-statistics,"U.P. Yoddha",8,/static-assets/images/teams/small/30.png?v=6.09,14,149
1568633473-93,https://www.prokabaddi.com/stats/49-95-tackle-points-statistics,"U Mumba",9,/static-assets/images/teams/small/5.png?v=6.09,15,148
1568633473-94,https://www.prokabaddi.com/stats/49-95-tackle-points-statistics,"Telugu Titans",10,/static-assets/images/teams/small/8.png?v=6.09,14,146
1568633473-95,https://www.prokabaddi.com/stats/49-95-tackle-points-statistics,"Tamil Thalaivas",11,/static-assets/images/teams/small/29.png?v=6.09,16,141
1568633473-96,https://www.prokabaddi.com/stats/49-95-tackle-points-statistics,"Dabang Delhi K.C.",12,/static-assets/images/teams/small/2.png?v=6.09,15,137
1568633476-97,https://www.prokabaddi.com/stats/49-136-all-outs-inflicted-statistics,"Dabang Delhi K.C.",1,/static-assets/images/teams/small/2.png?v=6.09,15,24
1568633476-98,https://www.prokabaddi.com/stats/49-136-all-outs-inflicted-statistics,"Bengal Warriors",1,/static-assets/images/teams/small/4.png?v=6.09,16,24
1568633476-99,https://www.prokabaddi.com/stats/49-136-all-outs-inflicted-statistics,"Patna Pirates",1,/static-assets/images/teams/small/6.png?v=6.09,16,24
1568633468-64,https://www.prokabaddi.com/stats/49-96-total-points-scored-statistics,"Patna Pirates",4,/static-assets/images/teams/small/6.png?v=6.09,16,525
1568633476-100,https://www.prokabaddi.com/stats/49-136-all-outs-inflicted-statistics,"Haryana Steelers",4,/static-assets/images/teams/small/28.png?v=6.09,15,21
1568633476-101,https://www.prokabaddi.com/stats/49-136-all-outs-inflicted-statistics,"U Mumba",5,/static-assets/images/teams/small/5.png?v=6.09,15,20
1568633476-102,https://www.prokabaddi.com/stats/49-136-all-outs-inflicted-statistics,"Bengaluru Bulls",6,/static-assets/images/teams/small/1.png?v=6.09,16,17
1568633476-103,https://www.prokabaddi.com/stats/49-136-all-outs-inflicted-statistics,"Gujarat Fortunegiants",7,/static-assets/images/teams/small/31.png?v=6.09,16,15
1568633476-104,https://www.prokabaddi.com/stats/49-136-all-outs-inflicted-statistics,"Jaipur Pink Panthers",7,/static-assets/images/teams/small/3.png?v=6.09,15,15
1568633476-105,https://www.prokabaddi.com/stats/49-136-all-outs-inflicted-statistics,"U.P. Yoddha",9,/static-assets/images/teams/small/30.png?v=6.09,14,14
1568633476-106,https://www.prokabaddi.com/stats/49-136-all-outs-inflicted-statistics,"Puneri Paltan",10,/static-assets/images/teams/small/7.png?v=6.09,16,13
1568633476-107,https://www.prokabaddi.com/stats/49-136-all-outs-inflicted-statistics,"Tamil Thalaivas",11,/static-assets/images/teams/small/29.png?v=6.09,16,11
1568633476-108,https://www.prokabaddi.com/stats/49-136-all-outs-inflicted-statistics,"Telugu Titans",12,/static-assets/images/teams/small/8.png?v=6.09,14,7
1568633478-109,https://www.prokabaddi.com/stats/49-135-do-or-die-raid-points-statistics,"Patna Pirates",1,/static-assets/images/teams/small/6.png?v=6.09,16,58
1568633468-65,https://www.prokabaddi.com/stats/49-96-total-points-scored-statistics,"Haryana Steelers",5,/static-assets/images/teams/small/28.png?v=6.09,15,507
1568633478-110,https://www.prokabaddi.com/stats/49-135-do-or-die-raid-points-statistics,"Jaipur Pink Panthers",2,/static-assets/images/teams/small/3.png?v=6.09,15,57
1568633478-111,https://www.prokabaddi.com/stats/49-135-do-or-die-raid-points-statistics,"U Mumba",3,/static-assets/images/teams/small/5.png?v=6.09,15,55
1568633478-112,https://www.prokabaddi.com/stats/49-135-do-or-die-raid-points-statistics,"Puneri Paltan",4,/static-assets/images/teams/small/7.png?v=6.09,16,52
1568633478-113,https://www.prokabaddi.com/stats/49-135-do-or-die-raid-points-statistics,"Haryana Steelers",5,/static-assets/images/teams/small/28.png?v=6.09,15,51
1568633478-114,https://www.prokabaddi.com/stats/49-135-do-or-die-raid-points-statistics,"U.P. Yoddha",6,/static-assets/images/teams/small/30.png?v=6.09,14,50
1568633478-115,https://www.prokabaddi.com/stats/49-135-do-or-die-raid-points-statistics,"Gujarat Fortunegiants",7,/static-assets/images/teams/small/31.png?v=6.09,16,47
1568633478-116,https://www.prokabaddi.com/stats/49-135-do-or-die-raid-points-statistics,"Bengal Warriors",8,/static-assets/images/teams/small/4.png?v=6.09,16,46
1568633478-117,https://www.prokabaddi.com/stats/49-135-do-or-die-raid-points-statistics,"Tamil Thalaivas",9,/static-assets/images/teams/small/29.png?v=6.09,16,45
1568633478-118,https://www.prokabaddi.com/stats/49-135-do-or-die-raid-points-statistics,"Dabang Delhi K.C.",10,/static-assets/images/teams/small/2.png?v=6.09,15,40
1568633478-119,https://www.prokabaddi.com/stats/49-135-do-or-die-raid-points-statistics,"Bengaluru Bulls",11,/static-assets/images/teams/small/1.png?v=6.09,16,35
1568633468-66,https://www.prokabaddi.com/stats/49-96-total-points-scored-statistics,"Puneri Paltan",6,/static-assets/images/teams/small/7.png?v=6.09,16,500
1568633478-120,https://www.prokabaddi.com/stats/49-135-do-or-die-raid-points-statistics,"Telugu Titans",12,/static-assets/images/teams/small/8.png?v=6.09,14,33
1568633468-67,https://www.prokabaddi.com/stats/49-96-total-points-scored-statistics,"Tamil Thalaivas",7,/static-assets/images/teams/small/29.png?v=6.09,16,467
1568633468-68,https://www.prokabaddi.com/stats/49-96-total-points-scored-statistics,"Gujarat Fortunegiants",8,/static-assets/images/teams/small/31.png?v=6.09,16,465
1568633468-69,https://www.prokabaddi.com/stats/49-96-total-points-scored-statistics,"U Mumba",9,/static-assets/images/teams/small/5.png?v=6.09,15,459
1568633481-121,https://www.prokabaddi.com/stats/49-20-super-tackles-statistics,"Bengaluru Bulls",1,/static-assets/images/teams/small/1.png?v=6.09,16,25
1568633481-130,https://www.prokabaddi.com/stats/49-20-super-tackles-statistics,"Haryana Steelers",10,/static-assets/images/teams/small/28.png?v=6.09,15,11
1568633481-131,https://www.prokabaddi.com/stats/49-20-super-tackles-statistics,"U.P. Yoddha",10,/static-assets/images/teams/small/30.png?v=6.09,14,11
1568633481-132,https://www.prokabaddi.com/stats/49-20-super-tackles-statistics,"Dabang Delhi K.C.",12,/static-assets/images/teams/small/2.png?v=6.09,15,7
1568633484-133,https://www.prokabaddi.com/stats/49-13-successful-raids-statistics,"Dabang Delhi K.C.",1,/static-assets/images/teams/small/2.png?v=6.09,15,258
1568633484-134,https://www.prokabaddi.com/stats/49-13-successful-raids-statistics,"Bengal Warriors",2,/static-assets/images/teams/small/4.png?v=6.09,16,256
1568633484-135,https://www.prokabaddi.com/stats/49-13-successful-raids-statistics,"Bengaluru Bulls",2,/static-assets/images/teams/small/1.png?v=6.09,16,256
1568633484-136,https://www.prokabaddi.com/stats/49-13-successful-raids-statistics,"Patna Pirates",4,/static-assets/images/teams/small/6.png?v=6.09,16,233
1568633484-137,https://www.prokabaddi.com/stats/49-13-successful-raids-statistics,"Puneri Paltan",5,/static-assets/images/teams/small/7.png?v=6.09,16,220
1568633484-138,https://www.prokabaddi.com/stats/49-13-successful-raids-statistics,"Haryana Steelers",6,/static-assets/images/teams/small/28.png?v=6.09,15,219
1568633484-139,https://www.prokabaddi.com/stats/49-13-successful-raids-statistics,"Tamil Thalaivas",7,/static-assets/images/teams/small/29.png?v=6.09,16,218
1568633481-122,https://www.prokabaddi.com/stats/49-20-super-tackles-statistics,"Jaipur Pink Panthers",2,/static-assets/images/teams/small/3.png?v=6.09,15,23
1568633484-140,https://www.prokabaddi.com/stats/49-13-successful-raids-statistics,"Gujarat Fortunegiants",8,/static-assets/images/teams/small/31.png?v=6.09,16,207
1568633484-141,https://www.prokabaddi.com/stats/49-13-successful-raids-statistics,"Telugu Titans",9,/static-assets/images/teams/small/8.png?v=6.09,14,192
1568633484-142,https://www.prokabaddi.com/stats/49-13-successful-raids-statistics,"U Mumba",9,/static-assets/images/teams/small/5.png?v=6.09,15,192
1568633484-143,https://www.prokabaddi.com/stats/49-13-successful-raids-statistics,"Jaipur Pink Panthers",11,/static-assets/images/teams/small/3.png?v=6.09,15,185
1568633484-144,https://www.prokabaddi.com/stats/49-13-successful-raids-statistics,"U.P. Yoddha",12,/static-assets/images/teams/small/30.png?v=6.09,14,163
1568633487-145,https://www.prokabaddi.com/stats/49-98-avg-raid-points-statistics,"Dabang Delhi K.C.",1,/static-assets/images/teams/small/2.png?v=6.09,15,20.6
1568633487-146,https://www.prokabaddi.com/stats/49-98-avg-raid-points-statistics,"Bengaluru Bulls",2,/static-assets/images/teams/small/1.png?v=6.09,16,20.13
1568633487-147,https://www.prokabaddi.com/stats/49-98-avg-raid-points-statistics,"Bengal Warriors",3,/static-assets/images/teams/small/4.png?v=6.09,16,19.88
1568633487-148,https://www.prokabaddi.com/stats/49-98-avg-raid-points-statistics,"Haryana Steelers",4,/static-assets/images/teams/small/28.png?v=6.09,15,18.87
1568633487-149,https://www.prokabaddi.com/stats/49-98-avg-raid-points-statistics,"Patna Pirates",5,/static-assets/images/teams/small/6.png?v=6.09,16,17.81
1568633481-123,https://www.prokabaddi.com/stats/49-20-super-tackles-statistics,"Patna Pirates",3,/static-assets/images/teams/small/6.png?v=6.09,16,22
1568633487-150,https://www.prokabaddi.com/stats/49-98-avg-raid-points-statistics,"Tamil Thalaivas",6,/static-assets/images/teams/small/29.png?v=6.09,16,17.19
1568633487-151,https://www.prokabaddi.com/stats/49-98-avg-raid-points-statistics,"Puneri Paltan",7,/static-assets/images/teams/small/7.png?v=6.09,16,16.94
1568633487-152,https://www.prokabaddi.com/stats/49-98-avg-raid-points-statistics,"U Mumba",8,/static-assets/images/teams/small/5.png?v=6.09,15,16.4
1568633487-153,https://www.prokabaddi.com/stats/49-98-avg-raid-points-statistics,"Telugu Titans",9,/static-assets/images/teams/small/8.png?v=6.09,14,16
1568633487-154,https://www.prokabaddi.com/stats/49-98-avg-raid-points-statistics,"Gujarat Fortunegiants",10,/static-assets/images/teams/small/31.png?v=6.09,16,15.69
1568633487-155,https://www.prokabaddi.com/stats/49-98-avg-raid-points-statistics,"Jaipur Pink Panthers",11,/static-assets/images/teams/small/3.png?v=6.09,15,15.53
1568633487-156,https://www.prokabaddi.com/stats/49-98-avg-raid-points-statistics,"U.P. Yoddha",12,/static-assets/images/teams/small/30.png?v=6.09,14,14.64
1568633481-124,https://www.prokabaddi.com/stats/49-20-super-tackles-statistics,"Puneri Paltan",4,/static-assets/images/teams/small/7.png?v=6.09,16,19
1568633481-125,https://www.prokabaddi.com/stats/49-20-super-tackles-statistics,"Telugu Titans",4,/static-assets/images/teams/small/8.png?v=6.09,14,19
1568633481-126,https://www.prokabaddi.com/stats/49-20-super-tackles-statistics,"U Mumba",6,/static-assets/images/teams/small/5.png?v=6.09,15,15
1568633481-127,https://www.prokabaddi.com/stats/49-20-super-tackles-statistics,"Gujarat Fortunegiants",6,/static-assets/images/teams/small/31.png?v=6.09,16,15
1568633481-128,https://www.prokabaddi.com/stats/49-20-super-tackles-statistics,"Tamil Thalaivas",8,/static-assets/images/teams/small/29.png?v=6.09,16,12
1568633481-129,https://www.prokabaddi.com/stats/49-20-super-tackles-statistics,"Bengal Warriors",8,/static-assets/images/teams/small/4.png?v=6.09,16,12
