﻿web-scraper-order,web-scraper-start-url,name,rank,team_id,matches,points
1567942244-1,https://www.prokabaddi.com/stats/49-97-raid-points-statistics,"Bengaluru Bulls",1,/static-assets/images/teams/small/1.png?v=6.08,15,294
1567942244-10,https://www.prokabaddi.com/stats/49-97-raid-points-statistics,"Gujarat Fortunegiants",10,/static-assets/images/teams/small/31.png?v=6.08,13,199
1567942244-11,https://www.prokabaddi.com/stats/49-97-raid-points-statistics,"Jaipur Pink Panthers",11,/static-assets/images/teams/small/3.png?v=6.08,13,194
1567942244-12,https://www.prokabaddi.com/stats/49-97-raid-points-statistics,"U.P. Yoddha",12,/static-assets/images/teams/small/30.png?v=6.08,13,189
1567942254-13,https://www.prokabaddi.com/stats/49-140-avg-points-scored-statistics,"Bengaluru Bulls",1,/static-assets/images/teams/small/1.png?v=6.08,15,30.06
1567942254-14,https://www.prokabaddi.com/stats/49-140-avg-points-scored-statistics,"Haryana Steelers",2,/static-assets/images/teams/small/28.png?v=6.08,13,29.07
1567942254-15,https://www.prokabaddi.com/stats/49-140-avg-points-scored-statistics,"Dabang Delhi K.C.",3,/static-assets/images/teams/small/2.png?v=6.08,13,29
1567942254-16,https://www.prokabaddi.com/stats/49-140-avg-points-scored-statistics,"Bengal Warriors",4,/static-assets/images/teams/small/4.png?v=6.08,13,28.69
1567942254-17,https://www.prokabaddi.com/stats/49-140-avg-points-scored-statistics,"Puneri Paltan",5,/static-assets/images/teams/small/7.png?v=6.08,13,26.84
1567942254-18,https://www.prokabaddi.com/stats/49-140-avg-points-scored-statistics,"Telugu Titans",6,/static-assets/images/teams/small/8.png?v=6.08,13,26.61
1567942254-19,https://www.prokabaddi.com/stats/49-140-avg-points-scored-statistics,"Jaipur Pink Panthers",7,/static-assets/images/teams/small/3.png?v=6.08,13,26.07
1567942244-2,https://www.prokabaddi.com/stats/49-97-raid-points-statistics,"Dabang Delhi K.C.",2,/static-assets/images/teams/small/2.png?v=6.08,13,258
1567942254-20,https://www.prokabaddi.com/stats/49-140-avg-points-scored-statistics,"Patna Pirates",8,/static-assets/images/teams/small/6.png?v=6.08,13,26
1567942254-21,https://www.prokabaddi.com/stats/49-140-avg-points-scored-statistics,"U Mumba",9,/static-assets/images/teams/small/5.png?v=6.08,13,25.76
1567942254-22,https://www.prokabaddi.com/stats/49-140-avg-points-scored-statistics,"Gujarat Fortunegiants",10,/static-assets/images/teams/small/31.png?v=6.08,13,25.61
1567942254-23,https://www.prokabaddi.com/stats/49-140-avg-points-scored-statistics,"Tamil Thalaivas",11,/static-assets/images/teams/small/29.png?v=6.08,13,25.46
1567942254-24,https://www.prokabaddi.com/stats/49-140-avg-points-scored-statistics,"U.P. Yoddha",12,/static-assets/images/teams/small/30.png?v=6.08,13,25.07
1567942262-25,https://www.prokabaddi.com/stats/49-134-super-raid-statistics,"Haryana Steelers",1,/static-assets/images/teams/small/28.png?v=6.08,13,9
1567942262-26,https://www.prokabaddi.com/stats/49-134-super-raid-statistics,"Bengal Warriors",2,/static-assets/images/teams/small/4.png?v=6.08,13,7
1567942262-27,https://www.prokabaddi.com/stats/49-134-super-raid-statistics,"Patna Pirates",3,/static-assets/images/teams/small/6.png?v=6.08,13,6
1567942262-28,https://www.prokabaddi.com/stats/49-134-super-raid-statistics,"Bengaluru Bulls",4,/static-assets/images/teams/small/1.png?v=6.08,15,5
1567942262-29,https://www.prokabaddi.com/stats/49-134-super-raid-statistics,"Dabang Delhi K.C.",4,/static-assets/images/teams/small/2.png?v=6.08,13,5
1567942244-3,https://www.prokabaddi.com/stats/49-97-raid-points-statistics,"Bengal Warriors",3,/static-assets/images/teams/small/4.png?v=6.08,13,250
1567942262-30,https://www.prokabaddi.com/stats/49-134-super-raid-statistics,"Jaipur Pink Panthers",6,/static-assets/images/teams/small/3.png?v=6.08,13,4
1567942262-31,https://www.prokabaddi.com/stats/49-134-super-raid-statistics,"U Mumba",6,/static-assets/images/teams/small/5.png?v=6.08,13,4
1567942262-32,https://www.prokabaddi.com/stats/49-134-super-raid-statistics,"Tamil Thalaivas",6,/static-assets/images/teams/small/29.png?v=6.08,13,4
1567942262-33,https://www.prokabaddi.com/stats/49-134-super-raid-statistics,"Telugu Titans",6,/static-assets/images/teams/small/8.png?v=6.08,13,4
1567942262-34,https://www.prokabaddi.com/stats/49-134-super-raid-statistics,"Gujarat Fortunegiants",10,/static-assets/images/teams/small/31.png?v=6.08,13,3
1567942262-35,https://www.prokabaddi.com/stats/49-134-super-raid-statistics,"Puneri Paltan",10,/static-assets/images/teams/small/7.png?v=6.08,13,3
1567942262-36,https://www.prokabaddi.com/stats/49-134-super-raid-statistics,"U.P. Yoddha",12,/static-assets/images/teams/small/30.png?v=6.08,13,1
1567942272-37,https://www.prokabaddi.com/stats/49-15-successful-tackles-statistics,"Bengaluru Bulls",1,/static-assets/images/teams/small/1.png?v=6.08,15,135
1567942272-38,https://www.prokabaddi.com/stats/49-15-successful-tackles-statistics,"Puneri Paltan",2,/static-assets/images/teams/small/7.png?v=6.08,13,129
1567942272-39,https://www.prokabaddi.com/stats/49-15-successful-tackles-statistics,"U.P. Yoddha",3,/static-assets/images/teams/small/30.png?v=6.08,13,127
1567942244-4,https://www.prokabaddi.com/stats/49-97-raid-points-statistics,"Haryana Steelers",4,/static-assets/images/teams/small/28.png?v=6.08,13,243
1567942272-40,https://www.prokabaddi.com/stats/49-15-successful-tackles-statistics,"Haryana Steelers",4,/static-assets/images/teams/small/28.png?v=6.08,13,126
1567942272-41,https://www.prokabaddi.com/stats/49-15-successful-tackles-statistics,"Jaipur Pink Panthers",4,/static-assets/images/teams/small/3.png?v=6.08,13,126
1567942272-42,https://www.prokabaddi.com/stats/49-15-successful-tackles-statistics,"Gujarat Fortunegiants",6,/static-assets/images/teams/small/31.png?v=6.08,13,123
1567942272-43,https://www.prokabaddi.com/stats/49-15-successful-tackles-statistics,"Telugu Titans",7,/static-assets/images/teams/small/8.png?v=6.08,13,121
1567942272-44,https://www.prokabaddi.com/stats/49-15-successful-tackles-statistics,"Tamil Thalaivas",8,/static-assets/images/teams/small/29.png?v=6.08,13,116
1567942272-45,https://www.prokabaddi.com/stats/49-15-successful-tackles-statistics,"Bengal Warriors",9,/static-assets/images/teams/small/4.png?v=6.08,13,115
1567942272-46,https://www.prokabaddi.com/stats/49-15-successful-tackles-statistics,"U Mumba",10,/static-assets/images/teams/small/5.png?v=6.08,13,114
1567942272-47,https://www.prokabaddi.com/stats/49-15-successful-tackles-statistics,"Dabang Delhi K.C.",10,/static-assets/images/teams/small/2.png?v=6.08,13,114
1567942272-48,https://www.prokabaddi.com/stats/49-15-successful-tackles-statistics,"Patna Pirates",12,/static-assets/images/teams/small/6.png?v=6.08,13,111
1567942280-49,https://www.prokabaddi.com/stats/49-99-avg-tackle-points-statistics,"Jaipur Pink Panthers",1,/static-assets/images/teams/small/3.png?v=6.08,13,11.15
1567942244-5,https://www.prokabaddi.com/stats/49-97-raid-points-statistics,"Telugu Titans",5,/static-assets/images/teams/small/8.png?v=6.08,13,209
1567942280-50,https://www.prokabaddi.com/stats/49-99-avg-tackle-points-statistics,"Puneri Paltan",1,/static-assets/images/teams/small/7.png?v=6.08,13,11.15
1567942280-51,https://www.prokabaddi.com/stats/49-99-avg-tackle-points-statistics,"Telugu Titans",3,/static-assets/images/teams/small/8.png?v=6.08,13,10.54
1567942280-52,https://www.prokabaddi.com/stats/49-99-avg-tackle-points-statistics,"U.P. Yoddha",3,/static-assets/images/teams/small/30.png?v=6.08,13,10.54
1567942280-53,https://www.prokabaddi.com/stats/49-99-avg-tackle-points-statistics,"Bengaluru Bulls",5,/static-assets/images/teams/small/1.png?v=6.08,15,10.47
1567942280-54,https://www.prokabaddi.com/stats/49-99-avg-tackle-points-statistics,"Haryana Steelers",6,/static-assets/images/teams/small/28.png?v=6.08,13,10.38
1567942280-55,https://www.prokabaddi.com/stats/49-99-avg-tackle-points-statistics,"Gujarat Fortunegiants",7,/static-assets/images/teams/small/31.png?v=6.08,13,10.31
1567942280-56,https://www.prokabaddi.com/stats/49-99-avg-tackle-points-statistics,"Patna Pirates",8,/static-assets/images/teams/small/6.png?v=6.08,13,10
1567942280-57,https://www.prokabaddi.com/stats/49-99-avg-tackle-points-statistics,"U Mumba",9,/static-assets/images/teams/small/5.png?v=6.08,13,9.77
1567942280-58,https://www.prokabaddi.com/stats/49-99-avg-tackle-points-statistics,"Tamil Thalaivas",10,/static-assets/images/teams/small/29.png?v=6.08,13,9.46
1567942280-59,https://www.prokabaddi.com/stats/49-99-avg-tackle-points-statistics,"Bengal Warriors",10,/static-assets/images/teams/small/4.png?v=6.08,13,9.46
1567942244-6,https://www.prokabaddi.com/stats/49-97-raid-points-statistics,"Tamil Thalaivas",6,/static-assets/images/teams/small/29.png?v=6.08,13,208
1567942280-60,https://www.prokabaddi.com/stats/49-99-avg-tackle-points-statistics,"Dabang Delhi K.C.",12,/static-assets/images/teams/small/2.png?v=6.08,13,9.15
1567942244-7,https://www.prokabaddi.com/stats/49-97-raid-points-statistics,"U Mumba",6,/static-assets/images/teams/small/5.png?v=6.08,13,208
1567942244-8,https://www.prokabaddi.com/stats/49-97-raid-points-statistics,"Patna Pirates",6,/static-assets/images/teams/small/6.png?v=6.08,13,208
1567942244-9,https://www.prokabaddi.com/stats/49-97-raid-points-statistics,"Puneri Paltan",9,/static-assets/images/teams/small/7.png?v=6.08,13,204
1567942289-61,https://www.prokabaddi.com/stats/49-96-total-points-scored-statistics,"Bengaluru Bulls",1,/static-assets/images/teams/small/1.png?v=6.08,15,504
1567942289-70,https://www.prokabaddi.com/stats/49-96-total-points-scored-statistics,"Gujarat Fortunegiants",9,/static-assets/images/teams/small/31.png?v=6.08,13,376
1567942289-71,https://www.prokabaddi.com/stats/49-96-total-points-scored-statistics,"Tamil Thalaivas",11,/static-assets/images/teams/small/29.png?v=6.08,13,373
1567942289-72,https://www.prokabaddi.com/stats/49-96-total-points-scored-statistics,"U.P. Yoddha",12,/static-assets/images/teams/small/30.png?v=6.08,13,365
1567942298-73,https://www.prokabaddi.com/stats/49-133-total-points-conceded-statistics,"Bengaluru Bulls",1,/static-assets/images/teams/small/1.png?v=6.08,15,488
1567942298-74,https://www.prokabaddi.com/stats/49-133-total-points-conceded-statistics,"Patna Pirates",2,/static-assets/images/teams/small/6.png?v=6.08,13,426
1567942298-75,https://www.prokabaddi.com/stats/49-133-total-points-conceded-statistics,"U.P. Yoddha",3,/static-assets/images/teams/small/30.png?v=6.08,13,421
1567942298-76,https://www.prokabaddi.com/stats/49-133-total-points-conceded-statistics,"Puneri Paltan",4,/static-assets/images/teams/small/7.png?v=6.08,13,416
1567942298-77,https://www.prokabaddi.com/stats/49-133-total-points-conceded-statistics,"Telugu Titans",5,/static-assets/images/teams/small/8.png?v=6.08,13,412
1567942298-78,https://www.prokabaddi.com/stats/49-133-total-points-conceded-statistics,"Dabang Delhi K.C.",6,/static-assets/images/teams/small/2.png?v=6.08,13,406
1567942298-79,https://www.prokabaddi.com/stats/49-133-total-points-conceded-statistics,"Haryana Steelers",7,/static-assets/images/teams/small/28.png?v=6.08,13,403
1567942289-62,https://www.prokabaddi.com/stats/49-96-total-points-scored-statistics,"Dabang Delhi K.C.",2,/static-assets/images/teams/small/2.png?v=6.08,13,446
1567942298-80,https://www.prokabaddi.com/stats/49-133-total-points-conceded-statistics,"Tamil Thalaivas",8,/static-assets/images/teams/small/29.png?v=6.08,13,387
1567942298-81,https://www.prokabaddi.com/stats/49-133-total-points-conceded-statistics,"Jaipur Pink Panthers",9,/static-assets/images/teams/small/3.png?v=6.08,13,384
1567942298-82,https://www.prokabaddi.com/stats/49-133-total-points-conceded-statistics,"U Mumba",10,/static-assets/images/teams/small/5.png?v=6.08,13,377
1567942298-83,https://www.prokabaddi.com/stats/49-133-total-points-conceded-statistics,"Bengal Warriors",11,/static-assets/images/teams/small/4.png?v=6.08,13,370
1567942298-84,https://www.prokabaddi.com/stats/49-133-total-points-conceded-statistics,"Gujarat Fortunegiants",12,/static-assets/images/teams/small/31.png?v=6.08,13,363
1567942307-85,https://www.prokabaddi.com/stats/49-95-tackle-points-statistics,"Bengaluru Bulls",1,/static-assets/images/teams/small/1.png?v=6.08,15,157
1567942307-86,https://www.prokabaddi.com/stats/49-95-tackle-points-statistics,"Jaipur Pink Panthers",2,/static-assets/images/teams/small/3.png?v=6.08,13,145
1567942307-87,https://www.prokabaddi.com/stats/49-95-tackle-points-statistics,"Puneri Paltan",2,/static-assets/images/teams/small/7.png?v=6.08,13,145
1567942307-88,https://www.prokabaddi.com/stats/49-95-tackle-points-statistics,"Telugu Titans",4,/static-assets/images/teams/small/8.png?v=6.08,13,137
1567942307-89,https://www.prokabaddi.com/stats/49-95-tackle-points-statistics,"U.P. Yoddha",4,/static-assets/images/teams/small/30.png?v=6.08,13,137
1567942289-63,https://www.prokabaddi.com/stats/49-96-total-points-scored-statistics,"Bengal Warriors",3,/static-assets/images/teams/small/4.png?v=6.08,13,434
1567942307-90,https://www.prokabaddi.com/stats/49-95-tackle-points-statistics,"Haryana Steelers",6,/static-assets/images/teams/small/28.png?v=6.08,13,135
1567942307-91,https://www.prokabaddi.com/stats/49-95-tackle-points-statistics,"Gujarat Fortunegiants",7,/static-assets/images/teams/small/31.png?v=6.08,13,134
1567942307-92,https://www.prokabaddi.com/stats/49-95-tackle-points-statistics,"Patna Pirates",8,/static-assets/images/teams/small/6.png?v=6.08,13,130
1567942307-93,https://www.prokabaddi.com/stats/49-95-tackle-points-statistics,"U Mumba",9,/static-assets/images/teams/small/5.png?v=6.08,13,127
1567942307-94,https://www.prokabaddi.com/stats/49-95-tackle-points-statistics,"Tamil Thalaivas",10,/static-assets/images/teams/small/29.png?v=6.08,13,123
1567942307-95,https://www.prokabaddi.com/stats/49-95-tackle-points-statistics,"Bengal Warriors",10,/static-assets/images/teams/small/4.png?v=6.08,13,123
1567942307-96,https://www.prokabaddi.com/stats/49-95-tackle-points-statistics,"Dabang Delhi K.C.",12,/static-assets/images/teams/small/2.png?v=6.08,13,119
1567942316-97,https://www.prokabaddi.com/stats/49-136-all-outs-inflicted-statistics,"Bengal Warriors",1,/static-assets/images/teams/small/4.png?v=6.08,13,19
1567942316-98,https://www.prokabaddi.com/stats/49-136-all-outs-inflicted-statistics,"Dabang Delhi K.C.",1,/static-assets/images/teams/small/2.png?v=6.08,13,19
1567942316-99,https://www.prokabaddi.com/stats/49-136-all-outs-inflicted-statistics,"Haryana Steelers",3,/static-assets/images/teams/small/28.png?v=6.08,13,18
1567942289-64,https://www.prokabaddi.com/stats/49-96-total-points-scored-statistics,"Haryana Steelers",4,/static-assets/images/teams/small/28.png?v=6.08,13,432
1567942316-100,https://www.prokabaddi.com/stats/49-136-all-outs-inflicted-statistics,"U Mumba",4,/static-assets/images/teams/small/5.png?v=6.08,13,17
1567942316-101,https://www.prokabaddi.com/stats/49-136-all-outs-inflicted-statistics,"Bengaluru Bulls",5,/static-assets/images/teams/small/1.png?v=6.08,15,16
1567942316-102,https://www.prokabaddi.com/stats/49-136-all-outs-inflicted-statistics,"Patna Pirates",6,/static-assets/images/teams/small/6.png?v=6.08,13,15
1567942316-103,https://www.prokabaddi.com/stats/49-136-all-outs-inflicted-statistics,"Jaipur Pink Panthers",7,/static-assets/images/teams/small/3.png?v=6.08,13,13
1567942316-104,https://www.prokabaddi.com/stats/49-136-all-outs-inflicted-statistics,"U.P. Yoddha",8,/static-assets/images/teams/small/30.png?v=6.08,13,12
1567942316-105,https://www.prokabaddi.com/stats/49-136-all-outs-inflicted-statistics,"Gujarat Fortunegiants",8,/static-assets/images/teams/small/31.png?v=6.08,13,12
1567942316-106,https://www.prokabaddi.com/stats/49-136-all-outs-inflicted-statistics,"Tamil Thalaivas",10,/static-assets/images/teams/small/29.png?v=6.08,13,10
1567942316-107,https://www.prokabaddi.com/stats/49-136-all-outs-inflicted-statistics,"Puneri Paltan",11,/static-assets/images/teams/small/7.png?v=6.08,13,9
1567942316-108,https://www.prokabaddi.com/stats/49-136-all-outs-inflicted-statistics,"Telugu Titans",12,/static-assets/images/teams/small/8.png?v=6.08,13,6
1567942324-109,https://www.prokabaddi.com/stats/49-135-do-or-die-raid-points-statistics,"Jaipur Pink Panthers",1,/static-assets/images/teams/small/3.png?v=6.08,13,52
1567942289-65,https://www.prokabaddi.com/stats/49-96-total-points-scored-statistics,"U Mumba",5,/static-assets/images/teams/small/5.png?v=6.08,13,392
1567942324-110,https://www.prokabaddi.com/stats/49-135-do-or-die-raid-points-statistics,"U Mumba",2,/static-assets/images/teams/small/5.png?v=6.08,13,49
1567942324-111,https://www.prokabaddi.com/stats/49-135-do-or-die-raid-points-statistics,"Puneri Paltan",3,/static-assets/images/teams/small/7.png?v=6.08,13,47
1567942324-112,https://www.prokabaddi.com/stats/49-135-do-or-die-raid-points-statistics,"Haryana Steelers",4,/static-assets/images/teams/small/28.png?v=6.08,13,46
1567942324-113,https://www.prokabaddi.com/stats/49-135-do-or-die-raid-points-statistics,"U.P. Yoddha",5,/static-assets/images/teams/small/30.png?v=6.08,13,43
1567942324-114,https://www.prokabaddi.com/stats/49-135-do-or-die-raid-points-statistics,"Gujarat Fortunegiants",6,/static-assets/images/teams/small/31.png?v=6.08,13,40
1567942324-115,https://www.prokabaddi.com/stats/49-135-do-or-die-raid-points-statistics,"Patna Pirates",6,/static-assets/images/teams/small/6.png?v=6.08,13,40
1567942324-116,https://www.prokabaddi.com/stats/49-135-do-or-die-raid-points-statistics,"Tamil Thalaivas",8,/static-assets/images/teams/small/29.png?v=6.08,13,39
1567942324-117,https://www.prokabaddi.com/stats/49-135-do-or-die-raid-points-statistics,"Bengaluru Bulls",9,/static-assets/images/teams/small/1.png?v=6.08,15,34
1567942324-118,https://www.prokabaddi.com/stats/49-135-do-or-die-raid-points-statistics,"Dabang Delhi K.C.",10,/static-assets/images/teams/small/2.png?v=6.08,13,33
1567942324-119,https://www.prokabaddi.com/stats/49-135-do-or-die-raid-points-statistics,"Bengal Warriors",11,/static-assets/images/teams/small/4.png?v=6.08,13,31
1567942289-66,https://www.prokabaddi.com/stats/49-96-total-points-scored-statistics,"Jaipur Pink Panthers",6,/static-assets/images/teams/small/3.png?v=6.08,13,387
1567942324-120,https://www.prokabaddi.com/stats/49-135-do-or-die-raid-points-statistics,"Telugu Titans",11,/static-assets/images/teams/small/8.png?v=6.08,13,31
1567942289-67,https://www.prokabaddi.com/stats/49-96-total-points-scored-statistics,"Puneri Paltan",7,/static-assets/images/teams/small/7.png?v=6.08,13,385
1567942289-68,https://www.prokabaddi.com/stats/49-96-total-points-scored-statistics,"Patna Pirates",8,/static-assets/images/teams/small/6.png?v=6.08,13,383
1567942289-69,https://www.prokabaddi.com/stats/49-96-total-points-scored-statistics,"Telugu Titans",9,/static-assets/images/teams/small/8.png?v=6.08,13,376
1567942333-121,https://www.prokabaddi.com/stats/49-20-super-tackles-statistics,"Bengaluru Bulls",1,/static-assets/images/teams/small/1.png?v=6.08,15,23
1567942333-130,https://www.prokabaddi.com/stats/49-20-super-tackles-statistics,"Haryana Steelers",10,/static-assets/images/teams/small/28.png?v=6.08,13,9
1567942333-131,https://www.prokabaddi.com/stats/49-20-super-tackles-statistics,"Tamil Thalaivas",10,/static-assets/images/teams/small/29.png?v=6.08,13,9
1567942333-132,https://www.prokabaddi.com/stats/49-20-super-tackles-statistics,"Dabang Delhi K.C.",12,/static-assets/images/teams/small/2.png?v=6.08,13,7
1567942342-133,https://www.prokabaddi.com/stats/49-13-successful-raids-statistics,"Bengaluru Bulls",1,/static-assets/images/teams/small/1.png?v=6.08,15,237
1567942342-134,https://www.prokabaddi.com/stats/49-13-successful-raids-statistics,"Dabang Delhi K.C.",2,/static-assets/images/teams/small/2.png?v=6.08,13,213
1567942342-135,https://www.prokabaddi.com/stats/49-13-successful-raids-statistics,"Bengal Warriors",3,/static-assets/images/teams/small/4.png?v=6.08,13,206
1567942342-136,https://www.prokabaddi.com/stats/49-13-successful-raids-statistics,"Haryana Steelers",4,/static-assets/images/teams/small/28.png?v=6.08,13,191
1567942342-137,https://www.prokabaddi.com/stats/49-13-successful-raids-statistics,"Telugu Titans",5,/static-assets/images/teams/small/8.png?v=6.08,13,181
1567942342-138,https://www.prokabaddi.com/stats/49-13-successful-raids-statistics,"Patna Pirates",6,/static-assets/images/teams/small/6.png?v=6.08,13,171
1567942342-139,https://www.prokabaddi.com/stats/49-13-successful-raids-statistics,"Puneri Paltan",7,/static-assets/images/teams/small/7.png?v=6.08,13,169
1567942333-122,https://www.prokabaddi.com/stats/49-20-super-tackles-statistics,"Jaipur Pink Panthers",2,/static-assets/images/teams/small/3.png?v=6.08,13,20
1567942342-140,https://www.prokabaddi.com/stats/49-13-successful-raids-statistics,"Tamil Thalaivas",8,/static-assets/images/teams/small/29.png?v=6.08,13,167
1567942342-141,https://www.prokabaddi.com/stats/49-13-successful-raids-statistics,"Gujarat Fortunegiants",9,/static-assets/images/teams/small/31.png?v=6.08,13,166
1567942342-142,https://www.prokabaddi.com/stats/49-13-successful-raids-statistics,"U Mumba",10,/static-assets/images/teams/small/5.png?v=6.08,13,161
1567942342-143,https://www.prokabaddi.com/stats/49-13-successful-raids-statistics,"Jaipur Pink Panthers",11,/static-assets/images/teams/small/3.png?v=6.08,13,156
1567942342-144,https://www.prokabaddi.com/stats/49-13-successful-raids-statistics,"U.P. Yoddha",12,/static-assets/images/teams/small/30.png?v=6.08,13,150
1567942351-145,https://www.prokabaddi.com/stats/49-98-avg-raid-points-statistics,"Dabang Delhi K.C.",1,/static-assets/images/teams/small/2.png?v=6.08,13,19.85
1567942351-146,https://www.prokabaddi.com/stats/49-98-avg-raid-points-statistics,"Bengaluru Bulls",2,/static-assets/images/teams/small/1.png?v=6.08,15,19.6
1567942351-147,https://www.prokabaddi.com/stats/49-98-avg-raid-points-statistics,"Bengal Warriors",3,/static-assets/images/teams/small/4.png?v=6.08,13,19.23
1567942351-148,https://www.prokabaddi.com/stats/49-98-avg-raid-points-statistics,"Haryana Steelers",4,/static-assets/images/teams/small/28.png?v=6.08,13,18.69
1567942351-149,https://www.prokabaddi.com/stats/49-98-avg-raid-points-statistics,"Telugu Titans",5,/static-assets/images/teams/small/8.png?v=6.08,13,16.08
1567942333-123,https://www.prokabaddi.com/stats/49-20-super-tackles-statistics,"Patna Pirates",3,/static-assets/images/teams/small/6.png?v=6.08,13,19
1567942351-150,https://www.prokabaddi.com/stats/49-98-avg-raid-points-statistics,"U Mumba",6,/static-assets/images/teams/small/5.png?v=6.08,13,16
1567942351-151,https://www.prokabaddi.com/stats/49-98-avg-raid-points-statistics,"Patna Pirates",6,/static-assets/images/teams/small/6.png?v=6.08,13,16
1567942351-152,https://www.prokabaddi.com/stats/49-98-avg-raid-points-statistics,"Tamil Thalaivas",6,/static-assets/images/teams/small/29.png?v=6.08,13,16
1567942351-153,https://www.prokabaddi.com/stats/49-98-avg-raid-points-statistics,"Puneri Paltan",9,/static-assets/images/teams/small/7.png?v=6.08,13,15.69
1567942351-154,https://www.prokabaddi.com/stats/49-98-avg-raid-points-statistics,"Gujarat Fortunegiants",10,/static-assets/images/teams/small/31.png?v=6.08,13,15.31
1567942351-155,https://www.prokabaddi.com/stats/49-98-avg-raid-points-statistics,"Jaipur Pink Panthers",11,/static-assets/images/teams/small/3.png?v=6.08,13,14.92
1567942351-156,https://www.prokabaddi.com/stats/49-98-avg-raid-points-statistics,"U.P. Yoddha",12,/static-assets/images/teams/small/30.png?v=6.08,13,14.54
1567942333-124,https://www.prokabaddi.com/stats/49-20-super-tackles-statistics,"Telugu Titans",4,/static-assets/images/teams/small/8.png?v=6.08,13,17
1567942333-125,https://www.prokabaddi.com/stats/49-20-super-tackles-statistics,"Puneri Paltan",5,/static-assets/images/teams/small/7.png?v=6.08,13,16
1567942333-126,https://www.prokabaddi.com/stats/49-20-super-tackles-statistics,"U Mumba",6,/static-assets/images/teams/small/5.png?v=6.08,13,15
1567942333-127,https://www.prokabaddi.com/stats/49-20-super-tackles-statistics,"U.P. Yoddha",7,/static-assets/images/teams/small/30.png?v=6.08,13,11
1567942333-128,https://www.prokabaddi.com/stats/49-20-super-tackles-statistics,"Gujarat Fortunegiants",7,/static-assets/images/teams/small/31.png?v=6.08,13,11
1567942333-129,https://www.prokabaddi.com/stats/49-20-super-tackles-statistics,"Bengal Warriors",9,/static-assets/images/teams/small/4.png?v=6.08,13,10
