﻿web-scraper-order,web-scraper-start-url,name,rank,team_id,matches,points
1567769446-1,https://www.prokabaddi.com/stats/49-97-raid-points-statistics,"Bengaluru Bulls",1,/static-assets/images/teams/small/1.png?v=6.08,14,266
1567769446-10,https://www.prokabaddi.com/stats/49-97-raid-points-statistics,"Gujarat Fortunegiants",10,/static-assets/images/teams/small/31.png?v=6.08,12,183
1567769446-11,https://www.prokabaddi.com/stats/49-97-raid-points-statistics,"Telugu Titans",11,/static-assets/images/teams/small/8.png?v=6.08,12,180
1567769446-12,https://www.prokabaddi.com/stats/49-97-raid-points-statistics,"U.P. Yoddha",12,/static-assets/images/teams/small/30.png?v=6.08,12,169
1567769449-13,https://www.prokabaddi.com/stats/49-140-avg-points-scored-statistics,"Bengaluru Bulls",1,/static-assets/images/teams/small/1.png?v=6.08,14,29.71
1567769449-14,https://www.prokabaddi.com/stats/49-140-avg-points-scored-statistics,"Dabang Delhi K.C.",2,/static-assets/images/teams/small/2.png?v=6.08,12,29.41
1567769449-15,https://www.prokabaddi.com/stats/49-140-avg-points-scored-statistics,"Bengal Warriors",3,/static-assets/images/teams/small/4.png?v=6.08,12,29
1567769449-16,https://www.prokabaddi.com/stats/49-140-avg-points-scored-statistics,"Haryana Steelers",4,/static-assets/images/teams/small/28.png?v=6.08,12,28.16
1567769449-17,https://www.prokabaddi.com/stats/49-140-avg-points-scored-statistics,"Puneri Paltan",5,/static-assets/images/teams/small/7.png?v=6.08,13,26.84
1567769449-18,https://www.prokabaddi.com/stats/49-140-avg-points-scored-statistics,"Jaipur Pink Panthers",6,/static-assets/images/teams/small/3.png?v=6.08,13,26.07
1567769449-19,https://www.prokabaddi.com/stats/49-140-avg-points-scored-statistics,"Patna Pirates",7,/static-assets/images/teams/small/6.png?v=6.08,12,25.91
1567769446-2,https://www.prokabaddi.com/stats/49-97-raid-points-statistics,"Dabang Delhi K.C.",2,/static-assets/images/teams/small/2.png?v=6.08,12,239
1567769449-20,https://www.prokabaddi.com/stats/49-140-avg-points-scored-statistics,"U Mumba",8,/static-assets/images/teams/small/5.png?v=6.08,13,25.76
1567769449-21,https://www.prokabaddi.com/stats/49-140-avg-points-scored-statistics,"Telugu Titans",9,/static-assets/images/teams/small/8.png?v=6.08,12,25.75
1567769449-22,https://www.prokabaddi.com/stats/49-140-avg-points-scored-statistics,"Gujarat Fortunegiants",9,/static-assets/images/teams/small/31.png?v=6.08,12,25.75
1567769449-23,https://www.prokabaddi.com/stats/49-140-avg-points-scored-statistics,"Tamil Thalaivas",11,/static-assets/images/teams/small/29.png?v=6.08,13,25.46
1567769449-24,https://www.prokabaddi.com/stats/49-140-avg-points-scored-statistics,"U.P. Yoddha",12,/static-assets/images/teams/small/30.png?v=6.08,12,24.33
1567769452-25,https://www.prokabaddi.com/stats/49-134-super-raid-statistics,"Bengal Warriors",1,/static-assets/images/teams/small/4.png?v=6.08,12,7
1567769452-26,https://www.prokabaddi.com/stats/49-134-super-raid-statistics,"Haryana Steelers",1,/static-assets/images/teams/small/28.png?v=6.08,12,7
1567769452-27,https://www.prokabaddi.com/stats/49-134-super-raid-statistics,"Patna Pirates",3,/static-assets/images/teams/small/6.png?v=6.08,12,6
1567769452-28,https://www.prokabaddi.com/stats/49-134-super-raid-statistics,"Dabang Delhi K.C.",4,/static-assets/images/teams/small/2.png?v=6.08,12,5
1567769452-29,https://www.prokabaddi.com/stats/49-134-super-raid-statistics,"Jaipur Pink Panthers",5,/static-assets/images/teams/small/3.png?v=6.08,13,4
1567769446-3,https://www.prokabaddi.com/stats/49-97-raid-points-statistics,"Bengal Warriors",3,/static-assets/images/teams/small/4.png?v=6.08,12,233
1567769452-30,https://www.prokabaddi.com/stats/49-134-super-raid-statistics,"U Mumba",5,/static-assets/images/teams/small/5.png?v=6.08,13,4
1567769452-31,https://www.prokabaddi.com/stats/49-134-super-raid-statistics,"Tamil Thalaivas",5,/static-assets/images/teams/small/29.png?v=6.08,13,4
1567769452-32,https://www.prokabaddi.com/stats/49-134-super-raid-statistics,"Bengaluru Bulls",5,/static-assets/images/teams/small/1.png?v=6.08,14,4
1567769452-33,https://www.prokabaddi.com/stats/49-134-super-raid-statistics,"Puneri Paltan",9,/static-assets/images/teams/small/7.png?v=6.08,13,3
1567769452-34,https://www.prokabaddi.com/stats/49-134-super-raid-statistics,"Telugu Titans",10,/static-assets/images/teams/small/8.png?v=6.08,12,2
1567769452-35,https://www.prokabaddi.com/stats/49-134-super-raid-statistics,"Gujarat Fortunegiants",10,/static-assets/images/teams/small/31.png?v=6.08,12,2
1567769452-36,https://www.prokabaddi.com/stats/49-134-super-raid-statistics,"U.P. Yoddha",12,/static-assets/images/teams/small/30.png?v=6.08,12,1
1567769455-37,https://www.prokabaddi.com/stats/49-15-successful-tackles-statistics,"Puneri Paltan",1,/static-assets/images/teams/small/7.png?v=6.08,13,129
1567769455-38,https://www.prokabaddi.com/stats/49-15-successful-tackles-statistics,"Bengaluru Bulls",2,/static-assets/images/teams/small/1.png?v=6.08,14,128
1567769455-39,https://www.prokabaddi.com/stats/49-15-successful-tackles-statistics,"Jaipur Pink Panthers",3,/static-assets/images/teams/small/3.png?v=6.08,13,126
1567769446-4,https://www.prokabaddi.com/stats/49-97-raid-points-statistics,"Haryana Steelers",4,/static-assets/images/teams/small/28.png?v=6.08,12,217
1567769455-40,https://www.prokabaddi.com/stats/49-15-successful-tackles-statistics,"Tamil Thalaivas",4,/static-assets/images/teams/small/29.png?v=6.08,13,116
1567769455-41,https://www.prokabaddi.com/stats/49-15-successful-tackles-statistics,"Gujarat Fortunegiants",5,/static-assets/images/teams/small/31.png?v=6.08,12,115
1567769455-42,https://www.prokabaddi.com/stats/49-15-successful-tackles-statistics,"U.P. Yoddha",6,/static-assets/images/teams/small/30.png?v=6.08,12,114
1567769455-43,https://www.prokabaddi.com/stats/49-15-successful-tackles-statistics,"U Mumba",6,/static-assets/images/teams/small/5.png?v=6.08,13,114
1567769455-44,https://www.prokabaddi.com/stats/49-15-successful-tackles-statistics,"Telugu Titans",8,/static-assets/images/teams/small/8.png?v=6.08,12,113
1567769455-45,https://www.prokabaddi.com/stats/49-15-successful-tackles-statistics,"Haryana Steelers",8,/static-assets/images/teams/small/28.png?v=6.08,12,113
1567769455-46,https://www.prokabaddi.com/stats/49-15-successful-tackles-statistics,"Dabang Delhi K.C.",10,/static-assets/images/teams/small/2.png?v=6.08,12,109
1567769455-47,https://www.prokabaddi.com/stats/49-15-successful-tackles-statistics,"Bengal Warriors",11,/static-assets/images/teams/small/4.png?v=6.08,12,107
1567769455-48,https://www.prokabaddi.com/stats/49-15-successful-tackles-statistics,"Patna Pirates",12,/static-assets/images/teams/small/6.png?v=6.08,12,105
1567769457-49,https://www.prokabaddi.com/stats/49-99-avg-tackle-points-statistics,"Jaipur Pink Panthers",1,/static-assets/images/teams/small/3.png?v=6.08,13,11.15
1567769446-5,https://www.prokabaddi.com/stats/49-97-raid-points-statistics,"Tamil Thalaivas",5,/static-assets/images/teams/small/29.png?v=6.08,13,208
1567769457-50,https://www.prokabaddi.com/stats/49-99-avg-tackle-points-statistics,"Puneri Paltan",1,/static-assets/images/teams/small/7.png?v=6.08,13,11.15
1567769457-51,https://www.prokabaddi.com/stats/49-99-avg-tackle-points-statistics,"Telugu Titans",3,/static-assets/images/teams/small/8.png?v=6.08,12,10.75
1567769457-52,https://www.prokabaddi.com/stats/49-99-avg-tackle-points-statistics,"Bengaluru Bulls",4,/static-assets/images/teams/small/1.png?v=6.08,14,10.71
1567769457-53,https://www.prokabaddi.com/stats/49-99-avg-tackle-points-statistics,"Gujarat Fortunegiants",5,/static-assets/images/teams/small/31.png?v=6.08,12,10.5
1567769457-54,https://www.prokabaddi.com/stats/49-99-avg-tackle-points-statistics,"U.P. Yoddha",6,/static-assets/images/teams/small/30.png?v=6.08,12,10.25
1567769457-55,https://www.prokabaddi.com/stats/49-99-avg-tackle-points-statistics,"Patna Pirates",7,/static-assets/images/teams/small/6.png?v=6.08,12,10.17
1567769457-56,https://www.prokabaddi.com/stats/49-99-avg-tackle-points-statistics,"Haryana Steelers",8,/static-assets/images/teams/small/28.png?v=6.08,12,10.08
1567769457-57,https://www.prokabaddi.com/stats/49-99-avg-tackle-points-statistics,"U Mumba",9,/static-assets/images/teams/small/5.png?v=6.08,13,9.77
1567769457-58,https://www.prokabaddi.com/stats/49-99-avg-tackle-points-statistics,"Bengal Warriors",10,/static-assets/images/teams/small/4.png?v=6.08,12,9.58
1567769457-59,https://www.prokabaddi.com/stats/49-99-avg-tackle-points-statistics,"Dabang Delhi K.C.",11,/static-assets/images/teams/small/2.png?v=6.08,12,9.5
1567769446-6,https://www.prokabaddi.com/stats/49-97-raid-points-statistics,"U Mumba",5,/static-assets/images/teams/small/5.png?v=6.08,13,208
1567769457-60,https://www.prokabaddi.com/stats/49-99-avg-tackle-points-statistics,"Tamil Thalaivas",12,/static-assets/images/teams/small/29.png?v=6.08,13,9.46
1567769446-7,https://www.prokabaddi.com/stats/49-97-raid-points-statistics,"Puneri Paltan",7,/static-assets/images/teams/small/7.png?v=6.08,13,204
1567769446-8,https://www.prokabaddi.com/stats/49-97-raid-points-statistics,"Jaipur Pink Panthers",8,/static-assets/images/teams/small/3.png?v=6.08,13,194
1567769446-9,https://www.prokabaddi.com/stats/49-97-raid-points-statistics,"Patna Pirates",9,/static-assets/images/teams/small/6.png?v=6.08,12,189
1567769460-61,https://www.prokabaddi.com/stats/49-96-total-points-scored-statistics,"Bengaluru Bulls",1,/static-assets/images/teams/small/1.png?v=6.08,14,464
1567769460-70,https://www.prokabaddi.com/stats/49-96-total-points-scored-statistics,"Gujarat Fortunegiants",10,/static-assets/images/teams/small/31.png?v=6.08,12,351
1567769460-71,https://www.prokabaddi.com/stats/49-96-total-points-scored-statistics,"Telugu Titans",11,/static-assets/images/teams/small/8.png?v=6.08,12,337
1567769460-72,https://www.prokabaddi.com/stats/49-96-total-points-scored-statistics,"U.P. Yoddha",12,/static-assets/images/teams/small/30.png?v=6.08,12,324
1567769463-73,https://www.prokabaddi.com/stats/49-133-total-points-conceded-statistics,"Bengaluru Bulls",1,/static-assets/images/teams/small/1.png?v=6.08,14,449
1567769463-74,https://www.prokabaddi.com/stats/49-133-total-points-conceded-statistics,"Puneri Paltan",2,/static-assets/images/teams/small/7.png?v=6.08,13,416
1567769463-75,https://www.prokabaddi.com/stats/49-133-total-points-conceded-statistics,"U.P. Yoddha",3,/static-assets/images/teams/small/30.png?v=6.08,12,392
1567769463-76,https://www.prokabaddi.com/stats/49-133-total-points-conceded-statistics,"Tamil Thalaivas",4,/static-assets/images/teams/small/29.png?v=6.08,13,387
1567769463-77,https://www.prokabaddi.com/stats/49-133-total-points-conceded-statistics,"Patna Pirates",5,/static-assets/images/teams/small/6.png?v=6.08,12,385
1567769463-78,https://www.prokabaddi.com/stats/49-133-total-points-conceded-statistics,"Jaipur Pink Panthers",6,/static-assets/images/teams/small/3.png?v=6.08,13,384
1567769463-79,https://www.prokabaddi.com/stats/49-133-total-points-conceded-statistics,"Haryana Steelers",7,/static-assets/images/teams/small/28.png?v=6.08,12,378
1567769460-62,https://www.prokabaddi.com/stats/49-96-total-points-scored-statistics,"Dabang Delhi K.C.",2,/static-assets/images/teams/small/2.png?v=6.08,12,421
1567769463-80,https://www.prokabaddi.com/stats/49-133-total-points-conceded-statistics,"U Mumba",8,/static-assets/images/teams/small/5.png?v=6.08,13,377
1567769463-81,https://www.prokabaddi.com/stats/49-133-total-points-conceded-statistics,"Telugu Titans",9,/static-assets/images/teams/small/8.png?v=6.08,12,372
1567769463-82,https://www.prokabaddi.com/stats/49-133-total-points-conceded-statistics,"Dabang Delhi K.C.",10,/static-assets/images/teams/small/2.png?v=6.08,12,359
1567769463-83,https://www.prokabaddi.com/stats/49-133-total-points-conceded-statistics,"Bengal Warriors",11,/static-assets/images/teams/small/4.png?v=6.08,12,345
1567769463-84,https://www.prokabaddi.com/stats/49-133-total-points-conceded-statistics,"Gujarat Fortunegiants",12,/static-assets/images/teams/small/31.png?v=6.08,12,338
1567769465-85,https://www.prokabaddi.com/stats/49-95-tackle-points-statistics,"Bengaluru Bulls",1,/static-assets/images/teams/small/1.png?v=6.08,14,150
1567769465-86,https://www.prokabaddi.com/stats/49-95-tackle-points-statistics,"Jaipur Pink Panthers",2,/static-assets/images/teams/small/3.png?v=6.08,13,145
1567769465-87,https://www.prokabaddi.com/stats/49-95-tackle-points-statistics,"Puneri Paltan",2,/static-assets/images/teams/small/7.png?v=6.08,13,145
1567769465-88,https://www.prokabaddi.com/stats/49-95-tackle-points-statistics,"Telugu Titans",4,/static-assets/images/teams/small/8.png?v=6.08,12,129
1567769465-89,https://www.prokabaddi.com/stats/49-95-tackle-points-statistics,"U Mumba",5,/static-assets/images/teams/small/5.png?v=6.08,13,127
1567769460-63,https://www.prokabaddi.com/stats/49-96-total-points-scored-statistics,"Bengal Warriors",3,/static-assets/images/teams/small/4.png?v=6.08,12,409
1567769465-90,https://www.prokabaddi.com/stats/49-95-tackle-points-statistics,"Gujarat Fortunegiants",6,/static-assets/images/teams/small/31.png?v=6.08,12,126
1567769465-91,https://www.prokabaddi.com/stats/49-95-tackle-points-statistics,"Tamil Thalaivas",7,/static-assets/images/teams/small/29.png?v=6.08,13,123
1567769465-92,https://www.prokabaddi.com/stats/49-95-tackle-points-statistics,"U.P. Yoddha",7,/static-assets/images/teams/small/30.png?v=6.08,12,123
1567769465-93,https://www.prokabaddi.com/stats/49-95-tackle-points-statistics,"Patna Pirates",9,/static-assets/images/teams/small/6.png?v=6.08,12,122
1567769465-94,https://www.prokabaddi.com/stats/49-95-tackle-points-statistics,"Haryana Steelers",10,/static-assets/images/teams/small/28.png?v=6.08,12,121
1567769465-95,https://www.prokabaddi.com/stats/49-95-tackle-points-statistics,"Bengal Warriors",11,/static-assets/images/teams/small/4.png?v=6.08,12,115
1567769465-96,https://www.prokabaddi.com/stats/49-95-tackle-points-statistics,"Dabang Delhi K.C.",12,/static-assets/images/teams/small/2.png?v=6.08,12,114
1567769468-97,https://www.prokabaddi.com/stats/49-136-all-outs-inflicted-statistics,"Bengal Warriors",1,/static-assets/images/teams/small/4.png?v=6.08,12,19
1567769468-98,https://www.prokabaddi.com/stats/49-136-all-outs-inflicted-statistics,"Dabang Delhi K.C.",1,/static-assets/images/teams/small/2.png?v=6.08,12,19
1567769468-99,https://www.prokabaddi.com/stats/49-136-all-outs-inflicted-statistics,"U Mumba",3,/static-assets/images/teams/small/5.png?v=6.08,13,17
1567769460-64,https://www.prokabaddi.com/stats/49-96-total-points-scored-statistics,"U Mumba",4,/static-assets/images/teams/small/5.png?v=6.08,13,392
1567769468-100,https://www.prokabaddi.com/stats/49-136-all-outs-inflicted-statistics,"Haryana Steelers",4,/static-assets/images/teams/small/28.png?v=6.08,12,15
1567769468-101,https://www.prokabaddi.com/stats/49-136-all-outs-inflicted-statistics,"Patna Pirates",5,/static-assets/images/teams/small/6.png?v=6.08,12,14
1567769468-102,https://www.prokabaddi.com/stats/49-136-all-outs-inflicted-statistics,"Bengaluru Bulls",5,/static-assets/images/teams/small/1.png?v=6.08,14,14
1567769468-103,https://www.prokabaddi.com/stats/49-136-all-outs-inflicted-statistics,"Jaipur Pink Panthers",7,/static-assets/images/teams/small/3.png?v=6.08,13,13
1567769468-104,https://www.prokabaddi.com/stats/49-136-all-outs-inflicted-statistics,"Gujarat Fortunegiants",8,/static-assets/images/teams/small/31.png?v=6.08,12,12
1567769468-105,https://www.prokabaddi.com/stats/49-136-all-outs-inflicted-statistics,"Tamil Thalaivas",9,/static-assets/images/teams/small/29.png?v=6.08,13,10
1567769468-106,https://www.prokabaddi.com/stats/49-136-all-outs-inflicted-statistics,"U.P. Yoddha",10,/static-assets/images/teams/small/30.png?v=6.08,12,9
1567769468-107,https://www.prokabaddi.com/stats/49-136-all-outs-inflicted-statistics,"Puneri Paltan",10,/static-assets/images/teams/small/7.png?v=6.08,13,9
1567769468-108,https://www.prokabaddi.com/stats/49-136-all-outs-inflicted-statistics,"Telugu Titans",12,/static-assets/images/teams/small/8.png?v=6.08,12,5
1567769471-109,https://www.prokabaddi.com/stats/49-135-do-or-die-raid-points-statistics,"Jaipur Pink Panthers",1,/static-assets/images/teams/small/3.png?v=6.08,13,52
1567769460-65,https://www.prokabaddi.com/stats/49-96-total-points-scored-statistics,"Jaipur Pink Panthers",5,/static-assets/images/teams/small/3.png?v=6.08,13,387
1567769471-110,https://www.prokabaddi.com/stats/49-135-do-or-die-raid-points-statistics,"U Mumba",2,/static-assets/images/teams/small/5.png?v=6.08,13,49
1567769471-111,https://www.prokabaddi.com/stats/49-135-do-or-die-raid-points-statistics,"Puneri Paltan",3,/static-assets/images/teams/small/7.png?v=6.08,13,47
1567769471-112,https://www.prokabaddi.com/stats/49-135-do-or-die-raid-points-statistics,"Haryana Steelers",4,/static-assets/images/teams/small/28.png?v=6.08,12,41
1567769471-113,https://www.prokabaddi.com/stats/49-135-do-or-die-raid-points-statistics,"Tamil Thalaivas",5,/static-assets/images/teams/small/29.png?v=6.08,13,39
1567769471-114,https://www.prokabaddi.com/stats/49-135-do-or-die-raid-points-statistics,"U.P. Yoddha",6,/static-assets/images/teams/small/30.png?v=6.08,12,38
1567769471-115,https://www.prokabaddi.com/stats/49-135-do-or-die-raid-points-statistics,"Gujarat Fortunegiants",6,/static-assets/images/teams/small/31.png?v=6.08,12,38
1567769471-116,https://www.prokabaddi.com/stats/49-135-do-or-die-raid-points-statistics,"Patna Pirates",8,/static-assets/images/teams/small/6.png?v=6.08,12,34
1567769471-117,https://www.prokabaddi.com/stats/49-135-do-or-die-raid-points-statistics,"Telugu Titans",9,/static-assets/images/teams/small/8.png?v=6.08,12,30
1567769471-118,https://www.prokabaddi.com/stats/49-135-do-or-die-raid-points-statistics,"Dabang Delhi K.C.",9,/static-assets/images/teams/small/2.png?v=6.08,12,30
1567769471-119,https://www.prokabaddi.com/stats/49-135-do-or-die-raid-points-statistics,"Bengaluru Bulls",11,/static-assets/images/teams/small/1.png?v=6.08,14,27
1567769460-66,https://www.prokabaddi.com/stats/49-96-total-points-scored-statistics,"Puneri Paltan",6,/static-assets/images/teams/small/7.png?v=6.08,13,385
1567769471-120,https://www.prokabaddi.com/stats/49-135-do-or-die-raid-points-statistics,"Bengal Warriors",11,/static-assets/images/teams/small/4.png?v=6.08,12,27
1567769460-67,https://www.prokabaddi.com/stats/49-96-total-points-scored-statistics,"Haryana Steelers",6,/static-assets/images/teams/small/28.png?v=6.08,12,385
1567769460-68,https://www.prokabaddi.com/stats/49-96-total-points-scored-statistics,"Tamil Thalaivas",8,/static-assets/images/teams/small/29.png?v=6.08,13,373
1567769460-69,https://www.prokabaddi.com/stats/49-96-total-points-scored-statistics,"Patna Pirates",9,/static-assets/images/teams/small/6.png?v=6.08,12,354
1567769473-121,https://www.prokabaddi.com/stats/49-20-super-tackles-statistics,"Bengaluru Bulls",1,/static-assets/images/teams/small/1.png?v=6.08,14,23
1567769473-130,https://www.prokabaddi.com/stats/49-20-super-tackles-statistics,"Tamil Thalaivas",10,/static-assets/images/teams/small/29.png?v=6.08,13,9
1567769473-131,https://www.prokabaddi.com/stats/49-20-super-tackles-statistics,"Haryana Steelers",11,/static-assets/images/teams/small/28.png?v=6.08,12,8
1567769473-132,https://www.prokabaddi.com/stats/49-20-super-tackles-statistics,"Dabang Delhi K.C.",12,/static-assets/images/teams/small/2.png?v=6.08,12,7
1567769477-133,https://www.prokabaddi.com/stats/49-13-successful-raids-statistics,"Bengaluru Bulls",1,/static-assets/images/teams/small/1.png?v=6.08,14,219
1567769477-134,https://www.prokabaddi.com/stats/49-13-successful-raids-statistics,"Dabang Delhi K.C.",2,/static-assets/images/teams/small/2.png?v=6.08,12,198
1567769477-135,https://www.prokabaddi.com/stats/49-13-successful-raids-statistics,"Bengal Warriors",3,/static-assets/images/teams/small/4.png?v=6.08,12,192
1567769477-136,https://www.prokabaddi.com/stats/49-13-successful-raids-statistics,"Haryana Steelers",4,/static-assets/images/teams/small/28.png?v=6.08,12,174
1567769477-137,https://www.prokabaddi.com/stats/49-13-successful-raids-statistics,"Puneri Paltan",5,/static-assets/images/teams/small/7.png?v=6.08,13,169
1567769477-138,https://www.prokabaddi.com/stats/49-13-successful-raids-statistics,"Tamil Thalaivas",6,/static-assets/images/teams/small/29.png?v=6.08,13,167
1567769477-139,https://www.prokabaddi.com/stats/49-13-successful-raids-statistics,"U Mumba",7,/static-assets/images/teams/small/5.png?v=6.08,13,161
1567769473-122,https://www.prokabaddi.com/stats/49-20-super-tackles-statistics,"Jaipur Pink Panthers",2,/static-assets/images/teams/small/3.png?v=6.08,13,20
1567769477-140,https://www.prokabaddi.com/stats/49-13-successful-raids-statistics,"Telugu Titans",8,/static-assets/images/teams/small/8.png?v=6.08,12,160
1567769477-141,https://www.prokabaddi.com/stats/49-13-successful-raids-statistics,"Patna Pirates",9,/static-assets/images/teams/small/6.png?v=6.08,12,158
1567769477-142,https://www.prokabaddi.com/stats/49-13-successful-raids-statistics,"Jaipur Pink Panthers",10,/static-assets/images/teams/small/3.png?v=6.08,13,156
1567769477-143,https://www.prokabaddi.com/stats/49-13-successful-raids-statistics,"Gujarat Fortunegiants",11,/static-assets/images/teams/small/31.png?v=6.08,12,152
1567769477-144,https://www.prokabaddi.com/stats/49-13-successful-raids-statistics,"U.P. Yoddha",12,/static-assets/images/teams/small/30.png?v=6.08,12,134
1567769481-145,https://www.prokabaddi.com/stats/49-98-avg-raid-points-statistics,"Dabang Delhi K.C.",1,/static-assets/images/teams/small/2.png?v=6.08,12,19.92
1567769481-146,https://www.prokabaddi.com/stats/49-98-avg-raid-points-statistics,"Bengal Warriors",2,/static-assets/images/teams/small/4.png?v=6.08,12,19.42
1567769481-147,https://www.prokabaddi.com/stats/49-98-avg-raid-points-statistics,"Bengaluru Bulls",3,/static-assets/images/teams/small/1.png?v=6.08,14,19
1567769481-148,https://www.prokabaddi.com/stats/49-98-avg-raid-points-statistics,"Haryana Steelers",4,/static-assets/images/teams/small/28.png?v=6.08,12,18.08
1567769481-149,https://www.prokabaddi.com/stats/49-98-avg-raid-points-statistics,"Tamil Thalaivas",5,/static-assets/images/teams/small/29.png?v=6.08,13,16
1567769473-123,https://www.prokabaddi.com/stats/49-20-super-tackles-statistics,"Patna Pirates",3,/static-assets/images/teams/small/6.png?v=6.08,12,17
1567769481-150,https://www.prokabaddi.com/stats/49-98-avg-raid-points-statistics,"U Mumba",5,/static-assets/images/teams/small/5.png?v=6.08,13,16
1567769481-151,https://www.prokabaddi.com/stats/49-98-avg-raid-points-statistics,"Patna Pirates",7,/static-assets/images/teams/small/6.png?v=6.08,12,15.75
1567769481-152,https://www.prokabaddi.com/stats/49-98-avg-raid-points-statistics,"Puneri Paltan",8,/static-assets/images/teams/small/7.png?v=6.08,13,15.69
1567769481-153,https://www.prokabaddi.com/stats/49-98-avg-raid-points-statistics,"Gujarat Fortunegiants",9,/static-assets/images/teams/small/31.png?v=6.08,12,15.25
1567769481-154,https://www.prokabaddi.com/stats/49-98-avg-raid-points-statistics,"Telugu Titans",10,/static-assets/images/teams/small/8.png?v=6.08,12,15
1567769481-155,https://www.prokabaddi.com/stats/49-98-avg-raid-points-statistics,"Jaipur Pink Panthers",11,/static-assets/images/teams/small/3.png?v=6.08,13,14.92
1567769481-156,https://www.prokabaddi.com/stats/49-98-avg-raid-points-statistics,"U.P. Yoddha",12,/static-assets/images/teams/small/30.png?v=6.08,12,14.08
1567769473-124,https://www.prokabaddi.com/stats/49-20-super-tackles-statistics,"Telugu Titans",3,/static-assets/images/teams/small/8.png?v=6.08,12,17
1567769473-125,https://www.prokabaddi.com/stats/49-20-super-tackles-statistics,"Puneri Paltan",5,/static-assets/images/teams/small/7.png?v=6.08,13,16
1567769473-126,https://www.prokabaddi.com/stats/49-20-super-tackles-statistics,"U Mumba",6,/static-assets/images/teams/small/5.png?v=6.08,13,15
1567769473-127,https://www.prokabaddi.com/stats/49-20-super-tackles-statistics,"Gujarat Fortunegiants",7,/static-assets/images/teams/small/31.png?v=6.08,12,11
1567769473-128,https://www.prokabaddi.com/stats/49-20-super-tackles-statistics,"U.P. Yoddha",8,/static-assets/images/teams/small/30.png?v=6.08,12,10
1567769473-129,https://www.prokabaddi.com/stats/49-20-super-tackles-statistics,"Bengal Warriors",8,/static-assets/images/teams/small/4.png?v=6.08,12,10
