web-scraper-order,web-scraper-start-url,name,team,type,points,credits,announced
1568557750-30,https://www.dream11.com/kabaddi/create-team/1092/15149,A Deshwal,MUM,RAI,259,14,Announced
1568557750-20,https://www.dream11.com/kabaddi/create-team/1092/15149,A R Kapre,MUM,ALL,4,12.5,
1568557750-27,https://www.dream11.com/kabaddi/create-team/1092/15149,Abhishek-Singh,MUM,RAI,321,15,Announced
1568557750-10,https://www.dream11.com/kabaddi/create-team/1092/15149,Anil,MUM,DEF,0,12.5,
1568557750-34,https://www.dream11.com/kabaddi/create-team/1092/15149,D Geon-Lee,MUM,RAI,37,13,
1568557750-1,https://www.dream11.com/kabaddi/create-team/1092/15149,F Atrachali,MUM,DEF,312,15.5,Announced
1568557750-35,https://www.dream11.com/kabaddi/create-team/1092/15149,Gaurav-Kumar,MUM,RAI,0,12.5,
1568557750-6,https://www.dream11.com/kabaddi/create-team/1092/15149,H Kumar,MUM,DEF,131,13,Announced
1568557750-13,https://www.dream11.com/kabaddi/create-team/1092/15149,H Vardhan,MUM,DEF,10,11,
1568557750-32,https://www.dream11.com/kabaddi/create-team/1092/15149,M Athul,MUM,RAI,138,13.5,
1568557750-21,https://www.dream11.com/kabaddi/create-team/1092/15149,M Balyan,MUM,ALL,0,12,
1568557750-36,https://www.dream11.com/kabaddi/create-team/1092/15149,Navneet,MUM,RAI,0,12,
1568557750-29,https://www.dream11.com/kabaddi/create-team/1092/15149,R Baliyan,MUM,RAI,180,14.5,Announced
1568557750-7,https://www.dream11.com/kabaddi/create-team/1092/15149,R Subramanian,MUM,DEF,18,13,
1568557750-18,https://www.dream11.com/kabaddi/create-team/1092/15149,S Narwal,MUM,ALL,294,14.5,Announced
1568557750-2,https://www.dream11.com/kabaddi/create-team/1092/15149,Surinder-Singh,MUM,DEF,259,14.5,Announced
1568557750-37,https://www.dream11.com/kabaddi/create-team/1092/15149,Vinoth-Kumar,MUM,RAI,4,12,
1568557750-8,https://www.dream11.com/kabaddi/create-team/1092/15149,Y Chang-Ko,MUM,DEF,57,13,
1568557750-24,https://www.dream11.com/kabaddi/create-team/1092/15149,A S Dhumal,BEN,ALL,0,11,
1568557750-14,https://www.dream11.com/kabaddi/create-team/1092/15149,Adarsh-T,BEN,DEF,31,11,
1568557750-15,https://www.dream11.com/kabaddi/create-team/1092/15149,Amit-I,BEN,DEF,6,10.5,
1568557750-22,https://www.dream11.com/kabaddi/create-team/1092/15149,Avinash-AR,BEN,ALL,0,12,
1568557750-3,https://www.dream11.com/kabaddi/create-team/1092/15149,Baldev-Singh,BEN,DEF,294,14,Announced
1568557750-16,https://www.dream11.com/kabaddi/create-team/1092/15149,Dharmendra-Singh,BEN,DEF,0,10,
1568557750-5,https://www.dream11.com/kabaddi/create-team/1092/15149,Jeeva-Kumar,BEN,DEF,207,14,Announced
1568557750-28,https://www.dream11.com/kabaddi/create-team/1092/15149,K Prapanjan,BEN,RAI,372,15,
1568557750-17,https://www.dream11.com/kabaddi/create-team/1092/15149,M Esmaeil-Nabibakhsh,BEN,ALL,357,15,Announced
1568557750-19,https://www.dream11.com/kabaddi/create-team/1092/15149,M Shivtarkar,BEN,ALL,20,13,Announced
1568557750-39,https://www.dream11.com/kabaddi/create-team/1092/15149,M T P Mahali,BEN,RAI,12,11,
1568557750-26,https://www.dream11.com/kabaddi/create-team/1092/15149,Maninder-Singh,BEN,RAI,470,16,Announced
1568557750-12,https://www.dream11.com/kabaddi/create-team/1092/15149,N Narwal,BEN,DEF,33,11.5,
1568557750-31,https://www.dream11.com/kabaddi/create-team/1092/15149,R Kumawat,BEN,RAI,1,14,
1568557750-4,https://www.dream11.com/kabaddi/create-team/1092/15149,R Narwal,BEN,DEF,284,14,Announced
1568557750-38,https://www.dream11.com/kabaddi/create-team/1092/15149,R Narwal,BEN,RAI,9,12,
1568557750-33,https://www.dream11.com/kabaddi/create-team/1092/15149,S Hegde,BEN,RAI,63,13.5,Announced
1568557750-25,https://www.dream11.com/kabaddi/create-team/1092/15149,S M Dubile,BEN,ALL,0,10.5,
1568557750-23,https://www.dream11.com/kabaddi/create-team/1092/15149,S T Patil,BEN,ALL,0,11,
1568557750-9,https://www.dream11.com/kabaddi/create-team/1092/15149,V Landge,BEN,DEF,68,13,
1568557750-11,https://www.dream11.com/kabaddi/create-team/1092/15149,V Thangadurai,BEN,DEF,25,12.5,