﻿web-scraper-order,web-scraper-start-url,name,team,type,points,credits,announced
1565358338-1,https://www.dream11.com/kabaddi/create-team/1092/15096,"F Atrachali",MUM,DEF,110,16,Announced
1565358338-10,https://www.dream11.com/kabaddi/create-team/1092/15096,"Y Chang-Ko",MUM,DEF,46,12.5,Announced
1565358338-11,https://www.dream11.com/kabaddi/create-team/1092/15096,"V Landge",BEN,DEF,42,12,
1565358338-12,https://www.dream11.com/kabaddi/create-team/1092/15096,"N Narwal",BEN,DEF,18,11.5,
1565358338-13,https://www.dream11.com/kabaddi/create-team/1092/15096,Adarsh-T,BEN,DEF,9,11,
1565358338-14,https://www.dream11.com/kabaddi/create-team/1092/15096,"H Vardhan",MUM,DEF,4,11,
1565358338-15,https://www.dream11.com/kabaddi/create-team/1092/15096,Amit-I,BEN,DEF,2,10.5,
1565358338-16,https://www.dream11.com/kabaddi/create-team/1092/15096,Dharmendra-Singh,BEN,DEF,0,10,
1565358338-17,https://www.dream11.com/kabaddi/create-team/1092/15096,"M Esmaeil-Nabibakhsh",BEN,ALL,143,14.5,Announced
1565358338-18,https://www.dream11.com/kabaddi/create-team/1092/15096,"S Narwal",MUM,ALL,83,14.5,Announced
1565358338-19,https://www.dream11.com/kabaddi/create-team/1092/15096,"A R Kapre",MUM,ALL,4,12.5,
1565358338-2,https://www.dream11.com/kabaddi/create-team/1092/15096,Jeeva-Kumar,BEN,DEF,62,14.5,Announced
1565358338-20,https://www.dream11.com/kabaddi/create-team/1092/15096,Avinash-AR,BEN,ALL,0,12,
1565358338-21,https://www.dream11.com/kabaddi/create-team/1092/15096,"M Balyan",MUM,ALL,0,12,
1565358338-22,https://www.dream11.com/kabaddi/create-team/1092/15096,"S T Patil",BEN,ALL,0,11,
1565358338-23,https://www.dream11.com/kabaddi/create-team/1092/15096,"A S Dhumal",BEN,ALL,0,11,
1565358338-24,https://www.dream11.com/kabaddi/create-team/1092/15096,"S M Dubile",BEN,ALL,0,10.5,
1565358338-25,https://www.dream11.com/kabaddi/create-team/1092/15096,Maninder-Singh,BEN,RAI,179,16,Announced
1565358338-26,https://www.dream11.com/kabaddi/create-team/1092/15096,"K Prapanjan",BEN,RAI,110,15,Announced
1565358338-27,https://www.dream11.com/kabaddi/create-team/1092/15096,Abhishek-Singh,MUM,RAI,160,15,
1565358338-28,https://www.dream11.com/kabaddi/create-team/1092/15096,"R Baliyan",MUM,RAI,99,14.5,Announced
1565358338-29,https://www.dream11.com/kabaddi/create-team/1092/15096,"R Kumawat",BEN,RAI,0,14,
1565358338-3,https://www.dream11.com/kabaddi/create-team/1092/15096,Surinder-Singh,MUM,DEF,150,14.5,Announced
1565358338-30,https://www.dream11.com/kabaddi/create-team/1092/15096,"S Hegde",BEN,RAI,2,14,
1565358338-31,https://www.dream11.com/kabaddi/create-team/1092/15096,"M Athul",MUM,RAI,23,13.5,
1565358338-32,https://www.dream11.com/kabaddi/create-team/1092/15096,"D Geon-Lee",MUM,RAI,34,13.5,
1565358338-33,https://www.dream11.com/kabaddi/create-team/1092/15096,Vinoth-Kumar,MUM,RAI,0,13,Announced
1565358338-34,https://www.dream11.com/kabaddi/create-team/1092/15096,Gaurav-Kumar,MUM,RAI,0,12.5,
1565358338-35,https://www.dream11.com/kabaddi/create-team/1092/15096,"A Deshwal",MUM,RAI,57,12.5,Announced
1565358338-36,https://www.dream11.com/kabaddi/create-team/1092/15096,"R Narwal",BEN,RAI,0,12,
1565358338-37,https://www.dream11.com/kabaddi/create-team/1092/15096,Navneet,MUM,RAI,0,12,
1565358338-38,https://www.dream11.com/kabaddi/create-team/1092/15096,"M T P Mahali",BEN,RAI,5,9.5,Announced
1565358338-4,https://www.dream11.com/kabaddi/create-team/1092/15096,Baldev-Singh,BEN,DEF,113,14,Announced
1565358338-5,https://www.dream11.com/kabaddi/create-team/1092/15096,"R Narwal",BEN,DEF,92,14,Announced
1565358338-6,https://www.dream11.com/kabaddi/create-team/1092/15096,"R Subramanian",MUM,DEF,2,13.5,
1565358338-7,https://www.dream11.com/kabaddi/create-team/1092/15096,"V Thangadurai",BEN,DEF,0,13,
1565358338-8,https://www.dream11.com/kabaddi/create-team/1092/15096,"H Kumar",MUM,DEF,25,12.5,
1565358338-9,https://www.dream11.com/kabaddi/create-team/1092/15096,Anil,MUM,DEF,0,12.5,
