web-scraper-order,web-scraper-start-url,name,team,type,points,credits,announced
1566840280-1,https://www.dream11.com/kabaddi/create-team/1092/15124,D Cheralathan,HAR,DEF,127,15,Announced
1566840280-10,https://www.dream11.com/kabaddi/create-team/1092/15124,V Landge,BEN,DEF,63,12,Announced
1566840280-11,https://www.dream11.com/kabaddi/create-team/1092/15124,N Narwal,BEN,DEF,18,11.5,
1566840280-12,https://www.dream11.com/kabaddi/create-team/1092/15124,S Narwal,HAR,DEF,0,11,
1566840280-13,https://www.dream11.com/kabaddi/create-team/1092/15124,V Kandola,HAR,DEF,4,11,
1566840280-14,https://www.dream11.com/kabaddi/create-team/1092/15124,Adarsh-T,BEN,DEF,15,11,
1566840280-15,https://www.dream11.com/kabaddi/create-team/1092/15124,Amit-I,BEN,DEF,2,10.5,
1566840280-16,https://www.dream11.com/kabaddi/create-team/1092/15124,Dharmendra-Singh,BEN,DEF,0,10,
1566840280-17,https://www.dream11.com/kabaddi/create-team/1092/15124,C Singh,HAR,DEF,22,9.5,
1566840280-18,https://www.dream11.com/kabaddi/create-team/1092/15124,Naveen-I,HAR,ALL,166,15.5,
1566840280-19,https://www.dream11.com/kabaddi/create-team/1092/15124,K Singh,HAR,ALL,46,14.5,
1566840280-2,https://www.dream11.com/kabaddi/create-team/1092/15124,Jeeva-Kumar,BEN,DEF,150,14.5,Announced
1566840280-20,https://www.dream11.com/kabaddi/create-team/1092/15124,M Esmaeil-Nabibakhsh,BEN,ALL,257,14.5,Announced
1566840280-21,https://www.dream11.com/kabaddi/create-team/1092/15124,P Tin,HAR,ALL,0,12,
1566840280-22,https://www.dream11.com/kabaddi/create-team/1092/15124,Avinash-AR,BEN,ALL,0,12,
1566840280-23,https://www.dream11.com/kabaddi/create-team/1092/15124,S T Patil,BEN,ALL,0,11,
1566840280-24,https://www.dream11.com/kabaddi/create-team/1092/15124,A S Dhumal,BEN,ALL,0,11,
1566840280-25,https://www.dream11.com/kabaddi/create-team/1092/15124,S M Dubile,BEN,ALL,0,10.5,
1566840280-26,https://www.dream11.com/kabaddi/create-team/1092/15124,Maninder-Singh,BEN,RAI,292,16,Announced
1566840280-27,https://www.dream11.com/kabaddi/create-team/1092/15124,V Khandola,HAR,RAI,229,15.5,Announced
1566840280-28,https://www.dream11.com/kabaddi/create-team/1092/15124,K Prapanjan,BEN,RAI,250,15,Announced
1566840280-29,https://www.dream11.com/kabaddi/create-team/1092/15124,P Kumar-Rai,HAR,RAI,33,14,Announced
1566840280-3,https://www.dream11.com/kabaddi/create-team/1092/15124,Parveen,HAR,DEF,39,14,
1566840280-30,https://www.dream11.com/kabaddi/create-team/1092/15124,K Selvamani,HAR,RAI,47,14,
1566840280-31,https://www.dream11.com/kabaddi/create-team/1092/15124,R Kumawat,BEN,RAI,0,14,
1566840280-32,https://www.dream11.com/kabaddi/create-team/1092/15124,S Hegde,BEN,RAI,22,14,
1566840280-33,https://www.dream11.com/kabaddi/create-team/1092/15124,Vinay,HAR,RAI,144,13,Announced
1566840280-34,https://www.dream11.com/kabaddi/create-team/1092/15124,Arun-Kumar,HAR,RAI,5,12.5,
1566840280-35,https://www.dream11.com/kabaddi/create-team/1092/15124,R Narwal,BEN,RAI,9,12,
1566840280-36,https://www.dream11.com/kabaddi/create-team/1092/15124,V Chhillar,HAR,RAI,0,11.5,
1566840280-37,https://www.dream11.com/kabaddi/create-team/1092/15124,A M Maleki,HAR,RAI,0,10,
1566840280-38,https://www.dream11.com/kabaddi/create-team/1092/15124,M T P Mahali,BEN,RAI,10,9.5,
1566840280-4,https://www.dream11.com/kabaddi/create-team/1092/15124,Baldev-Singh,BEN,DEF,194,14,Announced
1566840280-5,https://www.dream11.com/kabaddi/create-team/1092/15124,R Narwal,BEN,DEF,193,14,Announced
1566840280-6,https://www.dream11.com/kabaddi/create-team/1092/15124,V Kale,HAR,DEF,108,13.5,Announced
1566840280-7,https://www.dream11.com/kabaddi/create-team/1092/15124,Ravi-Kumar,HAR,DEF,73,13.5,Announced
1566840280-8,https://www.dream11.com/kabaddi/create-team/1092/15124,Sunil,HAR,DEF,139,13,Announced
1566840280-9,https://www.dream11.com/kabaddi/create-team/1092/15124,V Thangadurai,BEN,DEF,25,13,