web-scraper-order,web-scraper-start-url,name,team,type,points,credits,announced
1568557815-34,https://www.dream11.com/kabaddi/create-team/1092/15145,A Kumar.Sr,PUN,RAI,143,14,
1568557815-25,https://www.dream11.com/kabaddi/create-team/1092/15145,Amit-Kumar-Jr,PUN,ALL,25,11.5,
1568557815-15,https://www.dream11.com/kabaddi/create-team/1092/15145,Anil-III,PUN,DEF,0,11,
1568557815-37,https://www.dream11.com/kabaddi/create-team/1092/15145,D Kadian,PUN,RAI,5,13.5,
1568557815-12,https://www.dream11.com/kabaddi/create-team/1092/15145,D Yadav,PUN,DEF,7,12.5,
1568557815-39,https://www.dream11.com/kabaddi/create-team/1092/15145,E Sedaghatnia,PUN,RAI,0,12.5,Announced
1568557815-2,https://www.dream11.com/kabaddi/create-team/1092/15145,G M Ernak,PUN,DEF,113,14.5,Announced
1568557815-8,https://www.dream11.com/kabaddi/create-team/1092/15145,H Tajik,PUN,DEF,52,13,Announced
1568557815-6,https://www.dream11.com/kabaddi/create-team/1092/15145,J B Shahaji,PUN,DEF,126,13,Announced
1568557815-19,https://www.dream11.com/kabaddi/create-team/1092/15145,Manjeet,PUN,ALL,325,14.5,Announced
1568557815-30,https://www.dream11.com/kabaddi/create-team/1092/15145,N Tomar,PUN,RAI,170,15,
1568557815-32,https://www.dream11.com/kabaddi/create-team/1092/15145,P Kumar-Kadian,PUN,RAI,80,14.5,
1568557815-33,https://www.dream11.com/kabaddi/create-team/1092/15145,P Mohite,PUN,RAI,190,11.5,Announced
1568557815-38,https://www.dream11.com/kabaddi/create-team/1092/15145,R Sriram,PUN,RAI,-2,12.5,
1568557815-22,https://www.dream11.com/kabaddi/create-team/1092/15145,S Krishna,PUN,ALL,66,13,
1568557815-40,https://www.dream11.com/kabaddi/create-team/1092/15145,S Sail,PUN,RAI,32,12,
1568557815-11,https://www.dream11.com/kabaddi/create-team/1092/15145,S Sawant,PUN,DEF,48,12.5,
1568557815-7,https://www.dream11.com/kabaddi/create-team/1092/15145,S Shinde,PUN,DEF,119,13,
1568557815-1,https://www.dream11.com/kabaddi/create-team/1092/15145,S Singh,PUN,DEF,199,14.5,Announced
1568557815-23,https://www.dream11.com/kabaddi/create-team/1092/15145,Sandeep-Jr.,PUN,ALL,0,12.5,
1568557815-10,https://www.dream11.com/kabaddi/create-team/1092/15145,Satpal,PUN,DEF,0,12.5,
1568557815-27,https://www.dream11.com/kabaddi/create-team/1092/15145,A S Dhumal,BEN,ALL,0,11,
1568557815-16,https://www.dream11.com/kabaddi/create-team/1092/15145,Adarsh-T,BEN,DEF,31,11,
1568557815-17,https://www.dream11.com/kabaddi/create-team/1092/15145,Amit-I,BEN,DEF,6,10.5,
1568557815-24,https://www.dream11.com/kabaddi/create-team/1092/15145,Avinash-AR,BEN,ALL,0,12,
1568557815-3,https://www.dream11.com/kabaddi/create-team/1092/15145,Baldev-Singh,BEN,DEF,264,14,Announced
1568557815-18,https://www.dream11.com/kabaddi/create-team/1092/15145,Dharmendra-Singh,BEN,DEF,0,10,
1568557815-5,https://www.dream11.com/kabaddi/create-team/1092/15145,Jeeva-Kumar,BEN,DEF,196,14,Announced
1568557815-31,https://www.dream11.com/kabaddi/create-team/1092/15145,K Prapanjan,BEN,RAI,355,15,Announced
1568557815-20,https://www.dream11.com/kabaddi/create-team/1092/15145,M Esmaeil-Nabibakhsh,BEN,ALL,330,15,Announced
1568557815-21,https://www.dream11.com/kabaddi/create-team/1092/15145,M Shivtarkar,BEN,ALL,0,13,Announced
1568557815-42,https://www.dream11.com/kabaddi/create-team/1092/15145,M T P Mahali,BEN,RAI,12,11,
1568557815-29,https://www.dream11.com/kabaddi/create-team/1092/15145,Maninder-Singh,BEN,RAI,431,16,Announced
1568557815-14,https://www.dream11.com/kabaddi/create-team/1092/15145,N Narwal,BEN,DEF,33,11.5,
1568557815-35,https://www.dream11.com/kabaddi/create-team/1092/15145,R Kumawat,BEN,RAI,1,14,
1568557815-4,https://www.dream11.com/kabaddi/create-team/1092/15145,R Narwal,BEN,DEF,268,14,Announced
1568557815-41,https://www.dream11.com/kabaddi/create-team/1092/15145,R Narwal,BEN,RAI,9,12,
1568557815-36,https://www.dream11.com/kabaddi/create-team/1092/15145,S Hegde,BEN,RAI,45,13.5,
1568557815-28,https://www.dream11.com/kabaddi/create-team/1092/15145,S M Dubile,BEN,ALL,0,10.5,
1568557815-26,https://www.dream11.com/kabaddi/create-team/1092/15145,S T Patil,BEN,ALL,0,11,
1568557815-9,https://www.dream11.com/kabaddi/create-team/1092/15145,V Landge,BEN,DEF,68,13,
1568557815-13,https://www.dream11.com/kabaddi/create-team/1092/15145,V Thangadurai,BEN,DEF,25,12.5,