﻿web-scraper-order,web-scraper-start-url,rank,name,matches,points,profile,team
1565868664-1,https://www.prokabaddi.com/stats/49-101-high-5s-statistics,1,"Sandeep Kumar Dhull",5,3,"Defender, left corner",/static-assets/images/teams/small/3.png?v=6.08
1565868664-10,https://www.prokabaddi.com/stats/49-101-high-5s-statistics,4,"Manjeet Chhillar",6,2,"All Rounder",/static-assets/images/teams/small/29.png?v=6.08
1565868664-11,https://www.prokabaddi.com/stats/49-101-high-5s-statistics,11,"Mohit Chhillar",6,1,"Defender, right corner",/static-assets/images/teams/small/29.png?v=6.08
1565868664-12,https://www.prokabaddi.com/stats/49-101-high-5s-statistics,11,"Girish Maruti Ernak",6,1,"Defender, left corner",/static-assets/images/teams/small/7.png?v=6.08
1565868664-13,https://www.prokabaddi.com/stats/49-101-high-5s-statistics,11,"Vikas Kale",7,1,"Defender, right cover",/static-assets/images/teams/small/28.png?v=6.08
1565868664-14,https://www.prokabaddi.com/stats/49-101-high-5s-statistics,11,"Saurabh Nandal",6,1,"Defender, left corner",/static-assets/images/teams/small/1.png?v=6.08
1565868664-15,https://www.prokabaddi.com/stats/49-101-high-5s-statistics,11,"Neeraj Kumar",7,1,"Defender, right cover",/static-assets/images/teams/small/6.png?v=6.08
1565868664-16,https://www.prokabaddi.com/stats/49-101-high-5s-statistics,11,"Surinder Singh",7,1,Defender,/static-assets/images/teams/small/5.png?v=6.08
1565868664-17,https://www.prokabaddi.com/stats/49-101-high-5s-statistics,11,"Mahender Singh",7,1,"Defender, left cover",/static-assets/images/teams/small/1.png?v=6.08
1565868664-18,https://www.prokabaddi.com/stats/49-101-high-5s-statistics,11,"Amit Sheoran",7,1,Defender,/static-assets/images/teams/small/1.png?v=6.08
1565868664-19,https://www.prokabaddi.com/stats/49-101-high-5s-statistics,11,"Rinku Narwal",7,1,Defender,/static-assets/images/teams/small/4.png?v=6.08
1565868664-2,https://www.prokabaddi.com/stats/49-101-high-5s-statistics,1,"Sunil Kumar",8,3,Defender,/static-assets/images/teams/small/31.png?v=6.08
1565868668-20,https://www.prokabaddi.com/stats/49-21-successful-raids-statistics,1,"Pawan Kumar Sehrawat",7,68,Raider,/static-assets/images/teams/small/1.png?v=6.08
1565868668-21,https://www.prokabaddi.com/stats/49-21-successful-raids-statistics,2,"Naveen Kumar",6,56,Raider,/static-assets/images/teams/small/2.png?v=6.08
1565868668-22,https://www.prokabaddi.com/stats/49-21-successful-raids-statistics,3,"Pardeep Narwal",7,53,Raider,/static-assets/images/teams/small/6.png?v=6.08
1565868668-23,https://www.prokabaddi.com/stats/49-21-successful-raids-statistics,4,"Maninder Singh",7,46,Raider,/static-assets/images/teams/small/4.png?v=6.08
1565868668-24,https://www.prokabaddi.com/stats/49-21-successful-raids-statistics,5,"Siddharth Sirish Desai",8,45,Raider,/static-assets/images/teams/small/8.png?v=6.08
1565868668-25,https://www.prokabaddi.com/stats/49-21-successful-raids-statistics,6,"Rahul Chaudhari",6,35,Raider,/static-assets/images/teams/small/29.png?v=6.08
1565868668-26,https://www.prokabaddi.com/stats/49-21-successful-raids-statistics,7,"Vikash Kandola",4,33,Raider,/static-assets/images/teams/small/28.png?v=6.08
1565868668-27,https://www.prokabaddi.com/stats/49-21-successful-raids-statistics,8,"Deepak Niwas Hooda",5,32,"All Rounder",/static-assets/images/teams/small/3.png?v=6.08
1565868668-28,https://www.prokabaddi.com/stats/49-21-successful-raids-statistics,8,"Rohit Gulia",8,32,"All Rounder",/static-assets/images/teams/small/31.png?v=6.08
1565868668-29,https://www.prokabaddi.com/stats/49-21-successful-raids-statistics,8,"Sachin Tanwar",8,32,Raider,/static-assets/images/teams/small/31.png?v=6.08
1565868664-3,https://www.prokabaddi.com/stats/49-101-high-5s-statistics,1,"Baldev Singh",7,3,"Defender, right corner",/static-assets/images/teams/small/4.png?v=6.08
1565868668-30,https://www.prokabaddi.com/stats/49-21-successful-raids-statistics,11,"K. Prapanjan",7,31,Raider,/static-assets/images/teams/small/4.png?v=6.08
1565868668-31,https://www.prokabaddi.com/stats/49-21-successful-raids-statistics,12,"Abhishek Singh",6,30,Raider,/static-assets/images/teams/small/5.png?v=6.08
1565868668-32,https://www.prokabaddi.com/stats/49-21-successful-raids-statistics,12,Naveen,7,30,Raider,/static-assets/images/teams/small/28.png?v=6.08
1565868668-33,https://www.prokabaddi.com/stats/49-21-successful-raids-statistics,14,"Monu Goyat",8,29,Raider,/static-assets/images/teams/small/30.png?v=6.08
1565868668-34,https://www.prokabaddi.com/stats/49-21-successful-raids-statistics,14,"Chandran Ranjit",6,29,Raider,/static-assets/images/teams/small/2.png?v=6.08
1565868668-35,https://www.prokabaddi.com/stats/49-21-successful-raids-statistics,16,"Mohammad Esmaeil Nabibakhsh",7,26,"All Rounder",/static-assets/images/teams/small/4.png?v=6.08
1565868668-36,https://www.prokabaddi.com/stats/49-21-successful-raids-statistics,17,"Rohit Kumar",7,24,Raider,/static-assets/images/teams/small/1.png?v=6.08
1565868668-37,https://www.prokabaddi.com/stats/49-21-successful-raids-statistics,18,"Shrikant Jadhav",8,23,Raider,/static-assets/images/teams/small/30.png?v=6.08
1565868668-38,https://www.prokabaddi.com/stats/49-21-successful-raids-statistics,18,"Suraj Desai",6,23,Raider,/static-assets/images/teams/small/8.png?v=6.08
1565868668-39,https://www.prokabaddi.com/stats/49-21-successful-raids-statistics,20,"Ajay Thakur",6,20,Raider,/static-assets/images/teams/small/29.png?v=6.08
1565868664-4,https://www.prokabaddi.com/stats/49-101-high-5s-statistics,4,Sumit,8,2,"Defender, left corner",/static-assets/images/teams/small/30.png?v=6.08
1565868672-40,https://www.prokabaddi.com/stats/49-138-avg-raid-points-statistics,1,"Pawan Kumar Sehrawat",7,12.43,Raider,/static-assets/images/teams/small/1.png?v=6.08
1565868672-41,https://www.prokabaddi.com/stats/49-138-avg-raid-points-statistics,2,"Naveen Kumar",6,10.67,Raider,/static-assets/images/teams/small/2.png?v=6.08
1565868672-42,https://www.prokabaddi.com/stats/49-138-avg-raid-points-statistics,3,"Vikash Kandola",4,10,Raider,/static-assets/images/teams/small/28.png?v=6.08
1565868672-43,https://www.prokabaddi.com/stats/49-138-avg-raid-points-statistics,4,"Pardeep Narwal",7,8.43,Raider,/static-assets/images/teams/small/6.png?v=6.08
1565868672-44,https://www.prokabaddi.com/stats/49-138-avg-raid-points-statistics,5,"Deepak Niwas Hooda",5,8.2,"All Rounder",/static-assets/images/teams/small/3.png?v=6.08
1565868672-45,https://www.prokabaddi.com/stats/49-138-avg-raid-points-statistics,6,"Nitin Tomar",1,8,Raider,/static-assets/images/teams/small/7.png?v=6.08
1565868672-46,https://www.prokabaddi.com/stats/49-138-avg-raid-points-statistics,7,"Maninder Singh",7,7.86,Raider,/static-assets/images/teams/small/4.png?v=6.08
1565868672-47,https://www.prokabaddi.com/stats/49-138-avg-raid-points-statistics,8,"Rahul Chaudhari",6,7,Raider,/static-assets/images/teams/small/29.png?v=6.08
1565868672-48,https://www.prokabaddi.com/stats/49-138-avg-raid-points-statistics,9,"Siddharth Sirish Desai",8,6.25,Raider,/static-assets/images/teams/small/8.png?v=6.08
1565868672-49,https://www.prokabaddi.com/stats/49-138-avg-raid-points-statistics,10,"Suraj Desai",6,6.2,Raider,/static-assets/images/teams/small/8.png?v=6.08
1565868664-5,https://www.prokabaddi.com/stats/49-101-high-5s-statistics,4,Sunil,5,2,"Defender, right corner",/static-assets/images/teams/small/28.png?v=6.08
1565868672-50,https://www.prokabaddi.com/stats/49-138-avg-raid-points-statistics,11,"Chandran Ranjit",6,6.17,Raider,/static-assets/images/teams/small/2.png?v=6.08
1565868672-51,https://www.prokabaddi.com/stats/49-138-avg-raid-points-statistics,12,"K. Prapanjan",7,5.86,Raider,/static-assets/images/teams/small/4.png?v=6.08
1565868672-52,https://www.prokabaddi.com/stats/49-138-avg-raid-points-statistics,13,"Abhishek Singh",6,5.83,Raider,/static-assets/images/teams/small/5.png?v=6.08
1565868672-53,https://www.prokabaddi.com/stats/49-138-avg-raid-points-statistics,14,"Pankaj Mohite",4,5.75,Raider,/static-assets/images/teams/small/7.png?v=6.08
1565868672-54,https://www.prokabaddi.com/stats/49-138-avg-raid-points-statistics,15,"Rohit Gulia",8,5.38,"All Rounder",/static-assets/images/teams/small/31.png?v=6.08
1565868672-55,https://www.prokabaddi.com/stats/49-138-avg-raid-points-statistics,16,Naveen,7,5.14,Raider,/static-assets/images/teams/small/28.png?v=6.08
1565868672-56,https://www.prokabaddi.com/stats/49-138-avg-raid-points-statistics,17,"Mohammad Esmaeil Nabibakhsh",7,5,"All Rounder",/static-assets/images/teams/small/4.png?v=6.08
1565868672-57,https://www.prokabaddi.com/stats/49-138-avg-raid-points-statistics,17,"Sachin Tanwar",8,5,Raider,/static-assets/images/teams/small/31.png?v=6.08
1565868672-58,https://www.prokabaddi.com/stats/49-138-avg-raid-points-statistics,17,"Nitin Rawal",1,5,"All Rounder",/static-assets/images/teams/small/3.png?v=6.08
1565868672-59,https://www.prokabaddi.com/stats/49-138-avg-raid-points-statistics,20,"Ajay Thakur",6,4.83,Raider,/static-assets/images/teams/small/29.png?v=6.08
1565868664-6,https://www.prokabaddi.com/stats/49-101-high-5s-statistics,4,"Amit Hooda",5,2,"Defender, right corner",/static-assets/images/teams/small/3.png?v=6.08
1565868664-7,https://www.prokabaddi.com/stats/49-101-high-5s-statistics,4,Jaideep,7,2,"Defender, left corner",/static-assets/images/teams/small/6.png?v=6.08
1565868664-8,https://www.prokabaddi.com/stats/49-101-high-5s-statistics,4,"Parvesh Bhainswal",8,2,"Defender, left cover",/static-assets/images/teams/small/31.png?v=6.08
1565868664-9,https://www.prokabaddi.com/stats/49-101-high-5s-statistics,4,"Vishal Bhardwaj",8,2,Defender,/static-assets/images/teams/small/8.png?v=6.08
1565868675-60,https://www.prokabaddi.com/stats/49-100-super-10s-statistics,1,"Naveen Kumar",6,5,Raider,/static-assets/images/teams/small/2.png?v=6.08
1565868675-69,https://www.prokabaddi.com/stats/49-100-super-10s-statistics,8,"K. Prapanjan",7,1,Raider,/static-assets/images/teams/small/4.png?v=6.08
1565868675-70,https://www.prokabaddi.com/stats/49-100-super-10s-statistics,8,"Rohit Kumar",7,1,Raider,/static-assets/images/teams/small/1.png?v=6.08
1565868675-71,https://www.prokabaddi.com/stats/49-100-super-10s-statistics,8,"Mohammad Esmaeil Nabibakhsh",7,1,"All Rounder",/static-assets/images/teams/small/4.png?v=6.08
1565868675-72,https://www.prokabaddi.com/stats/49-100-super-10s-statistics,8,"Rohit Gulia",8,1,"All Rounder",/static-assets/images/teams/small/31.png?v=6.08
1565868675-73,https://www.prokabaddi.com/stats/49-100-super-10s-statistics,8,"Arjun Deshwal",6,1,Raider,/static-assets/images/teams/small/5.png?v=6.08
1565868675-74,https://www.prokabaddi.com/stats/49-100-super-10s-statistics,8,"Siddharth Sirish Desai",8,1,Raider,/static-assets/images/teams/small/8.png?v=6.08
1565868675-75,https://www.prokabaddi.com/stats/49-100-super-10s-statistics,8,"Abhishek Singh",6,1,Raider,/static-assets/images/teams/small/5.png?v=6.08
1565868675-76,https://www.prokabaddi.com/stats/49-100-super-10s-statistics,8,Naveen,7,1,Raider,/static-assets/images/teams/small/28.png?v=6.08
1565868675-77,https://www.prokabaddi.com/stats/49-100-super-10s-statistics,8,"Chandran Ranjit",6,1,Raider,/static-assets/images/teams/small/2.png?v=6.08
1565868679-78,https://www.prokabaddi.com/stats/49-139-avg-tackle-points-statistics,1,"Sandeep Kumar Dhull",5,4.6,"Defender, left corner",/static-assets/images/teams/small/3.png?v=6.08
1565868675-61,https://www.prokabaddi.com/stats/49-100-super-10s-statistics,2,"Pawan Kumar Sehrawat",7,4,Raider,/static-assets/images/teams/small/1.png?v=6.08
1565868679-79,https://www.prokabaddi.com/stats/49-139-avg-tackle-points-statistics,2,"Manjeet Chhillar",6,4.33,"All Rounder",/static-assets/images/teams/small/29.png?v=6.08
1565868679-80,https://www.prokabaddi.com/stats/49-139-avg-tackle-points-statistics,3,Sunil,5,3.6,"Defender, right corner",/static-assets/images/teams/small/28.png?v=6.08
1565868679-81,https://www.prokabaddi.com/stats/49-139-avg-tackle-points-statistics,4,Jaideep,7,3.43,"Defender, left corner",/static-assets/images/teams/small/6.png?v=6.08
1565868679-82,https://www.prokabaddi.com/stats/49-139-avg-tackle-points-statistics,4,"Baldev Singh",7,3.43,"Defender, right corner",/static-assets/images/teams/small/4.png?v=6.08
1565868679-83,https://www.prokabaddi.com/stats/49-139-avg-tackle-points-statistics,4,"Surinder Singh",7,3.43,Defender,/static-assets/images/teams/small/5.png?v=6.08
1565868679-84,https://www.prokabaddi.com/stats/49-139-avg-tackle-points-statistics,7,Sumit,8,3.25,"Defender, left corner",/static-assets/images/teams/small/30.png?v=6.08
1565868679-85,https://www.prokabaddi.com/stats/49-139-avg-tackle-points-statistics,7,"Vishal Bhardwaj",8,3.25,Defender,/static-assets/images/teams/small/8.png?v=6.08
1565868679-86,https://www.prokabaddi.com/stats/49-139-avg-tackle-points-statistics,9,"Amit Hooda",5,3.2,"Defender, right corner",/static-assets/images/teams/small/3.png?v=6.08
1565868679-87,https://www.prokabaddi.com/stats/49-139-avg-tackle-points-statistics,10,"Mahender Singh",7,3.14,"Defender, left cover",/static-assets/images/teams/small/1.png?v=6.08
1565868679-88,https://www.prokabaddi.com/stats/49-139-avg-tackle-points-statistics,11,"Girish Maruti Ernak",6,3,"Defender, left corner",/static-assets/images/teams/small/7.png?v=6.08
1565868675-62,https://www.prokabaddi.com/stats/49-100-super-10s-statistics,3,"Pardeep Narwal",7,3,Raider,/static-assets/images/teams/small/6.png?v=6.08
1565868679-89,https://www.prokabaddi.com/stats/49-139-avg-tackle-points-statistics,12,"Sunil Kumar",8,2.88,Defender,/static-assets/images/teams/small/31.png?v=6.08
1565868679-90,https://www.prokabaddi.com/stats/49-139-avg-tackle-points-statistics,12,"Parvesh Bhainswal",8,2.88,"Defender, left cover",/static-assets/images/teams/small/31.png?v=6.08
1565868679-91,https://www.prokabaddi.com/stats/49-139-avg-tackle-points-statistics,14,"Mohit Chhillar",6,2.83,"Defender, right corner",/static-assets/images/teams/small/29.png?v=6.08
1565868679-92,https://www.prokabaddi.com/stats/49-139-avg-tackle-points-statistics,15,"Neeraj Kumar",7,2.71,"Defender, right cover",/static-assets/images/teams/small/6.png?v=6.08
1565868679-93,https://www.prokabaddi.com/stats/49-139-avg-tackle-points-statistics,16,"Joginder Singh Narwal",6,2.5,"Defender, left corner",/static-assets/images/teams/small/2.png?v=6.08
1565868679-94,https://www.prokabaddi.com/stats/49-139-avg-tackle-points-statistics,17,"Fazel Atrachali",7,2.43,"Defender, left corner",/static-assets/images/teams/small/5.png?v=6.08
1565868679-95,https://www.prokabaddi.com/stats/49-139-avg-tackle-points-statistics,17,"Rinku Narwal",7,2.43,Defender,/static-assets/images/teams/small/4.png?v=6.08
1565868679-96,https://www.prokabaddi.com/stats/49-139-avg-tackle-points-statistics,19,"Dharmaraj Cheralathan",7,2.29,"Defender, right and left corner",/static-assets/images/teams/small/28.png?v=6.08
1565868679-97,https://www.prokabaddi.com/stats/49-139-avg-tackle-points-statistics,20,"Nitesh Kumar",8,2.25,Defender,/static-assets/images/teams/small/30.png?v=6.08
1565868683-98,https://www.prokabaddi.com/stats/49-22-raid-points-statistics,1,"Pawan Kumar Sehrawat",7,87,Raider,/static-assets/images/teams/small/1.png?v=6.08
1565868675-63,https://www.prokabaddi.com/stats/49-100-super-10s-statistics,3,"Deepak Niwas Hooda",5,3,"All Rounder",/static-assets/images/teams/small/3.png?v=6.08
1565868683-99,https://www.prokabaddi.com/stats/49-22-raid-points-statistics,2,"Naveen Kumar",6,64,Raider,/static-assets/images/teams/small/2.png?v=6.08
1565868683-100,https://www.prokabaddi.com/stats/49-22-raid-points-statistics,3,"Pardeep Narwal",7,59,Raider,/static-assets/images/teams/small/6.png?v=6.08
1565868683-101,https://www.prokabaddi.com/stats/49-22-raid-points-statistics,4,"Maninder Singh",7,55,Raider,/static-assets/images/teams/small/4.png?v=6.08
1565868683-102,https://www.prokabaddi.com/stats/49-22-raid-points-statistics,5,"Siddharth Sirish Desai",8,50,Raider,/static-assets/images/teams/small/8.png?v=6.08
1565868683-103,https://www.prokabaddi.com/stats/49-22-raid-points-statistics,6,"Rohit Gulia",8,43,"All Rounder",/static-assets/images/teams/small/31.png?v=6.08
1565868683-104,https://www.prokabaddi.com/stats/49-22-raid-points-statistics,7,"Rahul Chaudhari",6,42,Raider,/static-assets/images/teams/small/29.png?v=6.08
1565868683-105,https://www.prokabaddi.com/stats/49-22-raid-points-statistics,8,"Deepak Niwas Hooda",5,41,"All Rounder",/static-assets/images/teams/small/3.png?v=6.08
1565868683-106,https://www.prokabaddi.com/stats/49-22-raid-points-statistics,8,"K. Prapanjan",7,41,Raider,/static-assets/images/teams/small/4.png?v=6.08
1565868683-107,https://www.prokabaddi.com/stats/49-22-raid-points-statistics,10,"Vikash Kandola",4,40,Raider,/static-assets/images/teams/small/28.png?v=6.08
1565868683-108,https://www.prokabaddi.com/stats/49-22-raid-points-statistics,10,"Sachin Tanwar",8,40,Raider,/static-assets/images/teams/small/31.png?v=6.08
1565868675-64,https://www.prokabaddi.com/stats/49-100-super-10s-statistics,3,"Vikash Kandola",4,3,Raider,/static-assets/images/teams/small/28.png?v=6.08
1565868683-109,https://www.prokabaddi.com/stats/49-22-raid-points-statistics,12,"Chandran Ranjit",6,37,Raider,/static-assets/images/teams/small/2.png?v=6.08
1565868683-110,https://www.prokabaddi.com/stats/49-22-raid-points-statistics,13,Naveen,7,36,Raider,/static-assets/images/teams/small/28.png?v=6.08
1565868683-111,https://www.prokabaddi.com/stats/49-22-raid-points-statistics,14,"Mohammad Esmaeil Nabibakhsh",7,35,"All Rounder",/static-assets/images/teams/small/4.png?v=6.08
1565868683-112,https://www.prokabaddi.com/stats/49-22-raid-points-statistics,14,"Abhishek Singh",6,35,Raider,/static-assets/images/teams/small/5.png?v=6.08
1565868683-113,https://www.prokabaddi.com/stats/49-22-raid-points-statistics,16,"Monu Goyat",8,33,Raider,/static-assets/images/teams/small/30.png?v=6.08
1565868683-114,https://www.prokabaddi.com/stats/49-22-raid-points-statistics,17,"Suraj Desai",6,31,Raider,/static-assets/images/teams/small/8.png?v=6.08
1565868683-115,https://www.prokabaddi.com/stats/49-22-raid-points-statistics,17,"Rohit Kumar",7,31,Raider,/static-assets/images/teams/small/1.png?v=6.08
1565868683-116,https://www.prokabaddi.com/stats/49-22-raid-points-statistics,19,"Shrikant Jadhav",8,30,Raider,/static-assets/images/teams/small/30.png?v=6.08
1565868683-117,https://www.prokabaddi.com/stats/49-22-raid-points-statistics,20,"Ajay Thakur",6,29,Raider,/static-assets/images/teams/small/29.png?v=6.08
1565868675-65,https://www.prokabaddi.com/stats/49-100-super-10s-statistics,6,"Rahul Chaudhari",6,2,Raider,/static-assets/images/teams/small/29.png?v=6.08
1565868675-66,https://www.prokabaddi.com/stats/49-100-super-10s-statistics,6,"Maninder Singh",7,2,Raider,/static-assets/images/teams/small/4.png?v=6.08
1565868675-67,https://www.prokabaddi.com/stats/49-100-super-10s-statistics,8,"Pawan Kumar Kadian",5,1,Raider,/static-assets/images/teams/small/7.png?v=6.08
1565868675-68,https://www.prokabaddi.com/stats/49-100-super-10s-statistics,8,"Suraj Desai",6,1,Raider,/static-assets/images/teams/small/8.png?v=6.08
1565868687-118,https://www.prokabaddi.com/stats/49-132-do-or-die-raid-points-statistics,1,"Abhishek Singh",6,14,Raider,/static-assets/images/teams/small/5.png?v=6.08
1565868687-127,https://www.prokabaddi.com/stats/49-132-do-or-die-raid-points-statistics,10,"K. Prapanjan",7,7,Raider,/static-assets/images/teams/small/4.png?v=6.08
1565868687-128,https://www.prokabaddi.com/stats/49-132-do-or-die-raid-points-statistics,10,"Shrikant Jadhav",8,7,Raider,/static-assets/images/teams/small/30.png?v=6.08
1565868687-129,https://www.prokabaddi.com/stats/49-132-do-or-die-raid-points-statistics,10,"Rohit Gulia",8,7,"All Rounder",/static-assets/images/teams/small/31.png?v=6.08
1565868687-130,https://www.prokabaddi.com/stats/49-132-do-or-die-raid-points-statistics,10,Naveen,7,7,Raider,/static-assets/images/teams/small/28.png?v=6.08
1565868687-131,https://www.prokabaddi.com/stats/49-132-do-or-die-raid-points-statistics,14,"Amit Kumar",6,6,Raider,/static-assets/images/teams/small/7.png?v=6.08
1565868687-132,https://www.prokabaddi.com/stats/49-132-do-or-die-raid-points-statistics,14,"Jang Kun Lee",7,6,Raider,/static-assets/images/teams/small/6.png?v=6.08
1565868687-133,https://www.prokabaddi.com/stats/49-132-do-or-die-raid-points-statistics,16,"Ajay Thakur",6,5,Raider,/static-assets/images/teams/small/29.png?v=6.08
1565868687-134,https://www.prokabaddi.com/stats/49-132-do-or-die-raid-points-statistics,16,"Deepak Niwas Hooda",5,5,"All Rounder",/static-assets/images/teams/small/3.png?v=6.08
1565868687-135,https://www.prokabaddi.com/stats/49-132-do-or-die-raid-points-statistics,16,"Rohit Baliyan",7,5,Raider,/static-assets/images/teams/small/5.png?v=6.08
1565868687-136,https://www.prokabaddi.com/stats/49-132-do-or-die-raid-points-statistics,16,"Pawan Kumar Kadian",5,5,Raider,/static-assets/images/teams/small/7.png?v=6.08
1565868687-119,https://www.prokabaddi.com/stats/49-132-do-or-die-raid-points-statistics,2,"Pardeep Narwal",7,13,Raider,/static-assets/images/teams/small/6.png?v=6.08
1565868687-137,https://www.prokabaddi.com/stats/49-132-do-or-die-raid-points-statistics,16,Vinay,7,5,Raider,/static-assets/images/teams/small/28.png?v=6.08
1565868691-138,https://www.prokabaddi.com/stats/49-104-super-raids-statistics,1,"Pawan Kumar Sehrawat",7,3,Raider,/static-assets/images/teams/small/1.png?v=6.08
1565868691-139,https://www.prokabaddi.com/stats/49-104-super-raids-statistics,2,"Mohammad Esmaeil Nabibakhsh",7,2,"All Rounder",/static-assets/images/teams/small/4.png?v=6.08
1565868691-140,https://www.prokabaddi.com/stats/49-104-super-raids-statistics,2,"Sonu Jaglan",7,2,Raider,/static-assets/images/teams/small/31.png?v=6.08
1565868691-141,https://www.prokabaddi.com/stats/49-104-super-raids-statistics,2,"Ajay Thakur",6,2,Raider,/static-assets/images/teams/small/29.png?v=6.08
1565868691-142,https://www.prokabaddi.com/stats/49-104-super-raids-statistics,2,"Maninder Singh",7,2,Raider,/static-assets/images/teams/small/4.png?v=6.08
1565868691-143,https://www.prokabaddi.com/stats/49-104-super-raids-statistics,2,"Pardeep Narwal",7,2,Raider,/static-assets/images/teams/small/6.png?v=6.08
1565868691-144,https://www.prokabaddi.com/stats/49-104-super-raids-statistics,7,"K. Prapanjan",7,1,Raider,/static-assets/images/teams/small/4.png?v=6.08
1565868691-145,https://www.prokabaddi.com/stats/49-104-super-raids-statistics,7,"Rohit Baliyan",7,1,Raider,/static-assets/images/teams/small/5.png?v=6.08
1565868691-146,https://www.prokabaddi.com/stats/49-104-super-raids-statistics,7,"Selvamani K",4,1,Raider,/static-assets/images/teams/small/28.png?v=6.08
1565868687-120,https://www.prokabaddi.com/stats/49-132-do-or-die-raid-points-statistics,3,"Rahul Chaudhari",6,12,Raider,/static-assets/images/teams/small/29.png?v=6.08
1565868691-147,https://www.prokabaddi.com/stats/49-104-super-raids-statistics,7,"Chandran Ranjit",6,1,Raider,/static-assets/images/teams/small/2.png?v=6.08
1565868691-148,https://www.prokabaddi.com/stats/49-104-super-raids-statistics,7,"Deepak Niwas Hooda",5,1,"All Rounder",/static-assets/images/teams/small/3.png?v=6.08
1565868691-149,https://www.prokabaddi.com/stats/49-104-super-raids-statistics,7,"Suraj Desai",6,1,Raider,/static-assets/images/teams/small/8.png?v=6.08
1565868691-150,https://www.prokabaddi.com/stats/49-104-super-raids-statistics,7,Vinay,7,1,Raider,/static-assets/images/teams/small/28.png?v=6.08
1565868691-151,https://www.prokabaddi.com/stats/49-104-super-raids-statistics,7,"Pankaj Mohite",4,1,Raider,/static-assets/images/teams/small/7.png?v=6.08
1565868691-152,https://www.prokabaddi.com/stats/49-104-super-raids-statistics,7,"Surinder Singh",7,1,Defender,/static-assets/images/teams/small/5.png?v=6.08
1565868691-153,https://www.prokabaddi.com/stats/49-104-super-raids-statistics,7,"Naveen Kumar",6,1,Raider,/static-assets/images/teams/small/2.png?v=6.08
1565868691-154,https://www.prokabaddi.com/stats/49-104-super-raids-statistics,7,Armaan,4,1,"All Rounder",/static-assets/images/teams/small/8.png?v=6.08
1565868694-155,https://www.prokabaddi.com/stats/49-103-tackle-points-statistics,1,"Manjeet Chhillar",6,26,"All Rounder",/static-assets/images/teams/small/29.png?v=6.08
1565868694-156,https://www.prokabaddi.com/stats/49-103-tackle-points-statistics,1,"Vishal Bhardwaj",8,26,Defender,/static-assets/images/teams/small/8.png?v=6.08
1565868687-121,https://www.prokabaddi.com/stats/49-132-do-or-die-raid-points-statistics,4,"Vikash Kandola",4,10,Raider,/static-assets/images/teams/small/28.png?v=6.08
1565868694-157,https://www.prokabaddi.com/stats/49-103-tackle-points-statistics,1,Sumit,8,26,"Defender, left corner",/static-assets/images/teams/small/30.png?v=6.08
1565868694-158,https://www.prokabaddi.com/stats/49-103-tackle-points-statistics,4,"Baldev Singh",7,24,"Defender, right corner",/static-assets/images/teams/small/4.png?v=6.08
1565868694-159,https://www.prokabaddi.com/stats/49-103-tackle-points-statistics,4,Jaideep,7,24,"Defender, left corner",/static-assets/images/teams/small/6.png?v=6.08
1565868694-160,https://www.prokabaddi.com/stats/49-103-tackle-points-statistics,4,"Surinder Singh",7,24,Defender,/static-assets/images/teams/small/5.png?v=6.08
1565868694-161,https://www.prokabaddi.com/stats/49-103-tackle-points-statistics,7,"Sunil Kumar",8,23,Defender,/static-assets/images/teams/small/31.png?v=6.08
1565868694-162,https://www.prokabaddi.com/stats/49-103-tackle-points-statistics,7,"Parvesh Bhainswal",8,23,"Defender, left cover",/static-assets/images/teams/small/31.png?v=6.08
1565868694-163,https://www.prokabaddi.com/stats/49-103-tackle-points-statistics,7,"Sandeep Kumar Dhull",5,23,"Defender, left corner",/static-assets/images/teams/small/3.png?v=6.08
1565868694-164,https://www.prokabaddi.com/stats/49-103-tackle-points-statistics,10,"Mahender Singh",7,22,"Defender, left cover",/static-assets/images/teams/small/1.png?v=6.08
1565868694-165,https://www.prokabaddi.com/stats/49-103-tackle-points-statistics,11,"Neeraj Kumar",7,19,"Defender, right cover",/static-assets/images/teams/small/6.png?v=6.08
1565868694-166,https://www.prokabaddi.com/stats/49-103-tackle-points-statistics,12,"Nitesh Kumar",8,18,Defender,/static-assets/images/teams/small/30.png?v=6.08
1565868687-122,https://www.prokabaddi.com/stats/49-132-do-or-die-raid-points-statistics,4,"Sachin Tanwar",8,10,Raider,/static-assets/images/teams/small/31.png?v=6.08
1565868694-167,https://www.prokabaddi.com/stats/49-103-tackle-points-statistics,12,"Girish Maruti Ernak",6,18,"Defender, left corner",/static-assets/images/teams/small/7.png?v=6.08
1565868694-168,https://www.prokabaddi.com/stats/49-103-tackle-points-statistics,12,Sunil,5,18,"Defender, right corner",/static-assets/images/teams/small/28.png?v=6.08
1565868694-169,https://www.prokabaddi.com/stats/49-103-tackle-points-statistics,15,"Rinku Narwal",7,17,Defender,/static-assets/images/teams/small/4.png?v=6.08
1565868694-170,https://www.prokabaddi.com/stats/49-103-tackle-points-statistics,15,"Mohit Chhillar",6,17,"Defender, right corner",/static-assets/images/teams/small/29.png?v=6.08
1565868694-171,https://www.prokabaddi.com/stats/49-103-tackle-points-statistics,15,"Fazel Atrachali",7,17,"Defender, left corner",/static-assets/images/teams/small/5.png?v=6.08
1565868694-172,https://www.prokabaddi.com/stats/49-103-tackle-points-statistics,18,"Amit Hooda",5,16,"Defender, right corner",/static-assets/images/teams/small/3.png?v=6.08
1565868694-173,https://www.prokabaddi.com/stats/49-103-tackle-points-statistics,18,"Dharmaraj Cheralathan",7,16,"Defender, right and left corner",/static-assets/images/teams/small/28.png?v=6.08
1565868694-174,https://www.prokabaddi.com/stats/49-103-tackle-points-statistics,20,"Vikas Kale",7,15,"Defender, right cover",/static-assets/images/teams/small/28.png?v=6.08
1565868687-123,https://www.prokabaddi.com/stats/49-132-do-or-die-raid-points-statistics,6,"Maninder Singh",7,9,Raider,/static-assets/images/teams/small/4.png?v=6.08
1565868687-124,https://www.prokabaddi.com/stats/49-132-do-or-die-raid-points-statistics,6,"Pankaj Mohite",4,9,Raider,/static-assets/images/teams/small/7.png?v=6.08
1565868687-125,https://www.prokabaddi.com/stats/49-132-do-or-die-raid-points-statistics,8,"Naveen Kumar",6,8,Raider,/static-assets/images/teams/small/2.png?v=6.08
1565868687-126,https://www.prokabaddi.com/stats/49-132-do-or-die-raid-points-statistics,8,"Deepak Narwal",5,8,Raider,/static-assets/images/teams/small/3.png?v=6.08
1565868698-175,https://www.prokabaddi.com/stats/49-23-successful-tackles-statistics,1,Sumit,8,26,"Defender, left corner",/static-assets/images/teams/small/30.png?v=6.08
1565868698-184,https://www.prokabaddi.com/stats/49-23-successful-tackles-statistics,10,"Neeraj Kumar",7,18,"Defender, right cover",/static-assets/images/teams/small/6.png?v=6.08
1565868698-185,https://www.prokabaddi.com/stats/49-23-successful-tackles-statistics,10,Sunil,5,18,"Defender, right corner",/static-assets/images/teams/small/28.png?v=6.08
1565868698-186,https://www.prokabaddi.com/stats/49-23-successful-tackles-statistics,12,"Rinku Narwal",7,17,Defender,/static-assets/images/teams/small/4.png?v=6.08
1565868698-187,https://www.prokabaddi.com/stats/49-23-successful-tackles-statistics,12,"Mahender Singh",7,17,"Defender, left cover",/static-assets/images/teams/small/1.png?v=6.08
1565868698-188,https://www.prokabaddi.com/stats/49-23-successful-tackles-statistics,14,"Nitesh Kumar",8,16,Defender,/static-assets/images/teams/small/30.png?v=6.08
1565868698-189,https://www.prokabaddi.com/stats/49-23-successful-tackles-statistics,14,"Fazel Atrachali",7,16,"Defender, left corner",/static-assets/images/teams/small/5.png?v=6.08
1565868698-190,https://www.prokabaddi.com/stats/49-23-successful-tackles-statistics,14,"Mohit Chhillar",6,16,"Defender, right corner",/static-assets/images/teams/small/29.png?v=6.08
1565868698-191,https://www.prokabaddi.com/stats/49-23-successful-tackles-statistics,17,"Girish Maruti Ernak",6,15,"Defender, left corner",/static-assets/images/teams/small/7.png?v=6.08
1565868698-192,https://www.prokabaddi.com/stats/49-23-successful-tackles-statistics,17,"Vikas Kale",7,15,"Defender, right cover",/static-assets/images/teams/small/28.png?v=6.08
1565868698-193,https://www.prokabaddi.com/stats/49-23-successful-tackles-statistics,17,"Amit Hooda",5,15,"Defender, right corner",/static-assets/images/teams/small/3.png?v=6.08
1565868698-176,https://www.prokabaddi.com/stats/49-23-successful-tackles-statistics,2,"Manjeet Chhillar",6,24,"All Rounder",/static-assets/images/teams/small/29.png?v=6.08
1565868698-194,https://www.prokabaddi.com/stats/49-23-successful-tackles-statistics,20,"Dharmaraj Cheralathan",7,14,"Defender, right and left corner",/static-assets/images/teams/small/28.png?v=6.08
1565868701-195,https://www.prokabaddi.com/stats/49-28-super-tackles-statistics,1,"Mahender Singh",7,5,"Defender, left cover",/static-assets/images/teams/small/1.png?v=6.08
1565868701-196,https://www.prokabaddi.com/stats/49-28-super-tackles-statistics,2,Monu,7,4,Raider,/static-assets/images/teams/small/6.png?v=6.08
1565868701-197,https://www.prokabaddi.com/stats/49-28-super-tackles-statistics,2,"Sunil Kumar",8,4,Defender,/static-assets/images/teams/small/31.png?v=6.08
1565868701-198,https://www.prokabaddi.com/stats/49-28-super-tackles-statistics,4,"Baldev Singh",7,3,"Defender, right corner",/static-assets/images/teams/small/4.png?v=6.08
1565868701-199,https://www.prokabaddi.com/stats/49-28-super-tackles-statistics,4,"Girish Maruti Ernak",6,3,"Defender, left corner",/static-assets/images/teams/small/7.png?v=6.08
1565868701-200,https://www.prokabaddi.com/stats/49-28-super-tackles-statistics,4,"Joginder Singh Narwal",6,3,"Defender, left corner",/static-assets/images/teams/small/2.png?v=6.08
1565868701-201,https://www.prokabaddi.com/stats/49-28-super-tackles-statistics,4,"Vishal Bhardwaj",8,3,Defender,/static-assets/images/teams/small/8.png?v=6.08
1565868701-202,https://www.prokabaddi.com/stats/49-28-super-tackles-statistics,8,"PO Surjeet Singh",6,2,"Defender, right cover",/static-assets/images/teams/small/7.png?v=6.08
1565868701-203,https://www.prokabaddi.com/stats/49-28-super-tackles-statistics,8,"Parvesh Bhainswal",8,2,"Defender, left cover",/static-assets/images/teams/small/31.png?v=6.08
1565868698-177,https://www.prokabaddi.com/stats/49-23-successful-tackles-statistics,3,"Vishal Bhardwaj",8,23,Defender,/static-assets/images/teams/small/8.png?v=6.08
1565868701-204,https://www.prokabaddi.com/stats/49-28-super-tackles-statistics,8,"Hadi Oshtorak",7,2,"All Rounder",/static-assets/images/teams/small/6.png?v=6.08
1565868701-205,https://www.prokabaddi.com/stats/49-28-super-tackles-statistics,8,"Ashish Kumar",5,2,"All Rounder",/static-assets/images/teams/small/1.png?v=6.08
1565868701-206,https://www.prokabaddi.com/stats/49-28-super-tackles-statistics,8,"Dharmaraj Cheralathan",7,2,"Defender, right and left corner",/static-assets/images/teams/small/28.png?v=6.08
1565868701-207,https://www.prokabaddi.com/stats/49-28-super-tackles-statistics,8,"Manjeet Chhillar",6,2,"All Rounder",/static-assets/images/teams/small/29.png?v=6.08
1565868701-208,https://www.prokabaddi.com/stats/49-28-super-tackles-statistics,8,"Sandeep Narwal",7,2,"All Rounder",/static-assets/images/teams/small/5.png?v=6.08
1565868701-209,https://www.prokabaddi.com/stats/49-28-super-tackles-statistics,8,"Nitesh Kumar",8,2,Defender,/static-assets/images/teams/small/30.png?v=6.08
1565868701-210,https://www.prokabaddi.com/stats/49-28-super-tackles-statistics,8,"Mohammad Esmaeil Nabibakhsh",7,2,"All Rounder",/static-assets/images/teams/small/4.png?v=6.08
1565868701-211,https://www.prokabaddi.com/stats/49-28-super-tackles-statistics,8,"Young Chang Ko",6,2,"Defender, left cover",/static-assets/images/teams/small/5.png?v=6.08
1565868701-212,https://www.prokabaddi.com/stats/49-28-super-tackles-statistics,8,"Amit Sheoran",7,2,Defender,/static-assets/images/teams/small/1.png?v=6.08
1565868701-213,https://www.prokabaddi.com/stats/49-28-super-tackles-statistics,8,"Jadhav Balasaheb Shahaji",4,2,"Defender, right cover",/static-assets/images/teams/small/7.png?v=6.08
1565868698-178,https://www.prokabaddi.com/stats/49-23-successful-tackles-statistics,3,"Surinder Singh",7,23,Defender,/static-assets/images/teams/small/5.png?v=6.08
1565868701-214,https://www.prokabaddi.com/stats/49-28-super-tackles-statistics,8,Ankit,8,2,"Defender, right corner",/static-assets/images/teams/small/31.png?v=6.08
1565868706-215,https://www.prokabaddi.com/stats/49-102-total-points-statistics,1,"Pawan Kumar Sehrawat",7,96,Raider,/static-assets/images/teams/small/1.png?v=6.08
1565868706-216,https://www.prokabaddi.com/stats/49-102-total-points-statistics,2,"Naveen Kumar",6,65,Raider,/static-assets/images/teams/small/2.png?v=6.08
1565868706-217,https://www.prokabaddi.com/stats/49-102-total-points-statistics,3,"Pardeep Narwal",7,59,Raider,/static-assets/images/teams/small/6.png?v=6.08
1565868706-218,https://www.prokabaddi.com/stats/49-102-total-points-statistics,4,"Maninder Singh",7,55,Raider,/static-assets/images/teams/small/4.png?v=6.08
1565868706-219,https://www.prokabaddi.com/stats/49-102-total-points-statistics,5,"Siddharth Sirish Desai",8,52,Raider,/static-assets/images/teams/small/8.png?v=6.08
1565868706-220,https://www.prokabaddi.com/stats/49-102-total-points-statistics,6,"Rahul Chaudhari",6,47,Raider,/static-assets/images/teams/small/29.png?v=6.08
1565868706-221,https://www.prokabaddi.com/stats/49-102-total-points-statistics,7,"Rohit Gulia",8,45,"All Rounder",/static-assets/images/teams/small/31.png?v=6.08
1565868706-222,https://www.prokabaddi.com/stats/49-102-total-points-statistics,8,"Mohammad Esmaeil Nabibakhsh",7,44,"All Rounder",/static-assets/images/teams/small/4.png?v=6.08
1565868706-223,https://www.prokabaddi.com/stats/49-102-total-points-statistics,9,"Deepak Niwas Hooda",5,43,"All Rounder",/static-assets/images/teams/small/3.png?v=6.08
1565868698-179,https://www.prokabaddi.com/stats/49-23-successful-tackles-statistics,5,Jaideep,7,22,"Defender, left corner",/static-assets/images/teams/small/6.png?v=6.08
1565868706-224,https://www.prokabaddi.com/stats/49-102-total-points-statistics,10,"K. Prapanjan",7,42,Raider,/static-assets/images/teams/small/4.png?v=6.08
1565868706-225,https://www.prokabaddi.com/stats/49-102-total-points-statistics,10,"Vikash Kandola",4,42,Raider,/static-assets/images/teams/small/28.png?v=6.08
1565868706-226,https://www.prokabaddi.com/stats/49-102-total-points-statistics,12,"Chandran Ranjit",6,41,Raider,/static-assets/images/teams/small/2.png?v=6.08
1565868706-227,https://www.prokabaddi.com/stats/49-102-total-points-statistics,12,"Sachin Tanwar",8,41,Raider,/static-assets/images/teams/small/31.png?v=6.08
1565868706-228,https://www.prokabaddi.com/stats/49-102-total-points-statistics,14,Naveen,7,38,Raider,/static-assets/images/teams/small/28.png?v=6.08
1565868706-229,https://www.prokabaddi.com/stats/49-102-total-points-statistics,15,"Abhishek Singh",6,36,Raider,/static-assets/images/teams/small/5.png?v=6.08
1565868706-230,https://www.prokabaddi.com/stats/49-102-total-points-statistics,15,"Monu Goyat",8,36,Raider,/static-assets/images/teams/small/30.png?v=6.08
1565868706-231,https://www.prokabaddi.com/stats/49-102-total-points-statistics,17,"Rohit Kumar",7,34,Raider,/static-assets/images/teams/small/1.png?v=6.08
1565868706-232,https://www.prokabaddi.com/stats/49-102-total-points-statistics,18,"Shrikant Jadhav",8,33,Raider,/static-assets/images/teams/small/30.png?v=6.08
1565868706-233,https://www.prokabaddi.com/stats/49-102-total-points-statistics,19,"Suraj Desai",6,32,Raider,/static-assets/images/teams/small/8.png?v=6.08
1565868698-180,https://www.prokabaddi.com/stats/49-23-successful-tackles-statistics,5,"Sandeep Kumar Dhull",5,22,"Defender, left corner",/static-assets/images/teams/small/3.png?v=6.08
1565868706-234,https://www.prokabaddi.com/stats/49-102-total-points-statistics,20,"More GB",7,31,Raider,/static-assets/images/teams/small/31.png?v=6.08
1565868698-181,https://www.prokabaddi.com/stats/49-23-successful-tackles-statistics,7,"Baldev Singh",7,21,"Defender, right corner",/static-assets/images/teams/small/4.png?v=6.08
1565868698-182,https://www.prokabaddi.com/stats/49-23-successful-tackles-statistics,7,"Parvesh Bhainswal",8,21,"Defender, left cover",/static-assets/images/teams/small/31.png?v=6.08
1565868698-183,https://www.prokabaddi.com/stats/49-23-successful-tackles-statistics,9,"Sunil Kumar",8,19,Defender,/static-assets/images/teams/small/31.png?v=6.08
