web-scraper-order,web-scraper-start-url,name,team,type,points,credits,announced
1566232698-1,https://www.dream11.com/kabaddi/create-team/1092/15113,F Atrachali,MUM,DEF,144,16,Announced
1566232698-10,https://www.dream11.com/kabaddi/create-team/1092/15113,Anil,MUM,DEF,0,12.5,
1566232698-11,https://www.dream11.com/kabaddi/create-team/1092/15113,Y Chang-Ko,MUM,DEF,57,12.5,
1566232698-12,https://www.dream11.com/kabaddi/create-team/1092/15113,S Narwal,HAR,DEF,0,11,
1566232698-13,https://www.dream11.com/kabaddi/create-team/1092/15113,V Kandola,HAR,DEF,4,11,
1566232698-14,https://www.dream11.com/kabaddi/create-team/1092/15113,H Vardhan,MUM,DEF,4,11,
1566232698-15,https://www.dream11.com/kabaddi/create-team/1092/15113,C Singh,HAR,DEF,7,9.5,
1566232698-16,https://www.dream11.com/kabaddi/create-team/1092/15113,Naveen-I,HAR,ALL,159,15.5,Announced
1566232698-17,https://www.dream11.com/kabaddi/create-team/1092/15113,K Singh,HAR,ALL,46,14.5,
1566232698-18,https://www.dream11.com/kabaddi/create-team/1092/15113,S Narwal,MUM,ALL,131,14.5,Announced
1566232698-19,https://www.dream11.com/kabaddi/create-team/1092/15113,A R Kapre,MUM,ALL,4,12.5,
1566232698-2,https://www.dream11.com/kabaddi/create-team/1092/15113,D Cheralathan,HAR,DEF,117,15,Announced
1566232698-20,https://www.dream11.com/kabaddi/create-team/1092/15113,P Tin,HAR,ALL,0,12,
1566232698-21,https://www.dream11.com/kabaddi/create-team/1092/15113,M Balyan,MUM,ALL,0,12,
1566232698-22,https://www.dream11.com/kabaddi/create-team/1092/15113,V Khandola,HAR,RAI,193,15.5,Announced
1566232698-23,https://www.dream11.com/kabaddi/create-team/1092/15113,Abhishek-Singh,MUM,RAI,160,14,
1566232698-24,https://www.dream11.com/kabaddi/create-team/1092/15113,R Baliyan,MUM,RAI,142,14.5,Announced
1566232698-25,https://www.dream11.com/kabaddi/create-team/1092/15113,P Kumar-Rai,HAR,RAI,25,14,Announced
1566232698-26,https://www.dream11.com/kabaddi/create-team/1092/15113,K Selvamani,HAR,RAI,38,14,
1566232698-27,https://www.dream11.com/kabaddi/create-team/1092/15113,M Athul,MUM,RAI,59,13.5,Announced
1566232698-28,https://www.dream11.com/kabaddi/create-team/1092/15113,D Geon-Lee,MUM,RAI,37,13.5,
1566232698-29,https://www.dream11.com/kabaddi/create-team/1092/15113,Vinay,HAR,RAI,139,13,
1566232698-3,https://www.dream11.com/kabaddi/create-team/1092/15113,Surinder-Singh,MUM,DEF,180,14,Announced
1566232698-30,https://www.dream11.com/kabaddi/create-team/1092/15113,Vinoth-Kumar,MUM,RAI,4,13,
1566232698-31,https://www.dream11.com/kabaddi/create-team/1092/15113,Arun-Kumar,HAR,RAI,5,12.5,
1566232698-32,https://www.dream11.com/kabaddi/create-team/1092/15113,Gaurav-Kumar,MUM,RAI,0,12.5,
1566232698-33,https://www.dream11.com/kabaddi/create-team/1092/15113,A Deshwal,MUM,RAI,118,12.5,Announced
1566232698-34,https://www.dream11.com/kabaddi/create-team/1092/15113,Navneet,MUM,RAI,0,12,
1566232698-35,https://www.dream11.com/kabaddi/create-team/1092/15113,V Chhillar,HAR,RAI,0,11.5,
1566232698-36,https://www.dream11.com/kabaddi/create-team/1092/15113,A M Maleki,HAR,RAI,0,10,
1566232698-4,https://www.dream11.com/kabaddi/create-team/1092/15113,Parveen,HAR,DEF,34,12.5,Announced
1566232698-5,https://www.dream11.com/kabaddi/create-team/1092/15113,V Kale,HAR,DEF,108,13.5,
1566232698-6,https://www.dream11.com/kabaddi/create-team/1092/15113,Ravi-Kumar,HAR,DEF,54,13.5,Announced
1566232698-7,https://www.dream11.com/kabaddi/create-team/1092/15113,R Subramanian,MUM,DEF,2,13.5,
1566232698-8,https://www.dream11.com/kabaddi/create-team/1092/15113,Sunil,HAR,DEF,119,13,Announced
1566232698-9,https://www.dream11.com/kabaddi/create-team/1092/15113,H Kumar,MUM,DEF,27,12.5,Announced