﻿web-scraper-order,web-scraper-start-url,name,team,type,points,credits,announced
1565963144-1,https://www.dream11.com/kabaddi/create-team/1092/15107,"F Atrachali",MUM,DEF,124,16,Announced
1565963144-10,https://www.dream11.com/kabaddi/create-team/1092/15107,Anil,MUM,DEF,0,12.5,
1565963144-11,https://www.dream11.com/kabaddi/create-team/1092/15107,"Y Chang-Ko",MUM,DEF,52,12.5,Announced
1565963144-12,https://www.dream11.com/kabaddi/create-team/1092/15107,"B Narwal",PAT,DEF,0,12,
1565963144-13,https://www.dream11.com/kabaddi/create-team/1092/15107,"M Choudhary",PAT,DEF,0,12,
1565963144-14,https://www.dream11.com/kabaddi/create-team/1092/15107,"H Vardhan",MUM,DEF,4,11,
1565963144-15,https://www.dream11.com/kabaddi/create-team/1092/15107,"S Narwal",MUM,ALL,104,14.5,Announced
1565963144-16,https://www.dream11.com/kabaddi/create-team/1092/15107,"V Jaglan",PAT,ALL,72,14,Announced
1565963144-17,https://www.dream11.com/kabaddi/create-team/1092/15107,Monu,PAT,ALL,95,13.5,
1565963144-18,https://www.dream11.com/kabaddi/create-team/1092/15107,Ravinder-I,PAT,ALL,0,13,
1565963144-19,https://www.dream11.com/kabaddi/create-team/1092/15107,"A R Kapre",MUM,ALL,4,12.5,
1565963144-2,https://www.dream11.com/kabaddi/create-team/1092/15107,"S Nada",PAT,DEF,0,14.5,
1565963144-20,https://www.dream11.com/kabaddi/create-team/1092/15107,"M Balyan",MUM,ALL,0,12,
1565963144-21,https://www.dream11.com/kabaddi/create-team/1092/15107,"S Mann",PAT,ALL,0,11,
1565963144-22,https://www.dream11.com/kabaddi/create-team/1092/15107,Amit-Kumar-II,PAT,ALL,0,10.5,
1565963144-23,https://www.dream11.com/kabaddi/create-team/1092/15107,"P Narwal",PAT,RAI,218,17.5,Announced
1565963144-24,https://www.dream11.com/kabaddi/create-team/1092/15107,"J Kun-Lee",PAT,RAI,82,15,Announced
1565963144-25,https://www.dream11.com/kabaddi/create-team/1092/15107,Abhishek-Singh,MUM,RAI,160,15,
1565963144-26,https://www.dream11.com/kabaddi/create-team/1092/15107,"M E M Mahalli",PAT,RAI,73,14.5,Announced
1565963144-27,https://www.dream11.com/kabaddi/create-team/1092/15107,"R Baliyan",MUM,RAI,109,14.5,Announced
1565963144-28,https://www.dream11.com/kabaddi/create-team/1092/15107,"M Athul",MUM,RAI,29,13.5,Announced
1565963144-29,https://www.dream11.com/kabaddi/create-team/1092/15107,"D Geon-Lee",MUM,RAI,37,13.5,
1565963144-3,https://www.dream11.com/kabaddi/create-team/1092/15107,Surinder-Singh,MUM,DEF,176,14.5,Announced
1565963144-30,https://www.dream11.com/kabaddi/create-team/1092/15107,Vinoth-Kumar,MUM,RAI,4,13,
1565963144-31,https://www.dream11.com/kabaddi/create-team/1092/15107,Gaurav-Kumar,MUM,RAI,0,12.5,
1565963144-32,https://www.dream11.com/kabaddi/create-team/1092/15107,"A Deshwal",MUM,RAI,101,12.5,Announced
1565963144-33,https://www.dream11.com/kabaddi/create-team/1092/15107,"P Singh",PAT,RAI,4,12,
1565963144-34,https://www.dream11.com/kabaddi/create-team/1092/15107,Navneet,MUM,RAI,0,12,
1565963144-35,https://www.dream11.com/kabaddi/create-team/1092/15107,"R P Rao-Chavan",PAT,RAI,0,11.5,
1565963144-36,https://www.dream11.com/kabaddi/create-team/1092/15107,Mohit,PAT,RAI,0,11.5,
1565963144-37,https://www.dream11.com/kabaddi/create-team/1092/15107,Ashish,PAT,RAI,14,11,
1565963144-38,https://www.dream11.com/kabaddi/create-team/1092/15107,Naveen,PAT,RAI,0,11,
1565963144-4,https://www.dream11.com/kabaddi/create-team/1092/15107,Jaideep,PAT,DEF,154,13.5,Announced
1565963144-5,https://www.dream11.com/kabaddi/create-team/1092/15107,"J Dagar",PAT,DEF,2,13.5,
1565963144-6,https://www.dream11.com/kabaddi/create-team/1092/15107,"H Oshtorak",PAT,DEF,80,13.5,Announced
1565963144-7,https://www.dream11.com/kabaddi/create-team/1092/15107,"R Subramanian",MUM,DEF,2,13.5,
1565963144-8,https://www.dream11.com/kabaddi/create-team/1092/15107,Neeraj-Kumar,PAT,DEF,130,12.5,Announced
1565963144-9,https://www.dream11.com/kabaddi/create-team/1092/15107,"H Kumar",MUM,DEF,25,12.5,
