web-scraper-order,web-scraper-start-url,name,team,type,points,credits,announced
1568557769-3,https://www.dream11.com/kabaddi/create-team/1092/15150,A Hooda,JAI,DEF,182,14.5,Announced
1568557769-30,https://www.dream11.com/kabaddi/create-team/1092/15150,A Pawar,JAI,RAI,62,12.5,
1568557769-11,https://www.dream11.com/kabaddi/create-team/1092/15150,A.Elavarasan,JAI,DEF,33,11.5,Announced
1568557769-24,https://www.dream11.com/kabaddi/create-team/1092/15150,D Kim,JAI,ALL,0,10.5,
1568557769-14,https://www.dream11.com/kabaddi/create-team/1092/15150,D N Hooda,JAI,ALL,436,15.5,Announced
1568557769-27,https://www.dream11.com/kabaddi/create-team/1092/15150,D Narwal,JAI,RAI,165,14.5,
1568557769-37,https://www.dream11.com/kabaddi/create-team/1092/15150,G Singh,JAI,RAI,2,11.5,
1568557769-13,https://www.dream11.com/kabaddi/create-team/1092/15150,Karamvir,JAI,DEF,0,10,
1568557769-33,https://www.dream11.com/kabaddi/create-team/1092/15150,L Kaushik,JAI,RAI,0,12,
1568557769-36,https://www.dream11.com/kabaddi/create-team/1092/15150,M Chathuranga,JAI,RAI,1,11.5,
1568557769-17,https://www.dream11.com/kabaddi/create-team/1092/15150,N Rawal,JAI,ALL,177,13.5,Announced
1568557769-29,https://www.dream11.com/kabaddi/create-team/1092/15150,N Salunke,JAI,RAI,85,13.5,Announced
1568557769-12,https://www.dream11.com/kabaddi/create-team/1092/15150,Pavan-T-R,JAI,DEF,85,11,Announced
1568557769-32,https://www.dream11.com/kabaddi/create-team/1092/15150,S Gulia,JAI,RAI,16,12,
1568557769-1,https://www.dream11.com/kabaddi/create-team/1092/15150,S K Dhull,JAI,DEF,317,15,Announced
1568557769-21,https://www.dream11.com/kabaddi/create-team/1092/15150,S Narwal,JAI,ALL,62,12.5,
1568557769-7,https://www.dream11.com/kabaddi/create-team/1092/15150,S Siddhgavali,JAI,DEF,97,13,
1568557769-20,https://www.dream11.com/kabaddi/create-team/1092/15150,Santhapanaselvam,JAI,ALL,56,13,
1568557769-18,https://www.dream11.com/kabaddi/create-team/1092/15150,Vishal,JAI,ALL,175,13.5,
1568557769-23,https://www.dream11.com/kabaddi/create-team/1092/15150,Amit-Kumar-II,PAT,ALL,20,10.5,
1568557769-38,https://www.dream11.com/kabaddi/create-team/1092/15150,Ashish,PAT,RAI,22,11,
1568557769-9,https://www.dream11.com/kabaddi/create-team/1092/15150,B Narwal,PAT,DEF,0,12,
1568557769-5,https://www.dream11.com/kabaddi/create-team/1092/15150,H Oshtorak,PAT,DEF,204,13.5,Announced
1568557769-8,https://www.dream11.com/kabaddi/create-team/1092/15150,J Dagar,PAT,DEF,32,12.5,
1568557769-26,https://www.dream11.com/kabaddi/create-team/1092/15150,J Kun-Lee,PAT,RAI,96,15,Announced
1568557769-4,https://www.dream11.com/kabaddi/create-team/1092/15150,Jaideep,PAT,DEF,263,14,Announced
1568557769-10,https://www.dream11.com/kabaddi/create-team/1092/15150,M Choudhary,PAT,DEF,0,12,
1568557769-28,https://www.dream11.com/kabaddi/create-team/1092/15150,M E M Mahalli,PAT,RAI,182,14,
1568557769-35,https://www.dream11.com/kabaddi/create-team/1092/15150,Mohit,PAT,RAI,0,11.5,
1568557769-16,https://www.dream11.com/kabaddi/create-team/1092/15150,Monu,PAT,ALL,181,13.5,Announced
1568557769-39,https://www.dream11.com/kabaddi/create-team/1092/15150,Naveen,PAT,RAI,0,11,
1568557769-6,https://www.dream11.com/kabaddi/create-team/1092/15150,Neeraj-Kumar,PAT,DEF,217,13,Announced
1568557769-25,https://www.dream11.com/kabaddi/create-team/1092/15150,P Narwal,PAT,RAI,596,17,Announced
1568557769-31,https://www.dream11.com/kabaddi/create-team/1092/15150,P Singh,PAT,RAI,15,12,
1568557769-34,https://www.dream11.com/kabaddi/create-team/1092/15150,R P Rao-Chavan,PAT,RAI,0,11.5,
1568557769-19,https://www.dream11.com/kabaddi/create-team/1092/15150,Ravinder-I,PAT,ALL,20,13,
1568557769-22,https://www.dream11.com/kabaddi/create-team/1092/15150,S Mann,PAT,ALL,0,11,
1568557769-2,https://www.dream11.com/kabaddi/create-team/1092/15150,S Nada,PAT,DEF,0,14.5,
1568557769-15,https://www.dream11.com/kabaddi/create-team/1092/15150,V Jaglan,PAT,ALL,155,13.5,Announced