﻿web-scraper-order,web-scraper-start-url,name,team,type,points,credits,announced
1568555233-1,https://www.dream11.com/kabaddi/create-team/1092/15155,Sunil-Kumar,GUJ,DEF,278,15,Announced
1568555233-10,https://www.dream11.com/kabaddi/create-team/1092/15155,"R Koravi",GUJ,DEF,54,12.5,Announced
1568555233-11,https://www.dream11.com/kabaddi/create-team/1092/15155,"S Ghaffari",DEL,DEF,96,12.5,
1568555233-12,https://www.dream11.com/kabaddi/create-team/1092/15155,"S Gahlawat",GUJ,DEF,0,11.5,
1568555233-13,https://www.dream11.com/kabaddi/create-team/1092/15155,Amit-Kharb,GUJ,DEF,4,11,
1568555233-14,https://www.dream11.com/kabaddi/create-team/1092/15155,"P Patil",DEL,DEF,0,10.5,
1568555233-15,https://www.dream11.com/kabaddi/create-team/1092/15155,Mohit-I,DEL,DEF,0,10,
1568555233-16,https://www.dream11.com/kabaddi/create-team/1092/15155,Satywan,DEL,DEF,7,9.5,
1568555233-17,https://www.dream11.com/kabaddi/create-team/1092/15155,"R Gulia",GUJ,ALL,295,15.5,Announced
1568555233-18,https://www.dream11.com/kabaddi/create-team/1092/15155,"G More",GUJ,ALL,233,14.5,Announced
1568555233-19,https://www.dream11.com/kabaddi/create-team/1092/15155,"M Sheykh",DEL,ALL,149,14,Announced
1568555233-2,https://www.dream11.com/kabaddi/create-team/1092/15155,"P Bhainswal",GUJ,DEF,238,15,Announced
1568555233-20,https://www.dream11.com/kabaddi/create-team/1092/15155,Pankaj,GUJ,ALL,59,13,Announced
1568555233-21,https://www.dream11.com/kabaddi/create-team/1092/15155,"V Kumar",GUJ,ALL,24,13,
1568555233-22,https://www.dream11.com/kabaddi/create-team/1092/15155,Vijay,DEL,ALL,143,13,Announced
1568555233-23,https://www.dream11.com/kabaddi/create-team/1092/15155,"M S Hossain",GUJ,ALL,0,10.5,
1568555233-24,https://www.dream11.com/kabaddi/create-team/1092/15155,Balram,DEL,ALL,10,9.5,
1568555233-25,https://www.dream11.com/kabaddi/create-team/1092/15155,Naveen-Kumar,DEL,RAI,688,16.5,Announced
1568555233-26,https://www.dream11.com/kabaddi/create-team/1092/15155,"S Tanwar",GUJ,RAI,303,15,Announced
1568555233-27,https://www.dream11.com/kabaddi/create-team/1092/15155,"C Ranjit",DEL,RAI,300,14,
1568555233-28,https://www.dream11.com/kabaddi/create-team/1092/15155,"S Jaglan",GUJ,RAI,142,13.5,
1568555233-29,https://www.dream11.com/kabaddi/create-team/1092/15155,"G Singh-Sr",GUJ,RAI,12,13,
1568555233-3,https://www.dream11.com/kabaddi/create-team/1092/15155,"J Narwal",DEL,DEF,281,14.5,Announced
1568555233-30,https://www.dream11.com/kabaddi/create-team/1092/15155,"A Maghsodlou",GUJ,RAI,18,13,
1568555233-31,https://www.dream11.com/kabaddi/create-team/1092/15155,"H Singh",GUJ,RAI,21,12,
1568555233-32,https://www.dream11.com/kabaddi/create-team/1092/15155,"S Kumar",DEL,RAI,0,11.5,
1568555233-33,https://www.dream11.com/kabaddi/create-team/1092/15155,Lalit-Chaudhary,GUJ,RAI,25,11,
1568555233-34,https://www.dream11.com/kabaddi/create-team/1092/15155,"N Narwal",DEL,RAI,1,11,
1568555233-35,https://www.dream11.com/kabaddi/create-team/1092/15155,"A Kadian",DEL,RAI,9,10.5,
1568555233-4,https://www.dream11.com/kabaddi/create-team/1092/15155,"R Pahal",DEL,DEF,288,14.5,Announced
1568555233-5,https://www.dream11.com/kabaddi/create-team/1092/15155,"V Mane",DEL,DEF,190,14,Announced
1568555233-6,https://www.dream11.com/kabaddi/create-team/1092/15155,"S Malik",GUJ,DEF,141,13,
1568555233-7,https://www.dream11.com/kabaddi/create-team/1092/15155,Ankit-I,GUJ,DEF,121,13,
1568555233-8,https://www.dream11.com/kabaddi/create-team/1092/15155,Sombir,DEL,DEF,12,13,
1568555233-9,https://www.dream11.com/kabaddi/create-team/1092/15155,Anil-Kumar-I,DEL,DEF,109,13,Announced
