web-scraper-order,web-scraper-start-url,name,team,type,points,credits,announced
1568557840-2,https://www.dream11.com/kabaddi/create-team/1092/15148,A Hooda,JAI,DEF,198,14.5,
1568557840-31,https://www.dream11.com/kabaddi/create-team/1092/15148,A Pawar,JAI,RAI,61,12.5,
1568557840-9,https://www.dream11.com/kabaddi/create-team/1092/15148,A.Elavarasan,JAI,DEF,20,11.5,Announced
1568557840-23,https://www.dream11.com/kabaddi/create-team/1092/15148,D Kim,JAI,ALL,0,10.5,
1568557840-15,https://www.dream11.com/kabaddi/create-team/1092/15148,D N Hooda,JAI,ALL,381,15.5,Announced
1568557840-26,https://www.dream11.com/kabaddi/create-team/1092/15148,D Narwal,JAI,RAI,164,14.5,
1568557840-36,https://www.dream11.com/kabaddi/create-team/1092/15148,G Singh,JAI,RAI,2,11.5,
1568557840-14,https://www.dream11.com/kabaddi/create-team/1092/15148,Karamvir,JAI,DEF,0,10,
1568557840-33,https://www.dream11.com/kabaddi/create-team/1092/15148,L Kaushik,JAI,RAI,0,12,
1568557840-35,https://www.dream11.com/kabaddi/create-team/1092/15148,M Chathuranga,JAI,RAI,1,11.5,
1568557840-18,https://www.dream11.com/kabaddi/create-team/1092/15148,N Rawal,JAI,ALL,171,13.5,Announced
1568557840-28,https://www.dream11.com/kabaddi/create-team/1092/15148,N Salunke,JAI,RAI,68,13.5,Announced
1568557840-13,https://www.dream11.com/kabaddi/create-team/1092/15148,Pavan-T-R,JAI,DEF,72,11,Announced
1568557840-32,https://www.dream11.com/kabaddi/create-team/1092/15148,S Gulia,JAI,RAI,46,12,
1568557840-1,https://www.dream11.com/kabaddi/create-team/1092/15148,S K Dhull,JAI,DEF,284,15,Announced
1568557840-21,https://www.dream11.com/kabaddi/create-team/1092/15148,S Narwal,JAI,ALL,51,12.5,
1568557840-8,https://www.dream11.com/kabaddi/create-team/1092/15148,S Siddhgavali,JAI,DEF,97,13,
1568557840-20,https://www.dream11.com/kabaddi/create-team/1092/15148,Santhapanaselvam,JAI,ALL,48,13,Announced
1568557840-19,https://www.dream11.com/kabaddi/create-team/1092/15148,Vishal,JAI,ALL,175,13.5,
1568557840-37,https://www.dream11.com/kabaddi/create-team/1092/15148,A M Maleki,HAR,RAI,0,10,
1568557840-30,https://www.dream11.com/kabaddi/create-team/1092/15148,Arun-Kumar,HAR,RAI,5,12.5,
1568557840-10,https://www.dream11.com/kabaddi/create-team/1092/15148,C Singh,HAR,DEF,29,11,
1568557840-4,https://www.dream11.com/kabaddi/create-team/1092/15148,D Cheralathan,HAR,DEF,237,14,Announced
1568557840-29,https://www.dream11.com/kabaddi/create-team/1092/15148,K Selvamani,HAR,RAI,48,13,
1568557840-17,https://www.dream11.com/kabaddi/create-team/1092/15148,K Singh,HAR,ALL,50,13.5,
1568557840-16,https://www.dream11.com/kabaddi/create-team/1092/15148,Naveen-I,HAR,ALL,180,14.5,
1568557840-27,https://www.dream11.com/kabaddi/create-team/1092/15148,P Kumar-Rai,HAR,RAI,158,13.5,Announced
1568557840-22,https://www.dream11.com/kabaddi/create-team/1092/15148,P Tin,HAR,ALL,3,12,
1568557840-7,https://www.dream11.com/kabaddi/create-team/1092/15148,Parveen,HAR,DEF,39,13,
1568557840-6,https://www.dream11.com/kabaddi/create-team/1092/15148,Ravi-Kumar,HAR,DEF,173,13.5,Announced
1568557840-11,https://www.dream11.com/kabaddi/create-team/1092/15148,S Narwal,HAR,DEF,0,11,
1568557840-3,https://www.dream11.com/kabaddi/create-team/1092/15148,Sunil,HAR,DEF,220,14,Announced
1568557840-34,https://www.dream11.com/kabaddi/create-team/1092/15148,V Chhillar,HAR,RAI,5,11.5,
1568557840-5,https://www.dream11.com/kabaddi/create-team/1092/15148,V Kale,HAR,DEF,208,13.5,Announced
1568557840-12,https://www.dream11.com/kabaddi/create-team/1092/15148,V Kandola,HAR,DEF,4,11,
1568557840-24,https://www.dream11.com/kabaddi/create-team/1092/15148,V Khandola,HAR,RAI,415,16,Announced
1568557840-25,https://www.dream11.com/kabaddi/create-team/1092/15148,Vinay,HAR,RAI,268,14.5,Announced