﻿web-scraper-order,web-scraper-start-url,name,team,type,points,credits,announced
1567176373-1,https://www.dream11.com/kabaddi/create-team/1092/15130,"S Nada",PAT,DEF,0,14.5,
1567176373-10,https://www.dream11.com/kabaddi/create-team/1092/15130,"J Dagar",PAT,DEF,4,12.5,
1567176373-11,https://www.dream11.com/kabaddi/create-team/1092/15130,"S Ghaffari",DEL,DEF,94,12.5,
1567176373-12,https://www.dream11.com/kabaddi/create-team/1092/15130,"B Narwal",PAT,DEF,0,12,
1567176373-13,https://www.dream11.com/kabaddi/create-team/1092/15130,"M Choudhary",PAT,DEF,0,12,
1567176373-14,https://www.dream11.com/kabaddi/create-team/1092/15130,"P Patil",DEL,DEF,0,10.5,
1567176373-15,https://www.dream11.com/kabaddi/create-team/1092/15130,Mohit-I,DEL,DEF,0,10,
1567176373-16,https://www.dream11.com/kabaddi/create-team/1092/15130,Satywan,DEL,DEF,7,9.5,
1567176373-17,https://www.dream11.com/kabaddi/create-team/1092/15130,"M Sheykh",DEL,ALL,80,14,
1567176373-18,https://www.dream11.com/kabaddi/create-team/1092/15130,"V Jaglan",PAT,ALL,97,13.5,Announced
1567176373-19,https://www.dream11.com/kabaddi/create-team/1092/15130,Monu,PAT,ALL,127,13.5,Announced
1567176373-2,https://www.dream11.com/kabaddi/create-team/1092/15130,"J Narwal",DEL,DEF,218,14.5,Announced
1567176373-20,https://www.dream11.com/kabaddi/create-team/1092/15130,Ravinder-I,PAT,ALL,16,13,
1567176373-21,https://www.dream11.com/kabaddi/create-team/1092/15130,Vijay,DEL,ALL,76,13,Announced
1567176373-22,https://www.dream11.com/kabaddi/create-team/1092/15130,"S Mann",PAT,ALL,0,11,
1567176373-23,https://www.dream11.com/kabaddi/create-team/1092/15130,Amit-Kumar-II,PAT,ALL,0,10.5,
1567176373-24,https://www.dream11.com/kabaddi/create-team/1092/15130,Balram,DEL,ALL,10,9.5,
1567176373-25,https://www.dream11.com/kabaddi/create-team/1092/15130,"P Narwal",PAT,RAI,318,17,Announced
1567176373-26,https://www.dream11.com/kabaddi/create-team/1092/15130,Naveen-Kumar,DEL,RAI,481,16.5,Announced
1567176373-27,https://www.dream11.com/kabaddi/create-team/1092/15130,"J Kun-Lee",PAT,RAI,96,15,
1567176373-28,https://www.dream11.com/kabaddi/create-team/1092/15130,"M E M Mahalli",PAT,RAI,131,14,Announced
1567176373-29,https://www.dream11.com/kabaddi/create-team/1092/15130,"C Ranjit",DEL,RAI,243,14,Announced
1567176373-3,https://www.dream11.com/kabaddi/create-team/1092/15130,"R Pahal",DEL,DEF,225,14.5,Announced
1567176373-30,https://www.dream11.com/kabaddi/create-team/1092/15130,"P Singh",PAT,RAI,13,12,
1567176373-31,https://www.dream11.com/kabaddi/create-team/1092/15130,"R P Rao-Chavan",PAT,RAI,0,11.5,
1567176373-32,https://www.dream11.com/kabaddi/create-team/1092/15130,Mohit,PAT,RAI,0,11.5,
1567176373-33,https://www.dream11.com/kabaddi/create-team/1092/15130,"S Kumar",DEL,RAI,0,11.5,
1567176373-34,https://www.dream11.com/kabaddi/create-team/1092/15130,Ashish,PAT,RAI,21,11,
1567176373-35,https://www.dream11.com/kabaddi/create-team/1092/15130,Naveen,PAT,RAI,0,11,
1567176373-36,https://www.dream11.com/kabaddi/create-team/1092/15130,"N Narwal",DEL,RAI,1,11,
1567176373-37,https://www.dream11.com/kabaddi/create-team/1092/15130,"A Kadian",DEL,RAI,6,10.5,
1567176373-4,https://www.dream11.com/kabaddi/create-team/1092/15130,Jaideep,PAT,DEF,197,14,Announced
1567176373-5,https://www.dream11.com/kabaddi/create-team/1092/15130,"V Mane",DEL,DEF,142,14,Announced
1567176373-6,https://www.dream11.com/kabaddi/create-team/1092/15130,"H Oshtorak",PAT,DEF,115,13.5,Announced
1567176373-7,https://www.dream11.com/kabaddi/create-team/1092/15130,Neeraj-Kumar,PAT,DEF,152,13,Announced
1567176373-8,https://www.dream11.com/kabaddi/create-team/1092/15130,Sombir,DEL,DEF,12,13,
1567176373-9,https://www.dream11.com/kabaddi/create-team/1092/15130,Anil-Kumar-I,DEL,DEF,46,13,Announced
