﻿web-scraper-order,web-scraper-start-url,name,team,type,points,credits,announced
1565534753-1,https://www.dream11.com/kabaddi/create-team/1092/15101,"V Bharadwaj",HYD,DEF,86,15,Announced
1565534753-10,https://www.dream11.com/kabaddi/create-team/1092/15101,"A Choudhary",HYD,DEF,0,11.5,
1565534753-11,https://www.dream11.com/kabaddi/create-team/1092/15101,"S Gahlawat",GUJ,DEF,0,11.5,
1565534753-12,https://www.dream11.com/kabaddi/create-team/1092/15101,Ankit-I,GUJ,DEF,79,11,Announced
1565534753-13,https://www.dream11.com/kabaddi/create-team/1092/15101,Amit-Kharb,GUJ,DEF,2,11,
1565534753-14,https://www.dream11.com/kabaddi/create-team/1092/15101,"A D Arsul",HYD,DEF,2,10.5,
1565534753-15,https://www.dream11.com/kabaddi/create-team/1092/15101,"F Milaghardan",HYD,ALL,59,14.5,Announced
1565534753-16,https://www.dream11.com/kabaddi/create-team/1092/15101,"G More",GUJ,ALL,148,14.5,Announced
1565534753-17,https://www.dream11.com/kabaddi/create-team/1092/15101,"R Gulia",GUJ,ALL,163,14.5,Announced
1565534753-18,https://www.dream11.com/kabaddi/create-team/1092/15101,Armaan,HYD,ALL,13,13.5,
1565534753-19,https://www.dream11.com/kabaddi/create-team/1092/15101,"R Gowda",HYD,ALL,22,13,
1565534753-2,https://www.dream11.com/kabaddi/create-team/1092/15101,Sunil-Kumar,GUJ,DEF,123,15,Announced
1565534753-20,https://www.dream11.com/kabaddi/create-team/1092/15101,Pankaj,GUJ,ALL,0,13,
1565534753-21,https://www.dream11.com/kabaddi/create-team/1092/15101,"V Kumar",GUJ,ALL,4,13,
1565534753-22,https://www.dream11.com/kabaddi/create-team/1092/15101,"M S Hossain",GUJ,ALL,0,10.5,
1565534753-23,https://www.dream11.com/kabaddi/create-team/1092/15101,Siddharth-Desai,HYD,RAI,122,16,Announced
1565534753-24,https://www.dream11.com/kabaddi/create-team/1092/15101,"S Tanwar",GUJ,RAI,145,15.5,Announced
1565534753-25,https://www.dream11.com/kabaddi/create-team/1092/15101,Rajnish,HYD,RAI,25,14,
1565534753-26,https://www.dream11.com/kabaddi/create-team/1092/15101,"A Maghsodlou",GUJ,RAI,8,14,
1565534753-27,https://www.dream11.com/kabaddi/create-team/1092/15101,"S Jaglan",GUJ,RAI,63,13.5,
1565534753-28,https://www.dream11.com/kabaddi/create-team/1092/15101,"S Desai",HYD,RAI,81,13,Announced
1565534753-29,https://www.dream11.com/kabaddi/create-team/1092/15101,"G Singh-Sr",GUJ,RAI,0,13,
1565534753-3,https://www.dream11.com/kabaddi/create-team/1092/15101,"P Bhainswal",GUJ,DEF,108,15,Announced
1565534753-30,https://www.dream11.com/kabaddi/create-team/1092/15101,Kamal-Singh,HYD,RAI,8,12.5,
1565534753-31,https://www.dream11.com/kabaddi/create-team/1092/15101,"A Kumar-II",HYD,RAI,25,12,Announced
1565534753-32,https://www.dream11.com/kabaddi/create-team/1092/15101,"A Beniwal",HYD,RAI,14,11.5,
1565534753-33,https://www.dream11.com/kabaddi/create-team/1092/15101,"P Mallikarjun",HYD,RAI,7,11,
1565534753-34,https://www.dream11.com/kabaddi/create-team/1092/15101,Lalit-Chaudhary,GUJ,RAI,0,11,
1565534753-35,https://www.dream11.com/kabaddi/create-team/1092/15101,"M S G Reddy",HYD,RAI,0,10,
1565534753-36,https://www.dream11.com/kabaddi/create-team/1092/15101,"H Singh",GUJ,RAI,19,10,
1565534753-4,https://www.dream11.com/kabaddi/create-team/1092/15101,"A Mohajermighani",HYD,DEF,52,14.5,Announced
1565534753-5,https://www.dream11.com/kabaddi/create-team/1092/15101,"C Arun",HYD,DEF,32,13.5,Announced
1565534753-6,https://www.dream11.com/kabaddi/create-team/1092/15101,"R Koravi",GUJ,DEF,23,13.5,
1565534753-7,https://www.dream11.com/kabaddi/create-team/1092/15101,"S Malik",GUJ,DEF,84,13,Announced
1565534753-8,https://www.dream11.com/kabaddi/create-team/1092/15101,"K Madane",HYD,DEF,14,12.5,
1565534753-9,https://www.dream11.com/kabaddi/create-team/1092/15101,Manish-I,HYD,DEF,0,12,
