﻿web-scraper-order,web-scraper-start-url,name,rank,team_id,matches,points
1568374237-1,https://www.prokabaddi.com/stats/49-97-raid-points-statistics,"Bengaluru Bulls",1,/static-assets/images/teams/small/1.png?v=6.09,16,322
1568374237-10,https://www.prokabaddi.com/stats/49-97-raid-points-statistics,"Telugu Titans",10,/static-assets/images/teams/small/8.png?v=6.09,14,224
1568374237-11,https://www.prokabaddi.com/stats/49-97-raid-points-statistics,"Gujarat Fortunegiants",11,/static-assets/images/teams/small/31.png?v=6.09,14,215
1568374237-12,https://www.prokabaddi.com/stats/49-97-raid-points-statistics,"U.P. Yoddha",12,/static-assets/images/teams/small/30.png?v=6.09,14,205
1568374241-13,https://www.prokabaddi.com/stats/49-140-avg-points-scored-statistics,"Bengaluru Bulls",1,/static-assets/images/teams/small/1.png?v=6.09,16,30.37
1568374241-14,https://www.prokabaddi.com/stats/49-140-avg-points-scored-statistics,"Dabang Delhi K.C.",2,/static-assets/images/teams/small/2.png?v=6.09,14,29.78
1568374241-15,https://www.prokabaddi.com/stats/49-140-avg-points-scored-statistics,"Bengal Warriors",3,/static-assets/images/teams/small/4.png?v=6.09,16,29.56
1568374241-16,https://www.prokabaddi.com/stats/49-140-avg-points-scored-statistics,"Haryana Steelers",4,/static-assets/images/teams/small/28.png?v=6.09,14,29.14
1568374241-17,https://www.prokabaddi.com/stats/49-140-avg-points-scored-statistics,"Patna Pirates",5,/static-assets/images/teams/small/6.png?v=6.09,15,27.53
1568374241-18,https://www.prokabaddi.com/stats/49-140-avg-points-scored-statistics,"Puneri Paltan",6,/static-assets/images/teams/small/7.png?v=6.09,14,27.35
1568374241-19,https://www.prokabaddi.com/stats/49-140-avg-points-scored-statistics,"Jaipur Pink Panthers",7,/static-assets/images/teams/small/3.png?v=6.09,15,26.46
1568374237-2,https://www.prokabaddi.com/stats/49-97-raid-points-statistics,"Bengal Warriors",2,/static-assets/images/teams/small/4.png?v=6.09,16,318
1568374241-20,https://www.prokabaddi.com/stats/49-140-avg-points-scored-statistics,"Telugu Titans",8,/static-assets/images/teams/small/8.png?v=6.09,14,26.42
1568374241-21,https://www.prokabaddi.com/stats/49-140-avg-points-scored-statistics,"U Mumba",9,/static-assets/images/teams/small/5.png?v=6.09,15,26.26
1568374241-22,https://www.prokabaddi.com/stats/49-140-avg-points-scored-statistics,"Tamil Thalaivas",10,/static-assets/images/teams/small/29.png?v=6.09,15,25.66
1568374241-23,https://www.prokabaddi.com/stats/49-140-avg-points-scored-statistics,"Gujarat Fortunegiants",11,/static-assets/images/teams/small/31.png?v=6.09,14,25.42
1568374241-24,https://www.prokabaddi.com/stats/49-140-avg-points-scored-statistics,"U.P. Yoddha",12,/static-assets/images/teams/small/30.png?v=6.09,14,25.28
1568374245-25,https://www.prokabaddi.com/stats/49-134-super-raid-statistics,"Bengal Warriors",1,/static-assets/images/teams/small/4.png?v=6.09,16,12
1568374245-26,https://www.prokabaddi.com/stats/49-134-super-raid-statistics,"Haryana Steelers",2,/static-assets/images/teams/small/28.png?v=6.09,14,10
1568374245-27,https://www.prokabaddi.com/stats/49-134-super-raid-statistics,"Patna Pirates",3,/static-assets/images/teams/small/6.png?v=6.09,15,9
1568374245-28,https://www.prokabaddi.com/stats/49-134-super-raid-statistics,"U Mumba",4,/static-assets/images/teams/small/5.png?v=6.09,15,6
1568374245-29,https://www.prokabaddi.com/stats/49-134-super-raid-statistics,"Bengaluru Bulls",4,/static-assets/images/teams/small/1.png?v=6.09,16,6
1568374237-3,https://www.prokabaddi.com/stats/49-97-raid-points-statistics,"Dabang Delhi K.C.",3,/static-assets/images/teams/small/2.png?v=6.09,14,290
1568374245-30,https://www.prokabaddi.com/stats/49-134-super-raid-statistics,"Dabang Delhi K.C.",4,/static-assets/images/teams/small/2.png?v=6.09,14,6
1568374245-31,https://www.prokabaddi.com/stats/49-134-super-raid-statistics,"Jaipur Pink Panthers",7,/static-assets/images/teams/small/3.png?v=6.09,15,5
1568374245-32,https://www.prokabaddi.com/stats/49-134-super-raid-statistics,"Tamil Thalaivas",8,/static-assets/images/teams/small/29.png?v=6.09,15,4
1568374245-33,https://www.prokabaddi.com/stats/49-134-super-raid-statistics,"Telugu Titans",8,/static-assets/images/teams/small/8.png?v=6.09,14,4
1568374245-34,https://www.prokabaddi.com/stats/49-134-super-raid-statistics,"Gujarat Fortunegiants",8,/static-assets/images/teams/small/31.png?v=6.09,14,4
1568374245-35,https://www.prokabaddi.com/stats/49-134-super-raid-statistics,"Puneri Paltan",11,/static-assets/images/teams/small/7.png?v=6.09,14,3
1568374245-36,https://www.prokabaddi.com/stats/49-134-super-raid-statistics,"U.P. Yoddha",12,/static-assets/images/teams/small/30.png?v=6.09,14,1
1568374248-37,https://www.prokabaddi.com/stats/49-15-successful-tackles-statistics,"Bengal Warriors",1,/static-assets/images/teams/small/4.png?v=6.09,16,145
1568374248-38,https://www.prokabaddi.com/stats/49-15-successful-tackles-statistics,"Jaipur Pink Panthers",2,/static-assets/images/teams/small/3.png?v=6.09,15,142
1568374248-39,https://www.prokabaddi.com/stats/49-15-successful-tackles-statistics,"Bengaluru Bulls",3,/static-assets/images/teams/small/1.png?v=6.09,16,141
1568374237-4,https://www.prokabaddi.com/stats/49-97-raid-points-statistics,"Haryana Steelers",4,/static-assets/images/teams/small/28.png?v=6.09,14,260
1568374248-40,https://www.prokabaddi.com/stats/49-15-successful-tackles-statistics,"Puneri Paltan",3,/static-assets/images/teams/small/7.png?v=6.09,14,141
1568374248-41,https://www.prokabaddi.com/stats/49-15-successful-tackles-statistics,"U.P. Yoddha",5,/static-assets/images/teams/small/30.png?v=6.09,14,139
1568374248-42,https://www.prokabaddi.com/stats/49-15-successful-tackles-statistics,"Haryana Steelers",6,/static-assets/images/teams/small/28.png?v=6.09,14,138
1568374248-43,https://www.prokabaddi.com/stats/49-15-successful-tackles-statistics,"U Mumba",7,/static-assets/images/teams/small/5.png?v=6.09,15,135
1568374248-44,https://www.prokabaddi.com/stats/49-15-successful-tackles-statistics,"Patna Pirates",8,/static-assets/images/teams/small/6.png?v=6.09,15,133
1568374248-45,https://www.prokabaddi.com/stats/49-15-successful-tackles-statistics,"Telugu Titans",9,/static-assets/images/teams/small/8.png?v=6.09,14,128
1568374248-46,https://www.prokabaddi.com/stats/49-15-successful-tackles-statistics,"Gujarat Fortunegiants",9,/static-assets/images/teams/small/31.png?v=6.09,14,128
1568374248-47,https://www.prokabaddi.com/stats/49-15-successful-tackles-statistics,"Tamil Thalaivas",11,/static-assets/images/teams/small/29.png?v=6.09,15,124
1568374248-48,https://www.prokabaddi.com/stats/49-15-successful-tackles-statistics,"Dabang Delhi K.C.",12,/static-assets/images/teams/small/2.png?v=6.09,14,122
1568374251-49,https://www.prokabaddi.com/stats/49-99-avg-tackle-points-statistics,"Puneri Paltan",1,/static-assets/images/teams/small/7.png?v=6.09,14,11.21
1568374237-5,https://www.prokabaddi.com/stats/49-97-raid-points-statistics,"Patna Pirates",5,/static-assets/images/teams/small/6.png?v=6.09,15,259
1568374251-50,https://www.prokabaddi.com/stats/49-99-avg-tackle-points-statistics,"Jaipur Pink Panthers",2,/static-assets/images/teams/small/3.png?v=6.09,15,10.93
1568374251-51,https://www.prokabaddi.com/stats/49-99-avg-tackle-points-statistics,"U.P. Yoddha",3,/static-assets/images/teams/small/30.png?v=6.09,14,10.64
1568374251-52,https://www.prokabaddi.com/stats/49-99-avg-tackle-points-statistics,"Haryana Steelers",4,/static-assets/images/teams/small/28.png?v=6.09,14,10.57
1568374251-53,https://www.prokabaddi.com/stats/49-99-avg-tackle-points-statistics,"Telugu Titans",5,/static-assets/images/teams/small/8.png?v=6.09,14,10.43
1568374251-54,https://www.prokabaddi.com/stats/49-99-avg-tackle-points-statistics,"Patna Pirates",6,/static-assets/images/teams/small/6.png?v=6.09,15,10.27
1568374251-55,https://www.prokabaddi.com/stats/49-99-avg-tackle-points-statistics,"Bengaluru Bulls",7,/static-assets/images/teams/small/1.png?v=6.09,16,10.25
1568374251-56,https://www.prokabaddi.com/stats/49-99-avg-tackle-points-statistics,"Gujarat Fortunegiants",8,/static-assets/images/teams/small/31.png?v=6.09,14,10.07
1568374251-57,https://www.prokabaddi.com/stats/49-99-avg-tackle-points-statistics,"U Mumba",9,/static-assets/images/teams/small/5.png?v=6.09,15,9.87
1568374251-58,https://www.prokabaddi.com/stats/49-99-avg-tackle-points-statistics,"Bengal Warriors",10,/static-assets/images/teams/small/4.png?v=6.09,16,9.69
1568374251-59,https://www.prokabaddi.com/stats/49-99-avg-tackle-points-statistics,"Dabang Delhi K.C.",11,/static-assets/images/teams/small/2.png?v=6.09,14,9.07
1568374237-6,https://www.prokabaddi.com/stats/49-97-raid-points-statistics,"Tamil Thalaivas",6,/static-assets/images/teams/small/29.png?v=6.09,15,253
1568374251-60,https://www.prokabaddi.com/stats/49-99-avg-tackle-points-statistics,"Tamil Thalaivas",12,/static-assets/images/teams/small/29.png?v=6.09,15,8.8
1568374237-7,https://www.prokabaddi.com/stats/49-97-raid-points-statistics,"U Mumba",7,/static-assets/images/teams/small/5.png?v=6.09,15,246
1568374237-8,https://www.prokabaddi.com/stats/49-97-raid-points-statistics,"Jaipur Pink Panthers",8,/static-assets/images/teams/small/3.png?v=6.09,15,233
1568374237-9,https://www.prokabaddi.com/stats/49-97-raid-points-statistics,"Puneri Paltan",9,/static-assets/images/teams/small/7.png?v=6.09,14,226
1568374255-61,https://www.prokabaddi.com/stats/49-96-total-points-scored-statistics,"Bengal Warriors",1,/static-assets/images/teams/small/4.png?v=6.09,16,547
1568374255-70,https://www.prokabaddi.com/stats/49-96-total-points-scored-statistics,"Telugu Titans",10,/static-assets/images/teams/small/8.png?v=6.09,14,403
1568374255-71,https://www.prokabaddi.com/stats/49-96-total-points-scored-statistics,"Gujarat Fortunegiants",11,/static-assets/images/teams/small/31.png?v=6.09,14,402
1568374255-72,https://www.prokabaddi.com/stats/49-96-total-points-scored-statistics,"U.P. Yoddha",12,/static-assets/images/teams/small/30.png?v=6.09,14,398
1568374259-73,https://www.prokabaddi.com/stats/49-133-total-points-conceded-statistics,"Bengaluru Bulls",1,/static-assets/images/teams/small/1.png?v=6.09,16,530
1568374259-74,https://www.prokabaddi.com/stats/49-133-total-points-conceded-statistics,"Tamil Thalaivas",2,/static-assets/images/teams/small/29.png?v=6.09,15,488
1568374259-75,https://www.prokabaddi.com/stats/49-133-total-points-conceded-statistics,"Patna Pirates",3,/static-assets/images/teams/small/6.png?v=6.09,15,484
1568374259-76,https://www.prokabaddi.com/stats/49-133-total-points-conceded-statistics,"Bengal Warriors",4,/static-assets/images/teams/small/4.png?v=6.09,16,475
1568374259-77,https://www.prokabaddi.com/stats/49-133-total-points-conceded-statistics,"Puneri Paltan",5,/static-assets/images/teams/small/7.png?v=6.09,14,458
1568374259-78,https://www.prokabaddi.com/stats/49-133-total-points-conceded-statistics,"Telugu Titans",6,/static-assets/images/teams/small/8.png?v=6.09,14,453
1568374259-79,https://www.prokabaddi.com/stats/49-133-total-points-conceded-statistics,"Jaipur Pink Panthers",7,/static-assets/images/teams/small/3.png?v=6.09,15,452
1568374255-62,https://www.prokabaddi.com/stats/49-96-total-points-scored-statistics,"Bengaluru Bulls",2,/static-assets/images/teams/small/1.png?v=6.09,16,544
1568374259-80,https://www.prokabaddi.com/stats/49-133-total-points-conceded-statistics,"U.P. Yoddha",8,/static-assets/images/teams/small/30.png?v=6.09,14,447
1568374259-81,https://www.prokabaddi.com/stats/49-133-total-points-conceded-statistics,"Dabang Delhi K.C.",9,/static-assets/images/teams/small/2.png?v=6.09,14,440
1568374259-82,https://www.prokabaddi.com/stats/49-133-total-points-conceded-statistics,"Haryana Steelers",10,/static-assets/images/teams/small/28.png?v=6.09,14,435
1568374259-83,https://www.prokabaddi.com/stats/49-133-total-points-conceded-statistics,"U Mumba",11,/static-assets/images/teams/small/5.png?v=6.09,15,433
1568374259-84,https://www.prokabaddi.com/stats/49-133-total-points-conceded-statistics,"Gujarat Fortunegiants",12,/static-assets/images/teams/small/31.png?v=6.09,14,396
1568374262-85,https://www.prokabaddi.com/stats/49-95-tackle-points-statistics,"Bengaluru Bulls",1,/static-assets/images/teams/small/1.png?v=6.09,16,164
1568374262-86,https://www.prokabaddi.com/stats/49-95-tackle-points-statistics,"Jaipur Pink Panthers",1,/static-assets/images/teams/small/3.png?v=6.09,15,164
1568374262-87,https://www.prokabaddi.com/stats/49-95-tackle-points-statistics,"Puneri Paltan",3,/static-assets/images/teams/small/7.png?v=6.09,14,157
1568374262-88,https://www.prokabaddi.com/stats/49-95-tackle-points-statistics,"Bengal Warriors",4,/static-assets/images/teams/small/4.png?v=6.09,16,155
1568374262-89,https://www.prokabaddi.com/stats/49-95-tackle-points-statistics,"Patna Pirates",5,/static-assets/images/teams/small/6.png?v=6.09,15,154
1568374255-63,https://www.prokabaddi.com/stats/49-96-total-points-scored-statistics,"Dabang Delhi K.C.",3,/static-assets/images/teams/small/2.png?v=6.09,14,496
1568374262-90,https://www.prokabaddi.com/stats/49-95-tackle-points-statistics,"U.P. Yoddha",6,/static-assets/images/teams/small/30.png?v=6.09,14,149
1568374262-91,https://www.prokabaddi.com/stats/49-95-tackle-points-statistics,"U Mumba",7,/static-assets/images/teams/small/5.png?v=6.09,15,148
1568374262-92,https://www.prokabaddi.com/stats/49-95-tackle-points-statistics,"Haryana Steelers",7,/static-assets/images/teams/small/28.png?v=6.09,14,148
1568374262-93,https://www.prokabaddi.com/stats/49-95-tackle-points-statistics,"Telugu Titans",9,/static-assets/images/teams/small/8.png?v=6.09,14,146
1568374262-94,https://www.prokabaddi.com/stats/49-95-tackle-points-statistics,"Gujarat Fortunegiants",10,/static-assets/images/teams/small/31.png?v=6.09,14,141
1568374262-95,https://www.prokabaddi.com/stats/49-95-tackle-points-statistics,"Tamil Thalaivas",11,/static-assets/images/teams/small/29.png?v=6.09,15,132
1568374262-96,https://www.prokabaddi.com/stats/49-95-tackle-points-statistics,"Dabang Delhi K.C.",12,/static-assets/images/teams/small/2.png?v=6.09,14,127
1568374266-97,https://www.prokabaddi.com/stats/49-136-all-outs-inflicted-statistics,"Bengal Warriors",1,/static-assets/images/teams/small/4.png?v=6.09,16,24
1568374266-98,https://www.prokabaddi.com/stats/49-136-all-outs-inflicted-statistics,"Dabang Delhi K.C.",2,/static-assets/images/teams/small/2.png?v=6.09,14,22
1568374266-99,https://www.prokabaddi.com/stats/49-136-all-outs-inflicted-statistics,"U Mumba",3,/static-assets/images/teams/small/5.png?v=6.09,15,20
1568374255-64,https://www.prokabaddi.com/stats/49-96-total-points-scored-statistics,"Patna Pirates",4,/static-assets/images/teams/small/6.png?v=6.09,15,470
1568374266-100,https://www.prokabaddi.com/stats/49-136-all-outs-inflicted-statistics,"Patna Pirates",3,/static-assets/images/teams/small/6.png?v=6.09,15,20
1568374266-101,https://www.prokabaddi.com/stats/49-136-all-outs-inflicted-statistics,"Haryana Steelers",5,/static-assets/images/teams/small/28.png?v=6.09,14,19
1568374266-102,https://www.prokabaddi.com/stats/49-136-all-outs-inflicted-statistics,"Bengaluru Bulls",6,/static-assets/images/teams/small/1.png?v=6.09,16,17
1568374266-103,https://www.prokabaddi.com/stats/49-136-all-outs-inflicted-statistics,"Jaipur Pink Panthers",7,/static-assets/images/teams/small/3.png?v=6.09,15,15
1568374266-104,https://www.prokabaddi.com/stats/49-136-all-outs-inflicted-statistics,"U.P. Yoddha",8,/static-assets/images/teams/small/30.png?v=6.09,14,14
1568374266-105,https://www.prokabaddi.com/stats/49-136-all-outs-inflicted-statistics,"Gujarat Fortunegiants",9,/static-assets/images/teams/small/31.png?v=6.09,14,13
1568374266-106,https://www.prokabaddi.com/stats/49-136-all-outs-inflicted-statistics,"Puneri Paltan",10,/static-assets/images/teams/small/7.png?v=6.09,14,11
1568374266-107,https://www.prokabaddi.com/stats/49-136-all-outs-inflicted-statistics,"Tamil Thalaivas",11,/static-assets/images/teams/small/29.png?v=6.09,15,10
1568374266-108,https://www.prokabaddi.com/stats/49-136-all-outs-inflicted-statistics,"Telugu Titans",12,/static-assets/images/teams/small/8.png?v=6.09,14,7
1568374269-109,https://www.prokabaddi.com/stats/49-135-do-or-die-raid-points-statistics,"Jaipur Pink Panthers",1,/static-assets/images/teams/small/3.png?v=6.09,15,57
1568374255-65,https://www.prokabaddi.com/stats/49-96-total-points-scored-statistics,"Haryana Steelers",5,/static-assets/images/teams/small/28.png?v=6.09,14,464
1568374269-110,https://www.prokabaddi.com/stats/49-135-do-or-die-raid-points-statistics,"U Mumba",2,/static-assets/images/teams/small/5.png?v=6.09,15,55
1568374269-111,https://www.prokabaddi.com/stats/49-135-do-or-die-raid-points-statistics,"Patna Pirates",2,/static-assets/images/teams/small/6.png?v=6.09,15,55
1568374269-112,https://www.prokabaddi.com/stats/49-135-do-or-die-raid-points-statistics,"Puneri Paltan",4,/static-assets/images/teams/small/7.png?v=6.09,14,50
1568374269-113,https://www.prokabaddi.com/stats/49-135-do-or-die-raid-points-statistics,"U.P. Yoddha",4,/static-assets/images/teams/small/30.png?v=6.09,14,50
1568374269-114,https://www.prokabaddi.com/stats/49-135-do-or-die-raid-points-statistics,"Haryana Steelers",6,/static-assets/images/teams/small/28.png?v=6.09,14,47
1568374269-115,https://www.prokabaddi.com/stats/49-135-do-or-die-raid-points-statistics,"Bengal Warriors",7,/static-assets/images/teams/small/4.png?v=6.09,16,46
1568374269-116,https://www.prokabaddi.com/stats/49-135-do-or-die-raid-points-statistics,"Gujarat Fortunegiants",8,/static-assets/images/teams/small/31.png?v=6.09,14,44
1568374269-117,https://www.prokabaddi.com/stats/49-135-do-or-die-raid-points-statistics,"Tamil Thalaivas",9,/static-assets/images/teams/small/29.png?v=6.09,15,43
1568374269-118,https://www.prokabaddi.com/stats/49-135-do-or-die-raid-points-statistics,"Bengaluru Bulls",10,/static-assets/images/teams/small/1.png?v=6.09,16,35
1568374269-119,https://www.prokabaddi.com/stats/49-135-do-or-die-raid-points-statistics,"Dabang Delhi K.C.",10,/static-assets/images/teams/small/2.png?v=6.09,14,35
1568374255-66,https://www.prokabaddi.com/stats/49-96-total-points-scored-statistics,"U Mumba",6,/static-assets/images/teams/small/5.png?v=6.09,15,459
1568374269-120,https://www.prokabaddi.com/stats/49-135-do-or-die-raid-points-statistics,"Telugu Titans",12,/static-assets/images/teams/small/8.png?v=6.09,14,33
1568374255-67,https://www.prokabaddi.com/stats/49-96-total-points-scored-statistics,"Jaipur Pink Panthers",7,/static-assets/images/teams/small/3.png?v=6.09,15,452
1568374255-68,https://www.prokabaddi.com/stats/49-96-total-points-scored-statistics,"Tamil Thalaivas",8,/static-assets/images/teams/small/29.png?v=6.09,15,432
1568374255-69,https://www.prokabaddi.com/stats/49-96-total-points-scored-statistics,"Puneri Paltan",9,/static-assets/images/teams/small/7.png?v=6.09,14,424
1568374273-121,https://www.prokabaddi.com/stats/49-20-super-tackles-statistics,"Bengaluru Bulls",1,/static-assets/images/teams/small/1.png?v=6.09,16,25
1568374273-130,https://www.prokabaddi.com/stats/49-20-super-tackles-statistics,"Haryana Steelers",10,/static-assets/images/teams/small/28.png?v=6.09,14,10
1568374273-131,https://www.prokabaddi.com/stats/49-20-super-tackles-statistics,"Tamil Thalaivas",10,/static-assets/images/teams/small/29.png?v=6.09,15,10
1568374273-132,https://www.prokabaddi.com/stats/49-20-super-tackles-statistics,"Dabang Delhi K.C.",12,/static-assets/images/teams/small/2.png?v=6.09,14,7
1568374277-133,https://www.prokabaddi.com/stats/49-13-successful-raids-statistics,"Bengaluru Bulls",1,/static-assets/images/teams/small/1.png?v=6.09,16,256
1568374277-134,https://www.prokabaddi.com/stats/49-13-successful-raids-statistics,"Bengal Warriors",1,/static-assets/images/teams/small/4.png?v=6.09,16,256
1568374277-135,https://www.prokabaddi.com/stats/49-13-successful-raids-statistics,"Dabang Delhi K.C.",3,/static-assets/images/teams/small/2.png?v=6.09,14,242
1568374277-136,https://www.prokabaddi.com/stats/49-13-successful-raids-statistics,"Patna Pirates",4,/static-assets/images/teams/small/6.png?v=6.09,15,211
1568374277-137,https://www.prokabaddi.com/stats/49-13-successful-raids-statistics,"Haryana Steelers",5,/static-assets/images/teams/small/28.png?v=6.09,14,203
1568374277-138,https://www.prokabaddi.com/stats/49-13-successful-raids-statistics,"Tamil Thalaivas",5,/static-assets/images/teams/small/29.png?v=6.09,15,203
1568374277-139,https://www.prokabaddi.com/stats/49-13-successful-raids-statistics,"U Mumba",7,/static-assets/images/teams/small/5.png?v=6.09,15,192
1568374273-122,https://www.prokabaddi.com/stats/49-20-super-tackles-statistics,"Jaipur Pink Panthers",2,/static-assets/images/teams/small/3.png?v=6.09,15,23
1568374277-140,https://www.prokabaddi.com/stats/49-13-successful-raids-statistics,"Telugu Titans",7,/static-assets/images/teams/small/8.png?v=6.09,14,192
1568374277-141,https://www.prokabaddi.com/stats/49-13-successful-raids-statistics,"Jaipur Pink Panthers",9,/static-assets/images/teams/small/3.png?v=6.09,15,185
1568374277-142,https://www.prokabaddi.com/stats/49-13-successful-raids-statistics,"Puneri Paltan",9,/static-assets/images/teams/small/7.png?v=6.09,14,185
1568374277-143,https://www.prokabaddi.com/stats/49-13-successful-raids-statistics,"Gujarat Fortunegiants",11,/static-assets/images/teams/small/31.png?v=6.09,14,176
1568374277-144,https://www.prokabaddi.com/stats/49-13-successful-raids-statistics,"U.P. Yoddha",12,/static-assets/images/teams/small/30.png?v=6.09,14,163
1568374280-145,https://www.prokabaddi.com/stats/49-98-avg-raid-points-statistics,"Dabang Delhi K.C.",1,/static-assets/images/teams/small/2.png?v=6.09,14,20.71
1568374280-146,https://www.prokabaddi.com/stats/49-98-avg-raid-points-statistics,"Bengaluru Bulls",2,/static-assets/images/teams/small/1.png?v=6.09,16,20.13
1568374280-147,https://www.prokabaddi.com/stats/49-98-avg-raid-points-statistics,"Bengal Warriors",3,/static-assets/images/teams/small/4.png?v=6.09,16,19.88
1568374280-148,https://www.prokabaddi.com/stats/49-98-avg-raid-points-statistics,"Haryana Steelers",4,/static-assets/images/teams/small/28.png?v=6.09,14,18.57
1568374280-149,https://www.prokabaddi.com/stats/49-98-avg-raid-points-statistics,"Patna Pirates",5,/static-assets/images/teams/small/6.png?v=6.09,15,17.27
1568374273-123,https://www.prokabaddi.com/stats/49-20-super-tackles-statistics,"Patna Pirates",3,/static-assets/images/teams/small/6.png?v=6.09,15,21
1568374280-150,https://www.prokabaddi.com/stats/49-98-avg-raid-points-statistics,"Tamil Thalaivas",6,/static-assets/images/teams/small/29.png?v=6.09,15,16.87
1568374280-151,https://www.prokabaddi.com/stats/49-98-avg-raid-points-statistics,"U Mumba",7,/static-assets/images/teams/small/5.png?v=6.09,15,16.4
1568374280-152,https://www.prokabaddi.com/stats/49-98-avg-raid-points-statistics,"Puneri Paltan",8,/static-assets/images/teams/small/7.png?v=6.09,14,16.14
1568374280-153,https://www.prokabaddi.com/stats/49-98-avg-raid-points-statistics,"Telugu Titans",9,/static-assets/images/teams/small/8.png?v=6.09,14,16
1568374280-154,https://www.prokabaddi.com/stats/49-98-avg-raid-points-statistics,"Jaipur Pink Panthers",10,/static-assets/images/teams/small/3.png?v=6.09,15,15.53
1568374280-155,https://www.prokabaddi.com/stats/49-98-avg-raid-points-statistics,"Gujarat Fortunegiants",11,/static-assets/images/teams/small/31.png?v=6.09,14,15.36
1568374280-156,https://www.prokabaddi.com/stats/49-98-avg-raid-points-statistics,"U.P. Yoddha",12,/static-assets/images/teams/small/30.png?v=6.09,14,14.64
1568374273-124,https://www.prokabaddi.com/stats/49-20-super-tackles-statistics,"Telugu Titans",4,/static-assets/images/teams/small/8.png?v=6.09,14,19
1568374273-125,https://www.prokabaddi.com/stats/49-20-super-tackles-statistics,"Puneri Paltan",5,/static-assets/images/teams/small/7.png?v=6.09,14,16
1568374273-126,https://www.prokabaddi.com/stats/49-20-super-tackles-statistics,"U Mumba",6,/static-assets/images/teams/small/5.png?v=6.09,15,15
1568374273-127,https://www.prokabaddi.com/stats/49-20-super-tackles-statistics,"Gujarat Fortunegiants",7,/static-assets/images/teams/small/31.png?v=6.09,14,13
1568374273-128,https://www.prokabaddi.com/stats/49-20-super-tackles-statistics,"Bengal Warriors",8,/static-assets/images/teams/small/4.png?v=6.09,16,12
1568374273-129,https://www.prokabaddi.com/stats/49-20-super-tackles-statistics,"U.P. Yoddha",9,/static-assets/images/teams/small/30.png?v=6.09,14,11
