﻿web-scraper-order,web-scraper-start-url,name,rank,team_id,matches,points
1568287872-1,https://www.prokabaddi.com/stats/49-97-raid-points-statistics,"Bengaluru Bulls",1,/static-assets/images/teams/small/1.png?v=6.09,15,294
1568287872-10,https://www.prokabaddi.com/stats/49-97-raid-points-statistics,"Gujarat Fortunegiants",10,/static-assets/images/teams/small/31.png?v=6.09,14,215
1568287872-11,https://www.prokabaddi.com/stats/49-97-raid-points-statistics,"Jaipur Pink Panthers",11,/static-assets/images/teams/small/3.png?v=6.09,14,210
1568287872-12,https://www.prokabaddi.com/stats/49-97-raid-points-statistics,"U.P. Yoddha",12,/static-assets/images/teams/small/30.png?v=6.09,14,205
1568287875-13,https://www.prokabaddi.com/stats/49-140-avg-points-scored-statistics,"Bengaluru Bulls",1,/static-assets/images/teams/small/1.png?v=6.09,15,30.06
1568287875-14,https://www.prokabaddi.com/stats/49-140-avg-points-scored-statistics,"Dabang Delhi K.C.",2,/static-assets/images/teams/small/2.png?v=6.09,14,29.78
1568287875-15,https://www.prokabaddi.com/stats/49-140-avg-points-scored-statistics,"Haryana Steelers",3,/static-assets/images/teams/small/28.png?v=6.09,14,29.14
1568287875-16,https://www.prokabaddi.com/stats/49-140-avg-points-scored-statistics,"Bengal Warriors",4,/static-assets/images/teams/small/4.png?v=6.09,15,29.06
1568287875-17,https://www.prokabaddi.com/stats/49-140-avg-points-scored-statistics,"Puneri Paltan",5,/static-assets/images/teams/small/7.png?v=6.09,14,27.35
1568287875-18,https://www.prokabaddi.com/stats/49-140-avg-points-scored-statistics,"Patna Pirates",6,/static-assets/images/teams/small/6.png?v=6.09,14,27.14
1568287875-19,https://www.prokabaddi.com/stats/49-140-avg-points-scored-statistics,"Telugu Titans",7,/static-assets/images/teams/small/8.png?v=6.09,14,26.42
1568287872-2,https://www.prokabaddi.com/stats/49-97-raid-points-statistics,"Bengal Warriors",2,/static-assets/images/teams/small/4.png?v=6.09,15,293
1568287875-20,https://www.prokabaddi.com/stats/49-140-avg-points-scored-statistics,"U Mumba",8,/static-assets/images/teams/small/5.png?v=6.09,15,26.26
1568287875-21,https://www.prokabaddi.com/stats/49-140-avg-points-scored-statistics,"Jaipur Pink Panthers",9,/static-assets/images/teams/small/3.png?v=6.09,14,26.07
1568287875-22,https://www.prokabaddi.com/stats/49-140-avg-points-scored-statistics,"Tamil Thalaivas",10,/static-assets/images/teams/small/29.png?v=6.09,15,25.66
1568287875-23,https://www.prokabaddi.com/stats/49-140-avg-points-scored-statistics,"Gujarat Fortunegiants",11,/static-assets/images/teams/small/31.png?v=6.09,14,25.42
1568287875-24,https://www.prokabaddi.com/stats/49-140-avg-points-scored-statistics,"U.P. Yoddha",12,/static-assets/images/teams/small/30.png?v=6.09,14,25.28
1568287878-25,https://www.prokabaddi.com/stats/49-134-super-raid-statistics,"Bengal Warriors",1,/static-assets/images/teams/small/4.png?v=6.09,15,11
1568287878-26,https://www.prokabaddi.com/stats/49-134-super-raid-statistics,"Haryana Steelers",2,/static-assets/images/teams/small/28.png?v=6.09,14,10
1568287878-27,https://www.prokabaddi.com/stats/49-134-super-raid-statistics,"Patna Pirates",3,/static-assets/images/teams/small/6.png?v=6.09,14,8
1568287878-28,https://www.prokabaddi.com/stats/49-134-super-raid-statistics,"U Mumba",4,/static-assets/images/teams/small/5.png?v=6.09,15,6
1568287878-29,https://www.prokabaddi.com/stats/49-134-super-raid-statistics,"Dabang Delhi K.C.",4,/static-assets/images/teams/small/2.png?v=6.09,14,6
1568287872-3,https://www.prokabaddi.com/stats/49-97-raid-points-statistics,"Dabang Delhi K.C.",3,/static-assets/images/teams/small/2.png?v=6.09,14,290
1568287878-30,https://www.prokabaddi.com/stats/49-134-super-raid-statistics,"Bengaluru Bulls",6,/static-assets/images/teams/small/1.png?v=6.09,15,5
1568287878-31,https://www.prokabaddi.com/stats/49-134-super-raid-statistics,"Telugu Titans",7,/static-assets/images/teams/small/8.png?v=6.09,14,4
1568287878-32,https://www.prokabaddi.com/stats/49-134-super-raid-statistics,"Jaipur Pink Panthers",7,/static-assets/images/teams/small/3.png?v=6.09,14,4
1568287878-33,https://www.prokabaddi.com/stats/49-134-super-raid-statistics,"Tamil Thalaivas",7,/static-assets/images/teams/small/29.png?v=6.09,15,4
1568287878-34,https://www.prokabaddi.com/stats/49-134-super-raid-statistics,"Gujarat Fortunegiants",7,/static-assets/images/teams/small/31.png?v=6.09,14,4
1568287878-35,https://www.prokabaddi.com/stats/49-134-super-raid-statistics,"Puneri Paltan",11,/static-assets/images/teams/small/7.png?v=6.09,14,3
1568287878-36,https://www.prokabaddi.com/stats/49-134-super-raid-statistics,"U.P. Yoddha",12,/static-assets/images/teams/small/30.png?v=6.09,14,1
1568287881-37,https://www.prokabaddi.com/stats/49-15-successful-tackles-statistics,"Puneri Paltan",1,/static-assets/images/teams/small/7.png?v=6.09,14,141
1568287881-38,https://www.prokabaddi.com/stats/49-15-successful-tackles-statistics,"U.P. Yoddha",2,/static-assets/images/teams/small/30.png?v=6.09,14,139
1568287881-39,https://www.prokabaddi.com/stats/49-15-successful-tackles-statistics,"Haryana Steelers",3,/static-assets/images/teams/small/28.png?v=6.09,14,138
1568287872-4,https://www.prokabaddi.com/stats/49-97-raid-points-statistics,"Haryana Steelers",4,/static-assets/images/teams/small/28.png?v=6.09,14,260
1568287881-40,https://www.prokabaddi.com/stats/49-15-successful-tackles-statistics,"Jaipur Pink Panthers",4,/static-assets/images/teams/small/3.png?v=6.09,14,136
1568287881-41,https://www.prokabaddi.com/stats/49-15-successful-tackles-statistics,"Bengaluru Bulls",5,/static-assets/images/teams/small/1.png?v=6.09,15,135
1568287881-42,https://www.prokabaddi.com/stats/49-15-successful-tackles-statistics,"U Mumba",5,/static-assets/images/teams/small/5.png?v=6.09,15,135
1568287881-43,https://www.prokabaddi.com/stats/49-15-successful-tackles-statistics,"Bengal Warriors",7,/static-assets/images/teams/small/4.png?v=6.09,15,133
1568287881-44,https://www.prokabaddi.com/stats/49-15-successful-tackles-statistics,"Telugu Titans",8,/static-assets/images/teams/small/8.png?v=6.09,14,128
1568287881-45,https://www.prokabaddi.com/stats/49-15-successful-tackles-statistics,"Gujarat Fortunegiants",8,/static-assets/images/teams/small/31.png?v=6.09,14,128
1568287881-46,https://www.prokabaddi.com/stats/49-15-successful-tackles-statistics,"Tamil Thalaivas",10,/static-assets/images/teams/small/29.png?v=6.09,15,124
1568287881-47,https://www.prokabaddi.com/stats/49-15-successful-tackles-statistics,"Patna Pirates",10,/static-assets/images/teams/small/6.png?v=6.09,14,124
1568287881-48,https://www.prokabaddi.com/stats/49-15-successful-tackles-statistics,"Dabang Delhi K.C.",12,/static-assets/images/teams/small/2.png?v=6.09,14,122
1568287883-49,https://www.prokabaddi.com/stats/49-99-avg-tackle-points-statistics,"Puneri Paltan",1,/static-assets/images/teams/small/7.png?v=6.09,14,11.21
1568287872-5,https://www.prokabaddi.com/stats/49-97-raid-points-statistics,"Tamil Thalaivas",5,/static-assets/images/teams/small/29.png?v=6.09,15,253
1568287883-50,https://www.prokabaddi.com/stats/49-99-avg-tackle-points-statistics,"Jaipur Pink Panthers",2,/static-assets/images/teams/small/3.png?v=6.09,14,11.07
1568287883-51,https://www.prokabaddi.com/stats/49-99-avg-tackle-points-statistics,"U.P. Yoddha",3,/static-assets/images/teams/small/30.png?v=6.09,14,10.64
1568287883-52,https://www.prokabaddi.com/stats/49-99-avg-tackle-points-statistics,"Haryana Steelers",4,/static-assets/images/teams/small/28.png?v=6.09,14,10.57
1568287883-53,https://www.prokabaddi.com/stats/49-99-avg-tackle-points-statistics,"Bengaluru Bulls",5,/static-assets/images/teams/small/1.png?v=6.09,15,10.47
1568287883-54,https://www.prokabaddi.com/stats/49-99-avg-tackle-points-statistics,"Telugu Titans",6,/static-assets/images/teams/small/8.png?v=6.09,14,10.43
1568287883-55,https://www.prokabaddi.com/stats/49-99-avg-tackle-points-statistics,"Patna Pirates",7,/static-assets/images/teams/small/6.png?v=6.09,14,10.29
1568287883-56,https://www.prokabaddi.com/stats/49-99-avg-tackle-points-statistics,"Gujarat Fortunegiants",8,/static-assets/images/teams/small/31.png?v=6.09,14,10.07
1568287883-57,https://www.prokabaddi.com/stats/49-99-avg-tackle-points-statistics,"U Mumba",9,/static-assets/images/teams/small/5.png?v=6.09,15,9.87
1568287883-58,https://www.prokabaddi.com/stats/49-99-avg-tackle-points-statistics,"Bengal Warriors",10,/static-assets/images/teams/small/4.png?v=6.09,15,9.53
1568287883-59,https://www.prokabaddi.com/stats/49-99-avg-tackle-points-statistics,"Dabang Delhi K.C.",11,/static-assets/images/teams/small/2.png?v=6.09,14,9.07
1568287872-6,https://www.prokabaddi.com/stats/49-97-raid-points-statistics,"U Mumba",6,/static-assets/images/teams/small/5.png?v=6.09,15,246
1568287883-60,https://www.prokabaddi.com/stats/49-99-avg-tackle-points-statistics,"Tamil Thalaivas",12,/static-assets/images/teams/small/29.png?v=6.09,15,8.8
1568287872-7,https://www.prokabaddi.com/stats/49-97-raid-points-statistics,"Patna Pirates",7,/static-assets/images/teams/small/6.png?v=6.09,14,236
1568287872-8,https://www.prokabaddi.com/stats/49-97-raid-points-statistics,"Puneri Paltan",8,/static-assets/images/teams/small/7.png?v=6.09,14,226
1568287872-9,https://www.prokabaddi.com/stats/49-97-raid-points-statistics,"Telugu Titans",9,/static-assets/images/teams/small/8.png?v=6.09,14,224
1568287886-61,https://www.prokabaddi.com/stats/49-96-total-points-scored-statistics,"Bengal Warriors",1,/static-assets/images/teams/small/4.png?v=6.09,15,505
1568287886-70,https://www.prokabaddi.com/stats/49-96-total-points-scored-statistics,"Telugu Titans",10,/static-assets/images/teams/small/8.png?v=6.09,14,403
1568287886-71,https://www.prokabaddi.com/stats/49-96-total-points-scored-statistics,"Gujarat Fortunegiants",11,/static-assets/images/teams/small/31.png?v=6.09,14,402
1568287886-72,https://www.prokabaddi.com/stats/49-96-total-points-scored-statistics,"U.P. Yoddha",12,/static-assets/images/teams/small/30.png?v=6.09,14,398
1568287889-73,https://www.prokabaddi.com/stats/49-133-total-points-conceded-statistics,"Bengaluru Bulls",1,/static-assets/images/teams/small/1.png?v=6.09,15,488
1568287889-74,https://www.prokabaddi.com/stats/49-133-total-points-conceded-statistics,"Tamil Thalaivas",1,/static-assets/images/teams/small/29.png?v=6.09,15,488
1568287889-75,https://www.prokabaddi.com/stats/49-133-total-points-conceded-statistics,"Puneri Paltan",3,/static-assets/images/teams/small/7.png?v=6.09,14,458
1568287889-76,https://www.prokabaddi.com/stats/49-133-total-points-conceded-statistics,"Telugu Titans",4,/static-assets/images/teams/small/8.png?v=6.09,14,453
1568287889-77,https://www.prokabaddi.com/stats/49-133-total-points-conceded-statistics,"Patna Pirates",5,/static-assets/images/teams/small/6.png?v=6.09,14,451
1568287889-78,https://www.prokabaddi.com/stats/49-133-total-points-conceded-statistics,"U.P. Yoddha",6,/static-assets/images/teams/small/30.png?v=6.09,14,447
1568287889-79,https://www.prokabaddi.com/stats/49-133-total-points-conceded-statistics,"Dabang Delhi K.C.",7,/static-assets/images/teams/small/2.png?v=6.09,14,440
1568287886-62,https://www.prokabaddi.com/stats/49-96-total-points-scored-statistics,"Bengaluru Bulls",2,/static-assets/images/teams/small/1.png?v=6.09,15,504
1568287889-80,https://www.prokabaddi.com/stats/49-133-total-points-conceded-statistics,"Bengal Warriors",8,/static-assets/images/teams/small/4.png?v=6.09,15,435
1568287889-81,https://www.prokabaddi.com/stats/49-133-total-points-conceded-statistics,"Haryana Steelers",8,/static-assets/images/teams/small/28.png?v=6.09,14,435
1568287889-82,https://www.prokabaddi.com/stats/49-133-total-points-conceded-statistics,"U Mumba",10,/static-assets/images/teams/small/5.png?v=6.09,15,433
1568287889-83,https://www.prokabaddi.com/stats/49-133-total-points-conceded-statistics,"Jaipur Pink Panthers",11,/static-assets/images/teams/small/3.png?v=6.09,14,416
1568287889-84,https://www.prokabaddi.com/stats/49-133-total-points-conceded-statistics,"Gujarat Fortunegiants",12,/static-assets/images/teams/small/31.png?v=6.09,14,396
1568287893-85,https://www.prokabaddi.com/stats/49-95-tackle-points-statistics,"Bengaluru Bulls",1,/static-assets/images/teams/small/1.png?v=6.09,15,157
1568287893-86,https://www.prokabaddi.com/stats/49-95-tackle-points-statistics,"Puneri Paltan",1,/static-assets/images/teams/small/7.png?v=6.09,14,157
1568287893-87,https://www.prokabaddi.com/stats/49-95-tackle-points-statistics,"Jaipur Pink Panthers",3,/static-assets/images/teams/small/3.png?v=6.09,14,155
1568287893-88,https://www.prokabaddi.com/stats/49-95-tackle-points-statistics,"U.P. Yoddha",4,/static-assets/images/teams/small/30.png?v=6.09,14,149
1568287893-89,https://www.prokabaddi.com/stats/49-95-tackle-points-statistics,"Haryana Steelers",5,/static-assets/images/teams/small/28.png?v=6.09,14,148
1568287886-63,https://www.prokabaddi.com/stats/49-96-total-points-scored-statistics,"Dabang Delhi K.C.",3,/static-assets/images/teams/small/2.png?v=6.09,14,496
1568287893-90,https://www.prokabaddi.com/stats/49-95-tackle-points-statistics,"U Mumba",5,/static-assets/images/teams/small/5.png?v=6.09,15,148
1568287893-91,https://www.prokabaddi.com/stats/49-95-tackle-points-statistics,"Telugu Titans",7,/static-assets/images/teams/small/8.png?v=6.09,14,146
1568287893-92,https://www.prokabaddi.com/stats/49-95-tackle-points-statistics,"Patna Pirates",8,/static-assets/images/teams/small/6.png?v=6.09,14,144
1568287893-93,https://www.prokabaddi.com/stats/49-95-tackle-points-statistics,"Bengal Warriors",9,/static-assets/images/teams/small/4.png?v=6.09,15,143
1568287893-94,https://www.prokabaddi.com/stats/49-95-tackle-points-statistics,"Gujarat Fortunegiants",10,/static-assets/images/teams/small/31.png?v=6.09,14,141
1568287893-95,https://www.prokabaddi.com/stats/49-95-tackle-points-statistics,"Tamil Thalaivas",11,/static-assets/images/teams/small/29.png?v=6.09,15,132
1568287893-96,https://www.prokabaddi.com/stats/49-95-tackle-points-statistics,"Dabang Delhi K.C.",12,/static-assets/images/teams/small/2.png?v=6.09,14,127
1568287896-97,https://www.prokabaddi.com/stats/49-136-all-outs-inflicted-statistics,"Bengal Warriors",1,/static-assets/images/teams/small/4.png?v=6.09,15,22
1568287896-98,https://www.prokabaddi.com/stats/49-136-all-outs-inflicted-statistics,"Dabang Delhi K.C.",1,/static-assets/images/teams/small/2.png?v=6.09,14,22
1568287896-99,https://www.prokabaddi.com/stats/49-136-all-outs-inflicted-statistics,"U Mumba",3,/static-assets/images/teams/small/5.png?v=6.09,15,20
1568287886-64,https://www.prokabaddi.com/stats/49-96-total-points-scored-statistics,"Haryana Steelers",4,/static-assets/images/teams/small/28.png?v=6.09,14,464
1568287896-100,https://www.prokabaddi.com/stats/49-136-all-outs-inflicted-statistics,"Patna Pirates",4,/static-assets/images/teams/small/6.png?v=6.09,14,19
1568287896-101,https://www.prokabaddi.com/stats/49-136-all-outs-inflicted-statistics,"Haryana Steelers",4,/static-assets/images/teams/small/28.png?v=6.09,14,19
1568287896-102,https://www.prokabaddi.com/stats/49-136-all-outs-inflicted-statistics,"Bengaluru Bulls",6,/static-assets/images/teams/small/1.png?v=6.09,15,16
1568287896-103,https://www.prokabaddi.com/stats/49-136-all-outs-inflicted-statistics,"Jaipur Pink Panthers",7,/static-assets/images/teams/small/3.png?v=6.09,14,15
1568287896-104,https://www.prokabaddi.com/stats/49-136-all-outs-inflicted-statistics,"U.P. Yoddha",8,/static-assets/images/teams/small/30.png?v=6.09,14,14
1568287896-105,https://www.prokabaddi.com/stats/49-136-all-outs-inflicted-statistics,"Gujarat Fortunegiants",9,/static-assets/images/teams/small/31.png?v=6.09,14,13
1568287896-106,https://www.prokabaddi.com/stats/49-136-all-outs-inflicted-statistics,"Puneri Paltan",10,/static-assets/images/teams/small/7.png?v=6.09,14,11
1568287896-107,https://www.prokabaddi.com/stats/49-136-all-outs-inflicted-statistics,"Tamil Thalaivas",11,/static-assets/images/teams/small/29.png?v=6.09,15,10
1568287896-108,https://www.prokabaddi.com/stats/49-136-all-outs-inflicted-statistics,"Telugu Titans",12,/static-assets/images/teams/small/8.png?v=6.09,14,7
1568287900-109,https://www.prokabaddi.com/stats/49-135-do-or-die-raid-points-statistics,"U Mumba",1,/static-assets/images/teams/small/5.png?v=6.09,15,55
1568287886-65,https://www.prokabaddi.com/stats/49-96-total-points-scored-statistics,"U Mumba",5,/static-assets/images/teams/small/5.png?v=6.09,15,459
1568287900-110,https://www.prokabaddi.com/stats/49-135-do-or-die-raid-points-statistics,"Jaipur Pink Panthers",2,/static-assets/images/teams/small/3.png?v=6.09,14,53
1568287900-111,https://www.prokabaddi.com/stats/49-135-do-or-die-raid-points-statistics,"Patna Pirates",3,/static-assets/images/teams/small/6.png?v=6.09,14,52
1568287900-112,https://www.prokabaddi.com/stats/49-135-do-or-die-raid-points-statistics,"Puneri Paltan",4,/static-assets/images/teams/small/7.png?v=6.09,14,50
1568287900-113,https://www.prokabaddi.com/stats/49-135-do-or-die-raid-points-statistics,"U.P. Yoddha",4,/static-assets/images/teams/small/30.png?v=6.09,14,50
1568287900-114,https://www.prokabaddi.com/stats/49-135-do-or-die-raid-points-statistics,"Haryana Steelers",6,/static-assets/images/teams/small/28.png?v=6.09,14,47
1568287900-115,https://www.prokabaddi.com/stats/49-135-do-or-die-raid-points-statistics,"Gujarat Fortunegiants",7,/static-assets/images/teams/small/31.png?v=6.09,14,44
1568287900-116,https://www.prokabaddi.com/stats/49-135-do-or-die-raid-points-statistics,"Tamil Thalaivas",8,/static-assets/images/teams/small/29.png?v=6.09,15,43
1568287900-117,https://www.prokabaddi.com/stats/49-135-do-or-die-raid-points-statistics,"Bengal Warriors",9,/static-assets/images/teams/small/4.png?v=6.09,15,39
1568287900-118,https://www.prokabaddi.com/stats/49-135-do-or-die-raid-points-statistics,"Dabang Delhi K.C.",10,/static-assets/images/teams/small/2.png?v=6.09,14,35
1568287900-119,https://www.prokabaddi.com/stats/49-135-do-or-die-raid-points-statistics,"Bengaluru Bulls",11,/static-assets/images/teams/small/1.png?v=6.09,15,34
1568287886-66,https://www.prokabaddi.com/stats/49-96-total-points-scored-statistics,"Patna Pirates",6,/static-assets/images/teams/small/6.png?v=6.09,14,434
1568287900-120,https://www.prokabaddi.com/stats/49-135-do-or-die-raid-points-statistics,"Telugu Titans",12,/static-assets/images/teams/small/8.png?v=6.09,14,33
1568287886-67,https://www.prokabaddi.com/stats/49-96-total-points-scored-statistics,"Tamil Thalaivas",7,/static-assets/images/teams/small/29.png?v=6.09,15,432
1568287886-68,https://www.prokabaddi.com/stats/49-96-total-points-scored-statistics,"Puneri Paltan",8,/static-assets/images/teams/small/7.png?v=6.09,14,424
1568287886-69,https://www.prokabaddi.com/stats/49-96-total-points-scored-statistics,"Jaipur Pink Panthers",9,/static-assets/images/teams/small/3.png?v=6.09,14,419
1568287903-121,https://www.prokabaddi.com/stats/49-20-super-tackles-statistics,"Bengaluru Bulls",1,/static-assets/images/teams/small/1.png?v=6.09,15,23
1568287903-130,https://www.prokabaddi.com/stats/49-20-super-tackles-statistics,"Haryana Steelers",10,/static-assets/images/teams/small/28.png?v=6.09,14,10
1568287903-131,https://www.prokabaddi.com/stats/49-20-super-tackles-statistics,"Tamil Thalaivas",10,/static-assets/images/teams/small/29.png?v=6.09,15,10
1568287903-132,https://www.prokabaddi.com/stats/49-20-super-tackles-statistics,"Dabang Delhi K.C.",12,/static-assets/images/teams/small/2.png?v=6.09,14,7
1568287906-133,https://www.prokabaddi.com/stats/49-13-successful-raids-statistics,"Dabang Delhi K.C.",1,/static-assets/images/teams/small/2.png?v=6.09,14,242
1568287906-134,https://www.prokabaddi.com/stats/49-13-successful-raids-statistics,"Bengal Warriors",2,/static-assets/images/teams/small/4.png?v=6.09,15,238
1568287906-135,https://www.prokabaddi.com/stats/49-13-successful-raids-statistics,"Bengaluru Bulls",3,/static-assets/images/teams/small/1.png?v=6.09,15,237
1568287906-136,https://www.prokabaddi.com/stats/49-13-successful-raids-statistics,"Haryana Steelers",4,/static-assets/images/teams/small/28.png?v=6.09,14,203
1568287906-137,https://www.prokabaddi.com/stats/49-13-successful-raids-statistics,"Tamil Thalaivas",4,/static-assets/images/teams/small/29.png?v=6.09,15,203
1568287906-138,https://www.prokabaddi.com/stats/49-13-successful-raids-statistics,"Telugu Titans",6,/static-assets/images/teams/small/8.png?v=6.09,14,192
1568287906-139,https://www.prokabaddi.com/stats/49-13-successful-raids-statistics,"U Mumba",6,/static-assets/images/teams/small/5.png?v=6.09,15,192
1568287903-122,https://www.prokabaddi.com/stats/49-20-super-tackles-statistics,"Jaipur Pink Panthers",2,/static-assets/images/teams/small/3.png?v=6.09,14,20
1568287906-140,https://www.prokabaddi.com/stats/49-13-successful-raids-statistics,"Patna Pirates",8,/static-assets/images/teams/small/6.png?v=6.09,14,191
1568287906-141,https://www.prokabaddi.com/stats/49-13-successful-raids-statistics,"Puneri Paltan",9,/static-assets/images/teams/small/7.png?v=6.09,14,185
1568287906-142,https://www.prokabaddi.com/stats/49-13-successful-raids-statistics,"Gujarat Fortunegiants",10,/static-assets/images/teams/small/31.png?v=6.09,14,176
1568287906-143,https://www.prokabaddi.com/stats/49-13-successful-raids-statistics,"Jaipur Pink Panthers",11,/static-assets/images/teams/small/3.png?v=6.09,14,169
1568287906-144,https://www.prokabaddi.com/stats/49-13-successful-raids-statistics,"U.P. Yoddha",12,/static-assets/images/teams/small/30.png?v=6.09,14,163
1568287909-145,https://www.prokabaddi.com/stats/49-98-avg-raid-points-statistics,"Dabang Delhi K.C.",1,/static-assets/images/teams/small/2.png?v=6.09,14,20.71
1568287909-146,https://www.prokabaddi.com/stats/49-98-avg-raid-points-statistics,"Bengaluru Bulls",2,/static-assets/images/teams/small/1.png?v=6.09,15,19.6
1568287909-147,https://www.prokabaddi.com/stats/49-98-avg-raid-points-statistics,"Bengal Warriors",3,/static-assets/images/teams/small/4.png?v=6.09,15,19.53
1568287909-148,https://www.prokabaddi.com/stats/49-98-avg-raid-points-statistics,"Haryana Steelers",4,/static-assets/images/teams/small/28.png?v=6.09,14,18.57
1568287909-149,https://www.prokabaddi.com/stats/49-98-avg-raid-points-statistics,"Tamil Thalaivas",5,/static-assets/images/teams/small/29.png?v=6.09,15,16.87
1568287903-123,https://www.prokabaddi.com/stats/49-20-super-tackles-statistics,"Patna Pirates",2,/static-assets/images/teams/small/6.png?v=6.09,14,20
1568287909-150,https://www.prokabaddi.com/stats/49-98-avg-raid-points-statistics,"Patna Pirates",6,/static-assets/images/teams/small/6.png?v=6.09,14,16.86
1568287909-151,https://www.prokabaddi.com/stats/49-98-avg-raid-points-statistics,"U Mumba",7,/static-assets/images/teams/small/5.png?v=6.09,15,16.4
1568287909-152,https://www.prokabaddi.com/stats/49-98-avg-raid-points-statistics,"Puneri Paltan",8,/static-assets/images/teams/small/7.png?v=6.09,14,16.14
1568287909-153,https://www.prokabaddi.com/stats/49-98-avg-raid-points-statistics,"Telugu Titans",9,/static-assets/images/teams/small/8.png?v=6.09,14,16
1568287909-154,https://www.prokabaddi.com/stats/49-98-avg-raid-points-statistics,"Gujarat Fortunegiants",10,/static-assets/images/teams/small/31.png?v=6.09,14,15.36
1568287909-155,https://www.prokabaddi.com/stats/49-98-avg-raid-points-statistics,"Jaipur Pink Panthers",11,/static-assets/images/teams/small/3.png?v=6.09,14,15
1568287909-156,https://www.prokabaddi.com/stats/49-98-avg-raid-points-statistics,"U.P. Yoddha",12,/static-assets/images/teams/small/30.png?v=6.09,14,14.64
1568287903-124,https://www.prokabaddi.com/stats/49-20-super-tackles-statistics,"Telugu Titans",4,/static-assets/images/teams/small/8.png?v=6.09,14,19
1568287903-125,https://www.prokabaddi.com/stats/49-20-super-tackles-statistics,"Puneri Paltan",5,/static-assets/images/teams/small/7.png?v=6.09,14,16
1568287903-126,https://www.prokabaddi.com/stats/49-20-super-tackles-statistics,"U Mumba",6,/static-assets/images/teams/small/5.png?v=6.09,15,15
1568287903-127,https://www.prokabaddi.com/stats/49-20-super-tackles-statistics,"Gujarat Fortunegiants",7,/static-assets/images/teams/small/31.png?v=6.09,14,13
1568287903-128,https://www.prokabaddi.com/stats/49-20-super-tackles-statistics,"Bengal Warriors",8,/static-assets/images/teams/small/4.png?v=6.09,15,12
1568287903-129,https://www.prokabaddi.com/stats/49-20-super-tackles-statistics,"U.P. Yoddha",9,/static-assets/images/teams/small/30.png?v=6.09,14,11
