﻿web-scraper-order,web-scraper-start-url,name,team,type,points,credits,announced
1565876770-1,https://www.dream11.com/kabaddi/create-team/1092/15106,"S Singh",PUN,DEF,66,14.5,Announced
1565876770-10,https://www.dream11.com/kabaddi/create-team/1092/15106,Satpal,PUN,DEF,0,12.5,
1565876770-11,https://www.dream11.com/kabaddi/create-team/1092/15106,"S Sawant",PUN,DEF,48,11.5,
1565876770-12,https://www.dream11.com/kabaddi/create-team/1092/15106,A.Elavarasan,JAI,DEF,0,11.5,
1565876770-13,https://www.dream11.com/kabaddi/create-team/1092/15106,"P R.",JAI,DEF,2,10,
1565876770-14,https://www.dream11.com/kabaddi/create-team/1092/15106,Karamvir,JAI,DEF,0,10,
1565876770-15,https://www.dream11.com/kabaddi/create-team/1092/15106,"D N Hooda",JAI,ALL,198,15.5,Announced
1565876770-16,https://www.dream11.com/kabaddi/create-team/1092/15106,Manjeet,PUN,ALL,112,14.5,Announced
1565876770-17,https://www.dream11.com/kabaddi/create-team/1092/15106,"N Rawal",JAI,ALL,42,14.5,Announced
1565876770-18,https://www.dream11.com/kabaddi/create-team/1092/15106,"S Krishna",PUN,ALL,4,13,
1565876770-19,https://www.dream11.com/kabaddi/create-team/1092/15106,Santhapanaselvam,JAI,ALL,0,13,
1565876770-2,https://www.dream11.com/kabaddi/create-team/1092/15106,"G M Ernak",PUN,DEF,100,14.5,Announced
1565876770-20,https://www.dream11.com/kabaddi/create-team/1092/15106,Vishal,JAI,ALL,85,13,Announced
1565876770-21,https://www.dream11.com/kabaddi/create-team/1092/15106,Sandeep-Jr.,PUN,ALL,0,12.5,
1565876770-22,https://www.dream11.com/kabaddi/create-team/1092/15106,"S Narwal",JAI,ALL,34,12.5,
1565876770-23,https://www.dream11.com/kabaddi/create-team/1092/15106,Amit-Kumar-Jr,PUN,ALL,0,11.5,
1565876770-24,https://www.dream11.com/kabaddi/create-team/1092/15106,"D Kim",JAI,ALL,0,10.5,
1565876770-25,https://www.dream11.com/kabaddi/create-team/1092/15106,"P Kumar-Kadian",PUN,RAI,80,15.5,
1565876770-26,https://www.dream11.com/kabaddi/create-team/1092/15106,"N Tomar",PUN,RAI,22,15,Announced
1565876770-27,https://www.dream11.com/kabaddi/create-team/1092/15106,"D Narwal",JAI,RAI,123,14.5,
1565876770-28,https://www.dream11.com/kabaddi/create-team/1092/15106,"D Kadian",PUN,RAI,2,14,
1565876770-29,https://www.dream11.com/kabaddi/create-team/1092/15106,"N Salunke",JAI,RAI,15,13.5,Announced
1565876770-3,https://www.dream11.com/kabaddi/create-team/1092/15106,"S K Dhull",JAI,DEF,154,14.5,Announced
1565876770-30,https://www.dream11.com/kabaddi/create-team/1092/15106,"A Kumar.Sr",PUN,RAI,89,13,
1565876770-31,https://www.dream11.com/kabaddi/create-team/1092/15106,"R Sriram",PUN,RAI,-2,12.5,
1565876770-32,https://www.dream11.com/kabaddi/create-team/1092/15106,"E Sedaghatnia",PUN,RAI,0,12.5,
1565876770-33,https://www.dream11.com/kabaddi/create-team/1092/15106,"A Pawar",JAI,RAI,39,12.5,
1565876770-34,https://www.dream11.com/kabaddi/create-team/1092/15106,"S Sail",PUN,RAI,17,12,Announced
1565876770-35,https://www.dream11.com/kabaddi/create-team/1092/15106,"S Gulia",JAI,RAI,0,12,
1565876770-36,https://www.dream11.com/kabaddi/create-team/1092/15106,"L Kaushik",JAI,RAI,0,12,
1565876770-37,https://www.dream11.com/kabaddi/create-team/1092/15106,"P Mohite",PUN,RAI,93,11.5,
1565876770-38,https://www.dream11.com/kabaddi/create-team/1092/15106,"M Chathuranga",JAI,RAI,1,11.5,
1565876770-39,https://www.dream11.com/kabaddi/create-team/1092/15106,"G Singh",JAI,RAI,0,11.5,
1565876770-4,https://www.dream11.com/kabaddi/create-team/1092/15106,"A Hooda",JAI,DEF,119,14.5,Announced
1565876770-5,https://www.dream11.com/kabaddi/create-team/1092/15106,"S Shinde",PUN,DEF,51,13,Announced
1565876770-6,https://www.dream11.com/kabaddi/create-team/1092/15106,"H Tajik",PUN,DEF,6,13,
1565876770-7,https://www.dream11.com/kabaddi/create-team/1092/15106,"S Siddhgavali",JAI,DEF,50,13,Announced
1565876770-8,https://www.dream11.com/kabaddi/create-team/1092/15106,"J B Shahaji",PUN,DEF,31,12.5,Announced
1565876770-9,https://www.dream11.com/kabaddi/create-team/1092/15106,"D Yadav",PUN,DEF,0,12.5,
