﻿web-scraper-order,web-scraper-start-url,name,team,type,points,credits,announced
1567262783-1,https://www.dream11.com/kabaddi/create-team/1092/15132,"F Atrachali",MUM,DEF,207,16,Announced
1567262783-10,https://www.dream11.com/kabaddi/create-team/1092/15132,A.Elavarasan,JAI,DEF,0,11.5,
1567262783-11,https://www.dream11.com/kabaddi/create-team/1092/15132,"P R.",JAI,DEF,49,11,
1567262783-12,https://www.dream11.com/kabaddi/create-team/1092/15132,"H Vardhan",MUM,DEF,4,11,
1567262783-13,https://www.dream11.com/kabaddi/create-team/1092/15132,Karamvir,JAI,DEF,0,10,
1567262783-14,https://www.dream11.com/kabaddi/create-team/1092/15132,"D N Hooda",JAI,ALL,334,15.5,Announced
1567262783-15,https://www.dream11.com/kabaddi/create-team/1092/15132,"S Narwal",MUM,ALL,208,14.5,Announced
1567262783-16,https://www.dream11.com/kabaddi/create-team/1092/15132,"N Rawal",JAI,ALL,141,13.5,Announced
1567262783-17,https://www.dream11.com/kabaddi/create-team/1092/15132,Vishal,JAI,ALL,175,13.5,
1567262783-18,https://www.dream11.com/kabaddi/create-team/1092/15132,Santhapanaselvam,JAI,ALL,32,13,
1567262783-19,https://www.dream11.com/kabaddi/create-team/1092/15132,"S Narwal",JAI,ALL,37,12.5,
1567262783-2,https://www.dream11.com/kabaddi/create-team/1092/15132,"S K Dhull",JAI,DEF,257,15,Announced
1567262783-20,https://www.dream11.com/kabaddi/create-team/1092/15132,"A R Kapre",MUM,ALL,4,12.5,
1567262783-21,https://www.dream11.com/kabaddi/create-team/1092/15132,"M Balyan",MUM,ALL,0,12,
1567262783-22,https://www.dream11.com/kabaddi/create-team/1092/15132,"D Kim",JAI,ALL,0,10.5,
1567262783-23,https://www.dream11.com/kabaddi/create-team/1092/15132,Abhishek-Singh,MUM,RAI,194,15,Announced
1567262783-24,https://www.dream11.com/kabaddi/create-team/1092/15132,"D Narwal",JAI,RAI,157,14.5,Announced
1567262783-25,https://www.dream11.com/kabaddi/create-team/1092/15132,"R Baliyan",MUM,RAI,148,14.5,
1567262783-26,https://www.dream11.com/kabaddi/create-team/1092/15132,"N Salunke",JAI,RAI,66,13.5,
1567262783-27,https://www.dream11.com/kabaddi/create-team/1092/15132,"M Athul",MUM,RAI,104,13.5,Announced
1567262783-28,https://www.dream11.com/kabaddi/create-team/1092/15132,"D Geon-Lee",MUM,RAI,37,13.5,
1567262783-29,https://www.dream11.com/kabaddi/create-team/1092/15132,Vinoth-Kumar,MUM,RAI,4,13,
1567262783-3,https://www.dream11.com/kabaddi/create-team/1092/15132,"A Hooda",JAI,DEF,172,14.5,Announced
1567262783-30,https://www.dream11.com/kabaddi/create-team/1092/15132,"A Pawar",JAI,RAI,66,12.5,Announced
1567262783-31,https://www.dream11.com/kabaddi/create-team/1092/15132,Gaurav-Kumar,MUM,RAI,0,12.5,
1567262783-32,https://www.dream11.com/kabaddi/create-team/1092/15132,"A Deshwal",MUM,RAI,160,12.5,Announced
1567262783-33,https://www.dream11.com/kabaddi/create-team/1092/15132,"S Gulia",JAI,RAI,11,12,
1567262783-34,https://www.dream11.com/kabaddi/create-team/1092/15132,"L Kaushik",JAI,RAI,0,12,
1567262783-35,https://www.dream11.com/kabaddi/create-team/1092/15132,Navneet,MUM,RAI,0,12,
1567262783-36,https://www.dream11.com/kabaddi/create-team/1092/15132,"M Chathuranga",JAI,RAI,1,11.5,
1567262783-37,https://www.dream11.com/kabaddi/create-team/1092/15132,"G Singh",JAI,RAI,2,11.5,
1567262783-4,https://www.dream11.com/kabaddi/create-team/1092/15132,Surinder-Singh,MUM,DEF,199,14.5,Announced
1567262783-5,https://www.dream11.com/kabaddi/create-team/1092/15132,"R Subramanian",MUM,DEF,16,13.5,
1567262783-6,https://www.dream11.com/kabaddi/create-team/1092/15132,"S Siddhgavali",JAI,DEF,101,13,Announced
1567262783-7,https://www.dream11.com/kabaddi/create-team/1092/15132,"H Kumar",MUM,DEF,66,12.5,Announced
1567262783-8,https://www.dream11.com/kabaddi/create-team/1092/15132,Anil,MUM,DEF,0,12.5,
1567262783-9,https://www.dream11.com/kabaddi/create-team/1092/15132,"Y Chang-Ko",MUM,DEF,57,12.5,
