﻿web-scraper-order,web-scraper-start-url,name,team,type,points,credits,announced
1567435529-1,https://www.dream11.com/kabaddi/create-team/1092/15136,"V Bharadwaj",HYD,DEF,233,15,Announced
1567435529-10,https://www.dream11.com/kabaddi/create-team/1092/15136,"A Choudhary",HYD,DEF,0,11.5,
1567435529-11,https://www.dream11.com/kabaddi/create-team/1092/15136,Himanshu,TAM,DEF,0,11.5,
1567435529-12,https://www.dream11.com/kabaddi/create-team/1092/15136,Sagar,TAM,DEF,31,11,Announced
1567435529-13,https://www.dream11.com/kabaddi/create-team/1092/15136,"A D Arsul",HYD,DEF,2,10.5,
1567435529-14,https://www.dream11.com/kabaddi/create-team/1092/15136,"M Sheibak",TAM,DEF,2,10.5,
1567435529-15,https://www.dream11.com/kabaddi/create-team/1092/15136,Manjeet-Chhillar,TAM,ALL,203,15.5,Announced
1567435529-16,https://www.dream11.com/kabaddi/create-team/1092/15136,"F Milaghardan",HYD,ALL,154,14.5,Announced
1567435529-17,https://www.dream11.com/kabaddi/create-team/1092/15136,Armaan,HYD,ALL,22,13.5,Announced
1567435529-18,https://www.dream11.com/kabaddi/create-team/1092/15136,"R Singh",TAM,ALL,170,13.5,Announced
1567435529-19,https://www.dream11.com/kabaddi/create-team/1092/15136,"R Gowda",HYD,ALL,22,13,
1567435529-2,https://www.dream11.com/kabaddi/create-team/1092/15136,"A Mohajermighani",HYD,DEF,138,14.5,Announced
1567435529-20,https://www.dream11.com/kabaddi/create-team/1092/15136,"V O Obiero",TAM,ALL,0,13,
1567435529-21,https://www.dream11.com/kabaddi/create-team/1092/15136,"H Chauhan",TAM,ALL,2,12.5,
1567435529-22,https://www.dream11.com/kabaddi/create-team/1092/15136,"A Thakur",TAM,RAI,230,16.5,
1567435529-23,https://www.dream11.com/kabaddi/create-team/1092/15136,Siddharth-Desai,HYD,RAI,274,16,Announced
1567435529-24,https://www.dream11.com/kabaddi/create-team/1092/15136,"R Chaudhari",TAM,RAI,304,16,Announced
1567435529-25,https://www.dream11.com/kabaddi/create-team/1092/15136,Rajnish,HYD,RAI,30,14,
1567435529-26,https://www.dream11.com/kabaddi/create-team/1092/15136,"S Desai",HYD,RAI,148,13,Announced
1567435529-27,https://www.dream11.com/kabaddi/create-team/1092/15136,"V Sharma",TAM,RAI,52,13,
1567435529-28,https://www.dream11.com/kabaddi/create-team/1092/15136,"S Bappu",TAM,RAI,101,13,
1567435529-29,https://www.dream11.com/kabaddi/create-team/1092/15136,Kamal-Singh,HYD,RAI,10,12.5,
1567435529-3,https://www.dream11.com/kabaddi/create-team/1092/15136,Mohit-Chillar,TAM,DEF,198,14,
1567435529-30,https://www.dream11.com/kabaddi/create-team/1092/15136,"A Kumar-II",HYD,RAI,88,12,
1567435529-31,https://www.dream11.com/kabaddi/create-team/1092/15136,"V A Kumar",TAM,RAI,105,12,Announced
1567435529-32,https://www.dream11.com/kabaddi/create-team/1092/15136,"A Beniwal",HYD,RAI,20,11.5,
1567435529-33,https://www.dream11.com/kabaddi/create-team/1092/15136,Anand,TAM,RAI,17,11.5,Announced
1567435529-34,https://www.dream11.com/kabaddi/create-team/1092/15136,"Y Bishnoi",TAM,RAI,0,11.5,
1567435529-35,https://www.dream11.com/kabaddi/create-team/1092/15136,"P Mallikarjun",HYD,RAI,7,11,
1567435529-36,https://www.dream11.com/kabaddi/create-team/1092/15136,"M S G Reddy",HYD,RAI,1,10,
1567435529-4,https://www.dream11.com/kabaddi/create-team/1092/15136,"C Arun",HYD,DEF,122,13.5,Announced
1567435529-5,https://www.dream11.com/kabaddi/create-team/1092/15136,"K Madane",HYD,DEF,16,12.5,
1567435529-6,https://www.dream11.com/kabaddi/create-team/1092/15136,Ajeet,TAM,DEF,116,12.5,Announced
1567435529-7,https://www.dream11.com/kabaddi/create-team/1092/15136,"P Subramanian",TAM,DEF,13,12.5,
1567435529-8,https://www.dream11.com/kabaddi/create-team/1092/15136,Manish-I,HYD,DEF,0,12,
1567435529-9,https://www.dream11.com/kabaddi/create-team/1092/15136,"M Abishek",TAM,DEF,0,12,
