web-scraper-order,web-scraper-start-url,name,team,type,points,credits,announced
1568557689-34,https://www.dream11.com/kabaddi/create-team/1092/15143,A Kadian,DEL,RAI,6,10.5,
1568557689-10,https://www.dream11.com/kabaddi/create-team/1092/15143,Anil-Kumar-I,DEL,DEF,78,13,Announced
1568557689-23,https://www.dream11.com/kabaddi/create-team/1092/15143,Balram,DEL,ALL,10,9.5,
1568557689-27,https://www.dream11.com/kabaddi/create-team/1092/15143,C Ranjit,DEL,RAI,292,14,Announced
1568557689-1,https://www.dream11.com/kabaddi/create-team/1092/15143,J Narwal,DEL,DEF,255,14.5,Announced
1568557689-19,https://www.dream11.com/kabaddi/create-team/1092/15143,M Sheykh,DEL,ALL,87,15,
1568557689-16,https://www.dream11.com/kabaddi/create-team/1092/15143,Mohit-I,DEL,DEF,0,10,
1568557689-33,https://www.dream11.com/kabaddi/create-team/1092/15143,N Narwal,DEL,RAI,1,11,
1568557689-24,https://www.dream11.com/kabaddi/create-team/1092/15143,Naveen-Kumar,DEL,RAI,588,15.5,Announced
1568557689-15,https://www.dream11.com/kabaddi/create-team/1092/15143,P Patil,DEL,DEF,0,10.5,
1568557689-2,https://www.dream11.com/kabaddi/create-team/1092/15143,R Pahal,DEL,DEF,267,15,Announced
1568557689-11,https://www.dream11.com/kabaddi/create-team/1092/15143,S Ghaffari,DEL,DEF,94,10.5,
1568557689-32,https://www.dream11.com/kabaddi/create-team/1092/15143,S Kumar,DEL,RAI,0,11.5,
1568557689-17,https://www.dream11.com/kabaddi/create-team/1092/15143,Satywan,DEL,DEF,7,9.5,
1568557689-9,https://www.dream11.com/kabaddi/create-team/1092/15143,Sombir,DEL,DEF,12,13,
1568557689-5,https://www.dream11.com/kabaddi/create-team/1092/15143,V Mane,DEL,DEF,169,14,Announced
1568557689-21,https://www.dream11.com/kabaddi/create-team/1092/15143,Vijay,DEL,ALL,114,13,Announced
1568557689-35,https://www.dream11.com/kabaddi/create-team/1092/15143,A M Maleki,HAR,RAI,0,10,
1568557689-30,https://www.dream11.com/kabaddi/create-team/1092/15143,Arun-Kumar,HAR,RAI,5,12.5,
1568557689-12,https://www.dream11.com/kabaddi/create-team/1092/15143,C Singh,HAR,DEF,38,11,
1568557689-4,https://www.dream11.com/kabaddi/create-team/1092/15143,D Cheralathan,HAR,DEF,204,14.5,Announced
1568557689-29,https://www.dream11.com/kabaddi/create-team/1092/15143,K Selvamani,HAR,RAI,48,13,
1568557689-20,https://www.dream11.com/kabaddi/create-team/1092/15143,K Singh,HAR,ALL,48,14,
1568557689-18,https://www.dream11.com/kabaddi/create-team/1092/15143,Naveen-I,HAR,ALL,166,15,
1568557689-28,https://www.dream11.com/kabaddi/create-team/1092/15143,P Kumar-Rai,HAR,RAI,110,14,Announced
1568557689-22,https://www.dream11.com/kabaddi/create-team/1092/15143,P Tin,HAR,ALL,3,12,
1568557689-8,https://www.dream11.com/kabaddi/create-team/1092/15143,Parveen,HAR,DEF,39,13,
1568557689-7,https://www.dream11.com/kabaddi/create-team/1092/15143,Ravi-Kumar,HAR,DEF,155,13.5,Announced
1568557689-13,https://www.dream11.com/kabaddi/create-team/1092/15143,S Narwal,HAR,DEF,0,11,
1568557689-3,https://www.dream11.com/kabaddi/create-team/1092/15143,Sunil,HAR,DEF,187,13.5,Announced
1568557689-31,https://www.dream11.com/kabaddi/create-team/1092/15143,V Chhillar,HAR,RAI,5,11.5,
1568557689-6,https://www.dream11.com/kabaddi/create-team/1092/15143,V Kale,HAR,DEF,171,13.5,Announced
1568557689-14,https://www.dream11.com/kabaddi/create-team/1092/15143,V Kandola,HAR,DEF,4,11,
1568557689-25,https://www.dream11.com/kabaddi/create-team/1092/15143,V Khandola,HAR,RAI,366,16,Announced
1568557689-26,https://www.dream11.com/kabaddi/create-team/1092/15143,Vinay,HAR,RAI,249,14,Announced