web-scraper-order,web-scraper-start-url,name,team,type,points,credits,announced
1568557648-1,https://www.dream11.com/kabaddi/create-team/1092/15142,Sunil-Kumar,GUJ,DEF,216,15,Announced
1568557648-10,https://www.dream11.com/kabaddi/create-team/1092/15142,R Koravi,GUJ,DEF,61,12.5,
1568557648-11,https://www.dream11.com/kabaddi/create-team/1092/15142,N Narwal,BEN,DEF,33,11.5,
1568557648-12,https://www.dream11.com/kabaddi/create-team/1092/15142,S Gahlawat,GUJ,DEF,0,11.5,
1568557648-13,https://www.dream11.com/kabaddi/create-team/1092/15142,Adarsh-T,BEN,DEF,17,11,
1568557648-14,https://www.dream11.com/kabaddi/create-team/1092/15142,Amit-Kharb,GUJ,DEF,4,11,
1568557648-15,https://www.dream11.com/kabaddi/create-team/1092/15142,Amit-I,BEN,DEF,2,10.5,
1568557648-16,https://www.dream11.com/kabaddi/create-team/1092/15142,Dharmendra-Singh,BEN,DEF,0,10,
1568557648-17,https://www.dream11.com/kabaddi/create-team/1092/15142,R Gulia,GUJ,ALL,254,15.5,
1568557648-18,https://www.dream11.com/kabaddi/create-team/1092/15142,M Esmaeil-Nabibakhsh,BEN,ALL,316,13,Announced
1568557648-19,https://www.dream11.com/kabaddi/create-team/1092/15142,G More,GUJ,ALL,228,14.5,Announced
1568557648-2,https://www.dream11.com/kabaddi/create-team/1092/15142,P Bhainswal,GUJ,DEF,208,15,Announced
1568557648-20,https://www.dream11.com/kabaddi/create-team/1092/15142,M Shivtarkar,BEN,ALL,0,10,Announced
1568557648-21,https://www.dream11.com/kabaddi/create-team/1092/15142,Pankaj,GUJ,ALL,61,13,
1568557648-22,https://www.dream11.com/kabaddi/create-team/1092/15142,V Kumar,GUJ,ALL,30,13,
1568557648-23,https://www.dream11.com/kabaddi/create-team/1092/15142,Avinash-AR,BEN,ALL,0,12,
1568557648-24,https://www.dream11.com/kabaddi/create-team/1092/15142,S T Patil,BEN,ALL,0,11,
1568557648-25,https://www.dream11.com/kabaddi/create-team/1092/15142,A S Dhumal,BEN,ALL,0,11,
1568557648-26,https://www.dream11.com/kabaddi/create-team/1092/15142,S M Dubile,BEN,ALL,0,10.5,
1568557648-27,https://www.dream11.com/kabaddi/create-team/1092/15142,M S Hossain,GUJ,ALL,0,10.5,
1568557648-28,https://www.dream11.com/kabaddi/create-team/1092/15142,Maninder-Singh,BEN,RAI,397,16,Announced
1568557648-29,https://www.dream11.com/kabaddi/create-team/1092/15142,K Prapanjan,BEN,RAI,338,15,Announced
1568557648-3,https://www.dream11.com/kabaddi/create-team/1092/15142,Baldev-Singh,BEN,DEF,245,13,Announced
1568557648-30,https://www.dream11.com/kabaddi/create-team/1092/15142,S Tanwar,GUJ,RAI,209,16,Announced
1568557648-31,https://www.dream11.com/kabaddi/create-team/1092/15142,R Kumawat,BEN,RAI,1,14,
1568557648-32,https://www.dream11.com/kabaddi/create-team/1092/15142,S Hegde,BEN,RAI,34,14,
1568557648-33,https://www.dream11.com/kabaddi/create-team/1092/15142,S Jaglan,GUJ,RAI,104,10.5,Announced
1568557648-34,https://www.dream11.com/kabaddi/create-team/1092/15142,G Singh-Sr,GUJ,RAI,12,13,
1568557648-35,https://www.dream11.com/kabaddi/create-team/1092/15142,A Maghsodlou,GUJ,RAI,18,13,
1568557648-36,https://www.dream11.com/kabaddi/create-team/1092/15142,R Narwal,BEN,RAI,9,12,
1568557648-37,https://www.dream11.com/kabaddi/create-team/1092/15142,H Singh,GUJ,RAI,21,12,
1568557648-38,https://www.dream11.com/kabaddi/create-team/1092/15142,M T P Mahali,BEN,RAI,12,11,
1568557648-39,https://www.dream11.com/kabaddi/create-team/1092/15142,Lalit-Chaudhary,GUJ,RAI,25,11,
1568557648-4,https://www.dream11.com/kabaddi/create-team/1092/15142,R Narwal,BEN,DEF,254,14,Announced
1568557648-5,https://www.dream11.com/kabaddi/create-team/1092/15142,Jeeva-Kumar,BEN,DEF,187,14.5,Announced
1568557648-6,https://www.dream11.com/kabaddi/create-team/1092/15142,V Landge,BEN,DEF,68,13,
1568557648-7,https://www.dream11.com/kabaddi/create-team/1092/15142,S Malik,GUJ,DEF,126,10,Announced
1568557648-8,https://www.dream11.com/kabaddi/create-team/1092/15142,Ankit-I,GUJ,DEF,101,9,Announced
1568557648-9,https://www.dream11.com/kabaddi/create-team/1092/15142,V Thangadurai,BEN,DEF,25,12.5,