﻿web-scraper-order,web-scraper-start-url,name,team,type,points,credits,announced
1567172728-1,https://www.dream11.com/kabaddi/create-team/1092/15129,"V Bharadwaj",HYD,DEF,208,15,Announced
1567172728-10,https://www.dream11.com/kabaddi/create-team/1092/15129,"D Yadav",PUN,DEF,0,12.5,Announced
1567172728-11,https://www.dream11.com/kabaddi/create-team/1092/15129,Satpal,PUN,DEF,0,12.5,
1567172728-12,https://www.dream11.com/kabaddi/create-team/1092/15129,Manish-I,HYD,DEF,0,12,
1567172728-13,https://www.dream11.com/kabaddi/create-team/1092/15129,"A Choudhary",HYD,DEF,0,11.5,
1567172728-14,https://www.dream11.com/kabaddi/create-team/1092/15129,"S Sawant",PUN,DEF,48,11.5,
1567172728-15,https://www.dream11.com/kabaddi/create-team/1092/15129,"A D Arsul",HYD,DEF,2,10.5,
1567172728-16,https://www.dream11.com/kabaddi/create-team/1092/15129,"F Milaghardan",HYD,ALL,144,14.5,Announced
1567172728-17,https://www.dream11.com/kabaddi/create-team/1092/15129,Manjeet,PUN,ALL,240,14.5,Announced
1567172728-18,https://www.dream11.com/kabaddi/create-team/1092/15129,Armaan,HYD,ALL,22,13.5,
1567172728-19,https://www.dream11.com/kabaddi/create-team/1092/15129,"R Gowda",HYD,ALL,22,13,
1567172728-2,https://www.dream11.com/kabaddi/create-team/1092/15129,"A Mohajermighani",HYD,DEF,127,14.5,Announced
1567172728-20,https://www.dream11.com/kabaddi/create-team/1092/15129,"S Krishna",PUN,ALL,31,13,Announced
1567172728-21,https://www.dream11.com/kabaddi/create-team/1092/15129,Sandeep-Jr.,PUN,ALL,0,12.5,
1567172728-22,https://www.dream11.com/kabaddi/create-team/1092/15129,Amit-Kumar-Jr,PUN,ALL,17,11.5,
1567172728-23,https://www.dream11.com/kabaddi/create-team/1092/15129,Siddharth-Desai,HYD,RAI,252,16,Announced
1567172728-24,https://www.dream11.com/kabaddi/create-team/1092/15129,"P Kumar-Kadian",PUN,RAI,80,15.5,
1567172728-25,https://www.dream11.com/kabaddi/create-team/1092/15129,"N Tomar",PUN,RAI,53,15,Announced
1567172728-26,https://www.dream11.com/kabaddi/create-team/1092/15129,Rajnish,HYD,RAI,30,14,
1567172728-27,https://www.dream11.com/kabaddi/create-team/1092/15129,"D Kadian",PUN,RAI,3,14,
1567172728-28,https://www.dream11.com/kabaddi/create-team/1092/15129,"S Desai",HYD,RAI,146,13,Announced
1567172728-29,https://www.dream11.com/kabaddi/create-team/1092/15129,"A Kumar.Sr",PUN,RAI,119,13,Announced
1567172728-3,https://www.dream11.com/kabaddi/create-team/1092/15129,"S Singh",PUN,DEF,159,14.5,Announced
1567172728-30,https://www.dream11.com/kabaddi/create-team/1092/15129,Kamal-Singh,HYD,RAI,10,12.5,
1567172728-31,https://www.dream11.com/kabaddi/create-team/1092/15129,"R Sriram",PUN,RAI,-2,12.5,
1567172728-32,https://www.dream11.com/kabaddi/create-team/1092/15129,"E Sedaghatnia",PUN,RAI,0,12.5,
1567172728-33,https://www.dream11.com/kabaddi/create-team/1092/15129,"A Kumar-II",HYD,RAI,78,12,Announced
1567172728-34,https://www.dream11.com/kabaddi/create-team/1092/15129,"S Sail",PUN,RAI,23,12,
1567172728-35,https://www.dream11.com/kabaddi/create-team/1092/15129,"A Beniwal",HYD,RAI,14,11.5,
1567172728-36,https://www.dream11.com/kabaddi/create-team/1092/15129,"P Mohite",PUN,RAI,150,11.5,
1567172728-37,https://www.dream11.com/kabaddi/create-team/1092/15129,"P Mallikarjun",HYD,RAI,7,11,
1567172728-38,https://www.dream11.com/kabaddi/create-team/1092/15129,"M S G Reddy",HYD,RAI,0,10,
1567172728-4,https://www.dream11.com/kabaddi/create-team/1092/15129,"G M Ernak",PUN,DEF,113,14.5,
1567172728-5,https://www.dream11.com/kabaddi/create-team/1092/15129,"C Arun",HYD,DEF,93,13.5,Announced
1567172728-6,https://www.dream11.com/kabaddi/create-team/1092/15129,"S Shinde",PUN,DEF,70,13,Announced
1567172728-7,https://www.dream11.com/kabaddi/create-team/1092/15129,"H Tajik",PUN,DEF,40,13,
1567172728-8,https://www.dream11.com/kabaddi/create-team/1092/15129,"K Madane",HYD,DEF,14,12.5,
1567172728-9,https://www.dream11.com/kabaddi/create-team/1092/15129,"J B Shahaji",PUN,DEF,96,12.5,
