﻿web-scraper-order,web-scraper-start-url,name,team,type,points,credits,announced
1567781153-1,https://www.dream11.com/kabaddi/create-team/1092/15141,"V Bharadwaj",HYD,DEF,267,15,Announced
1567781153-10,https://www.dream11.com/kabaddi/create-team/1092/15141,"K Madane",HYD,DEF,18,12.5,Announced
1567781153-11,https://www.dream11.com/kabaddi/create-team/1092/15141,Manish-I,HYD,DEF,0,12,
1567781153-12,https://www.dream11.com/kabaddi/create-team/1092/15141,Aman,BLR,DEF,5,11.5,
1567781153-13,https://www.dream11.com/kabaddi/create-team/1092/15141,"A Choudhary",HYD,DEF,0,11.5,
1567781153-14,https://www.dream11.com/kabaddi/create-team/1092/15141,"A D Arsul",HYD,DEF,2,10.5,
1567781153-15,https://www.dream11.com/kabaddi/create-team/1092/15141,Ashish-Kumar,BLR,ALL,41,14.5,
1567781153-16,https://www.dream11.com/kabaddi/create-team/1092/15141,"F Milaghardan",HYD,ALL,183,14.5,Announced
1567781153-17,https://www.dream11.com/kabaddi/create-team/1092/15141,Armaan,HYD,ALL,38,13.5,Announced
1567781153-18,https://www.dream11.com/kabaddi/create-team/1092/15141,"R Gowda",HYD,ALL,22,13,
1567781153-19,https://www.dream11.com/kabaddi/create-team/1092/15141,Ankit,BLR,ALL,26,12.5,
1567781153-2,https://www.dream11.com/kabaddi/create-team/1092/15141,"A Sheoran",BLR,DEF,222,14.5,Announced
1567781153-20,https://www.dream11.com/kabaddi/create-team/1092/15141,Ajay,BLR,ALL,30,12,
1567781153-21,https://www.dream11.com/kabaddi/create-team/1092/15141,"M Sehrawat",BLR,ALL,100,11.5,Announced
1567781153-22,https://www.dream11.com/kabaddi/create-team/1092/15141,"S Shrestha",BLR,ALL,0,11.5,
1567781153-23,https://www.dream11.com/kabaddi/create-team/1092/15141,"P Kumar-Sherawat",BLR,RAI,629,17,Announced
1567781153-24,https://www.dream11.com/kabaddi/create-team/1092/15141,Rohit-Kumar,BLR,RAI,273,16,Announced
1567781153-25,https://www.dream11.com/kabaddi/create-team/1092/15141,Siddharth-Desai,HYD,RAI,309,16,Announced
1567781153-26,https://www.dream11.com/kabaddi/create-team/1092/15141,Rajnish,HYD,RAI,47,14,
1567781153-27,https://www.dream11.com/kabaddi/create-team/1092/15141,Sumit-Singh,BLR,RAI,73,13.5,
1567781153-28,https://www.dream11.com/kabaddi/create-team/1092/15141,"V Kumar-II",BLR,RAI,6,13,
1567781153-29,https://www.dream11.com/kabaddi/create-team/1092/15141,"S Desai",HYD,RAI,160,13,
1567781153-3,https://www.dream11.com/kabaddi/create-team/1092/15141,Mahender-Singh,BLR,DEF,250,14.5,Announced
1567781153-30,https://www.dream11.com/kabaddi/create-team/1092/15141,Kamal-Singh,HYD,RAI,10,12.5,
1567781153-31,https://www.dream11.com/kabaddi/create-team/1092/15141,"A Kumar-II",HYD,RAI,88,12,
1567781153-32,https://www.dream11.com/kabaddi/create-team/1092/15141,Banty,BLR,RAI,59,11.5,
1567781153-33,https://www.dream11.com/kabaddi/create-team/1092/15141,"L Mohar-Yadav",BLR,RAI,0,11.5,
1567781153-34,https://www.dream11.com/kabaddi/create-team/1092/15141,"A Beniwal",HYD,RAI,20,11.5,
1567781153-35,https://www.dream11.com/kabaddi/create-team/1092/15141,"P Mallikarjun",HYD,RAI,7,11,
1567781153-36,https://www.dream11.com/kabaddi/create-team/1092/15141,"M S G Reddy",HYD,RAI,1,10,
1567781153-4,https://www.dream11.com/kabaddi/create-team/1092/15141,"A Mohajermighani",HYD,DEF,150,14.5,Announced
1567781153-5,https://www.dream11.com/kabaddi/create-team/1092/15141,"C Arun",HYD,DEF,129,13.5,Announced
1567781153-6,https://www.dream11.com/kabaddi/create-team/1092/15141,"S Nandal",BLR,DEF,235,13,Announced
1567781153-7,https://www.dream11.com/kabaddi/create-team/1092/15141,"R Lal-Choudhary",BLR,DEF,0,13,
1567781153-8,https://www.dream11.com/kabaddi/create-team/1092/15141,Vijay-Kumar,BLR,DEF,54,13,Announced
1567781153-9,https://www.dream11.com/kabaddi/create-team/1092/15141,Sandeep,BLR,DEF,2,12.5,
