web-scraper-order,web-scraper-start-url,name,team,type,points,credits,announced
1568558058-37,https://www.dream11.com/kabaddi/create-team/1092/15154,A M Maleki,HAR,RAI,0,10,
1568558058-32,https://www.dream11.com/kabaddi/create-team/1092/15154,Arun-Kumar,HAR,RAI,5,12.5,
1568558058-12,https://www.dream11.com/kabaddi/create-team/1092/15154,C Singh,HAR,DEF,31,11,
1568558058-2,https://www.dream11.com/kabaddi/create-team/1092/15154,D Cheralathan,HAR,DEF,250,14,Announced
1568558058-29,https://www.dream11.com/kabaddi/create-team/1092/15154,K Selvamani,HAR,RAI,48,13,
1568558058-19,https://www.dream11.com/kabaddi/create-team/1092/15154,K Singh,HAR,ALL,50,13.5,
1568558058-18,https://www.dream11.com/kabaddi/create-team/1092/15154,Naveen-I,HAR,ALL,190,14.5,
1568558058-28,https://www.dream11.com/kabaddi/create-team/1092/15154,P Kumar-Rai,HAR,RAI,179,13.5,Announced
1568558058-23,https://www.dream11.com/kabaddi/create-team/1092/15154,P Tin,HAR,ALL,3,12,
1568558058-6,https://www.dream11.com/kabaddi/create-team/1092/15154,Parveen,HAR,DEF,39,13,
1568558058-5,https://www.dream11.com/kabaddi/create-team/1092/15154,Ravi-Kumar,HAR,DEF,200,13.5,Announced
1568558058-13,https://www.dream11.com/kabaddi/create-team/1092/15154,S Narwal,HAR,DEF,0,11,
1568558058-1,https://www.dream11.com/kabaddi/create-team/1092/15154,Sunil,HAR,DEF,246,14,Announced
1568558058-34,https://www.dream11.com/kabaddi/create-team/1092/15154,V Chhillar,HAR,RAI,5,11.5,
1568558058-4,https://www.dream11.com/kabaddi/create-team/1092/15154,V Kale,HAR,DEF,216,13.5,Announced
1568558058-14,https://www.dream11.com/kabaddi/create-team/1092/15154,V Kandola,HAR,DEF,4,11,
1568558058-25,https://www.dream11.com/kabaddi/create-team/1092/15154,V Khandola,HAR,RAI,442,16,Announced
1568558058-27,https://www.dream11.com/kabaddi/create-team/1092/15154,Vinay,HAR,RAI,269,14.5,Announced
1568558058-24,https://www.dream11.com/kabaddi/create-team/1092/15154,A Thakur,TAM,RAI,227,16.5,
1568558058-7,https://www.dream11.com/kabaddi/create-team/1092/15154,Ajeet,TAM,DEF,117,12.5,
1568558058-35,https://www.dream11.com/kabaddi/create-team/1092/15154,Anand,TAM,RAI,26,11.5,
1568558058-22,https://www.dream11.com/kabaddi/create-team/1092/15154,H Chauhan,TAM,ALL,2,12.5,
1568558058-10,https://www.dream11.com/kabaddi/create-team/1092/15154,Himanshu,TAM,DEF,-2,11.5,
1568558058-11,https://www.dream11.com/kabaddi/create-team/1092/15154,M A Robbani,TAM,DEF,0,11,
1568558058-9,https://www.dream11.com/kabaddi/create-team/1092/15154,M Abishek,TAM,DEF,9,12,Announced
1568558058-16,https://www.dream11.com/kabaddi/create-team/1092/15154,M Sheibak,TAM,DEF,2,10.5,
1568558058-17,https://www.dream11.com/kabaddi/create-team/1092/15154,Manjeet-Chhillar,TAM,ALL,211,15.5,Announced
1568558058-3,https://www.dream11.com/kabaddi/create-team/1092/15154,Mohit-Chillar,TAM,DEF,208,14,Announced
1568558058-8,https://www.dream11.com/kabaddi/create-team/1092/15154,P Subramanian,TAM,DEF,13,12.5,
1568558058-26,https://www.dream11.com/kabaddi/create-team/1092/15154,R Chaudhari,TAM,RAI,357,16,Announced
1568558058-20,https://www.dream11.com/kabaddi/create-team/1092/15154,R Singh,TAM,ALL,185,13.5,Announced
1568558058-31,https://www.dream11.com/kabaddi/create-team/1092/15154,S Bappu,TAM,RAI,123,13,Announced
1568558058-15,https://www.dream11.com/kabaddi/create-team/1092/15154,Sagar,TAM,DEF,55,11,
1568558058-33,https://www.dream11.com/kabaddi/create-team/1092/15154,V A Kumar,TAM,RAI,209,12,Announced
1568558058-21,https://www.dream11.com/kabaddi/create-team/1092/15154,V O Obiero,TAM,ALL,3,13,
1568558058-30,https://www.dream11.com/kabaddi/create-team/1092/15154,V Sharma,TAM,RAI,61,13,
1568558058-36,https://www.dream11.com/kabaddi/create-team/1092/15154,Y Bishnoi,TAM,RAI,1,11.5,