﻿web-scraper-order,web-scraper-start-url,name,team,type,points,credits,announced
1568558794-1,https://www.dream11.com/kabaddi/create-team/1092/15156,"S Singh",PUN,DEF,248,14.5,Announced
1568558794-10,https://www.dream11.com/kabaddi/create-team/1092/15156,Satpal,PUN,DEF,0,12.5,
1568558794-11,https://www.dream11.com/kabaddi/create-team/1092/15156,"S Sawant",PUN,DEF,48,12.5,
1568558794-12,https://www.dream11.com/kabaddi/create-team/1092/15156,"D Yadav",PUN,DEF,7,12.5,
1568558794-13,https://www.dream11.com/kabaddi/create-team/1092/15156,"J Dagar",PAT,DEF,32,12.5,
1568558794-14,https://www.dream11.com/kabaddi/create-team/1092/15156,"B Narwal",PAT,DEF,0,12,
1568558794-15,https://www.dream11.com/kabaddi/create-team/1092/15156,"M Choudhary",PAT,DEF,0,12,
1568558794-16,https://www.dream11.com/kabaddi/create-team/1092/15156,Anil-III,PUN,DEF,0,11,
1568558794-17,https://www.dream11.com/kabaddi/create-team/1092/15156,Manjeet,PUN,ALL,399,15,Announced
1568558794-18,https://www.dream11.com/kabaddi/create-team/1092/15156,"V Jaglan",PAT,ALL,162,13.5,Announced
1568558794-19,https://www.dream11.com/kabaddi/create-team/1092/15156,Monu,PAT,ALL,187,13.5,Announced
1568558794-2,https://www.dream11.com/kabaddi/create-team/1092/15156,"G M Ernak",PUN,DEF,157,14.5,Announced
1568558794-20,https://www.dream11.com/kabaddi/create-team/1092/15156,"S Krishna",PUN,ALL,66,13,
1568558794-21,https://www.dream11.com/kabaddi/create-team/1092/15156,Ravinder-I,PAT,ALL,20,13,
1568558794-22,https://www.dream11.com/kabaddi/create-team/1092/15156,Sandeep-Jr.,PUN,ALL,0,12.5,
1568558794-23,https://www.dream11.com/kabaddi/create-team/1092/15156,Amit-Kumar-Jr,PUN,ALL,29,11.5,
1568558794-24,https://www.dream11.com/kabaddi/create-team/1092/15156,"S Mann",PAT,ALL,0,11,
1568558794-25,https://www.dream11.com/kabaddi/create-team/1092/15156,Amit-Kumar-II,PAT,ALL,20,10.5,
1568558794-26,https://www.dream11.com/kabaddi/create-team/1092/15156,"P Narwal",PAT,RAI,653,17,Announced
1568558794-27,https://www.dream11.com/kabaddi/create-team/1092/15156,"N Tomar",PUN,RAI,170,15,Announced
1568558794-28,https://www.dream11.com/kabaddi/create-team/1092/15156,"J Kun-Lee",PAT,RAI,130,15,Announced
1568558794-29,https://www.dream11.com/kabaddi/create-team/1092/15156,"P Kumar-Kadian",PUN,RAI,80,14.5,
1568558794-3,https://www.dream11.com/kabaddi/create-team/1092/15156,"S Nada",PAT,DEF,0,14.5,
1568558794-30,https://www.dream11.com/kabaddi/create-team/1092/15156,"P Mohite",PUN,RAI,245,14,Announced
1568558794-31,https://www.dream11.com/kabaddi/create-team/1092/15156,"A Kumar.Sr",PUN,RAI,143,14,
1568558794-32,https://www.dream11.com/kabaddi/create-team/1092/15156,"M E M Mahalli",PAT,RAI,184,14,
1568558794-33,https://www.dream11.com/kabaddi/create-team/1092/15156,"D Kadian",PUN,RAI,12,13,
1568558794-34,https://www.dream11.com/kabaddi/create-team/1092/15156,"R Sriram",PUN,RAI,-2,12.5,
1568558794-35,https://www.dream11.com/kabaddi/create-team/1092/15156,"E Sedaghatnia",PUN,RAI,8,12.5,
1568558794-36,https://www.dream11.com/kabaddi/create-team/1092/15156,"S Sail",PUN,RAI,32,12,
1568558794-37,https://www.dream11.com/kabaddi/create-team/1092/15156,"P Singh",PAT,RAI,21,12,
1568558794-38,https://www.dream11.com/kabaddi/create-team/1092/15156,"R P Rao-Chavan",PAT,RAI,0,11.5,
1568558794-39,https://www.dream11.com/kabaddi/create-team/1092/15156,Mohit,PAT,RAI,0,11.5,
1568558794-4,https://www.dream11.com/kabaddi/create-team/1092/15156,Jaideep,PAT,DEF,284,14,Announced
1568558794-40,https://www.dream11.com/kabaddi/create-team/1092/15156,Ashish,PAT,RAI,22,11,
1568558794-41,https://www.dream11.com/kabaddi/create-team/1092/15156,Naveen,PAT,RAI,0,11,
1568558794-5,https://www.dream11.com/kabaddi/create-team/1092/15156,"J B Shahaji",PUN,DEF,168,13.5,Announced
1568558794-6,https://www.dream11.com/kabaddi/create-team/1092/15156,"H Oshtorak",PAT,DEF,216,13.5,Announced
1568558794-7,https://www.dream11.com/kabaddi/create-team/1092/15156,"S Shinde",PUN,DEF,121,13,
1568558794-8,https://www.dream11.com/kabaddi/create-team/1092/15156,"H Tajik",PUN,DEF,101,13,Announced
1568558794-9,https://www.dream11.com/kabaddi/create-team/1092/15156,Neeraj-Kumar,PAT,DEF,254,13,Announced
